WKT,Name,OBJECTID,UKATEGORIE,UTYP1,UART,UMONAT,USTUNDE,UWOCHENTAG,STRZUSTAND,ULICHTVERH,ISTRAD,ISTPKW,ISTFUSS,ISTKRAD,ISTGKFZ,ISTSONSTIG
"POINT (12.373160536000000 51.301973785999998)",Unfall 43709 (2016) Kat:2, Licht: 0,43709,2,1,7,01,08,6,,0,0,1,0,0,0,1
"POINT (12.479468361000000 51.352031959999998)",Unfall 43733 (2016) Kat:3, Licht: 0,43733,3,2,4,01,15,4,,0,0,1,0,0,0,0
"POINT (12.420849131000001 51.351410375999997)",Unfall 43735 (2016) Kat:3, Licht: 0,43735,3,6,8,01,14,5,,0,0,1,0,0,1,0
"POINT (12.311619804999999 51.414689340999999)",Unfall 43736 (2016) Kat:2, Licht: 2,43736,2,2,4,01,17,5,,2,0,1,0,0,0,0
"POINT (12.373406519000000 51.314810772000001)",Unfall 43780 (2016) Kat:3, Licht: 2,43780,3,2,4,01,23,5,,2,0,1,0,0,0,0
"POINT (12.290312733000000 51.392851817999997)",Unfall 43791 (2016) Kat:3, Licht: 1,43791,3,2,5,01,06,6,,1,1,1,0,0,0,0
"POINT (12.379763176999999 51.343967747999997)",Unfall 43837 (2016) Kat:2, Licht: 0,43837,2,3,5,01,13,6,,0,1,1,0,0,0,0
"POINT (12.460795475999999 51.367347309000003)",Unfall 43839 (2016) Kat:3, Licht: 0,43839,3,2,5,01,14,7,,0,0,1,0,0,0,0
"POINT (12.262831686000000 51.347944771999998)",Unfall 43862 (2016) Kat:3, Licht: 0,43862,3,6,2,01,10,5,,0,1,1,0,0,0,0
"POINT (12.395376012000000 51.341092005000000)",Unfall 43863 (2016) Kat:3, Licht: 0,43863,3,1,0,01,10,5,,0,1,0,0,0,0,0
"POINT (12.457554317000000 51.350352573000002)",Unfall 43877 (2016) Kat:3, Licht: 2,43877,3,2,2,01,18,2,,2,0,1,0,0,0,0
"POINT (12.356038794000000 51.341454878999997)",Unfall 43919 (2016) Kat:3, Licht: 0,43919,3,3,5,01,15,3,,0,1,1,0,0,0,0
"POINT (12.379524947000000 51.344064441999997)",Unfall 43921 (2016) Kat:2, Licht: 2,43921,2,4,6,01,19,5,,2,0,0,1,0,0,1
"POINT (12.326539237000000 51.378171938000001)",Unfall 43946 (2016) Kat:3, Licht: 0,43946,3,1,8,01,14,3,,0,0,1,0,0,0,0
"POINT (12.475760412000000 51.323695860000001)",Unfall 43965 (2016) Kat:3, Licht: 0,43965,3,4,6,01,15,5,,0,0,1,1,0,0,0
"POINT (12.529764232000000 51.327733397000003)",Unfall 43976 (2016) Kat:3, Licht: 0,43976,3,3,5,01,12,6,,0,0,1,0,0,0,0
"POINT (12.443977120000000 51.291443440000002)",Unfall 43998 (2016) Kat:3, Licht: 1,43998,3,2,2,01,16,2,,1,0,1,0,0,0,0
"POINT (12.446145665000000 51.361088842000001)",Unfall 44037 (2016) Kat:3, Licht: 2,44037,3,6,1,02,18,4,,2,0,1,0,0,0,0
"POINT (12.452219426999999 51.350336362999997)",Unfall 44053 (2016) Kat:3, Licht: 0,44053,3,3,5,02,08,2,,0,1,1,0,0,0,0
"POINT (12.400501084000000 51.351955230999998)",Unfall 44064 (2016) Kat:2, Licht: 2,44064,2,4,6,02,03,4,,2,0,0,1,0,0,1
"POINT (12.342630678000001 51.338696947999999)",Unfall 44066 (2016) Kat:3, Licht: 0,44066,3,2,3,01,10,4,,0,1,1,0,0,0,0
"POINT (12.333068623999999 51.336054142999998)",Unfall 44077 (2016) Kat:3, Licht: 1,44077,3,1,9,01,17,6,,1,0,1,0,0,0,0
"POINT (12.380984130000000 51.343895252999999)",Unfall 44105 (2016) Kat:3, Licht: 0,44105,3,6,2,02,16,7,,0,0,1,0,0,0,0
"POINT (12.363284543000001 51.342805546000001)",Unfall 44116 (2016) Kat:3, Licht: 0,44116,3,2,1,01,12,4,,0,0,1,0,0,0,0
"POINT (12.394176774000000 51.351065255000002)",Unfall 44123 (2016) Kat:3, Licht: 0,44123,3,6,2,02,16,4,,0,0,1,0,0,0,0
"POINT (12.399910724000000 51.361795383999997)",Unfall 44124 (2016) Kat:3, Licht: 0,44124,3,6,2,02,08,3,,0,0,1,0,0,0,0
"POINT (12.321239342000000 51.414707284000002)",Unfall 44140 (2016) Kat:2, Licht: 1,44140,2,6,2,01,19,3,,1,0,1,0,0,0,1
"POINT (12.426443885999999 51.351813344999997)",Unfall 44205 (2016) Kat:2, Licht: 0,44205,2,2,5,01,07,6,,0,0,1,0,0,0,0
"POINT (12.399885862000000 51.361858609000002)",Unfall 44224 (2016) Kat:3, Licht: 0,44224,3,2,4,01,12,3,,0,0,1,0,0,0,0
"POINT (12.262757196000001 51.346216470999998)",Unfall 44243 (2016) Kat:3, Licht: 0,44243,3,3,5,02,10,4,,0,0,1,0,0,1,0
"POINT (12.325042370000000 51.338261600000003)",Unfall 44262 (2016) Kat:3, Licht: 0,44262,3,3,5,01,08,3,,0,0,1,0,0,0,0
"POINT (12.366634850000001 51.343500476000003)",Unfall 44296 (2016) Kat:3, Licht: 2,44296,3,6,3,02,22,5,,2,0,1,0,0,0,0
"POINT (12.307168702000000 51.251519066000000)",Unfall 44301 (2016) Kat:2, Licht: 2,44301,2,6,3,02,06,2,,2,0,1,0,0,1,0
"POINT (12.403329438000000 51.425583344000003)",Unfall 44305 (2016) Kat:3, Licht: 0,44305,3,1,9,01,12,5,,0,0,1,0,0,0,0
"POINT (12.463748354000000 51.263870523000001)",Unfall 44318 (2016) Kat:3, Licht: 2,44318,3,6,2,01,17,2,,2,0,1,0,0,0,0
"POINT (12.439352617999999 51.350833885999997)",Unfall 44346 (2016) Kat:3, Licht: 2,44346,3,6,2,01,16,2,,2,0,1,0,0,0,0
"POINT (12.359002045000000 51.375166448000002)",Unfall 44354 (2016) Kat:2, Licht: 0,44354,2,3,5,01,11,6,,0,0,1,0,0,0,0
"POINT (12.439455697000000 51.350827451000001)",Unfall 44357 (2016) Kat:3, Licht: 0,44357,3,6,2,01,10,7,,0,0,1,0,0,0,1
"POINT (12.371158189999999 51.344434608000000)",Unfall 44358 (2016) Kat:3, Licht: 1,44358,3,2,6,01,17,5,,1,0,1,1,0,0,0
"POINT (12.371337497000001 51.344451595999999)",Unfall 44394 (2016) Kat:2, Licht: 2,44394,2,7,0,02,02,1,,2,1,0,0,0,0,0
"POINT (12.405348076999999 51.319996109000002)",Unfall 44407 (2016) Kat:3, Licht: 0,44407,3,6,3,02,15,3,,0,0,0,0,0,0,1
"POINT (12.427206770000000 51.351613737999998)",Unfall 44429 (2016) Kat:3, Licht: 0,44429,3,4,6,01,14,3,,0,0,0,1,0,0,1
"POINT (12.301777438000000 51.342661323999998)",Unfall 44445 (2016) Kat:3, Licht: 0,44445,3,2,5,03,16,4,,0,1,1,0,0,0,0
"POINT (12.394439016000000 51.336824171000004)",Unfall 44462 (2016) Kat:3, Licht: 0,44462,3,2,6,03,14,3,,0,0,0,1,0,0,1
"POINT (12.378216954999999 51.375845611000003)",Unfall 44468 (2016) Kat:3, Licht: 1,44468,3,2,5,03,17,7,,1,0,1,0,0,0,0
"POINT (12.392333756999999 51.345379758999997)",Unfall 44472 (2016) Kat:3, Licht: 0,44472,3,3,5,03,12,4,,0,0,1,0,0,0,0
"POINT (12.381085258000001 51.343853944000003)",Unfall 44492 (2016) Kat:2, Licht: 0,44492,2,4,6,03,12,5,,0,0,0,1,0,0,1
"POINT (12.345039223000001 51.375175824999999)",Unfall 44497 (2016) Kat:3, Licht: 0,44497,3,2,3,03,06,3,,0,1,1,0,0,0,0
"POINT (12.463490147000000 51.264011111000002)",Unfall 44540 (2016) Kat:3, Licht: 0,44540,3,6,2,03,14,7,,0,0,1,0,0,0,0
"POINT (12.335307736000001 51.335662454000001)",Unfall 44560 (2016) Kat:3, Licht: 2,44560,3,1,8,03,01,6,,2,0,1,0,0,0,0
"POINT (12.449149997999999 51.280695590000001)",Unfall 44564 (2016) Kat:2, Licht: 2,44564,2,2,5,02,18,3,,2,0,1,0,0,0,0
"POINT (12.344869448000001 51.339189423000001)",Unfall 44580 (2016) Kat:3, Licht: 2,44580,3,3,5,02,06,4,,2,1,1,0,0,0,0
"POINT (12.388540152999999 51.346407743999997)",Unfall 44597 (2016) Kat:3, Licht: 0,44597,3,1,4,02,11,1,,0,0,1,0,0,0,0
"POINT (12.493181561000000 51.356188273999997)",Unfall 44605 (2016) Kat:3, Licht: 2,44605,3,1,9,03,05,7,,2,0,1,0,0,0,0
"POINT (12.263995578999999 51.316516157000002)",Unfall 44626 (2016) Kat:2, Licht: 0,44626,2,3,5,03,11,6,,0,1,1,0,0,0,0
"POINT (12.381005250999999 51.343886626000000)",Unfall 44628 (2016) Kat:3, Licht: 0,44628,3,6,2,03,09,3,,0,0,1,0,0,1,0
"POINT (12.369232315000000 51.376104292000001)",Unfall 44639 (2016) Kat:3, Licht: 0,44639,3,6,2,03,15,5,,0,0,1,0,0,0,0
"POINT (12.397397265000000 51.369533924999999)",Unfall 44663 (2016) Kat:3, Licht: 0,44663,3,6,2,03,16,3,,0,0,1,0,0,0,1
"POINT (12.392124002999999 51.346305403000002)",Unfall 44667 (2016) Kat:3, Licht: 0,44667,3,6,2,03,14,3,,0,0,1,0,0,0,0
"POINT (12.366776516000000 51.314550087999997)",Unfall 44690 (2016) Kat:3, Licht: 0,44690,3,3,5,02,14,5,,0,1,1,0,0,0,0
"POINT (12.245533232000000 51.346971469000003)",Unfall 44697 (2016) Kat:3, Licht: 0,44697,3,3,5,02,14,7,,0,0,1,0,0,0,0
"POINT (12.394494396000001 51.354730508000003)",Unfall 44699 (2016) Kat:3, Licht: 0,44699,3,3,5,03,18,5,,0,1,1,0,0,0,0
"POINT (12.491811340000000 51.355087695999998)",Unfall 44711 (2016) Kat:3, Licht: 0,44711,3,6,2,03,16,2,,0,0,1,0,0,0,0
"POINT (12.373426083000000 51.314811763000002)",Unfall 44730 (2016) Kat:3, Licht: 0,44730,3,2,2,02,13,2,,0,1,1,0,0,0,0
"POINT (12.395362846999999 51.341435316999998)",Unfall 44731 (2016) Kat:3, Licht: 0,44731,3,7,0,03,12,4,,0,0,0,0,1,0,0
"POINT (12.268698548000000 51.263765370000002)",Unfall 44752 (2016) Kat:3, Licht: 2,44752,3,3,5,03,19,5,,2,0,1,0,0,0,0
"POINT (12.281264462999999 51.383383713999997)",Unfall 44757 (2016) Kat:3, Licht: 2,44757,3,3,5,03,05,3,,2,1,1,0,0,0,0
"POINT (12.393016523000000 51.334466427999999)",Unfall 44761 (2016) Kat:3, Licht: 0,44761,3,2,5,03,07,3,,0,1,1,0,0,0,0
"POINT (12.390745309000000 51.347168582000002)",Unfall 44762 (2016) Kat:3, Licht: 0,44762,3,2,5,04,14,7,,0,1,1,0,0,0,0
"POINT (12.391754110000001 51.352082725000002)",Unfall 44772 (2016) Kat:3, Licht: 0,44772,3,6,2,02,14,6,,0,0,1,0,0,0,1
"POINT (12.460786654000000 51.367344207999999)",Unfall 44782 (2016) Kat:3, Licht: 0,44782,3,2,5,03,12,7,,0,0,1,0,0,0,0
"POINT (12.323586431000001 51.338606790999997)",Unfall 44801 (2016) Kat:3, Licht: 1,44801,3,4,6,03,17,7,,1,0,1,1,0,0,0
"POINT (12.280577779000000 51.262265845999998)",Unfall 44821 (2016) Kat:3, Licht: 0,44821,3,6,3,03,10,6,,0,0,1,0,0,0,0
"POINT (12.380972278000000 51.343900093999999)",Unfall 44832 (2016) Kat:3, Licht: 0,44832,3,4,6,03,10,4,,0,0,1,1,0,0,0
"POINT (12.298401177000001 51.343021294000003)",Unfall 44834 (2016) Kat:3, Licht: 0,44834,3,2,3,02,14,2,,0,1,1,0,0,0,0
"POINT (12.366780162000000 51.314457762000004)",Unfall 44842 (2016) Kat:3, Licht: 0,44842,3,3,5,02,09,5,,0,0,1,0,0,0,0
"POINT (12.395304634000000 51.332103132000000)",Unfall 44857 (2016) Kat:3, Licht: 0,44857,3,6,4,03,07,4,,0,1,0,0,0,0,0
"POINT (12.327331641000001 51.378012177000002)",Unfall 44884 (2016) Kat:2, Licht: 0,44884,2,1,8,03,07,3,,0,0,1,0,0,0,0
"POINT (12.395009916999999 51.332142543000003)",Unfall 44890 (2016) Kat:3, Licht: 0,44890,3,3,5,03,06,3,,0,1,0,0,0,0,1
"POINT (12.455560589999999 51.365453094999999)",Unfall 44902 (2016) Kat:3, Licht: 0,44902,3,2,5,03,17,5,,0,0,1,0,0,0,1
"POINT (12.391694209000001 51.351895222000003)",Unfall 44938 (2016) Kat:3, Licht: 2,44938,3,6,3,02,18,6,,2,0,1,0,0,0,0
"POINT (12.364842412000000 51.310238071999997)",Unfall 44953 (2016) Kat:3, Licht: 0,44953,3,6,2,02,11,7,,0,0,1,0,0,0,0
"POINT (12.259254946000000 51.385617126000000)",Unfall 45006 (2016) Kat:3, Licht: 0,45006,3,3,5,02,15,4,,0,1,1,0,0,0,0
"POINT (12.383376415000001 51.343250953999998)",Unfall 45009 (2016) Kat:3, Licht: 1,45009,3,2,2,03,18,1,,1,0,1,0,0,0,0
"POINT (12.263730081000000 51.316476489999999)",Unfall 45017 (2016) Kat:3, Licht: 0,45017,3,6,2,03,14,3,,0,0,1,0,0,0,0
"POINT (12.401672354000000 51.324254459999999)",Unfall 45034 (2016) Kat:3, Licht: 0,45034,3,6,2,02,08,5,,0,0,1,0,0,0,0
"POINT (12.339844159000000 51.335331390999997)",Unfall 45096 (2016) Kat:3, Licht: 0,45096,3,6,1,04,17,5,,0,0,1,0,0,0,0
"POINT (12.424957009000000 51.352198280000003)",Unfall 45102 (2016) Kat:3, Licht: 0,45102,3,6,4,04,19,5,,0,1,0,0,0,0,0
"POINT (12.391406477000000 51.347439594999997)",Unfall 45109 (2016) Kat:3, Licht: 0,45109,3,2,5,05,11,3,,0,1,0,0,0,0,1
"POINT (12.380432250000000 51.344123095000000)",Unfall 45116 (2016) Kat:3, Licht: 0,45116,3,3,5,05,09,2,,0,1,1,0,0,0,0
"POINT (12.260408074000001 51.346425175999997)",Unfall 45158 (2016) Kat:3, Licht: 2,45158,3,3,5,04,21,6,,2,0,1,0,1,0,0
"POINT (12.270981325999999 51.317602491999999)",Unfall 45162 (2016) Kat:3, Licht: 0,45162,3,2,2,04,14,2,,0,0,1,0,0,0,0
"POINT (12.314269052000000 51.340553170000000)",Unfall 45163 (2016) Kat:2, Licht: 0,45163,2,1,9,04,08,1,,0,0,1,0,0,0,0
"POINT (12.410287437999999 51.316038077000002)",Unfall 45165 (2016) Kat:3, Licht: 0,45165,3,4,6,05,17,7,,0,1,0,1,0,0,0
"POINT (12.369305589000000 51.344150782000000)",Unfall 45186 (2016) Kat:3, Licht: 0,45186,3,2,3,04,19,2,,0,1,1,0,0,0,0
"POINT (12.378220061000000 51.375845515000002)",Unfall 45189 (2016) Kat:3, Licht: 0,45189,3,6,2,05,15,4,,0,0,1,0,0,0,0
"POINT (12.355983196000000 51.341442364000002)",Unfall 45203 (2016) Kat:3, Licht: 0,45203,3,4,0,04,09,3,,0,0,1,1,0,0,0
"POINT (12.391957495000000 51.346464087000001)",Unfall 45224 (2016) Kat:3, Licht: 0,45224,3,6,2,05,15,5,,0,0,0,0,1,0,1
"POINT (12.399467163000001 51.362922245000000)",Unfall 45277 (2016) Kat:3, Licht: 0,45277,3,6,2,04,15,4,,0,0,1,0,0,1,0
"POINT (12.421937330000000 51.307708599000001)",Unfall 45284 (2016) Kat:3, Licht: 0,45284,3,2,5,04,07,5,,0,1,1,0,0,0,0
"POINT (12.369298267000000 51.376102893999999)",Unfall 45288 (2016) Kat:3, Licht: 0,45288,3,2,4,05,18,2,,0,1,1,0,0,0,0
"POINT (12.304999708000000 51.342286473000001)",Unfall 45351 (2016) Kat:3, Licht: 0,45351,3,2,2,05,11,7,,0,0,1,0,1,0,0
"POINT (12.282947907000000 51.344386610000001)",Unfall 45354 (2016) Kat:3, Licht: 2,45354,3,7,0,05,03,3,,2,1,0,0,0,0,1
"POINT (12.380604333999999 51.344051767000003)",Unfall 45355 (2016) Kat:3, Licht: 0,45355,3,6,1,04,12,6,,0,0,1,0,0,0,0
"POINT (12.381590851000000 51.314955456000000)",Unfall 45380 (2016) Kat:2, Licht: 0,45380,2,2,5,04,11,6,,0,1,1,0,0,0,0
"POINT (12.365549695000000 51.410262199000002)",Unfall 45392 (2016) Kat:2, Licht: 0,45392,2,6,3,04,15,4,,0,0,1,0,0,1,0
"POINT (12.396211522000000 51.415516144999998)",Unfall 45393 (2016) Kat:3, Licht: 0,45393,3,2,5,04,15,3,,0,0,1,0,0,0,1
"POINT (12.426494509999999 51.351798549999998)",Unfall 45400 (2016) Kat:2, Licht: 0,45400,2,3,5,05,11,1,,0,1,0,0,0,0,1
"POINT (12.303682143000000 51.252879706000002)",Unfall 45434 (2016) Kat:2, Licht: 2,45434,2,1,8,05,04,5,,2,0,1,0,0,0,0
"POINT (12.422405461000000 51.351711891999997)",Unfall 45440 (2016) Kat:3, Licht: 0,45440,3,3,2,04,18,5,,0,1,1,0,0,0,0
"POINT (12.262001358999999 51.346280417999999)",Unfall 45441 (2016) Kat:3, Licht: 0,45441,3,3,5,04,09,4,,0,0,1,0,0,0,0
"POINT (12.451478029000000 51.363767938999999)",Unfall 45443 (2016) Kat:3, Licht: 0,45443,3,6,2,04,17,2,,0,0,1,0,1,0,0
"POINT (12.369340782000000 51.344157731999999)",Unfall 45453 (2016) Kat:3, Licht: 0,45453,3,2,5,05,13,2,,0,1,0,0,0,0,1
"POINT (12.356573600999999 51.341575272000000)",Unfall 45460 (2016) Kat:3, Licht: 0,45460,3,4,6,04,20,4,,0,0,0,1,0,0,1
"POINT (12.390632023000000 51.376238827999998)",Unfall 45461 (2016) Kat:3, Licht: 0,45461,3,6,2,04,15,2,,0,0,1,0,0,1,0
"POINT (12.391959862000000 51.346452520000000)",Unfall 45485 (2016) Kat:3, Licht: 0,45485,3,6,2,04,11,2,,0,0,1,0,0,0,0
"POINT (12.451515694999999 51.363654103000002)",Unfall 45494 (2016) Kat:3, Licht: 0,45494,3,6,2,05,18,2,,0,0,1,0,0,0,1
"POINT (12.514499975000000 51.326177801000000)",Unfall 45500 (2016) Kat:3, Licht: 0,45500,3,6,2,04,07,2,,0,0,1,0,0,0,0
"POINT (12.274895000000001 51.345116073000000)",Unfall 45517 (2016) Kat:3, Licht: 0,45517,3,3,5,04,12,6,,0,0,1,0,1,0,0
"POINT (12.377065334999999 51.344510862000000)",Unfall 45522 (2016) Kat:3, Licht: 2,45522,3,3,5,05,22,1,,2,0,1,0,0,0,0
"POINT (12.357649193000000 51.342071201000003)",Unfall 45525 (2016) Kat:3, Licht: 2,45525,3,6,1,05,21,4,,2,0,1,0,1,0,0
"POINT (12.356632213999999 51.374769313000002)",Unfall 45566 (2016) Kat:3, Licht: 0,45566,3,6,2,04,10,3,,0,0,1,0,0,0,0
"POINT (12.337795393000000 51.335381308999999)",Unfall 45609 (2016) Kat:3, Licht: 0,45609,3,2,4,05,08,3,,0,0,1,0,1,0,0
"POINT (12.360006382000000 51.342160417000002)",Unfall 45623 (2016) Kat:3, Licht: 0,45623,3,2,4,05,06,2,,0,0,1,0,1,0,0
"POINT (12.413734030000001 51.313445113999997)",Unfall 45687 (2016) Kat:3, Licht: 0,45687,3,3,5,05,17,4,,0,1,1,0,0,0,0
"POINT (12.457793189000000 51.350461443000000)",Unfall 45700 (2016) Kat:3, Licht: 0,45700,3,2,2,04,15,3,,0,0,1,0,0,0,0
"POINT (12.386876111999999 51.345683352999998)",Unfall 45715 (2016) Kat:3, Licht: 0,45715,3,2,5,04,18,6,,0,1,1,0,0,0,0
"POINT (12.349656000000000 51.340032215999997)",Unfall 45762 (2016) Kat:3, Licht: 0,45762,3,6,3,04,15,7,,0,0,1,0,0,0,0
"POINT (12.301275640000000 51.341627418999998)",Unfall 45771 (2016) Kat:3, Licht: 0,45771,3,7,0,05,07,5,,0,0,1,0,0,0,1
"POINT (12.303488949000000 51.342520555000000)",Unfall 45777 (2016) Kat:3, Licht: 0,45777,3,6,3,04,12,5,,0,0,1,0,0,1,0
"POINT (12.362198757000000 51.342557937999999)",Unfall 45778 (2016) Kat:2, Licht: 1,45778,2,7,6,04,19,4,,1,0,1,1,0,0,0
"POINT (12.268838415999999 51.263814627999999)",Unfall 45780 (2016) Kat:3, Licht: 0,45780,3,6,2,04,11,2,,0,0,1,0,0,0,0
"POINT (12.317930917000000 51.339864161000001)",Unfall 45785 (2016) Kat:2, Licht: 0,45785,2,7,0,04,14,5,,0,0,0,0,1,0,0
"POINT (12.265578974000000 51.385175134000001)",Unfall 45798 (2016) Kat:3, Licht: 0,45798,3,2,5,04,16,2,,0,1,1,0,0,0,0
"POINT (12.401369922000001 51.324377492000004)",Unfall 45821 (2016) Kat:3, Licht: 0,45821,3,4,6,05,10,3,,0,0,0,1,0,0,1
"POINT (12.360678038000000 51.342245337999998)",Unfall 45826 (2016) Kat:2, Licht: 2,45826,2,1,0,04,22,4,,2,0,0,0,1,0,0
"POINT (12.479488575000000 51.352131667999998)",Unfall 45828 (2016) Kat:2, Licht: 0,45828,2,4,6,05,16,2,,0,0,1,1,0,0,0
"POINT (12.371490280000000 51.376037809000003)",Unfall 45849 (2016) Kat:3, Licht: 0,45849,3,4,6,05,10,7,,0,0,1,1,0,0,0
"POINT (12.357902782000000 51.341847635000001)",Unfall 45852 (2016) Kat:3, Licht: 0,45852,3,6,2,05,14,3,,0,0,1,0,0,0,0
"POINT (12.380374835000000 51.344146891999998)",Unfall 45892 (2016) Kat:3, Licht: 2,45892,3,4,6,04,22,3,,2,0,0,1,0,0,1
"POINT (12.441589505000000 51.350823705000003)",Unfall 45906 (2016) Kat:2, Licht: 2,45906,2,3,5,04,20,7,,2,0,1,0,0,0,0
"POINT (12.489729736999999 51.334941647999997)",Unfall 45919 (2016) Kat:3, Licht: 0,45919,3,3,5,06,06,2,,0,0,1,0,0,0,0
"POINT (12.417594467000001 51.310820841999998)",Unfall 45953 (2016) Kat:3, Licht: 0,45953,3,6,2,06,10,5,,0,1,1,0,0,0,0
"POINT (12.394187179999999 51.336198928000002)",Unfall 45972 (2016) Kat:3, Licht: 0,45972,3,2,5,06,08,3,,0,1,1,0,0,0,0
"POINT (12.348281648000000 51.375192495999997)",Unfall 45974 (2016) Kat:3, Licht: 0,45974,3,3,5,06,19,2,,0,0,1,0,0,0,0
"POINT (12.422039500000000 51.307469365000003)",Unfall 45994 (2016) Kat:3, Licht: 0,45994,3,6,3,06,07,4,,0,0,1,0,0,0,0
"POINT (12.302563918000001 51.342596639999996)",Unfall 46026 (2016) Kat:3, Licht: 0,46026,3,3,5,05,16,3,,0,0,1,0,0,0,0
"POINT (12.392593886000000 51.334098167999997)",Unfall 46038 (2016) Kat:2, Licht: 0,46038,2,2,3,06,17,4,,0,1,1,0,0,0,0
"POINT (12.411547113999999 51.314612773999997)",Unfall 46084 (2016) Kat:3, Licht: 0,46084,3,6,2,05,11,2,,0,0,1,0,0,0,0
"POINT (12.319902484000000 51.339479402000002)",Unfall 46089 (2016) Kat:3, Licht: 0,46089,3,2,5,06,08,5,,0,1,1,0,0,0,0
"POINT (12.336364480000000 51.335416813999998)",Unfall 46110 (2016) Kat:3, Licht: 0,46110,3,2,4,07,08,4,,0,1,1,0,0,0,0
"POINT (12.359212597000001 51.375204525999997)",Unfall 46122 (2016) Kat:3, Licht: 0,46122,3,6,2,06,16,2,,0,0,1,0,0,0,0
"POINT (12.378246442000000 51.314839767999999)",Unfall 46173 (2016) Kat:3, Licht: 0,46173,3,3,5,06,16,5,,0,1,0,0,0,0,0
"POINT (12.377282619000001 51.375874988000000)",Unfall 46265 (2016) Kat:3, Licht: 0,46265,3,2,3,06,12,7,,0,0,1,0,1,0,0
"POINT (12.495102267000000 51.354583282999997)",Unfall 46294 (2016) Kat:3, Licht: 0,46294,3,7,2,05,17,4,,0,0,1,0,0,0,0
"POINT (12.373340925000001 51.314807447000000)",Unfall 46302 (2016) Kat:3, Licht: 2,46302,3,6,2,06,22,6,,2,0,1,0,0,0,0
"POINT (12.354385664000000 51.412071654999998)",Unfall 46309 (2016) Kat:3, Licht: 0,46309,3,6,2,06,20,6,,0,0,1,0,0,0,0
"POINT (12.389963650000000 51.346580154999998)",Unfall 46311 (2016) Kat:3, Licht: 0,46311,3,2,2,05,14,2,,0,0,1,0,0,0,0
"POINT (12.494710379000001 51.355136041000002)",Unfall 46327 (2016) Kat:2, Licht: 0,46327,2,6,2,06,17,5,,0,0,1,0,0,0,0
"POINT (12.395075589999999 51.332100502999999)",Unfall 46341 (2016) Kat:3, Licht: 0,46341,3,2,5,06,08,3,,0,1,0,0,0,0,1
"POINT (12.357644454000001 51.341803953000003)",Unfall 46344 (2016) Kat:3, Licht: 0,46344,3,3,5,06,07,4,,0,1,0,0,0,0,1
"POINT (12.342497021000000 51.338356922000003)",Unfall 46374 (2016) Kat:3, Licht: 0,46374,3,2,3,06,18,2,,0,1,1,0,0,0,0
"POINT (12.424707066000000 51.304590243000000)",Unfall 46383 (2016) Kat:3, Licht: 0,46383,3,2,2,06,10,5,,0,0,1,1,0,0,0
"POINT (12.379272800000001 51.289541931000002)",Unfall 46419 (2016) Kat:3, Licht: 0,46419,3,1,9,06,16,5,,0,0,1,0,0,0,0
"POINT (12.414073348000001 51.399364251999998)",Unfall 46489 (2016) Kat:2, Licht: 0,46489,2,6,2,06,15,6,,0,0,1,0,0,0,0
"POINT (12.446084282999999 51.361194576000003)",Unfall 46509 (2016) Kat:3, Licht: 0,46509,3,2,3,07,19,3,,0,0,1,0,1,0,0
"POINT (12.263627350000000 51.275841446000001)",Unfall 46515 (2016) Kat:3, Licht: 0,46515,3,3,5,05,20,6,,0,0,1,0,0,0,0
"POINT (12.321923498000000 51.338995398000002)",Unfall 46541 (2016) Kat:3, Licht: 0,46541,3,3,5,06,07,6,,0,1,1,0,0,0,0
"POINT (12.372979471000001 51.301421664000003)",Unfall 46546 (2016) Kat:3, Licht: 0,46546,3,3,5,06,12,6,,0,1,1,0,0,0,0
"POINT (12.491937463999999 51.355115769999998)",Unfall 46548 (2016) Kat:3, Licht: 0,46548,3,6,2,05,18,4,,0,0,1,0,0,0,0
"POINT (12.396163266000000 51.415436387000000)",Unfall 46554 (2016) Kat:3, Licht: 0,46554,3,6,1,06,17,5,,0,0,1,0,0,0,0
"POINT (12.390594921000000 51.405102702999997)",Unfall 46574 (2016) Kat:2, Licht: 0,46574,2,1,0,06,20,2,,0,0,0,0,1,0,0
"POINT (12.479314050999999 51.352018473000001)",Unfall 46579 (2016) Kat:2, Licht: 0,46579,2,2,5,05,20,5,,0,1,1,0,0,0,0
"POINT (12.371142152999999 51.344433096000003)",Unfall 46602 (2016) Kat:3, Licht: 0,46602,3,7,0,06,19,6,,0,0,1,0,1,0,0
"POINT (12.403760208000000 51.321654649000003)",Unfall 46637 (2016) Kat:3, Licht: 0,46637,3,3,5,06,13,5,,0,0,1,0,0,0,1
"POINT (12.344860411999999 51.339187467999999)",Unfall 46649 (2016) Kat:3, Licht: 0,46649,3,3,5,06,13,3,,0,1,1,0,0,0,0
"POINT (12.387837162000000 51.403093057000000)",Unfall 46654 (2016) Kat:3, Licht: 0,46654,3,6,9,05,07,6,,0,0,1,0,0,0,0
"POINT (12.280550956000001 51.262271237999997)",Unfall 46663 (2016) Kat:2, Licht: 0,46663,2,1,8,06,05,2,,0,0,0,0,0,1,0
"POINT (12.327307926000000 51.337500712999997)",Unfall 46710 (2016) Kat:2, Licht: 0,46710,2,3,5,06,20,1,,0,1,1,0,0,0,0
"POINT (12.460857990999999 51.367263899999998)",Unfall 46720 (2016) Kat:3, Licht: 2,46720,3,2,5,05,00,6,,2,0,1,0,0,0,0
"POINT (12.345126293000000 51.375175816000002)",Unfall 46727 (2016) Kat:3, Licht: 0,46727,3,2,5,06,09,7,,0,0,1,0,0,0,0
"POINT (12.515773510000001 51.323814147999997)",Unfall 46748 (2016) Kat:3, Licht: 0,46748,3,6,2,06,16,1,,0,0,1,0,0,0,1