WKT,Name,OBJECTID,UKATEGORIE,UTYP1,UART,UMONAT,USTUNDE,UWOCHENTAG,STRZUSTAND,ULICHTVERH,ISTRAD,ISTPKW,ISTFUSS,ISTKRAD,ISTGKFZ,ISTSONSTIG
"POINT (12.394417644000001 51.336759913000002)",Unfall 49469 (2016) Kat:3, Licht: 0,49469,3,2,4,10,07,6,,0,0,1,0,0,0,0
"POINT (12.391521456000000 51.347708312000002)",Unfall 49496 (2016) Kat:3, Licht: 2,49496,3,1,9,11,23,3,,2,0,1,0,0,0,0
"POINT (12.389955607999999 51.346566598000003)",Unfall 49506 (2016) Kat:3, Licht: 0,49506,3,2,2,10,14,2,,0,0,1,0,0,0,0
"POINT (12.268328617000000 51.317149972999999)",Unfall 49518 (2016) Kat:2, Licht: 2,49518,2,6,4,12,07,2,,2,0,1,0,0,0,0
"POINT (12.426483999000000 51.351843922999997)",Unfall 49521 (2016) Kat:3, Licht: 0,49521,3,6,2,11,10,7,,0,0,1,0,0,0,0
"POINT (12.390063281000000 51.378349165000003)",Unfall 49555 (2016) Kat:3, Licht: 2,49555,3,6,2,11,06,3,,2,0,1,0,0,0,0
"POINT (12.371844744000001 51.344080423000001)",Unfall 49556 (2016) Kat:2, Licht: 0,49556,2,4,0,11,15,4,,0,0,0,1,0,0,1
"POINT (12.377047612000000 51.344508982999997)",Unfall 49557 (2016) Kat:3, Licht: 2,49557,3,3,5,10,17,3,,2,0,1,0,0,0,0
"POINT (12.476441429999999 51.351808472999998)",Unfall 49562 (2016) Kat:3, Licht: 0,49562,3,6,1,12,12,7,,0,0,1,0,0,0,0
"POINT (12.383672312000000 51.343761497000003)",Unfall 49572 (2016) Kat:3, Licht: 2,49572,3,1,9,11,20,7,,2,0,1,0,0,0,0
"POINT (12.380601610999999 51.421449617000000)",Unfall 49575 (2016) Kat:2, Licht: 1,49575,2,3,5,12,06,4,,1,0,1,0,0,1,0
"POINT (12.294440389000000 51.343374357000002)",Unfall 49595 (2016) Kat:3, Licht: 2,49595,3,6,2,09,22,4,,2,0,1,0,0,0,0
"POINT (12.294242105000000 51.290958187999998)",Unfall 49605 (2016) Kat:2, Licht: 2,49605,2,4,6,11,00,1,,2,0,1,1,0,0,0
"POINT (12.444303415000000 51.350825749999998)",Unfall 49622 (2016) Kat:3, Licht: 2,49622,3,6,2,12,17,5,,2,0,1,0,0,0,0
"POINT (12.389955401000000 51.346566252000002)",Unfall 49637 (2016) Kat:3, Licht: 2,49637,3,3,5,11,17,6,,2,1,1,0,0,0,0
"POINT (12.426491798000001 51.303569490000001)",Unfall 49660 (2016) Kat:3, Licht: 0,49660,3,6,2,11,08,5,,0,0,1,0,0,0,0
"POINT (12.395248580000001 51.341120122000000)",Unfall 49685 (2016) Kat:2, Licht: 0,49685,2,2,5,11,11,5,,0,1,1,0,0,0,0
"POINT (12.395330263000000 51.339197937000002)",Unfall 49690 (2016) Kat:3, Licht: 2,49690,3,2,4,10,20,3,,2,1,1,0,0,0,0
"POINT (12.383541083000001 51.343509257000001)",Unfall 49712 (2016) Kat:3, Licht: 0,49712,3,5,6,11,17,3,,0,0,1,1,0,0,0
"POINT (12.396211522000000 51.415516144999998)",Unfall 49747 (2016) Kat:2, Licht: 0,49747,2,1,9,10,09,7,,0,0,1,0,0,0,0
"POINT (12.392102526000000 51.346404876999998)",Unfall 49806 (2016) Kat:3, Licht: 2,49806,3,2,2,09,21,6,,2,0,1,0,0,0,0
"POINT (12.411679148999999 51.314601035000003)",Unfall 49813 (2016) Kat:3, Licht: 2,49813,3,2,2,10,20,5,,2,0,1,0,0,0,0
"POINT (12.279313331999999 51.247814009000002)",Unfall 49839 (2016) Kat:3, Licht: 0,49839,3,2,4,11,07,2,,0,0,1,0,0,0,0
"POINT (12.405425875000001 51.319922702000000)",Unfall 49859 (2016) Kat:3, Licht: 2,49859,3,2,4,12,17,5,,2,1,1,0,0,0,0
"POINT (12.479690394000000 51.352148468999999)",Unfall 49875 (2016) Kat:3, Licht: 0,49875,3,6,2,11,13,7,,0,0,1,0,0,0,0
"POINT (12.475209365000000 51.351680395999999)",Unfall 49892 (2016) Kat:3, Licht: 0,49892,3,6,3,12,13,1,,0,0,1,0,0,0,0
"POINT (12.274980179000000 51.254170221999999)",Unfall 49920 (2016) Kat:3, Licht: 1,49920,3,3,5,12,17,3,,1,0,1,0,0,0,0
"POINT (12.329598331000000 51.336067548000003)",Unfall 49940 (2016) Kat:3, Licht: 0,49940,3,3,5,09,13,6,,0,0,1,0,1,0,0
"POINT (12.274151035999999 51.396993623999997)",Unfall 49961 (2016) Kat:3, Licht: 0,49961,3,2,4,12,15,1,,0,0,1,0,0,0,1
"POINT (12.426657290000000 51.303483041000000)",Unfall 49985 (2016) Kat:3, Licht: 0,49985,3,2,1,11,14,7,,0,1,1,0,0,0,0
"POINT (12.285831031000001 51.330943763999997)",Unfall 50052 (2016) Kat:3, Licht: 2,50052,3,3,5,11,05,3,,2,1,1,0,0,0,0
"POINT (12.389955496000001 51.346566410999998)",Unfall 50082 (2016) Kat:3, Licht: 0,50082,3,3,5,10,09,3,,0,1,1,0,0,0,0
"POINT (12.344861039000000 51.339187604000003)",Unfall 50099 (2016) Kat:3, Licht: 2,50099,3,3,5,11,19,6,,2,1,1,0,0,0,0
"POINT (12.424802612000001 51.352199327999998)",Unfall 50101 (2016) Kat:2, Licht: 0,50101,2,1,8,10,15,2,,0,0,1,0,0,0,0
"POINT (12.417473647000000 51.311021859000000)",Unfall 50103 (2016) Kat:3, Licht: 0,50103,3,6,2,11,10,3,,0,0,1,0,0,0,0
"POINT (12.303775944000000 51.342496947999997)",Unfall 50135 (2016) Kat:3, Licht: 2,50135,3,2,4,12,05,4,,2,0,1,0,0,0,1
"POINT (12.370724267000000 51.344105884000001)",Unfall 50148 (2016) Kat:3, Licht: 2,50148,3,6,0,11,04,6,,2,0,1,0,0,0,1
"POINT (12.290388252000000 51.392832304999999)",Unfall 50167 (2016) Kat:2, Licht: 0,50167,2,2,4,11,15,3,,0,0,1,0,0,1,0
"POINT (12.502184594999999 51.356001071000001)",Unfall 50177 (2016) Kat:3, Licht: 2,50177,3,6,2,11,16,4,,2,0,1,0,0,0,0
"POINT (12.422129182999999 51.351652483999999)",Unfall 50186 (2016) Kat:3, Licht: 0,50186,3,6,2,12,11,4,,0,0,1,0,0,0,0
"POINT (12.345199936000000 51.375175855999998)",Unfall 50206 (2016) Kat:3, Licht: 0,50206,3,6,1,09,11,5,,0,0,1,0,0,0,1
"POINT (12.392450696999999 51.345422210000002)",Unfall 50228 (2016) Kat:3, Licht: 0,50228,3,2,5,11,15,2,,0,1,0,0,0,1,0
"POINT (12.491363248000001 51.357117514000002)",Unfall 50236 (2016) Kat:3, Licht: 0,50236,3,1,9,10,16,4,,0,0,1,0,0,0,0
"POINT (12.396211522000000 51.415516144999998)",Unfall 50258 (2016) Kat:3, Licht: 0,50258,3,3,5,10,15,7,,0,0,1,0,0,0,0
"POINT (12.311016179999999 51.414983626999998)",Unfall 50291 (2016) Kat:3, Licht: 2,50291,3,6,2,10,06,5,,2,0,1,0,0,0,0
"POINT (12.290389672000000 51.392831938999997)",Unfall 50302 (2016) Kat:3, Licht: 2,50302,3,3,5,09,20,5,,2,0,1,0,0,0,0
"POINT (12.353385294000001 51.341147188000001)",Unfall 50316 (2016) Kat:3, Licht: 2,50316,3,2,3,10,06,2,,2,1,1,0,0,0,0
"POINT (12.344883040999999 51.339192361999999)",Unfall 50325 (2016) Kat:3, Licht: 2,50325,3,3,5,10,06,3,,2,1,1,0,0,0,0
"POINT (12.394888068000000 51.342758684000003)",Unfall 50328 (2016) Kat:3, Licht: 2,50328,3,3,5,12,19,2,,2,1,0,0,0,0,1
"POINT (12.381642103000001 51.343354970000000)",Unfall 50355 (2016) Kat:3, Licht: 2,50355,3,4,6,12,01,7,,2,0,1,1,0,0,0
"POINT (12.430450581000001 51.351369904000002)",Unfall 50368 (2016) Kat:2, Licht: 1,50368,2,2,6,10,07,3,,1,0,1,1,0,0,0
"POINT (12.347853356000000 51.375200276000001)",Unfall 50400 (2016) Kat:2, Licht: 0,50400,2,2,4,10,07,3,,0,0,1,0,1,0,0
"POINT (12.481964802000000 51.299543102999998)",Unfall 50405 (2016) Kat:3, Licht: 2,50405,3,6,3,12,23,6,,2,0,1,0,0,0,0
"POINT (12.376526692000001 51.314942363000000)",Unfall 50409 (2016) Kat:2, Licht: 0,50409,2,3,5,10,08,2,,0,0,1,0,0,0,0
"POINT (12.254675740000000 51.281142152999998)",Unfall 50455 (2016) Kat:3, Licht: 2,50455,3,3,5,10,19,4,,2,0,1,0,0,0,0
"POINT (12.426636888999999 51.303493699000001)",Unfall 50460 (2016) Kat:3, Licht: 0,50460,3,2,3,10,11,6,,0,1,0,0,0,1,0
"POINT (12.353530792999999 51.341179552000000)",Unfall 50481 (2016) Kat:3, Licht: 2,50481,3,2,1,12,17,2,,2,0,1,0,0,0,0
"POINT (12.455613687000000 51.377509699999997)",Unfall 50518 (2016) Kat:3, Licht: 0,50518,3,1,8,10,10,2,,0,0,1,0,0,0,0
"POINT (12.452959055999999 51.281242110000001)",Unfall 50527 (2016) Kat:2, Licht: 0,50527,2,3,5,12,08,3,,0,0,1,0,0,0,0
"POINT (12.460652076000001 51.367295980999998)",Unfall 50528 (2016) Kat:2, Licht: 2,50528,2,2,1,12,17,3,,2,0,1,0,1,0,0
"POINT (12.422478798000000 51.306512275000003)",Unfall 50538 (2016) Kat:3, Licht: 0,50538,3,6,1,11,11,6,,0,0,1,0,0,1,0
"POINT (12.394847350999999 51.343183893999999)",Unfall 50539 (2016) Kat:3, Licht: 0,50539,3,2,5,11,15,4,,0,1,1,0,0,0,0
"POINT (12.254647663000000 51.281160790000001)",Unfall 50546 (2016) Kat:2, Licht: 2,50546,2,3,5,12,06,5,,2,0,1,0,0,0,0
"POINT (12.339490714000000 51.335311801000003)",Unfall 50568 (2016) Kat:3, Licht: 2,50568,3,2,5,10,21,7,,2,0,1,0,0,0,0
"POINT (12.347349017999999 51.339605374000001)",Unfall 50574 (2016) Kat:2, Licht: 2,50574,2,6,6,12,17,4,,2,1,0,1,0,0,0
"POINT (12.433494023000000 51.355178453999997)",Unfall 50583 (2016) Kat:3, Licht: 0,50583,3,6,2,10,07,4,,0,0,1,0,0,0,0
"POINT (12.324476874000000 51.338396922999998)",Unfall 50589 (2016) Kat:1, Licht: 2,50589,1,4,6,10,19,2,,2,0,1,1,0,0,0
"POINT (12.371347055999999 51.344452506000003)",Unfall 50598 (2016) Kat:3, Licht: 0,50598,3,6,1,11,14,7,,0,0,1,0,0,0,0
"POINT (12.375011484000000 51.408417735000000)",Unfall 50604 (2016) Kat:2, Licht: 0,50604,2,1,9,12,15,4,,0,0,0,0,0,1,1
"POINT (12.360132587000001 51.342176363999997)",Unfall 50609 (2016) Kat:3, Licht: 0,50609,3,6,1,09,14,6,,0,0,1,0,1,0,0
"POINT (12.395260545999999 51.340113891999998)",Unfall 50616 (2016) Kat:3, Licht: 2,50616,3,5,1,10,18,5,,2,0,1,0,1,0,0
"POINT (12.394985432000000 51.332157928999997)",Unfall 50638 (2016) Kat:3, Licht: 0,50638,3,3,5,12,12,7,,0,1,1,0,0,0,0
"POINT (12.389510032000000 51.386671729000000)",Unfall 50669 (2016) Kat:3, Licht: 0,50669,3,6,2,10,16,6,,0,0,1,0,0,0,0
"POINT (12.394430363000000 51.336792283000001)",Unfall 50680 (2016) Kat:3, Licht: 0,50680,3,2,4,11,16,7,,0,1,1,0,0,0,0
"POINT (12.396205705000000 51.415528489000003)",Unfall 50681 (2016) Kat:3, Licht: 0,50681,3,2,5,10,13,5,,0,0,1,0,0,1,0
"POINT (12.376520672000000 51.314831499999997)",Unfall 50713 (2016) Kat:3, Licht: 0,50713,3,3,5,09,13,2,,0,0,1,0,1,0,0
"POINT (12.387967708000000 51.402446583000000)",Unfall 50723 (2016) Kat:3, Licht: 2,50723,3,6,2,12,21,3,,2,0,1,0,0,0,1
"POINT (12.348577282999999 51.375178767000001)",Unfall 50725 (2016) Kat:1, Licht: 2,50725,1,1,9,10,03,7,,2,0,1,0,0,0,0
"POINT (12.457802600999999 51.350461688000003)",Unfall 50755 (2016) Kat:3, Licht: 0,50755,3,6,1,10,09,3,,0,0,1,0,0,0,0
"POINT (12.510670150999999 51.335533924000003)",Unfall 50768 (2016) Kat:3, Licht: 2,50768,3,6,2,10,18,2,,2,0,1,0,0,0,1
"POINT (12.399433461999999 51.363443304000000)",Unfall 50797 (2016) Kat:3, Licht: 2,50797,3,2,5,11,18,2,,2,0,1,0,0,0,1
"POINT (12.435063480000000 51.351118479000000)",Unfall 50804 (2016) Kat:3, Licht: 0,50804,3,2,5,11,07,5,,0,1,1,0,0,0,0
"POINT (12.525409399999999 51.316888167000002)",Unfall 50817 (2016) Kat:3, Licht: 1,50817,3,1,8,12,07,6,,1,0,1,0,0,0,0
"POINT (12.396217955999999 51.415502510000003)",Unfall 50827 (2016) Kat:2, Licht: 0,50827,2,2,4,12,05,3,,0,0,1,0,0,0,0
"POINT (12.373229911999999 51.314055285000002)",Unfall 122027 (2016) Kat:3, Licht: 2,122027,3,6,3,01,23,4,,2,1,1,0,0,0,0
"POINT (12.401006499999999 51.342530414000002)",Unfall 122031 (2016) Kat:3, Licht: 0,122031,3,1,0,01,15,6,,0,1,0,0,0,0,0
"POINT (12.264393190000000 51.334710264000002)",Unfall 122032 (2016) Kat:3, Licht: 2,122032,3,1,9,01,04,6,,2,0,1,0,0,0,0
"POINT (12.294438738000000 51.358869241000001)",Unfall 122035 (2016) Kat:3, Licht: 0,122035,3,5,0,01,14,7,,0,1,1,0,0,0,0
"POINT (12.307064968000001 51.323116732000003)",Unfall 122038 (2016) Kat:3, Licht: 0,122038,3,2,4,01,10,2,,0,0,1,0,0,0,0
"POINT (12.326631076000000 51.323150126000002)",Unfall 122040 (2016) Kat:2, Licht: 0,122040,2,3,5,01,14,6,,0,0,1,0,0,0,1
"POINT (12.300445338999999 51.325554359000002)",Unfall 122045 (2016) Kat:2, Licht: 1,122045,2,3,5,01,16,3,,1,0,1,0,0,0,1
"POINT (12.371064738999999 51.338235928000003)",Unfall 122049 (2016) Kat:3, Licht: 0,122049,3,3,5,01,11,3,,0,1,1,0,0,0,0
"POINT (12.407582430000000 51.339320706000002)",Unfall 122050 (2016) Kat:3, Licht: 2,122050,3,4,6,01,16,2,,2,0,1,1,0,0,0
"POINT (12.398289133000000 51.341333083000002)",Unfall 122051 (2016) Kat:3, Licht: 0,122051,3,7,0,01,07,3,,0,0,1,0,0,0,0
"POINT (12.402145410999999 51.336106258999997)",Unfall 122052 (2016) Kat:3, Licht: 0,122052,3,6,2,01,13,4,,0,0,1,0,1,0,0
"POINT (12.315150118000000 51.349353026000003)",Unfall 122053 (2016) Kat:3, Licht: 2,122053,3,2,5,01,18,3,,2,0,1,0,0,0,0
"POINT (12.353929994000000 51.319755082999997)",Unfall 122065 (2016) Kat:3, Licht: 0,122065,3,4,6,01,12,3,,0,0,1,1,0,0,0
"POINT (12.384331589000000 51.342433249999999)",Unfall 122068 (2016) Kat:3, Licht: 2,122068,3,6,4,01,17,6,,2,1,1,0,0,0,0
"POINT (12.371126737000001 51.347342056000002)",Unfall 122074 (2016) Kat:3, Licht: 0,122074,3,4,6,01,09,5,,0,0,1,1,0,0,0
"POINT (12.365438206000000 51.362395380999999)",Unfall 122078 (2016) Kat:3, Licht: 1,122078,3,6,3,01,08,3,,1,1,0,0,0,0,1
"POINT (12.330683778999999 51.330577368000000)",Unfall 122082 (2016) Kat:3, Licht: 0,122082,3,4,6,01,13,2,,0,0,1,1,0,0,0
"POINT (12.395255961000000 51.400014050000003)",Unfall 122083 (2016) Kat:3, Licht: 0,122083,3,4,6,01,11,5,,0,0,1,1,0,0,0
"POINT (12.365712504999999 51.363471804000000)",Unfall 122089 (2016) Kat:3, Licht: 2,122089,3,3,5,01,17,7,,2,1,1,0,0,0,0
"POINT (12.423579275000000 51.343780500999998)",Unfall 122095 (2016) Kat:3, Licht: 0,122095,3,1,8,01,09,3,,0,0,1,0,0,0,0
"POINT (12.406050963000000 51.346332130000000)",Unfall 122099 (2016) Kat:3, Licht: 0,122099,3,5,9,01,14,3,,0,1,0,0,0,0,1
"POINT (12.400180410000001 51.335419301999998)",Unfall 122113 (2016) Kat:3, Licht: 0,122113,3,5,5,01,09,5,,0,1,1,0,0,0,0
"POINT (12.410834885000000 51.335048886999999)",Unfall 122122 (2016) Kat:3, Licht: 0,122122,3,4,0,01,07,3,,0,0,1,1,0,0,0
"POINT (12.341396491999999 51.321877710000003)",Unfall 122123 (2016) Kat:3, Licht: 0,122123,3,3,5,01,14,1,,0,0,1,0,0,0,0
"POINT (12.373690671000000 51.320584207000003)",Unfall 122126 (2016) Kat:3, Licht: 0,122126,3,2,3,01,15,5,,0,1,1,0,0,0,0
"POINT (12.355029155000000 51.338809632999997)",Unfall 122136 (2016) Kat:3, Licht: 2,122136,3,6,1,01,18,5,,2,0,1,0,0,0,0
"POINT (12.372156047000001 51.354098092999998)",Unfall 122148 (2016) Kat:3, Licht: 0,122148,3,6,2,01,13,2,,0,0,1,0,0,0,0
"POINT (12.377522382000000 51.308039094999998)",Unfall 122150 (2016) Kat:3, Licht: 2,122150,3,2,6,01,06,2,,2,0,0,1,0,0,1
"POINT (12.392050795999999 51.322281238000002)",Unfall 122158 (2016) Kat:3, Licht: 2,122158,3,1,9,01,21,2,,2,0,1,0,0,0,0
"POINT (12.310678469999999 51.347547124000002)",Unfall 122160 (2016) Kat:2, Licht: 2,122160,2,4,6,01,16,2,,2,0,1,1,0,0,0
"POINT (12.373810174000001 51.343126239999997)",Unfall 122184 (2016) Kat:3, Licht: 0,122184,3,7,3,01,15,1,,0,1,1,0,0,0,0
"POINT (12.396696168000000 51.343075683999999)",Unfall 122189 (2016) Kat:3, Licht: 0,122189,3,4,6,01,16,2,,0,0,1,1,0,0,0
"POINT (12.378966795000000 51.345676931000000)",Unfall 122200 (2016) Kat:3, Licht: 2,122200,3,3,5,01,05,6,,2,1,1,0,0,0,0
"POINT (12.364198744999999 51.344416549999998)",Unfall 122209 (2016) Kat:3, Licht: 0,122209,3,3,1,01,10,1,,0,1,1,0,0,0,0
"POINT (12.379395046999999 51.359395253000002)",Unfall 122212 (2016) Kat:3, Licht: 0,122212,3,3,5,01,12,7,,0,0,1,0,0,0,0
"POINT (12.417928067000000 51.360918357000003)",Unfall 122218 (2016) Kat:3, Licht: 0,122218,3,3,5,01,15,5,,0,0,1,0,0,0,0
"POINT (12.329951625000000 51.320317844999998)",Unfall 122225 (2016) Kat:3, Licht: 0,122225,3,4,6,01,14,5,,0,0,0,1,0,0,1
"POINT (12.358969954000001 51.358838665000000)",Unfall 122240 (2016) Kat:3, Licht: 2,122240,3,3,5,01,17,2,,2,1,1,0,0,0,0
"POINT (12.397393756000000 51.369589015999999)",Unfall 122250 (2016) Kat:3, Licht: 2,122250,3,2,4,01,16,6,,2,0,1,0,0,0,0
"POINT (12.376444155000000 51.310394578999997)",Unfall 122251 (2016) Kat:3, Licht: 0,122251,3,3,5,01,15,1,,0,0,1,0,0,0,0
"POINT (12.368158774999999 51.334875572999998)",Unfall 122257 (2016) Kat:3, Licht: 1,122257,3,3,4,01,16,4,,1,0,1,0,0,0,0
"POINT (12.425977722000001 51.320685042000001)",Unfall 122260 (2016) Kat:3, Licht: 0,122260,3,6,2,01,13,4,,0,0,1,0,0,0,0
"POINT (12.362440678000000 51.338950660000002)",Unfall 122265 (2016) Kat:2, Licht: 2,122265,2,2,5,01,20,7,,2,0,1,0,0,0,0
"POINT (12.371313556000000 51.389445918000000)",Unfall 122266 (2016) Kat:3, Licht: 2,122266,3,2,6,01,05,3,,2,0,1,1,0,0,0
"POINT (12.373730093000001 51.320583266000000)",Unfall 122269 (2016) Kat:3, Licht: 0,122269,3,2,6,01,15,4,,0,0,1,1,0,0,0
"POINT (12.331940846000000 51.340280413000002)",Unfall 122273 (2016) Kat:3, Licht: 0,122273,3,3,5,01,14,4,,0,0,1,0,0,0,1
"POINT (12.325743344999999 51.311659982000002)",Unfall 122280 (2016) Kat:3, Licht: 2,122280,3,2,2,01,16,3,,2,0,1,0,0,0,0
"POINT (12.397603867000001 51.336431656999999)",Unfall 122294 (2016) Kat:2, Licht: 1,122294,2,2,6,02,07,3,,1,0,1,1,0,0,0
"POINT (12.444728305000000 51.342595164999999)",Unfall 122312 (2016) Kat:3, Licht: 1,122312,3,1,0,01,07,5,,1,0,1,0,0,0,0
"POINT (12.362426027000000 51.359137982999997)",Unfall 122313 (2016) Kat:3, Licht: 0,122313,3,6,3,01,09,6,,0,0,1,0,1,0,0
"POINT (12.388011354000000 51.338178509000002)",Unfall 122316 (2016) Kat:2, Licht: 2,122316,2,2,5,01,17,5,,2,1,1,0,0,0,0
"POINT (12.370575591000000 51.361392602000002)",Unfall 122317 (2016) Kat:3, Licht: 2,122317,3,2,4,01,20,6,,2,1,1,0,0,0,0
"POINT (12.384938672000001 51.338360670000000)",Unfall 122318 (2016) Kat:3, Licht: 0,122318,3,2,5,01,11,4,,0,1,1,0,0,0,0
"POINT (12.379656886999999 51.327658341999999)",Unfall 122324 (2016) Kat:3, Licht: 0,122324,3,3,5,01,15,4,,0,0,1,0,0,0,0
"POINT (12.405715080000000 51.351549048000003)",Unfall 122326 (2016) Kat:2, Licht: 2,122326,2,3,5,01,22,6,,2,0,1,0,0,0,0
"POINT (12.388578601000001 51.325916822000003)",Unfall 122327 (2016) Kat:3, Licht: 0,122327,3,3,5,01,07,4,,0,1,1,0,0,0,0
"POINT (12.327803808000001 51.327133820000000)",Unfall 122334 (2016) Kat:3, Licht: 0,122334,3,4,6,01,13,6,,0,0,1,1,0,0,0
"POINT (12.350035409000000 51.366054935999998)",Unfall 122336 (2016) Kat:3, Licht: 0,122336,3,2,4,02,14,5,,0,0,1,0,1,0,0
"POINT (12.411696518999999 51.342675661000001)",Unfall 122338 (2016) Kat:2, Licht: 0,122338,2,6,2,01,10,4,,0,1,1,0,0,0,0
"POINT (12.384410677000000 51.360164986000001)",Unfall 122355 (2016) Kat:3, Licht: 2,122355,3,2,2,02,21,1,,2,0,1,0,0,0,0
"POINT (12.319238274000000 51.326097969999999)",Unfall 122361 (2016) Kat:3, Licht: 0,122361,3,3,5,02,09,5,,0,0,1,0,0,0,0
"POINT (12.376100393000000 51.348283352000003)",Unfall 122363 (2016) Kat:3, Licht: 0,122363,3,2,3,01,09,3,,0,1,1,0,0,0,0
"POINT (12.365270604000001 51.323642311000000)",Unfall 122368 (2016) Kat:3, Licht: 0,122368,3,3,5,02,16,3,,0,1,1,0,0,0,0
"POINT (12.370020519000001 51.343073285999999)",Unfall 122369 (2016) Kat:3, Licht: 0,122369,3,6,2,01,10,3,,0,0,1,0,0,0,0
"POINT (12.341199053000000 51.325760127000002)",Unfall 122370 (2016) Kat:3, Licht: 0,122370,3,3,5,01,13,6,,0,0,1,0,0,0,0
"POINT (12.304525670000000 51.316532039000002)",Unfall 122375 (2016) Kat:3, Licht: 0,122375,3,7,1,01,06,1,,0,0,1,0,0,0,0
"POINT (12.417489344000000 51.316065977000001)",Unfall 122377 (2016) Kat:3, Licht: 2,122377,3,3,5,02,07,2,,2,1,1,0,0,0,0
"POINT (12.363894732000000 51.332210375000003)",Unfall 122381 (2016) Kat:3, Licht: 2,122381,3,2,4,01,19,3,,2,1,1,0,0,0,0
"POINT (12.444493346000000 51.326442518000000)",Unfall 122383 (2016) Kat:3, Licht: 0,122383,3,2,5,02,13,3,,0,1,1,0,0,0,0
"POINT (12.335876084000001 51.319245985999999)",Unfall 122384 (2016) Kat:3, Licht: 0,122384,3,2,3,01,09,3,,0,1,1,0,0,0,0
"POINT (12.323583488000001 51.328761186999998)",Unfall 122388 (2016) Kat:3, Licht: 0,122388,3,6,1,01,09,3,,0,0,1,0,0,0,0
"POINT (12.365587482000000 51.359182810000000)",Unfall 122390 (2016) Kat:3, Licht: 0,122390,3,6,4,02,14,2,,0,1,1,0,0,0,0
"POINT (12.439292904000000 51.345899387000003)",Unfall 122393 (2016) Kat:2, Licht: 0,122393,2,2,4,01,14,3,,0,0,1,0,0,0,1
"POINT (12.404277486000000 51.303680634999999)",Unfall 122396 (2016) Kat:3, Licht: 1,122396,3,3,5,01,07,3,,1,1,1,0,0,0,0
"POINT (12.379382378000001 51.359418144999999)",Unfall 122397 (2016) Kat:3, Licht: 0,122397,3,3,5,01,14,3,,0,0,1,0,0,0,0
"POINT (12.407820349000000 51.351395340000003)",Unfall 122398 (2016) Kat:2, Licht: 2,122398,2,1,6,02,22,2,,2,0,1,1,0,0,0
"POINT (12.368356733000001 51.361788011000002)",Unfall 122400 (2016) Kat:2, Licht: 0,122400,2,5,0,02,14,2,,0,1,1,0,0,0,0
"POINT (12.327178489000000 51.329638852999999)",Unfall 122401 (2016) Kat:3, Licht: 2,122401,3,3,5,01,18,3,,2,1,1,0,0,0,0
"POINT (12.370414649000001 51.326678524999998)",Unfall 122406 (2016) Kat:2, Licht: 2,122406,2,6,0,02,18,2,,2,0,1,0,1,0,0
"POINT (12.385333899000001 51.365574268000003)",Unfall 122411 (2016) Kat:3, Licht: 1,122411,3,4,6,01,07,3,,1,0,1,1,0,0,0
"POINT (12.309159770999999 51.328098603000001)",Unfall 122415 (2016) Kat:3, Licht: 1,122415,3,6,2,02,17,4,,1,0,1,0,0,0,0
"POINT (12.401362744000000 51.332325628000000)",Unfall 122421 (2016) Kat:3, Licht: 0,122421,3,7,0,01,12,3,,0,0,0,0,0,0,1
"POINT (12.367916523000000 51.323392271000003)",Unfall 122422 (2016) Kat:3, Licht: 0,122422,3,3,5,02,09,4,,0,0,1,0,0,0,0
"POINT (12.389904908000000 51.344582809999999)",Unfall 122431 (2016) Kat:3, Licht: 2,122431,3,5,0,02,19,6,,2,1,1,0,0,0,0
"POINT (12.293036959000000 51.313400579000003)",Unfall 122432 (2016) Kat:3, Licht: 0,122432,3,4,6,01,15,5,,0,0,1,1,0,0,0
"POINT (12.370043554000000 51.331710931000003)",Unfall 122434 (2016) Kat:3, Licht: 2,122434,3,3,5,02,19,4,,2,1,1,0,0,0,0
"POINT (12.321921962999999 51.303812420000000)",Unfall 122438 (2016) Kat:2, Licht: 2,122438,2,6,3,01,18,5,,2,1,1,0,0,0,0
"POINT (12.373370897999999 51.310658324000002)",Unfall 122440 (2016) Kat:3, Licht: 0,122440,3,3,5,01,11,6,,0,1,1,0,0,0,0
"POINT (12.445673183000000 51.351599874000001)",Unfall 122441 (2016) Kat:2, Licht: 2,122441,2,3,5,01,05,5,,2,1,1,0,0,0,0
"POINT (12.396368062000001 51.310242735999999)",Unfall 122442 (2016) Kat:2, Licht: 0,122442,2,2,3,02,07,4,,0,1,0,0,0,1,0
"POINT (12.325358266000000 51.345018883000002)",Unfall 122445 (2016) Kat:2, Licht: 0,122445,2,5,1,02,11,6,,0,1,1,0,0,0,0
"POINT (12.350493440999999 51.332569366999998)",Unfall 122446 (2016) Kat:3, Licht: 2,122446,3,3,5,01,19,5,,2,1,1,0,0,0,0
"POINT (12.376451892000000 51.311603581999996)",Unfall 122457 (2016) Kat:3, Licht: 0,122457,3,7,6,02,11,6,,0,0,1,1,0,0,0
"POINT (12.313864503000000 51.330893840999998)",Unfall 122462 (2016) Kat:3, Licht: 1,122462,3,7,6,02,17,7,,1,0,1,1,0,0,0
"POINT (12.376969525000000 51.344562197000002)",Unfall 122469 (2016) Kat:2, Licht: 2,122469,2,4,6,01,00,1,,2,0,1,1,0,0,0
"POINT (12.414584121000001 51.324068152999999)",Unfall 122471 (2016) Kat:3, Licht: 2,122471,3,3,5,01,19,1,,2,1,1,0,0,0,0
"POINT (12.368419667000000 51.314195030000000)",Unfall 122473 (2016) Kat:3, Licht: 0,122473,3,1,0,02,15,4,,0,0,0,0,1,0,0