WKT,Name,OBJECTID,UKATEGORIE,UTYP1,UART,UMONAT,USTUNDE,UWOCHENTAG,STRZUSTAND,ULICHTVERH,ISTRAD,ISTPKW,ISTFUSS,ISTKRAD,ISTGKFZ,ISTSONSTIG
"POINT (12.262856886000000 51.347866803000002)",Unfall 122474 (2016) Kat:3, Licht: 0,122474,3,3,5,02,14,7,,0,1,1,0,0,0,0
"POINT (12.292485744000000 51.263345514999997)",Unfall 122483 (2016) Kat:2, Licht: 0,122483,2,4,6,02,14,6,,0,0,1,1,0,0,0
"POINT (12.376807393000000 51.321736584000000)",Unfall 122485 (2016) Kat:2, Licht: 0,122485,2,3,1,02,10,6,,0,1,1,0,0,0,0
"POINT (12.401503913000001 51.399583466000003)",Unfall 122486 (2016) Kat:3, Licht: 1,122486,3,2,4,02,18,7,,1,0,1,0,0,0,0
"POINT (12.334200042000001 51.319364733999997)",Unfall 122503 (2016) Kat:3, Licht: 2,122503,3,2,2,02,19,4,,2,1,1,0,0,0,0
"POINT (12.400445766000001 51.345822525999999)",Unfall 122512 (2016) Kat:3, Licht: 0,122512,3,2,5,02,07,3,,0,1,1,0,0,0,0
"POINT (12.356094696000000 51.343631172999999)",Unfall 122513 (2016) Kat:2, Licht: 1,122513,2,7,6,01,16,7,,1,0,1,1,0,0,0
"POINT (12.318620238999999 51.331502770999997)",Unfall 122514 (2016) Kat:3, Licht: 2,122514,3,2,6,01,05,2,,2,0,1,1,0,0,0
"POINT (12.399650420000000 51.361985410999999)",Unfall 122516 (2016) Kat:3, Licht: 2,122516,3,6,3,02,23,7,,2,0,1,0,0,0,1
"POINT (12.414425154000000 51.345092385999997)",Unfall 122517 (2016) Kat:3, Licht: 0,122517,3,3,5,01,14,4,,0,0,1,0,0,0,0
"POINT (12.400976180000001 51.307856471999997)",Unfall 122519 (2016) Kat:3, Licht: 2,122519,3,6,3,02,21,7,,2,1,1,0,0,0,0
"POINT (12.394438087999999 51.369137088000002)",Unfall 122521 (2016) Kat:2, Licht: 2,122521,2,1,0,01,18,4,,2,0,1,0,1,0,0
"POINT (12.291954284999999 51.321338550000000)",Unfall 122522 (2016) Kat:3, Licht: 0,122522,3,3,5,01,14,2,,0,0,1,0,0,0,0
"POINT (12.327646632000000 51.341358378999999)",Unfall 122523 (2016) Kat:2, Licht: 0,122523,2,6,3,01,16,2,,0,1,1,0,0,0,0
"POINT (12.301068791000001 51.354766568999999)",Unfall 122524 (2016) Kat:3, Licht: 0,122524,3,6,2,01,10,7,,0,0,1,0,0,0,1
"POINT (12.376534132000000 51.348389287000003)",Unfall 122525 (2016) Kat:3, Licht: 2,122525,3,2,5,02,19,3,,2,1,1,0,0,0,0
"POINT (12.415140234000001 51.337521490999997)",Unfall 122526 (2016) Kat:3, Licht: 2,122526,3,6,4,01,19,7,,2,0,1,0,0,0,0
"POINT (12.318614598000000 51.331500953000003)",Unfall 122530 (2016) Kat:2, Licht: 0,122530,2,4,6,01,07,4,,0,0,1,1,0,0,0
"POINT (12.440134991000001 51.331817297000001)",Unfall 122531 (2016) Kat:3, Licht: 0,122531,3,6,1,01,10,2,,0,0,1,0,0,0,1
"POINT (12.340049901000000 51.334036658000002)",Unfall 122534 (2016) Kat:3, Licht: 1,122534,3,6,2,01,07,6,,1,0,1,0,0,0,1
"POINT (12.376906356999999 51.356646757999997)",Unfall 122535 (2016) Kat:3, Licht: 0,122535,3,3,5,01,15,4,,0,1,1,0,0,0,0
"POINT (12.335711137000001 51.322140109000003)",Unfall 122536 (2016) Kat:3, Licht: 0,122536,3,6,3,02,15,3,,0,1,1,0,0,0,0
"POINT (12.376835059999999 51.346215866999998)",Unfall 122541 (2016) Kat:3, Licht: 0,122541,3,3,5,02,14,3,,0,1,1,0,0,0,0
"POINT (12.353606689999999 51.362646245000001)",Unfall 122545 (2016) Kat:3, Licht: 2,122545,3,3,5,01,05,2,,2,0,1,0,0,0,0
"POINT (12.317851893000000 51.347202664000001)",Unfall 122549 (2016) Kat:3, Licht: 0,122549,3,1,1,02,20,4,,0,0,1,0,0,0,0
"POINT (12.321819512999999 51.328853829000003)",Unfall 122551 (2016) Kat:3, Licht: 0,122551,3,2,0,03,15,6,,0,0,1,0,0,0,1
"POINT (12.385650414000001 51.366621805000001)",Unfall 122552 (2016) Kat:3, Licht: 2,122552,3,6,2,02,19,5,,2,0,1,0,0,0,0
"POINT (12.443970428000000 51.304043415000002)",Unfall 122554 (2016) Kat:2, Licht: 0,122554,2,3,5,02,08,6,,0,1,1,0,0,0,0
"POINT (12.357118385000000 51.342889827999997)",Unfall 122555 (2016) Kat:3, Licht: 0,122555,3,3,5,02,13,4,,0,1,1,0,0,0,0
"POINT (12.382003480000000 51.336583273000002)",Unfall 122557 (2016) Kat:3, Licht: 0,122557,3,3,5,02,09,5,,0,1,1,0,0,0,0
"POINT (12.395200632000000 51.343495636000000)",Unfall 122560 (2016) Kat:3, Licht: 0,122560,3,5,3,02,13,2,,0,0,1,0,1,0,0
"POINT (12.430522828999999 51.351364420000003)",Unfall 122561 (2016) Kat:3, Licht: 0,122561,3,6,2,02,09,5,,0,0,1,0,0,0,0
"POINT (12.374145682000000 51.339887459000003)",Unfall 122562 (2016) Kat:3, Licht: 0,122562,3,3,5,02,08,2,,0,1,0,0,0,0,0
"POINT (12.364152216999999 51.344406597999999)",Unfall 122563 (2016) Kat:3, Licht: 0,122563,3,3,1,02,09,2,,0,1,1,0,0,0,0
"POINT (12.417454234999999 51.316075202999997)",Unfall 122564 (2016) Kat:3, Licht: 0,122564,3,3,5,02,15,5,,0,0,1,1,0,0,1
"POINT (12.358824024000000 51.320835631000001)",Unfall 122566 (2016) Kat:3, Licht: 0,122566,3,7,0,02,13,6,,0,0,1,0,0,0,0
"POINT (12.371406560000000 51.331573618000000)",Unfall 122567 (2016) Kat:3, Licht: 2,122567,3,2,5,02,20,4,,2,1,1,0,0,0,0
"POINT (12.378455116000000 51.319709678000002)",Unfall 122568 (2016) Kat:2, Licht: 2,122568,2,1,0,02,20,1,,2,1,0,0,0,0,0
"POINT (12.353351908000000 51.319617184999998)",Unfall 122569 (2016) Kat:3, Licht: 0,122569,3,3,5,02,11,5,,0,1,1,0,0,0,0
"POINT (12.408003648999999 51.335686426000002)",Unfall 122570 (2016) Kat:2, Licht: 0,122570,2,4,6,02,10,2,,0,0,1,1,0,0,0
"POINT (12.371475355999999 51.345573850999997)",Unfall 122571 (2016) Kat:3, Licht: 0,122571,3,4,6,02,15,6,,0,0,1,1,0,0,0
"POINT (12.389392925999999 51.335835217000003)",Unfall 122573 (2016) Kat:3, Licht: 0,122573,3,3,5,02,14,2,,0,1,0,0,0,0,1
"POINT (12.376610077000000 51.314768586000000)",Unfall 122576 (2016) Kat:3, Licht: 0,122576,3,3,5,02,12,6,,0,1,1,0,0,0,0
"POINT (12.323677988000000 51.384051864000000)",Unfall 122577 (2016) Kat:3, Licht: 0,122577,3,6,1,02,07,4,,0,0,1,0,0,0,1
"POINT (12.422111877000001 51.319635030000001)",Unfall 122578 (2016) Kat:3, Licht: 0,122578,3,3,5,02,12,1,,0,1,1,0,0,0,0
"POINT (12.408790305000000 51.342745677000003)",Unfall 122580 (2016) Kat:3, Licht: 0,122580,3,3,5,02,12,6,,0,0,1,1,0,0,0
"POINT (12.381758597999999 51.338599956000003)",Unfall 122581 (2016) Kat:2, Licht: 0,122581,2,2,6,02,14,4,,0,0,1,1,0,0,0
"POINT (12.393511990000000 51.297322731000001)",Unfall 122582 (2016) Kat:3, Licht: 0,122582,3,3,5,02,11,1,,0,0,1,0,0,0,0
"POINT (12.368126043000000 51.334887209000001)",Unfall 122584 (2016) Kat:3, Licht: 0,122584,3,3,5,02,09,5,,0,1,1,0,0,0,0
"POINT (12.387127305000000 51.289705748999999)",Unfall 122585 (2016) Kat:3, Licht: 1,122585,3,4,6,02,16,6,,1,0,1,1,0,0,0
"POINT (12.362504364999999 51.339056694000000)",Unfall 122587 (2016) Kat:2, Licht: 2,122587,2,4,6,02,18,2,,2,0,1,1,0,0,0
"POINT (12.328485220999999 51.318988932000003)",Unfall 122591 (2016) Kat:3, Licht: 2,122591,3,2,5,02,19,1,,2,0,1,0,0,0,0
"POINT (12.267789045000001 51.321498810999998)",Unfall 122594 (2016) Kat:3, Licht: 0,122594,3,4,6,02,12,5,,0,0,0,1,0,0,1
"POINT (12.366338966000001 51.365754885000001)",Unfall 122595 (2016) Kat:3, Licht: 0,122595,3,2,6,02,15,2,,0,0,1,1,0,0,0
"POINT (12.279536128000000 51.314831185999999)",Unfall 122598 (2016) Kat:3, Licht: 0,122598,3,3,6,02,14,6,,0,0,1,1,0,0,0
"POINT (12.433055985999999 51.305354188999999)",Unfall 122636 (2016) Kat:3, Licht: 0,122636,3,3,5,02,14,7,,0,1,1,0,0,0,0
"POINT (12.460403411000000 51.356839463000000)",Unfall 122645 (2016) Kat:3, Licht: 0,122645,3,3,5,02,11,7,,0,0,1,0,0,0,0
"POINT (12.334833368000000 51.320407832999997)",Unfall 122664 (2016) Kat:3, Licht: 0,122664,3,7,5,02,12,1,,0,0,1,0,0,0,0
"POINT (12.380169399000000 51.330230604999997)",Unfall 122666 (2016) Kat:3, Licht: 2,122666,3,1,0,02,17,1,,2,0,0,0,1,0,0
"POINT (12.370218999000000 51.325997202000003)",Unfall 122668 (2016) Kat:3, Licht: 2,122668,3,2,5,03,20,3,,2,1,1,0,0,0,0
"POINT (12.369069656000001 51.320688341000000)",Unfall 122669 (2016) Kat:3, Licht: 2,122669,3,6,2,02,18,5,,2,0,1,0,0,0,0
"POINT (12.318255449000000 51.381240108000000)",Unfall 122674 (2016) Kat:3, Licht: 0,122674,3,6,2,03,17,3,,0,0,1,0,0,0,0
"POINT (12.390747026000000 51.343383938999999)",Unfall 122675 (2016) Kat:3, Licht: 0,122675,3,3,5,02,15,5,,0,1,1,0,0,0,0
"POINT (12.338810961000000 51.328231893999998)",Unfall 122680 (2016) Kat:3, Licht: 2,122680,3,3,5,02,19,5,,2,0,1,0,0,0,0
"POINT (12.360890019999999 51.344628206000003)",Unfall 122682 (2016) Kat:3, Licht: 0,122682,3,5,3,02,12,7,,0,1,1,0,0,0,0
"POINT (12.363961701999999 51.332496869000003)",Unfall 122683 (2016) Kat:3, Licht: 0,122683,3,5,0,03,08,4,,0,1,0,0,0,0,1
"POINT (12.406327101000000 51.368662856999997)",Unfall 122684 (2016) Kat:3, Licht: 0,122684,3,3,5,03,09,3,,0,0,1,0,0,0,0
"POINT (12.399450206999999 51.376403283000002)",Unfall 122685 (2016) Kat:3, Licht: 0,122685,3,3,5,02,07,5,,0,1,1,0,0,0,0
"POINT (12.332832827000001 51.374134251000001)",Unfall 122692 (2016) Kat:3, Licht: 0,122692,3,7,0,02,14,4,,0,0,1,1,0,0,0
"POINT (12.427140636000001 51.320804035999998)",Unfall 122693 (2016) Kat:3, Licht: 0,122693,3,5,1,02,07,5,,0,1,0,0,0,0,1
"POINT (12.371492964000000 51.320612130000001)",Unfall 122694 (2016) Kat:3, Licht: 0,122694,3,2,2,02,12,1,,0,0,1,0,0,0,0
"POINT (12.374097035000000 51.360468804999996)",Unfall 122695 (2016) Kat:3, Licht: 2,122695,3,6,8,02,22,7,,2,0,1,0,0,0,0
"POINT (12.416192220999999 51.356734652000000)",Unfall 122700 (2016) Kat:3, Licht: 0,122700,3,3,5,02,15,1,,0,0,1,0,0,0,0
"POINT (12.366729421000000 51.346892525000001)",Unfall 122703 (2016) Kat:3, Licht: 0,122703,3,3,5,02,15,5,,0,1,1,0,0,0,0
"POINT (12.362660804000001 51.320984555999999)",Unfall 122706 (2016) Kat:2, Licht: 1,122706,2,1,0,02,20,5,,1,0,1,0,0,0,0
"POINT (12.407664041000000 51.351318139999997)",Unfall 122708 (2016) Kat:3, Licht: 0,122708,3,2,5,02,10,1,,0,1,1,0,0,0,0
"POINT (12.386541588000000 51.335656434999997)",Unfall 122709 (2016) Kat:3, Licht: 2,122709,3,3,5,02,23,7,,2,0,1,0,0,0,0
"POINT (12.396058550999999 51.335904386999999)",Unfall 122711 (2016) Kat:3, Licht: 0,122711,3,2,6,03,09,4,,0,0,1,1,0,0,0
"POINT (12.354117305999999 51.382082269000001)",Unfall 122713 (2016) Kat:2, Licht: 2,122713,2,2,3,02,21,1,,2,0,1,0,0,0,0
"POINT (12.367946834000000 51.326090381000000)",Unfall 122720 (2016) Kat:3, Licht: 0,122720,3,6,3,02,13,6,,0,0,1,0,0,0,0
"POINT (12.447728824000000 51.326043548999998)",Unfall 122723 (2016) Kat:3, Licht: 2,122723,3,2,6,02,19,6,,2,0,1,1,0,0,0
"POINT (12.380418606999999 51.288513395000003)",Unfall 122724 (2016) Kat:3, Licht: 2,122724,3,3,5,03,20,4,,2,1,1,0,0,0,0
"POINT (12.352955759000000 51.341990396000000)",Unfall 122726 (2016) Kat:3, Licht: 2,122726,3,3,5,02,05,7,,2,1,0,0,0,0,1
"POINT (12.383356461000000 51.334900169999997)",Unfall 122728 (2016) Kat:3, Licht: 0,122728,3,2,3,02,08,3,,0,1,1,0,0,0,0
"POINT (12.418979267999999 51.321118077000001)",Unfall 122733 (2016) Kat:3, Licht: 2,122733,3,3,5,02,22,3,,2,0,1,0,0,0,0
"POINT (12.368714868000000 51.341795134999998)",Unfall 122744 (2016) Kat:3, Licht: 0,122744,3,6,2,02,11,3,,0,0,1,0,0,0,0
"POINT (12.376759450000000 51.354174012999998)",Unfall 122746 (2016) Kat:3, Licht: 0,122746,3,6,2,03,10,5,,0,0,1,0,0,0,0
"POINT (12.378495831000000 51.336172861999998)",Unfall 122749 (2016) Kat:3, Licht: 0,122749,3,2,3,02,16,7,,0,1,1,0,0,0,0
"POINT (12.368531255000001 51.359200031000000)",Unfall 122758 (2016) Kat:3, Licht: 0,122758,3,4,6,02,15,7,,0,0,1,1,0,0,0
"POINT (12.417091284000000 51.344555970000002)",Unfall 122762 (2016) Kat:3, Licht: 0,122762,3,5,1,02,08,7,,0,0,1,0,1,0,0
"POINT (12.465197206999999 51.364529259000001)",Unfall 122773 (2016) Kat:2, Licht: 0,122773,2,2,4,03,07,5,,0,0,1,0,0,0,0
"POINT (12.416167427000000 51.311938187999999)",Unfall 122774 (2016) Kat:3, Licht: 0,122774,3,3,5,02,07,2,,0,1,1,0,0,0,0
"POINT (12.385651697000000 51.372091631000004)",Unfall 122779 (2016) Kat:2, Licht: 0,122779,2,3,5,03,12,6,,0,1,1,0,0,0,0
"POINT (12.338819593000000 51.337144393000003)",Unfall 122780 (2016) Kat:3, Licht: 0,122780,3,3,5,02,08,6,,0,1,1,0,0,0,0
"POINT (12.381909331999999 51.338888885000003)",Unfall 122783 (2016) Kat:3, Licht: 0,122783,3,2,4,02,11,2,,0,0,1,0,0,0,0
"POINT (12.373817508000000 51.363340543000000)",Unfall 122792 (2016) Kat:2, Licht: 0,122792,2,7,9,02,09,2,,0,0,1,0,0,0,0
"POINT (12.429676911000000 51.341873397000001)",Unfall 122801 (2016) Kat:3, Licht: 0,122801,3,3,5,03,17,5,,0,0,1,0,0,0,1
"POINT (12.376964378000000 51.344807281000001)",Unfall 122810 (2016) Kat:3, Licht: 2,122810,3,3,5,02,21,6,,2,1,1,0,0,0,0
"POINT (12.361174401000000 51.361707953000000)",Unfall 122817 (2016) Kat:3, Licht: 2,122817,3,3,5,03,21,1,,2,0,1,0,0,0,0
"POINT (12.338656395999999 51.370234353999997)",Unfall 122818 (2016) Kat:3, Licht: 0,122818,3,4,6,03,08,6,,0,0,0,1,0,0,1
"POINT (12.447620884999999 51.345832354999999)",Unfall 122821 (2016) Kat:3, Licht: 0,122821,3,6,0,03,08,5,,0,0,0,0,0,0,1
"POINT (12.354104348000000 51.319797510000001)",Unfall 122827 (2016) Kat:2, Licht: 0,122827,2,6,2,03,17,4,,0,0,1,0,0,0,0
"POINT (12.460326130000000 51.282102373999997)",Unfall 122834 (2016) Kat:3, Licht: 1,122834,3,2,4,03,06,4,,1,0,1,0,0,0,0
"POINT (12.348582893000000 51.332148701999998)",Unfall 122835 (2016) Kat:3, Licht: 2,122835,3,6,3,03,20,3,,2,1,1,0,0,0,0
"POINT (12.373709569000001 51.322061630999997)",Unfall 122840 (2016) Kat:3, Licht: 0,122840,3,2,5,03,09,4,,0,1,1,0,0,0,0
"POINT (12.352394436000001 51.319613938000003)",Unfall 122845 (2016) Kat:3, Licht: 0,122845,3,5,1,03,10,3,,0,1,1,0,0,0,0
"POINT (12.378389004000001 51.317710052000002)",Unfall 122847 (2016) Kat:3, Licht: 0,122847,3,6,2,03,16,3,,0,0,1,0,0,0,0
"POINT (12.301013899000001 51.378962569999999)",Unfall 122848 (2016) Kat:3, Licht: 0,122848,3,4,6,03,10,4,,0,0,1,1,0,0,0
"POINT (12.384294300000001 51.394154530000002)",Unfall 122852 (2016) Kat:3, Licht: 0,122852,3,1,8,03,09,3,,0,0,1,0,0,0,0
"POINT (12.399919164000000 51.362052462999998)",Unfall 122854 (2016) Kat:3, Licht: 0,122854,3,6,2,03,14,3,,0,0,1,0,0,0,0
"POINT (12.382085598000000 51.332585139000003)",Unfall 122855 (2016) Kat:3, Licht: 0,122855,3,2,0,03,07,6,,0,1,0,0,0,0,1
"POINT (12.376684733999999 51.355925870999997)",Unfall 122858 (2016) Kat:3, Licht: 0,122858,3,6,2,03,14,5,,0,0,1,0,0,0,0
"POINT (12.387282162000000 51.309254332999998)",Unfall 122859 (2016) Kat:3, Licht: 0,122859,3,2,4,03,16,2,,0,1,1,0,0,0,0
"POINT (12.430815254000001 51.362792243999998)",Unfall 122861 (2016) Kat:3, Licht: 0,122861,3,3,5,03,08,4,,0,1,0,0,0,0,1
"POINT (12.353168202000001 51.352975678000000)",Unfall 122866 (2016) Kat:3, Licht: 0,122866,3,6,2,03,11,3,,0,0,1,0,0,0,0
"POINT (12.386252874000000 51.360930789000001)",Unfall 122868 (2016) Kat:3, Licht: 2,122868,3,4,6,03,23,6,,2,0,1,1,0,0,0
"POINT (12.422430057000000 51.318324750999999)",Unfall 122873 (2016) Kat:3, Licht: 0,122873,3,1,8,03,17,4,,0,0,1,0,0,0,0
"POINT (12.425828715000000 51.320085202999998)",Unfall 122876 (2016) Kat:3, Licht: 0,122876,3,6,2,03,16,5,,0,0,1,0,0,0,0
"POINT (12.403965234999999 51.330286340999997)",Unfall 122882 (2016) Kat:3, Licht: 0,122882,3,2,3,03,16,4,,0,1,1,0,0,0,0
"POINT (12.426642803000000 51.303490609000001)",Unfall 122886 (2016) Kat:3, Licht: 0,122886,3,2,1,03,10,3,,0,0,1,0,0,0,0
"POINT (12.384095767000000 51.301298957999997)",Unfall 122890 (2016) Kat:2, Licht: 0,122890,2,1,3,03,14,6,,0,1,0,0,0,0,0
"POINT (12.334222054000000 51.319444738000001)",Unfall 122895 (2016) Kat:3, Licht: 2,122895,3,3,5,03,22,2,,2,0,1,0,0,0,0
"POINT (12.344710094000000 51.329523166000001)",Unfall 122898 (2016) Kat:3, Licht: 0,122898,3,5,1,03,16,4,,0,1,1,0,0,0,0
"POINT (12.493040337000000 51.346935274000003)",Unfall 122899 (2016) Kat:3, Licht: 0,122899,3,2,1,03,15,3,,0,0,1,0,0,0,1
"POINT (12.384949477999999 51.338458877000001)",Unfall 122900 (2016) Kat:3, Licht: 0,122900,3,5,3,03,12,5,,0,1,1,0,0,0,0
"POINT (12.394541538000000 51.315924772999999)",Unfall 122907 (2016) Kat:3, Licht: 0,122907,3,2,0,03,10,2,,0,1,1,0,0,0,0
"POINT (12.392635088000000 51.337063448000002)",Unfall 122914 (2016) Kat:3, Licht: 0,122914,3,5,3,03,14,2,,0,1,1,0,0,0,0
"POINT (12.411583501000001 51.330048398000002)",Unfall 122917 (2016) Kat:2, Licht: 1,122917,2,4,6,03,17,5,,1,0,1,1,0,0,0
"POINT (12.327329126000000 51.373344246000002)",Unfall 122919 (2016) Kat:3, Licht: 0,122919,3,6,2,03,10,6,,0,0,1,0,0,0,0
"POINT (12.373592793000000 51.320748080000001)",Unfall 122921 (2016) Kat:3, Licht: 2,122921,3,2,3,03,01,6,,2,0,1,0,0,0,0
"POINT (12.401158433000001 51.303332629000003)",Unfall 122927 (2016) Kat:3, Licht: 0,122927,3,2,5,03,10,2,,0,0,1,0,0,0,0
"POINT (12.343828601000000 51.368632892000001)",Unfall 122929 (2016) Kat:3, Licht: 0,122929,3,3,5,03,10,4,,0,0,1,0,1,0,0
"POINT (12.465195322000000 51.345856826999999)",Unfall 122932 (2016) Kat:3, Licht: 0,122932,3,3,5,03,13,3,,0,1,0,0,0,1,0
"POINT (12.445303696000000 51.346188363000003)",Unfall 122934 (2016) Kat:2, Licht: 2,122934,2,3,5,03,03,1,,2,0,1,0,0,0,0
"POINT (12.373351868000000 51.353060755999998)",Unfall 122937 (2016) Kat:3, Licht: 2,122937,3,3,5,03,22,3,,2,1,1,0,0,0,0
"POINT (12.411905467000000 51.353994978000003)",Unfall 122938 (2016) Kat:2, Licht: 0,122938,2,4,6,03,12,2,,0,0,0,1,0,0,1
"POINT (12.387029204999999 51.297731419999998)",Unfall 122942 (2016) Kat:3, Licht: 0,122942,3,5,1,03,14,4,,0,0,1,0,0,0,0
"POINT (12.307213234000001 51.346510809000002)",Unfall 122943 (2016) Kat:3, Licht: 0,122943,3,3,5,03,14,2,,0,0,1,0,0,0,0
"POINT (12.373384106000000 51.363071191000003)",Unfall 122947 (2016) Kat:3, Licht: 1,122947,3,3,5,03,18,4,,1,1,0,0,0,0,0
"POINT (12.445137193000001 51.344705894000001)",Unfall 122948 (2016) Kat:3, Licht: 0,122948,3,4,6,03,15,2,,0,0,0,1,0,1,0
"POINT (12.404456170000000 51.332051264000000)",Unfall 122953 (2016) Kat:3, Licht: 0,122953,3,6,2,03,16,4,,0,0,1,0,0,0,0
"POINT (12.296588078999999 51.317916097000001)",Unfall 122961 (2016) Kat:3, Licht: 0,122961,3,3,5,03,08,2,,0,0,1,0,0,0,0
"POINT (12.374608967000000 51.304217612999999)",Unfall 122962 (2016) Kat:3, Licht: 0,122962,3,5,1,03,16,4,,0,1,1,0,0,0,0
"POINT (12.407971013999999 51.335648483999996)",Unfall 122964 (2016) Kat:2, Licht: 2,122964,2,3,5,03,05,5,,2,1,1,0,0,0,0
"POINT (12.340324523000000 51.375167427000001)",Unfall 122969 (2016) Kat:3, Licht: 0,122969,3,3,5,03,14,6,,0,0,1,0,1,0,0
"POINT (12.385606351000000 51.372605102999998)",Unfall 122972 (2016) Kat:2, Licht: 1,122972,2,4,6,03,18,5,,1,0,0,1,0,1,0
"POINT (12.408232389000000 51.330409721999999)",Unfall 122981 (2016) Kat:3, Licht: 0,122981,3,3,5,03,14,4,,0,1,1,0,0,0,0
"POINT (12.325738453000000 51.318558865000000)",Unfall 122987 (2016) Kat:3, Licht: 0,122987,3,3,5,03,06,3,,0,0,1,0,0,0,0
"POINT (12.488182072000001 51.343108325000003)",Unfall 122991 (2016) Kat:3, Licht: 0,122991,3,4,6,03,14,6,,0,0,1,1,0,0,0
"POINT (12.371285623000000 51.329913189000003)",Unfall 122996 (2016) Kat:3, Licht: 0,122996,3,6,2,03,10,4,,0,0,1,0,0,0,0
"POINT (12.350869636000001 51.365825235999999)",Unfall 122997 (2016) Kat:3, Licht: 0,122997,3,6,2,03,09,2,,0,0,1,0,0,0,0
"POINT (12.411617370000000 51.342635098000002)",Unfall 123000 (2016) Kat:3, Licht: 0,123000,3,2,5,03,15,4,,0,1,1,0,0,0,0
"POINT (12.272129947000000 51.309251211000003)",Unfall 123001 (2016) Kat:3, Licht: 0,123001,3,3,5,03,16,3,,0,0,1,0,0,0,0
"POINT (12.371119032999999 51.336413446999998)",Unfall 123002 (2016) Kat:3, Licht: 0,123002,3,6,2,03,13,5,,0,0,1,0,0,0,0
"POINT (12.307200305000000 51.323136003999998)",Unfall 123006 (2016) Kat:3, Licht: 0,123006,3,3,5,03,08,7,,0,0,1,0,0,0,0
"POINT (12.338353369000000 51.331615266000000)",Unfall 123008 (2016) Kat:3, Licht: 0,123008,3,6,1,03,08,2,,0,0,1,0,0,0,0
"POINT (12.314885200999999 51.357089365000000)",Unfall 123015 (2016) Kat:3, Licht: 0,123015,3,6,2,03,15,2,,0,0,1,0,0,0,0
"POINT (12.372997858000000 51.309713647000002)",Unfall 123017 (2016) Kat:2, Licht: 2,123017,2,1,0,03,02,1,,2,1,0,0,0,0,0
"POINT (12.420524467000000 51.319253981999999)",Unfall 123018 (2016) Kat:3, Licht: 0,123018,3,3,5,03,10,7,,0,1,1,0,0,0,0
"POINT (12.440471611000000 51.330236366999998)",Unfall 123019 (2016) Kat:3, Licht: 0,123019,3,2,5,03,13,6,,0,0,1,0,1,0,0
"POINT (12.352066019000000 51.343576665000001)",Unfall 123021 (2016) Kat:3, Licht: 0,123021,3,7,3,03,12,1,,0,0,1,0,0,0,0
"POINT (12.394213338000000 51.285251717999998)",Unfall 123023 (2016) Kat:3, Licht: 2,123023,3,1,7,03,18,4,,2,0,1,0,0,0,0
"POINT (12.384959654999999 51.338524732000003)",Unfall 123024 (2016) Kat:3, Licht: 0,123024,3,7,1,03,09,6,,0,0,1,0,0,0,0
"POINT (12.375143619999999 51.364366588999999)",Unfall 123025 (2016) Kat:3, Licht: 1,123025,3,2,3,03,20,1,,1,0,1,0,1,0,0
"POINT (12.390313942000001 51.334271747999999)",Unfall 123027 (2016) Kat:3, Licht: 0,123027,3,6,4,03,07,5,,0,1,1,0,0,0,0
"POINT (12.410903322999999 51.325824249999997)",Unfall 123028 (2016) Kat:3, Licht: 0,123028,3,3,5,03,12,2,,0,0,1,0,0,0,0
"POINT (12.369424346000001 51.360094312999998)",Unfall 123029 (2016) Kat:3, Licht: 0,123029,3,3,5,03,07,4,,0,1,1,0,0,0,0
"POINT (12.372979079000000 51.301377545000001)",Unfall 123030 (2016) Kat:3, Licht: 0,123030,3,3,5,03,15,1,,0,1,1,0,0,0,0
"POINT (12.406312086000000 51.362606884999998)",Unfall 123035 (2016) Kat:3, Licht: 1,123035,3,1,8,03,18,4,,1,0,0,0,1,0,0
"POINT (12.438267225000001 51.356861958000003)",Unfall 123036 (2016) Kat:3, Licht: 0,123036,3,3,5,03,06,3,,0,1,1,0,0,0,0
"POINT (12.358800407000000 51.365218554999998)",Unfall 123037 (2016) Kat:3, Licht: 0,123037,3,3,5,03,20,1,,0,0,1,0,0,0,0
"POINT (12.389375990000000 51.335822467000000)",Unfall 123038 (2016) Kat:3, Licht: 2,123038,3,3,5,03,19,3,,2,1,1,0,0,0,0
"POINT (12.485747761000001 51.346311442999998)",Unfall 123044 (2016) Kat:3, Licht: 0,123044,3,6,2,03,16,2,,0,0,1,0,0,0,0
"POINT (12.367450126000000 51.367209365999997)",Unfall 123047 (2016) Kat:3, Licht: 2,123047,3,3,5,03,20,4,,2,0,1,0,0,0,1
"POINT (12.441014329000000 51.333327363000002)",Unfall 123050 (2016) Kat:3, Licht: 0,123050,3,2,2,03,07,5,,0,0,1,0,0,0,0
"POINT (12.398533470000000 51.365602332000002)",Unfall 123052 (2016) Kat:3, Licht: 0,123052,3,2,5,03,14,4,,0,1,1,0,0,0,0
"POINT (12.313393229000001 51.347892860999998)",Unfall 123055 (2016) Kat:3, Licht: 2,123055,3,2,4,03,23,6,,2,0,1,0,0,0,0
"POINT (12.378509397000000 51.321916854999998)",Unfall 123056 (2016) Kat:3, Licht: 0,123056,3,7,3,03,07,4,,0,1,1,0,0,0,0
"POINT (12.320686739999999 51.339847499999998)",Unfall 123073 (2016) Kat:3, Licht: 0,123073,3,7,0,04,15,3,,0,0,1,0,1,0,0