WKT,Name,OBJECTID,UKATEGORIE,UTYP1,UART,UMONAT,USTUNDE,UWOCHENTAG,STRZUSTAND,ULICHTVERH,ISTRAD,ISTPKW,ISTFUSS,ISTKRAD,ISTGKFZ,ISTSONSTIG
"POINT (12.429540162000000 51.321310566999998)",Unfall 123074 (2016) Kat:3, Licht: 0,123074,3,3,5,04,12,2,,0,0,1,0,0,0,0
"POINT (12.293154258000000 51.394631468000000)",Unfall 123078 (2016) Kat:2, Licht: 0,123078,2,2,4,04,13,3,,0,0,0,0,1,1,0
"POINT (12.372857849000001 51.353535540000003)",Unfall 123080 (2016) Kat:2, Licht: 2,123080,2,1,9,04,22,1,,2,0,1,0,0,0,0
"POINT (12.291919200000001 51.413889744999999)",Unfall 123085 (2016) Kat:1, Licht: 0,123085,1,6,2,04,06,2,,0,0,0,0,1,0,1
"POINT (12.365807267999999 51.368941556999999)",Unfall 123092 (2016) Kat:3, Licht: 0,123092,3,6,0,04,14,6,,0,0,1,0,1,0,0
"POINT (12.430815936000000 51.362777573999999)",Unfall 123093 (2016) Kat:3, Licht: 0,123093,3,3,5,04,08,5,,0,0,1,0,0,0,1
"POINT (12.370823629000000 51.336352873000003)",Unfall 123098 (2016) Kat:3, Licht: 0,123098,3,2,5,04,19,2,,0,1,1,0,0,0,0
"POINT (12.442201788000000 51.335096614999998)",Unfall 123102 (2016) Kat:3, Licht: 0,123102,3,6,2,04,17,4,,0,0,1,0,0,0,0
"POINT (12.412483361000000 51.333718396999998)",Unfall 123104 (2016) Kat:3, Licht: 0,123104,3,4,6,04,16,6,,0,0,1,1,0,0,0
"POINT (12.373648500000000 51.333003312999999)",Unfall 123109 (2016) Kat:3, Licht: 1,123109,3,6,0,04,19,1,,1,1,0,0,1,0,0
"POINT (12.323778346999999 51.374769116000003)",Unfall 123111 (2016) Kat:3, Licht: 0,123111,3,7,6,04,14,3,,0,0,0,1,0,0,1
"POINT (12.378504828000001 51.335847803000000)",Unfall 123112 (2016) Kat:3, Licht: 0,123112,3,2,5,04,11,2,,0,1,1,0,0,0,0
"POINT (12.296572121000001 51.317924433999998)",Unfall 123114 (2016) Kat:3, Licht: 0,123114,3,3,5,04,10,4,,0,0,1,0,0,0,0
"POINT (12.353929123000000 51.350908142000002)",Unfall 123115 (2016) Kat:3, Licht: 0,123115,3,2,1,04,15,3,,0,1,1,0,0,0,0
"POINT (12.371248491999999 51.335185281999998)",Unfall 123119 (2016) Kat:3, Licht: 0,123119,3,3,5,04,10,3,,0,1,0,0,0,0,1
"POINT (12.326454955000001 51.308653169999999)",Unfall 123124 (2016) Kat:3, Licht: 0,123124,3,2,3,04,08,2,,0,1,1,0,0,0,0
"POINT (12.414633689000000 51.359406473000000)",Unfall 123131 (2016) Kat:2, Licht: 0,123131,2,3,5,04,12,7,,0,0,1,0,1,0,0
"POINT (12.338804989000000 51.332403865000003)",Unfall 123132 (2016) Kat:3, Licht: 0,123132,3,2,1,03,07,4,,0,0,1,0,0,0,0
"POINT (12.371179158000000 51.340550647999997)",Unfall 123133 (2016) Kat:3, Licht: 0,123133,3,6,0,04,16,3,,0,0,1,0,1,0,0
"POINT (12.371122828000001 51.336467016000000)",Unfall 123136 (2016) Kat:3, Licht: 0,123136,3,3,5,04,07,4,,0,1,1,0,0,0,0
"POINT (12.317197504999999 51.316572094000001)",Unfall 123141 (2016) Kat:3, Licht: 0,123141,3,3,5,04,13,2,,0,0,1,0,0,0,1
"POINT (12.391722088000000 51.291487803999999)",Unfall 123143 (2016) Kat:3, Licht: 0,123143,3,6,0,03,11,4,,0,0,1,1,0,0,0
"POINT (12.493076330999999 51.346940748000002)",Unfall 123146 (2016) Kat:3, Licht: 0,123146,3,6,2,04,12,7,,0,0,1,0,1,0,0
"POINT (12.405830012999999 51.331780287000001)",Unfall 123152 (2016) Kat:3, Licht: 0,123152,3,2,4,04,12,2,,0,1,1,0,0,0,0
"POINT (12.352927289000000 51.363029337000000)",Unfall 123153 (2016) Kat:3, Licht: 0,123153,3,6,2,03,18,4,,0,1,1,0,0,0,0
"POINT (12.374583125999999 51.335772411000001)",Unfall 123155 (2016) Kat:2, Licht: 0,123155,2,3,5,04,15,4,,0,1,0,0,0,0,1
"POINT (12.376543756000000 51.369616665000002)",Unfall 123158 (2016) Kat:3, Licht: 0,123158,3,2,6,03,14,4,,0,0,0,1,0,1,0
"POINT (12.310619736000000 51.413816548000000)",Unfall 123160 (2016) Kat:3, Licht: 2,123160,3,3,5,04,21,6,,2,0,1,0,1,0,0
"POINT (12.406642825000000 51.356264322999998)",Unfall 123164 (2016) Kat:3, Licht: 0,123164,3,4,6,03,17,4,,0,0,1,1,0,0,0
"POINT (12.374087969000000 51.304038857999998)",Unfall 123166 (2016) Kat:3, Licht: 0,123166,3,2,3,04,12,1,,0,1,1,0,0,0,0
"POINT (12.371494149000000 51.320627784999999)",Unfall 123168 (2016) Kat:3, Licht: 0,123168,3,3,5,04,17,3,,0,1,1,0,0,0,0
"POINT (12.323116572000000 51.333073773999999)",Unfall 123178 (2016) Kat:3, Licht: 0,123178,3,1,0,04,14,1,,0,1,0,0,0,0,0
"POINT (12.373232828000001 51.310134042000001)",Unfall 123180 (2016) Kat:3, Licht: 0,123180,3,2,1,04,19,3,,0,1,1,0,0,0,0
"POINT (12.309742300000000 51.334721090000002)",Unfall 123181 (2016) Kat:3, Licht: 0,123181,3,2,0,04,16,2,,0,1,0,0,0,0,0
"POINT (12.427809577000000 51.360239209000000)",Unfall 123184 (2016) Kat:3, Licht: 0,123184,3,1,9,04,06,3,,0,0,1,0,0,0,1
"POINT (12.394260445000000 51.346155864000004)",Unfall 123190 (2016) Kat:2, Licht: 0,123190,2,1,0,04,19,2,,0,1,0,0,0,0,0
"POINT (12.404694441000000 51.345596182000001)",Unfall 123192 (2016) Kat:3, Licht: 0,123192,3,4,6,04,17,2,,0,0,1,1,0,0,0
"POINT (12.323880160000000 51.320416629000000)",Unfall 123199 (2016) Kat:3, Licht: 0,123199,3,3,5,04,19,6,,0,1,1,0,0,0,0
"POINT (12.370109790000001 51.343178966000004)",Unfall 123200 (2016) Kat:3, Licht: 0,123200,3,6,2,04,14,5,,0,0,1,0,0,0,0
"POINT (12.374625427000000 51.347729215000001)",Unfall 123201 (2016) Kat:3, Licht: 1,123201,3,3,5,03,06,5,,1,1,1,0,0,0,0
"POINT (12.376230050000000 51.333759966000002)",Unfall 123205 (2016) Kat:2, Licht: 1,123205,2,3,0,04,20,4,,1,1,1,0,0,0,0
"POINT (12.362681513000000 51.338960123000000)",Unfall 123208 (2016) Kat:3, Licht: 0,123208,3,2,2,04,18,4,,0,1,1,0,0,0,0
"POINT (12.446646364999999 51.351094779000000)",Unfall 123209 (2016) Kat:3, Licht: 2,123209,3,1,8,04,22,7,,2,0,1,0,0,0,0
"POINT (12.430973782000001 51.300524617000001)",Unfall 123210 (2016) Kat:3, Licht: 0,123210,3,2,3,04,17,6,,0,1,1,0,0,0,0
"POINT (12.376598742000001 51.346005693999999)",Unfall 123213 (2016) Kat:3, Licht: 0,123213,3,6,1,03,14,5,,0,0,1,0,1,0,0
"POINT (12.407332425000000 51.382714215000000)",Unfall 123218 (2016) Kat:3, Licht: 0,123218,3,3,5,04,15,3,,0,0,1,0,0,0,0
"POINT (12.373601416000000 51.332999309000002)",Unfall 123221 (2016) Kat:3, Licht: 0,123221,3,2,3,04,16,3,,0,1,1,0,0,0,0
"POINT (12.362991909000000 51.307971271000000)",Unfall 123226 (2016) Kat:3, Licht: 0,123226,3,6,6,03,11,5,,0,0,1,1,0,0,0
"POINT (12.396463077000000 51.305429422000003)",Unfall 123231 (2016) Kat:3, Licht: 0,123231,3,3,5,04,09,2,,0,0,1,0,1,0,0
"POINT (12.410724802000001 51.341749714999999)",Unfall 123235 (2016) Kat:3, Licht: 0,123235,3,5,0,04,15,3,,0,1,0,0,0,0,1
"POINT (12.325344354000000 51.345026943000001)",Unfall 123238 (2016) Kat:3, Licht: 0,123238,3,3,5,03,18,3,,0,0,1,0,0,0,0
"POINT (12.407833111000000 51.351401643999999)",Unfall 123239 (2016) Kat:3, Licht: 0,123239,3,2,4,04,13,3,,0,1,1,0,0,0,0
"POINT (12.403859456999999 51.323344357000003)",Unfall 123244 (2016) Kat:3, Licht: 0,123244,3,7,0,04,14,2,,0,0,1,1,0,0,0
"POINT (12.341150743000000 51.325727506000000)",Unfall 123248 (2016) Kat:3, Licht: 0,123248,3,1,5,03,18,3,,0,1,1,0,0,0,0
"POINT (12.387641650999999 51.357248875000003)",Unfall 123251 (2016) Kat:3, Licht: 0,123251,3,5,4,04,16,6,,0,0,1,0,0,0,1
"POINT (12.376810295000000 51.321950958999999)",Unfall 123252 (2016) Kat:3, Licht: 0,123252,3,2,6,04,10,5,,0,0,1,1,0,0,0
"POINT (12.313597748999999 51.331188656000002)",Unfall 123256 (2016) Kat:2, Licht: 0,123256,2,7,6,04,17,6,,0,0,0,1,0,0,1
"POINT (12.358800407000000 51.365218554999998)",Unfall 123257 (2016) Kat:3, Licht: 2,123257,3,3,5,03,19,5,,2,0,1,0,1,0,0
"POINT (12.313793860000001 51.300796390999999)",Unfall 123259 (2016) Kat:3, Licht: 2,123259,3,3,5,03,22,3,,2,0,1,0,0,0,0
"POINT (12.406769674000000 51.375670612000000)",Unfall 123261 (2016) Kat:3, Licht: 0,123261,3,6,2,04,18,4,,0,0,1,0,0,0,0
"POINT (12.471968680000000 51.360213375999997)",Unfall 123263 (2016) Kat:3, Licht: 0,123263,3,3,5,04,14,6,,0,1,1,0,0,0,0
"POINT (12.421422758000000 51.379249487000003)",Unfall 123264 (2016) Kat:3, Licht: 0,123264,3,3,5,03,17,3,,0,0,1,0,1,0,0
"POINT (12.324788445999999 51.374263702000000)",Unfall 123265 (2016) Kat:3, Licht: 2,123265,3,3,5,03,22,5,,2,0,1,0,1,0,0
"POINT (12.362724055999999 51.339004211000002)",Unfall 123266 (2016) Kat:3, Licht: 0,123266,3,2,5,03,18,3,,0,1,1,0,0,0,0
"POINT (12.479358489000001 51.351625970000001)",Unfall 123269 (2016) Kat:3, Licht: 2,123269,3,3,5,03,21,3,,2,0,1,0,0,0,1
"POINT (12.396660202000000 51.343030026000001)",Unfall 123273 (2016) Kat:3, Licht: 1,123273,3,6,5,04,19,3,,1,0,1,0,0,0,0
"POINT (12.297750603000001 51.357374081000003)",Unfall 123276 (2016) Kat:2, Licht: 0,123276,2,2,4,03,16,3,,0,0,1,0,1,0,0
"POINT (12.382087024000000 51.338878016999999)",Unfall 123277 (2016) Kat:3, Licht: 2,123277,3,3,5,04,21,3,,2,1,0,0,0,0,1
"POINT (12.399392863999999 51.376380171999998)",Unfall 123281 (2016) Kat:3, Licht: 0,123281,3,6,2,04,13,2,,0,0,1,0,1,0,0
"POINT (12.366597201999999 51.367646610999998)",Unfall 123283 (2016) Kat:3, Licht: 0,123283,3,6,2,04,14,6,,0,1,1,0,0,0,0
"POINT (12.373718702000000 51.305608374999998)",Unfall 123287 (2016) Kat:3, Licht: 0,123287,3,3,5,04,07,3,,0,1,1,0,0,0,0
"POINT (12.459975472000000 51.369849103999996)",Unfall 123288 (2016) Kat:3, Licht: 2,123288,3,1,9,04,03,2,,2,0,1,0,0,0,0
"POINT (12.420461211999999 51.354305310000001)",Unfall 123289 (2016) Kat:3, Licht: 0,123289,3,3,5,04,15,6,,0,1,1,0,0,0,0
"POINT (12.396220767999999 51.301756724000001)",Unfall 123291 (2016) Kat:3, Licht: 0,123291,3,7,0,04,09,3,,0,0,1,0,1,0,0
"POINT (12.371033139000000 51.335444514999999)",Unfall 123295 (2016) Kat:3, Licht: 1,123295,3,2,5,04,05,4,,1,1,0,0,0,1,0
"POINT (12.321805339999999 51.328863652000003)",Unfall 123297 (2016) Kat:3, Licht: 0,123297,3,2,4,04,14,6,,0,0,1,0,1,0,0
"POINT (12.425302738999999 51.285558577000003)",Unfall 123298 (2016) Kat:3, Licht: 0,123298,3,6,2,04,10,2,,0,0,1,0,0,0,0
"POINT (12.365620939999999 51.339615307999999)",Unfall 123305 (2016) Kat:3, Licht: 0,123305,3,3,5,04,09,6,,0,1,1,0,0,0,0
"POINT (12.293036959000000 51.313400579000003)",Unfall 123311 (2016) Kat:2, Licht: 2,123311,2,4,6,04,20,4,,2,0,1,1,0,0,0
"POINT (12.301034697000000 51.354793831000002)",Unfall 123316 (2016) Kat:3, Licht: 0,123316,3,6,2,04,15,4,,0,0,1,0,0,0,0
"POINT (12.398136468000001 51.401214431000000)",Unfall 123317 (2016) Kat:3, Licht: 0,123317,3,6,1,04,12,7,,0,0,1,0,0,0,0
"POINT (12.363461461000000 51.363004267999997)",Unfall 123326 (2016) Kat:2, Licht: 0,123326,2,3,5,04,09,6,,0,1,1,0,0,0,0
"POINT (12.387950447000000 51.353219338000002)",Unfall 123328 (2016) Kat:3, Licht: 0,123328,3,3,5,04,16,3,,0,1,1,0,0,0,0
"POINT (12.320247887000001 51.372392050000002)",Unfall 123333 (2016) Kat:3, Licht: 0,123333,3,6,2,04,14,6,,0,1,1,0,0,0,0
"POINT (12.430860704000001 51.365695604000003)",Unfall 123335 (2016) Kat:3, Licht: 0,123335,3,2,4,04,16,2,,0,0,1,0,0,0,0
"POINT (12.391194498999999 51.322029362999999)",Unfall 123336 (2016) Kat:3, Licht: 0,123336,3,5,1,04,07,2,,0,1,0,0,0,0,1
"POINT (12.470077852999999 51.345751112999999)",Unfall 123337 (2016) Kat:2, Licht: 0,123337,2,3,5,04,14,6,,0,1,1,0,0,0,0
"POINT (12.341200209000000 51.325760877000000)",Unfall 123350 (2016) Kat:3, Licht: 0,123350,3,3,5,04,08,5,,0,1,1,0,0,0,0
"POINT (12.394392315999999 51.314602553000000)",Unfall 123352 (2016) Kat:3, Licht: 0,123352,3,2,5,04,15,3,,0,1,0,0,0,0,1
"POINT (12.394738673000001 51.318558289000002)",Unfall 123354 (2016) Kat:3, Licht: 0,123354,3,2,5,04,16,4,,0,0,1,0,0,0,0
"POINT (12.341210513000000 51.325767571000000)",Unfall 123357 (2016) Kat:3, Licht: 0,123357,3,3,5,04,19,4,,0,1,1,0,0,0,0
"POINT (12.376752194000000 51.320518413000002)",Unfall 123367 (2016) Kat:3, Licht: 0,123367,3,3,5,04,17,2,,0,1,1,0,0,0,0
"POINT (12.380658454000001 51.341299730000003)",Unfall 123373 (2016) Kat:3, Licht: 0,123373,3,2,3,04,17,6,,0,1,1,0,0,0,0
"POINT (12.336478961999999 51.319060323000002)",Unfall 123377 (2016) Kat:3, Licht: 0,123377,3,3,5,04,19,2,,0,1,1,0,0,0,0
"POINT (12.364701007000001 51.362600557000000)",Unfall 123378 (2016) Kat:3, Licht: 0,123378,3,4,6,04,11,6,,0,0,1,1,0,0,0
"POINT (12.403204763000000 51.346442545000002)",Unfall 123387 (2016) Kat:2, Licht: 1,123387,2,3,5,04,18,6,,1,1,1,0,0,0,0
"POINT (12.325708763000000 51.317383174000000)",Unfall 123389 (2016) Kat:2, Licht: 2,123389,2,3,5,04,19,7,,2,0,1,0,0,0,0
"POINT (12.384829696000001 51.360235537000001)",Unfall 123394 (2016) Kat:3, Licht: 0,123394,3,2,4,04,17,3,,0,1,1,0,0,0,0
"POINT (12.325449549000000 51.340438044999999)",Unfall 123395 (2016) Kat:3, Licht: 0,123395,3,3,5,04,14,5,,0,0,1,0,0,0,0
"POINT (12.366970757000001 51.341342974000000)",Unfall 123398 (2016) Kat:3, Licht: 0,123398,3,7,6,04,09,3,,0,0,1,1,0,0,0
"POINT (12.376873875999999 51.356039265000000)",Unfall 123404 (2016) Kat:3, Licht: 0,123404,3,3,4,04,13,7,,0,1,1,0,0,0,0
"POINT (12.357658067999999 51.344748220000000)",Unfall 123407 (2016) Kat:3, Licht: 0,123407,3,2,0,04,16,3,,0,1,1,0,0,0,0
"POINT (12.376367965000000 51.350425504000000)",Unfall 123409 (2016) Kat:3, Licht: 0,123409,3,4,6,04,14,5,,0,0,1,1,0,0,0
"POINT (12.394244198999999 51.336187961999997)",Unfall 123412 (2016) Kat:3, Licht: 0,123412,3,3,5,04,08,2,,0,1,1,0,0,0,0
"POINT (12.371222522000000 51.335291277000003)",Unfall 123413 (2016) Kat:3, Licht: 0,123413,3,6,2,04,18,5,,0,0,1,0,0,0,0
"POINT (12.378208752999999 51.334787177000003)",Unfall 123418 (2016) Kat:3, Licht: 0,123418,3,3,5,04,18,3,,0,1,0,0,0,0,1
"POINT (12.406743443000000 51.338110522000001)",Unfall 123419 (2016) Kat:3, Licht: 0,123419,3,2,2,04,13,6,,0,0,1,0,1,0,0
"POINT (12.331792637000000 51.371769002999997)",Unfall 123421 (2016) Kat:3, Licht: 0,123421,3,4,6,04,09,5,,0,0,1,1,0,0,0
"POINT (12.370543054000001 51.361250318000003)",Unfall 123427 (2016) Kat:2, Licht: 0,123427,2,2,4,04,15,5,,0,0,1,0,1,0,0
"POINT (12.374143009999999 51.303580566999997)",Unfall 123428 (2016) Kat:3, Licht: 2,123428,3,6,3,04,00,6,,2,1,1,0,0,0,0
"POINT (12.375277740000000 51.320568391000002)",Unfall 123429 (2016) Kat:3, Licht: 0,123429,3,7,0,04,08,4,,0,1,0,0,0,0,0
"POINT (12.373460817000000 51.322408981000002)",Unfall 123431 (2016) Kat:3, Licht: 0,123431,3,6,2,04,14,6,,0,0,1,0,0,0,0
"POINT (12.362626735999999 51.331220612000003)",Unfall 123432 (2016) Kat:3, Licht: 0,123432,3,2,3,04,17,6,,0,1,1,0,0,0,0
"POINT (12.314385637000001 51.378259043000000)",Unfall 123433 (2016) Kat:3, Licht: 0,123433,3,2,5,04,08,5,,0,0,1,0,0,0,0
"POINT (12.403674972999999 51.363821190000003)",Unfall 123434 (2016) Kat:3, Licht: 2,123434,3,1,8,04,23,1,,2,1,0,0,0,0,0
"POINT (12.386452222999999 51.299110790000000)",Unfall 123436 (2016) Kat:3, Licht: 0,123436,3,3,5,04,06,2,,0,1,1,0,0,0,0
"POINT (12.431959965000001 51.300547506000001)",Unfall 123437 (2016) Kat:3, Licht: 0,123437,3,6,2,04,17,6,,0,0,1,0,0,0,0
"POINT (12.319727861000001 51.375237968999997)",Unfall 123439 (2016) Kat:3, Licht: 0,123439,3,3,5,04,16,3,,0,1,1,0,0,0,0
"POINT (12.479034384000000 51.272278221999997)",Unfall 123443 (2016) Kat:3, Licht: 0,123443,3,3,5,04,14,6,,0,1,1,0,0,0,0
"POINT (12.445539100000000 51.346232288000003)",Unfall 123445 (2016) Kat:3, Licht: 0,123445,3,1,3,04,08,7,,0,0,1,1,0,0,0
"POINT (12.392616314000000 51.376333932000001)",Unfall 123447 (2016) Kat:3, Licht: 0,123447,3,3,5,04,14,6,,0,0,1,0,0,0,0
"POINT (12.437252315000000 51.395775681000003)",Unfall 123450 (2016) Kat:3, Licht: 0,123450,3,2,4,04,18,2,,0,0,1,0,0,0,0
"POINT (12.281065239000000 51.320037378000002)",Unfall 123451 (2016) Kat:1, Licht: 0,123451,1,3,5,04,08,2,,0,1,0,0,0,0,1
"POINT (12.368154443000000 51.334877112000001)",Unfall 123452 (2016) Kat:3, Licht: 0,123452,3,3,5,04,10,6,,0,0,1,0,0,0,0
"POINT (12.414708342000001 51.353880482999998)",Unfall 123460 (2016) Kat:3, Licht: 0,123460,3,1,0,04,19,6,,0,0,1,0,1,0,0
"POINT (12.376883833000001 51.356669060000002)",Unfall 123467 (2016) Kat:2, Licht: 0,123467,2,3,5,04,16,4,,0,1,1,0,0,0,0
"POINT (12.378503329000001 51.332311578999999)",Unfall 123470 (2016) Kat:3, Licht: 0,123470,3,6,4,04,08,4,,0,1,0,0,0,0,0
"POINT (12.373410233000000 51.311629289000003)",Unfall 123471 (2016) Kat:3, Licht: 0,123471,3,2,5,04,17,3,,0,1,1,0,0,0,0
"POINT (12.403914347000001 51.400382999000001)",Unfall 123472 (2016) Kat:3, Licht: 0,123472,3,2,4,04,16,6,,0,0,1,0,0,0,0
"POINT (12.329492168000000 51.339876144999998)",Unfall 123481 (2016) Kat:2, Licht: 0,123481,2,2,3,04,14,2,,0,1,1,0,0,0,0
"POINT (12.343492056000001 51.323318104999998)",Unfall 123482 (2016) Kat:3, Licht: 2,123482,3,2,4,04,21,7,,2,0,1,0,1,0,0
"POINT (12.370844665000000 51.336349208999998)",Unfall 123484 (2016) Kat:3, Licht: 0,123484,3,2,3,04,16,4,,0,1,1,0,0,0,0
"POINT (12.354206099000001 51.362369203999997)",Unfall 123494 (2016) Kat:3, Licht: 0,123494,3,6,2,04,12,6,,0,1,1,0,0,0,0
"POINT (12.373626077000001 51.330613581000001)",Unfall 123502 (2016) Kat:3, Licht: 0,123502,3,5,3,04,09,6,,0,1,1,0,0,0,0
"POINT (12.371715785999999 51.348554233999998)",Unfall 123503 (2016) Kat:3, Licht: 0,123503,3,1,0,04,10,7,,0,1,0,0,0,0,0
"POINT (12.449695189000000 51.345564312000000)",Unfall 123504 (2016) Kat:3, Licht: 0,123504,3,4,6,04,14,2,,0,1,0,1,0,0,0
"POINT (12.373137194000000 51.310900216999997)",Unfall 123506 (2016) Kat:2, Licht: 0,123506,2,4,6,04,07,6,,0,1,0,1,0,0,0
"POINT (12.383322745999999 51.338481207999997)",Unfall 123521 (2016) Kat:3, Licht: 0,123521,3,6,3,04,18,5,,0,0,1,0,0,0,1
"POINT (12.365309259000000 51.362458042000000)",Unfall 123525 (2016) Kat:2, Licht: 0,123525,2,4,6,04,18,4,,0,0,1,1,0,0,0
"POINT (12.381932169000001 51.338606589999998)",Unfall 123527 (2016) Kat:2, Licht: 2,123527,2,3,5,04,22,5,,2,1,1,0,0,0,0
"POINT (12.317198411000000 51.316579453000003)",Unfall 123528 (2016) Kat:3, Licht: 0,123528,3,2,3,04,12,4,,0,0,1,0,0,0,1
"POINT (12.308361601000000 51.274016727999999)",Unfall 123532 (2016) Kat:3, Licht: 0,123532,3,3,5,04,08,3,,0,1,1,0,0,0,0
"POINT (12.317795191000000 51.347211717999997)",Unfall 123544 (2016) Kat:3, Licht: 0,123544,3,2,4,04,15,6,,0,1,1,0,0,0,0
"POINT (12.413044181000000 51.324570088000002)",Unfall 123545 (2016) Kat:3, Licht: 0,123545,3,2,5,04,17,4,,0,0,1,0,1,0,0
"POINT (12.326823120000000 51.312647933999997)",Unfall 123549 (2016) Kat:3, Licht: 2,123549,3,1,8,04,05,1,,2,1,0,0,0,0,0
"POINT (12.395029336000000 51.318573202000003)",Unfall 123558 (2016) Kat:3, Licht: 0,123558,3,6,2,04,15,6,,0,0,1,0,0,0,0
"POINT (12.492849480000000 51.346906758000003)",Unfall 123559 (2016) Kat:3, Licht: 0,123559,3,2,2,04,16,7,,0,0,1,0,1,0,0
"POINT (12.374650459000000 51.368939697000002)",Unfall 123565 (2016) Kat:2, Licht: 0,123565,2,1,0,04,18,2,,0,0,1,0,1,0,0
"POINT (12.419492826000001 51.333106225999998)",Unfall 123567 (2016) Kat:2, Licht: 0,123567,2,7,6,04,16,6,,0,0,0,1,0,0,1
"POINT (12.308607865999999 51.345341982000001)",Unfall 123575 (2016) Kat:2, Licht: 0,123575,2,5,0,04,13,7,,0,1,0,0,0,1,0
"POINT (12.413019750000000 51.345157133999997)",Unfall 123580 (2016) Kat:3, Licht: 0,123580,3,4,6,04,15,4,,0,0,1,1,0,0,0
"POINT (12.371128869000000 51.328910917000002)",Unfall 123586 (2016) Kat:3, Licht: 0,123586,3,3,5,04,08,4,,0,1,1,0,0,0,0
"POINT (12.361116569000000 51.358938178000002)",Unfall 123587 (2016) Kat:3, Licht: 0,123587,3,3,5,04,16,3,,0,1,1,0,0,0,0
"POINT (12.407425801000000 51.346219517999998)",Unfall 123597 (2016) Kat:3, Licht: 1,123597,3,3,5,04,20,7,,1,0,1,0,0,0,0
"POINT (12.452168576000000 51.350373836000003)",Unfall 123604 (2016) Kat:3, Licht: 2,123604,3,7,0,04,19,1,,2,1,1,0,0,0,0
"POINT (12.313001833000000 51.329742152999998)",Unfall 123607 (2016) Kat:3, Licht: 0,123607,3,3,5,04,08,6,,0,1,1,0,0,0,0
"POINT (12.372891017000001 51.343169682999999)",Unfall 123613 (2016) Kat:3, Licht: 0,123613,3,6,4,05,16,2,,0,1,1,0,0,0,0
"POINT (12.347415816000000 51.325712611000000)",Unfall 123616 (2016) Kat:2, Licht: 0,123616,2,5,1,05,16,5,,0,1,1,0,0,0,0
"POINT (12.363663141000000 51.357167195999999)",Unfall 123617 (2016) Kat:3, Licht: 0,123617,3,6,2,05,07,4,,0,0,1,0,0,0,0
"POINT (12.395591485000001 51.354236116000003)",Unfall 123619 (2016) Kat:3, Licht: 0,123619,3,7,0,05,15,2,,0,0,0,0,0,0,1
"POINT (12.370033747000001 51.395894746000003)",Unfall 123622 (2016) Kat:3, Licht: 0,123622,3,3,5,05,14,2,,0,1,1,0,0,0,0
"POINT (12.373742166000000 51.369531666000000)",Unfall 123624 (2016) Kat:3, Licht: 0,123624,3,3,5,05,06,3,,0,0,1,0,0,0,0
"POINT (12.373361444000000 51.353061504999999)",Unfall 123626 (2016) Kat:2, Licht: 0,123626,2,3,5,05,15,4,,0,1,1,0,0,0,0
"POINT (12.379374682000000 51.359409689000003)",Unfall 123628 (2016) Kat:3, Licht: 0,123628,3,3,5,05,15,4,,0,0,1,0,0,0,1
"POINT (12.391106429000001 51.344979109000001)",Unfall 123629 (2016) Kat:3, Licht: 0,123629,3,7,0,05,16,5,,0,1,0,0,0,0,1
"POINT (12.397647066999999 51.336529040999999)",Unfall 123630 (2016) Kat:2, Licht: 0,123630,2,3,5,05,19,5,,0,1,1,0,0,0,0
"POINT (12.348205801000001 51.328599396000001)",Unfall 123636 (2016) Kat:2, Licht: 0,123636,2,6,4,05,12,2,,0,1,1,0,0,0,0
"POINT (12.349054305999999 51.369997026000000)",Unfall 123638 (2016) Kat:3, Licht: 0,123638,3,3,5,05,12,6,,0,0,1,0,0,0,0
"POINT (12.473366114999999 51.347277267999999)",Unfall 123640 (2016) Kat:3, Licht: 0,123640,3,3,5,05,18,5,,0,0,1,0,1,0,0
"POINT (12.396277695000000 51.306348595000003)",Unfall 123642 (2016) Kat:3, Licht: 0,123642,3,4,6,05,07,4,,0,0,1,1,0,0,0
"POINT (12.399077309999999 51.345900710000002)",Unfall 123644 (2016) Kat:2, Licht: 2,123644,2,4,6,05,21,5,,2,0,1,1,0,0,0
"POINT (12.415414295000000 51.319926391999999)",Unfall 123645 (2016) Kat:3, Licht: 2,123645,3,7,4,05,21,2,,2,0,1,0,0,0,1
"POINT (12.313966747000000 51.346380277000002)",Unfall 123648 (2016) Kat:3, Licht: 0,123648,3,2,2,05,14,3,,0,0,1,0,0,0,0
"POINT (12.273500009999999 51.318632710000003)",Unfall 123649 (2016) Kat:3, Licht: 0,123649,3,4,6,05,16,2,,0,0,1,1,0,0,0
"POINT (12.375773837000001 51.308857691999997)",Unfall 123652 (2016) Kat:3, Licht: 0,123652,3,3,5,05,16,5,,0,0,1,0,0,0,0
"POINT (12.358604425999999 51.343192723999998)",Unfall 123654 (2016) Kat:3, Licht: 0,123654,3,6,3,05,16,2,,0,1,1,0,0,0,0
"POINT (12.320268029999999 51.372300963000001)",Unfall 123655 (2016) Kat:3, Licht: 0,123655,3,1,4,05,15,1,,0,0,1,0,0,0,0
"POINT (12.397533916000000 51.391699846999998)",Unfall 123663 (2016) Kat:3, Licht: 0,123663,3,3,5,05,15,4,,0,1,1,0,0,0,0
"POINT (12.365702388000001 51.322421439000003)",Unfall 123667 (2016) Kat:3, Licht: 0,123667,3,5,1,05,14,7,,0,1,1,0,0,0,0