WKT,Name,OBJECTID,UKATEGORIE,UTYP1,UART,UMONAT,USTUNDE,UWOCHENTAG,STRZUSTAND,ULICHTVERH,ISTRAD,ISTPKW,ISTFUSS,ISTKRAD,ISTGKFZ,ISTSONSTIG
"POINT (12.386541004000000 51.335655156999998)",Unfall 123686 (2016) Kat:3, Licht: 0,123686,3,3,5,05,11,3,,0,0,1,0,0,0,0
"POINT (12.323872034000001 51.320370687999997)",Unfall 123689 (2016) Kat:3, Licht: 0,123689,3,3,5,05,06,3,,0,1,1,0,0,0,0
"POINT (12.370852543000000 51.335007447999999)",Unfall 123692 (2016) Kat:2, Licht: 0,123692,2,3,5,05,20,6,,0,1,1,0,0,0,0
"POINT (12.378370424000000 51.332205639000001)",Unfall 123695 (2016) Kat:3, Licht: 0,123695,3,3,5,05,10,5,,0,1,1,0,0,0,0
"POINT (12.320371180000000 51.300269602999997)",Unfall 123697 (2016) Kat:3, Licht: 0,123697,3,2,5,05,07,3,,0,1,1,0,0,0,0
"POINT (12.438244289000000 51.363983296000001)",Unfall 123699 (2016) Kat:3, Licht: 0,123699,3,6,6,05,17,3,,0,0,1,1,0,0,0
"POINT (12.365616782000000 51.332069154999999)",Unfall 123700 (2016) Kat:3, Licht: 0,123700,3,3,5,05,14,5,,0,1,0,0,0,0,1
"POINT (12.337011694999999 51.372387205999999)",Unfall 123705 (2016) Kat:3, Licht: 2,123705,3,1,1,05,21,3,,2,0,1,0,0,0,0
"POINT (12.410909017000000 51.373325362999999)",Unfall 123707 (2016) Kat:3, Licht: 1,123707,3,3,5,05,21,5,,1,0,1,0,1,0,0
"POINT (12.419453688999999 51.333044379000000)",Unfall 123713 (2016) Kat:3, Licht: 0,123713,3,3,5,05,16,4,,0,1,1,0,0,0,0
"POINT (12.300960453000000 51.315494756000000)",Unfall 123714 (2016) Kat:3, Licht: 0,123714,3,1,8,05,10,1,,0,0,1,0,0,0,0
"POINT (12.427391333999999 51.295032565000000)",Unfall 123718 (2016) Kat:3, Licht: 0,123718,3,4,6,05,16,3,,0,0,1,1,0,0,0
"POINT (12.408661659000000 51.359996695000000)",Unfall 123724 (2016) Kat:2, Licht: 0,123724,2,3,5,05,12,3,,0,1,1,0,0,0,0
"POINT (12.374854242000000 51.331012669000003)",Unfall 123728 (2016) Kat:2, Licht: 0,123728,2,6,2,05,09,3,,0,0,1,0,1,0,0
"POINT (12.376756780999999 51.320706420000000)",Unfall 123732 (2016) Kat:3, Licht: 0,123732,3,3,5,05,09,3,,0,0,1,0,0,0,0
"POINT (12.394605856000000 51.297539675000003)",Unfall 123739 (2016) Kat:3, Licht: 0,123739,3,4,6,05,18,3,,0,0,1,1,0,0,0
"POINT (12.412860808000000 51.375109758999997)",Unfall 123741 (2016) Kat:2, Licht: 0,123741,2,4,6,05,13,3,,0,0,1,1,0,0,0
"POINT (12.445303430999999 51.346186539000001)",Unfall 123743 (2016) Kat:3, Licht: 2,123743,3,3,5,05,22,3,,2,0,1,0,0,0,1
"POINT (12.373278025999999 51.346432649999997)",Unfall 123744 (2016) Kat:3, Licht: 0,123744,3,3,5,05,08,5,,0,1,1,0,0,0,0
"POINT (12.365276069000000 51.323647084999998)",Unfall 123751 (2016) Kat:3, Licht: 0,123751,3,3,5,05,08,6,,0,1,1,0,0,0,0
"POINT (12.373737886000001 51.326806454000000)",Unfall 123755 (2016) Kat:3, Licht: 0,123755,3,3,5,05,14,4,,0,1,1,0,0,0,0
"POINT (12.425423844000001 51.320077783000002)",Unfall 123758 (2016) Kat:3, Licht: 0,123758,3,6,2,05,17,1,,0,1,0,0,0,0,1
"POINT (12.361963250000001 51.360186079000002)",Unfall 123760 (2016) Kat:3, Licht: 0,123760,3,6,2,05,09,4,,0,0,1,0,0,0,0
"POINT (12.372282930000001 51.349605173999997)",Unfall 123762 (2016) Kat:3, Licht: 0,123762,3,3,5,05,17,1,,0,1,1,0,0,0,0
"POINT (12.365511121000001 51.362534355999998)",Unfall 123765 (2016) Kat:2, Licht: 0,123765,2,4,6,05,17,5,,0,0,1,1,0,0,0
"POINT (12.360958768000000 51.358828426000002)",Unfall 123767 (2016) Kat:3, Licht: 0,123767,3,4,0,05,17,4,,0,0,1,1,0,0,0
"POINT (12.404606822000000 51.363466168000002)",Unfall 123770 (2016) Kat:3, Licht: 0,123770,3,6,2,05,17,7,,0,0,1,0,0,0,0
"POINT (12.417456444000001 51.316074622999999)",Unfall 123780 (2016) Kat:2, Licht: 0,123780,2,3,5,05,13,6,,0,0,1,0,0,0,0
"POINT (12.402153185000000 51.336131940000001)",Unfall 123782 (2016) Kat:2, Licht: 0,123782,2,2,4,05,18,7,,0,0,1,0,1,0,0
"POINT (12.338884716999999 51.350051503000003)",Unfall 123797 (2016) Kat:3, Licht: 0,123797,3,7,3,05,11,6,,0,1,1,0,0,0,0
"POINT (12.369448542000001 51.360118475000000)",Unfall 123801 (2016) Kat:3, Licht: 0,123801,3,2,5,05,11,6,,0,1,1,0,0,0,0
"POINT (12.385048751999999 51.338301954000002)",Unfall 123803 (2016) Kat:3, Licht: 0,123803,3,6,2,05,11,3,,0,0,1,0,1,0,0
"POINT (12.380032275000000 51.328850930000002)",Unfall 123805 (2016) Kat:3, Licht: 0,123805,3,3,5,05,16,2,,0,1,1,0,0,0,0
"POINT (12.336201837999999 51.332029347000002)",Unfall 123807 (2016) Kat:3, Licht: 0,123807,3,2,5,05,18,6,,0,1,1,0,0,0,0
"POINT (12.389384828000001 51.335829120000000)",Unfall 123808 (2016) Kat:3, Licht: 0,123808,3,2,4,05,07,6,,0,1,1,0,0,0,0
"POINT (12.385087714000001 51.331675246000003)",Unfall 123810 (2016) Kat:3, Licht: 0,123810,3,6,2,05,13,5,,0,0,1,0,0,0,0
"POINT (12.415318831000000 51.316614158000000)",Unfall 123812 (2016) Kat:3, Licht: 0,123812,3,3,5,05,11,4,,0,0,1,0,0,0,1
"POINT (12.326033528000000 51.307278572000001)",Unfall 123814 (2016) Kat:3, Licht: 0,123814,3,3,5,05,15,5,,0,0,1,0,0,0,0
"POINT (12.401121831999999 51.339300409000003)",Unfall 123816 (2016) Kat:3, Licht: 2,123816,3,5,0,05,22,2,,2,1,1,0,0,0,0
"POINT (12.336917034000001 51.329394344999997)",Unfall 123817 (2016) Kat:3, Licht: 0,123817,3,4,6,05,12,7,,0,0,1,1,1,0,0
"POINT (12.387303052000000 51.309252428999997)",Unfall 123822 (2016) Kat:3, Licht: 0,123822,3,3,5,05,18,5,,0,1,1,0,0,0,0
"POINT (12.385568666999999 51.341173206000001)",Unfall 123829 (2016) Kat:2, Licht: 0,123829,2,5,1,05,06,1,,0,1,1,0,0,0,0
"POINT (12.388623900000001 51.327744219000003)",Unfall 123832 (2016) Kat:3, Licht: 0,123832,3,5,3,04,13,7,,0,1,1,0,0,0,0
"POINT (12.445542769999999 51.347054749999998)",Unfall 123834 (2016) Kat:2, Licht: 0,123834,2,4,6,05,06,4,,0,0,1,1,0,0,0
"POINT (12.385515480000000 51.376140435000003)",Unfall 123838 (2016) Kat:2, Licht: 1,123838,2,2,5,05,21,6,,1,1,1,0,0,0,0
"POINT (12.413039298999999 51.324521638999997)",Unfall 123851 (2016) Kat:3, Licht: 2,123851,3,2,6,04,22,7,,2,0,1,1,0,0,0
"POINT (12.387217244000000 51.336879256000003)",Unfall 123857 (2016) Kat:3, Licht: 0,123857,3,3,5,05,17,3,,0,1,1,0,0,0,0
"POINT (12.349358128000000 51.348518411000001)",Unfall 123858 (2016) Kat:3, Licht: 0,123858,3,3,5,05,08,4,,0,1,1,0,0,0,0
"POINT (12.435049320999999 51.375301196000002)",Unfall 123859 (2016) Kat:3, Licht: 0,123859,3,3,0,05,08,2,,0,0,1,0,0,0,1
"POINT (12.381869007000001 51.320613016999999)",Unfall 123861 (2016) Kat:3, Licht: 0,123861,3,6,2,04,12,7,,0,0,1,0,0,0,0
"POINT (12.371244077000000 51.326003698000001)",Unfall 123867 (2016) Kat:3, Licht: 1,123867,3,7,5,05,19,6,,1,1,1,0,0,0,0
"POINT (12.394788064000000 51.317460472000000)",Unfall 123870 (2016) Kat:3, Licht: 0,123870,3,4,6,05,08,5,,0,0,1,1,0,0,0
"POINT (12.343471324999999 51.367667959999999)",Unfall 123877 (2016) Kat:3, Licht: 2,123877,3,3,5,05,22,5,,2,0,1,0,1,0,0
"POINT (12.325695834999999 51.313163048000000)",Unfall 123879 (2016) Kat:3, Licht: 0,123879,3,3,5,05,15,5,,0,1,0,0,1,0,0
"POINT (12.362792511000000 51.321081321999998)",Unfall 123881 (2016) Kat:2, Licht: 0,123881,2,3,5,05,08,4,,0,1,1,0,0,0,0
"POINT (12.376960909999999 51.344670112000003)",Unfall 123885 (2016) Kat:3, Licht: 0,123885,3,4,6,05,16,4,,0,0,1,1,0,0,0
"POINT (12.383106651000000 51.359957684999998)",Unfall 123889 (2016) Kat:3, Licht: 0,123889,3,6,2,05,07,2,,0,0,1,0,0,0,0
"POINT (12.387222688000000 51.297360730999998)",Unfall 123892 (2016) Kat:2, Licht: 0,123892,2,3,5,05,09,7,,0,0,1,0,0,0,0
"POINT (12.376641057000001 51.355855980000001)",Unfall 123893 (2016) Kat:3, Licht: 0,123893,3,3,5,05,16,4,,0,1,1,0,0,0,0
"POINT (12.429440781000000 51.301772466000003)",Unfall 123894 (2016) Kat:3, Licht: 0,123894,3,6,2,05,19,2,,0,0,1,0,1,0,0
"POINT (12.292146033000000 51.354856470999998)",Unfall 123897 (2016) Kat:2, Licht: 0,123897,2,3,5,05,18,6,,0,1,1,0,0,0,0
"POINT (12.394738455000001 51.376422963000003)",Unfall 123899 (2016) Kat:3, Licht: 0,123899,3,6,3,05,14,6,,0,1,1,0,0,0,0
"POINT (12.376680422000000 51.346139397000002)",Unfall 123901 (2016) Kat:2, Licht: 0,123901,2,3,5,05,14,4,,0,1,0,0,0,0,0
"POINT (12.338375780000000 51.326107587000003)",Unfall 123914 (2016) Kat:3, Licht: 0,123914,3,5,1,05,10,6,,0,1,1,0,0,0,0
"POINT (12.322888991999999 51.304599985000003)",Unfall 123919 (2016) Kat:3, Licht: 0,123919,3,2,4,05,13,2,,0,0,1,0,1,0,0
"POINT (12.376755957000000 51.320693904999999)",Unfall 123923 (2016) Kat:3, Licht: 0,123923,3,2,5,05,16,2,,0,1,0,0,0,0,1
"POINT (12.338817426000000 51.332427189000001)",Unfall 123928 (2016) Kat:3, Licht: 0,123928,3,6,1,05,16,2,,0,0,1,0,0,1,0
"POINT (12.390557532000001 51.295706514999999)",Unfall 123934 (2016) Kat:3, Licht: 2,123934,3,3,5,05,20,1,,2,0,1,0,1,0,0
"POINT (12.412300055999999 51.345195957999998)",Unfall 123936 (2016) Kat:3, Licht: 0,123936,3,7,6,05,13,7,,0,0,1,1,0,0,0
"POINT (12.376869491000001 51.343477487999998)",Unfall 123953 (2016) Kat:3, Licht: 0,123953,3,3,5,05,15,6,,0,0,1,0,1,0,0
"POINT (12.389533714000001 51.344867166000000)",Unfall 123972 (2016) Kat:3, Licht: 0,123972,3,7,6,05,11,3,,0,0,1,1,0,0,0
"POINT (12.413371924000000 51.359511630999997)",Unfall 123985 (2016) Kat:3, Licht: 0,123985,3,3,5,05,09,7,,0,0,1,0,0,0,0
"POINT (12.349343725000001 51.348515092000000)",Unfall 123988 (2016) Kat:3, Licht: 1,123988,3,3,5,05,21,5,,1,0,1,0,0,0,0
"POINT (12.345633966999999 51.330052133999999)",Unfall 123991 (2016) Kat:2, Licht: 0,123991,2,2,4,05,19,7,,0,1,0,0,0,0,0
"POINT (12.368919819000000 51.341895243000003)",Unfall 123999 (2016) Kat:3, Licht: 0,123999,3,3,5,05,10,7,,0,1,1,0,0,0,0
"POINT (12.329670144000000 51.332545721999999)",Unfall 124002 (2016) Kat:3, Licht: 0,124002,3,6,0,05,20,5,,0,1,0,0,0,0,1
"POINT (12.378033018000000 51.340655892000001)",Unfall 124005 (2016) Kat:3, Licht: 2,124005,3,4,6,05,22,3,,2,1,0,1,0,0,0
"POINT (12.415323467000000 51.316612898000002)",Unfall 124009 (2016) Kat:3, Licht: 0,124009,3,3,5,05,12,7,,0,0,1,0,0,0,0
"POINT (12.336903667000000 51.332241314000001)",Unfall 124014 (2016) Kat:3, Licht: 0,124014,3,7,0,05,15,5,,0,0,1,0,1,0,0
"POINT (12.390327154000000 51.302972900999997)",Unfall 124033 (2016) Kat:3, Licht: 0,124033,3,3,5,05,07,3,,0,1,1,0,0,0,0
"POINT (12.390987561999999 51.297405425999997)",Unfall 124042 (2016) Kat:3, Licht: 0,124042,3,5,0,05,17,3,,0,1,1,0,0,0,0
"POINT (12.392599350999999 51.330557061000000)",Unfall 124043 (2016) Kat:2, Licht: 0,124043,2,1,0,05,08,5,,0,1,0,0,0,0,0
"POINT (12.355632813000000 51.360710832000002)",Unfall 124045 (2016) Kat:2, Licht: 0,124045,2,3,5,05,17,3,,0,1,1,0,0,0,0
"POINT (12.344401875000001 51.318902565000002)",Unfall 124046 (2016) Kat:3, Licht: 0,124046,3,6,3,05,19,5,,0,1,0,0,0,0,1
"POINT (12.412783640000001 51.375205557999998)",Unfall 124047 (2016) Kat:3, Licht: 0,124047,3,6,2,05,14,5,,0,0,1,0,0,0,0
"POINT (12.378434958000000 51.307822553999998)",Unfall 124048 (2016) Kat:3, Licht: 2,124048,3,7,0,05,00,1,,2,1,0,0,0,0,0
"POINT (12.337109518000000 51.339393514999998)",Unfall 124057 (2016) Kat:2, Licht: 0,124057,2,5,1,05,19,5,,0,1,1,0,0,0,0
"POINT (12.371262362000000 51.332619448999999)",Unfall 124058 (2016) Kat:3, Licht: 0,124058,3,3,5,05,20,5,,0,1,1,0,0,0,0
"POINT (12.380952835000000 51.330784817999998)",Unfall 124061 (2016) Kat:3, Licht: 0,124061,3,2,5,05,16,7,,0,1,1,0,0,0,0
"POINT (12.377252148000000 51.366671459999999)",Unfall 124063 (2016) Kat:2, Licht: 0,124063,2,2,3,05,15,3,,0,1,1,0,0,0,0
"POINT (12.336609620000001 51.341435494000002)",Unfall 124067 (2016) Kat:3, Licht: 0,124067,3,5,3,05,15,5,,0,0,1,0,0,0,0
"POINT (12.408653396000000 51.359970290000000)",Unfall 124068 (2016) Kat:3, Licht: 0,124068,3,3,5,05,15,5,,0,1,1,0,0,0,0
"POINT (12.368747771000001 51.345739647000002)",Unfall 124072 (2016) Kat:3, Licht: 0,124072,3,3,5,05,16,3,,0,1,1,0,0,0,0
"POINT (12.368664661000000 51.289245551000000)",Unfall 124075 (2016) Kat:3, Licht: 0,124075,3,2,0,05,19,5,,0,1,1,0,0,0,0
"POINT (12.376873917999999 51.356040135000001)",Unfall 124084 (2016) Kat:3, Licht: 0,124084,3,3,4,05,18,5,,0,1,1,0,0,0,0
"POINT (12.320668576999999 51.343905614999997)",Unfall 124095 (2016) Kat:3, Licht: 0,124095,3,7,1,05,11,5,,0,0,1,0,0,0,1
"POINT (12.373326988000001 51.311795119999999)",Unfall 124100 (2016) Kat:3, Licht: 0,124100,3,4,6,05,16,2,,0,1,0,1,0,0,0
"POINT (12.421141407000000 51.285128956000001)",Unfall 124105 (2016) Kat:2, Licht: 2,124105,2,1,8,05,21,5,,2,0,1,0,0,0,0
"POINT (12.365052921000000 51.360815852999998)",Unfall 124108 (2016) Kat:3, Licht: 0,124108,3,3,5,05,10,7,,0,1,1,0,0,0,0
"POINT (12.336598871000000 51.328883628000000)",Unfall 124112 (2016) Kat:3, Licht: 0,124112,3,6,2,05,16,6,,0,0,1,0,0,0,0
"POINT (12.443861822000001 51.331466591000002)",Unfall 124115 (2016) Kat:3, Licht: 0,124115,3,4,6,05,07,4,,0,1,0,1,0,0,0
"POINT (12.308202185000001 51.350414845000003)",Unfall 124116 (2016) Kat:3, Licht: 0,124116,3,5,1,05,18,6,,0,0,1,0,0,0,0
"POINT (12.373027950999999 51.301473369000000)",Unfall 124125 (2016) Kat:3, Licht: 0,124125,3,2,4,05,17,4,,0,0,1,0,0,0,0
"POINT (12.435891829999999 51.326118665000003)",Unfall 124133 (2016) Kat:3, Licht: 1,124133,3,6,2,05,20,6,,1,0,1,0,0,0,0
"POINT (12.384367159000000 51.300502938999998)",Unfall 124134 (2016) Kat:3, Licht: 0,124134,3,2,4,05,10,2,,0,0,1,0,0,0,0
"POINT (12.447685942000000 51.345815121999998)",Unfall 124136 (2016) Kat:3, Licht: 0,124136,3,7,0,05,09,6,,0,0,1,0,0,0,0
"POINT (12.371384426000001 51.346030657000000)",Unfall 124137 (2016) Kat:3, Licht: 0,124137,3,6,0,05,11,1,,0,1,1,0,0,0,0
"POINT (12.368119307000001 51.320928015000000)",Unfall 124144 (2016) Kat:3, Licht: 0,124144,3,6,3,05,15,6,,0,1,0,0,0,0,1
"POINT (12.407635065999999 51.373736952000002)",Unfall 124148 (2016) Kat:3, Licht: 0,124148,3,3,5,05,15,6,,0,1,1,0,0,0,0
"POINT (12.342286989000000 51.338593412999998)",Unfall 124151 (2016) Kat:3, Licht: 0,124151,3,3,5,05,19,1,,0,1,0,0,0,0,0
"POINT (12.321909051000000 51.350040120000003)",Unfall 124157 (2016) Kat:3, Licht: 0,124157,3,2,5,05,09,4,,0,1,1,0,0,0,0
"POINT (12.396248432000000 51.339139762000002)",Unfall 124158 (2016) Kat:2, Licht: 0,124158,2,4,6,05,09,6,,0,0,1,1,0,0,0
"POINT (12.414857925000000 51.342929063000000)",Unfall 124168 (2016) Kat:3, Licht: 2,124168,3,3,0,05,22,1,,2,1,1,0,0,0,0
"POINT (12.405385143000000 51.334383957000000)",Unfall 124170 (2016) Kat:3, Licht: 0,124170,3,3,5,05,15,6,,0,1,1,0,0,0,0
"POINT (12.396285603000001 51.316689058999998)",Unfall 124171 (2016) Kat:2, Licht: 0,124171,2,5,3,05,12,6,,0,0,1,0,1,0,0
"POINT (12.395843685999999 51.323584547999999)",Unfall 124178 (2016) Kat:3, Licht: 0,124178,3,2,4,06,16,5,,0,0,1,0,0,0,0
"POINT (12.395445156999999 51.339113736000002)",Unfall 124186 (2016) Kat:3, Licht: 0,124186,3,4,6,06,16,6,,0,0,1,1,0,0,0
"POINT (12.388275043000000 51.326111474999998)",Unfall 124192 (2016) Kat:3, Licht: 0,124192,3,2,0,06,17,2,,0,1,0,0,0,0,0
"POINT (12.408244600000000 51.342785532000001)",Unfall 124197 (2016) Kat:3, Licht: 1,124197,3,5,5,06,21,7,,1,1,1,0,0,0,0
"POINT (12.384853665000000 51.378880668000001)",Unfall 124202 (2016) Kat:3, Licht: 0,124202,3,3,5,06,10,6,,0,1,1,0,0,0,0
"POINT (12.383800222000000 51.352087169999997)",Unfall 124204 (2016) Kat:3, Licht: 0,124204,3,3,5,06,08,5,,0,0,1,0,0,0,0
"POINT (12.383895559000001 51.343934140000002)",Unfall 124205 (2016) Kat:3, Licht: 0,124205,3,6,2,06,16,7,,0,0,1,0,0,0,0
"POINT (12.358446734999999 51.364087226000002)",Unfall 124208 (2016) Kat:3, Licht: 0,124208,3,2,4,06,15,5,,0,0,1,0,0,0,1
"POINT (12.435196340999999 51.286775532999997)",Unfall 124210 (2016) Kat:3, Licht: 0,124210,3,6,3,06,19,3,,0,1,0,0,0,0,0
"POINT (12.373432794999999 51.314984543999998)",Unfall 124212 (2016) Kat:3, Licht: 1,124212,3,6,0,06,21,2,,1,1,0,0,0,0,0
"POINT (12.325826185000000 51.320322425999997)",Unfall 124214 (2016) Kat:3, Licht: 0,124214,3,2,6,06,15,3,,0,0,1,1,0,0,0
"POINT (12.373748604999999 51.369535325999998)",Unfall 124215 (2016) Kat:3, Licht: 0,124215,3,3,5,06,16,5,,0,1,1,0,0,0,0
"POINT (12.466689354000000 51.336590850999997)",Unfall 124219 (2016) Kat:3, Licht: 0,124219,3,3,5,06,17,3,,0,1,1,0,0,0,0
"POINT (12.334848026000000 51.331695973999999)",Unfall 124221 (2016) Kat:3, Licht: 2,124221,3,3,5,06,02,5,,2,1,1,0,0,0,0
"POINT (12.413973254000000 51.342756188999999)",Unfall 124222 (2016) Kat:3, Licht: 0,124222,3,3,5,06,13,2,,0,1,1,0,0,0,0
"POINT (12.400378565000000 51.345850435999999)",Unfall 124224 (2016) Kat:3, Licht: 0,124224,3,3,5,06,17,5,,0,1,1,0,0,0,0
"POINT (12.385953455999999 51.371295017999998)",Unfall 124227 (2016) Kat:3, Licht: 0,124227,3,3,5,06,15,5,,0,1,1,0,0,0,0
"POINT (12.373516861000001 51.329919570999998)",Unfall 124228 (2016) Kat:3, Licht: 0,124228,3,4,6,06,17,3,,0,1,0,1,0,0,0
"POINT (12.442255748999999 51.367358727999999)",Unfall 124229 (2016) Kat:3, Licht: 1,124229,3,3,0,06,20,1,,1,0,1,0,0,0,1
"POINT (12.444272237000000 51.358197095000001)",Unfall 124231 (2016) Kat:3, Licht: 0,124231,3,6,2,06,15,3,,0,0,1,0,1,0,0
"POINT (12.349311264000001 51.348507611999999)",Unfall 124232 (2016) Kat:3, Licht: 0,124232,3,2,4,06,11,6,,0,0,1,0,0,0,0
"POINT (12.432356922000000 51.356543709000000)",Unfall 124235 (2016) Kat:3, Licht: 0,124235,3,3,5,06,07,2,,0,1,1,0,0,0,0
"POINT (12.373306151000000 51.316557074000002)",Unfall 124236 (2016) Kat:2, Licht: 0,124236,2,4,6,06,13,5,,0,0,0,1,0,0,1
"POINT (12.368760726000000 51.361249352999998)",Unfall 124239 (2016) Kat:3, Licht: 0,124239,3,3,5,06,08,2,,0,0,1,0,0,0,1
"POINT (12.322734151000001 51.374900457999999)",Unfall 124240 (2016) Kat:3, Licht: 0,124240,3,2,5,06,20,3,,0,1,1,0,0,0,0
"POINT (12.360254434000000 51.340561299999997)",Unfall 124241 (2016) Kat:3, Licht: 0,124241,3,3,5,06,10,6,,0,1,1,0,0,0,0
"POINT (12.371123048999999 51.347371717999998)",Unfall 124244 (2016) Kat:3, Licht: 0,124244,3,2,5,06,11,2,,0,1,0,0,0,1,0
"POINT (12.460635285000000 51.345757728999999)",Unfall 124245 (2016) Kat:2, Licht: 0,124245,2,3,1,06,07,3,,0,1,1,0,0,0,0
"POINT (12.392547427000000 51.299152833999997)",Unfall 124246 (2016) Kat:3, Licht: 0,124246,3,2,1,06,14,6,,0,0,1,0,0,0,0
"POINT (12.370854246000000 51.335011862000002)",Unfall 124251 (2016) Kat:3, Licht: 0,124251,3,3,5,06,14,2,,0,1,1,0,0,0,0
"POINT (12.331445023000001 51.349626755999999)",Unfall 124254 (2016) Kat:3, Licht: 0,124254,3,3,5,06,18,4,,0,1,1,0,0,0,0
"POINT (12.411389875999999 51.373760713999999)",Unfall 124258 (2016) Kat:3, Licht: 0,124258,3,5,3,06,13,4,,0,0,1,0,0,0,0
"POINT (12.287280012000000 51.302898640000002)",Unfall 124259 (2016) Kat:3, Licht: 0,124259,3,3,5,06,18,5,,0,1,1,0,0,0,0
"POINT (12.366287197000000 51.365699036999999)",Unfall 124261 (2016) Kat:3, Licht: 0,124261,3,3,5,06,17,4,,0,1,1,0,0,0,0
"POINT (12.376872829000000 51.370969328000001)",Unfall 124275 (2016) Kat:3, Licht: 0,124275,3,5,1,06,15,4,,0,1,1,0,0,0,0
"POINT (12.296589687000001 51.317915257999999)",Unfall 124279 (2016) Kat:3, Licht: 0,124279,3,3,5,06,14,4,,0,0,1,0,0,0,0
"POINT (12.416557566000000 51.323749481000000)",Unfall 124290 (2016) Kat:3, Licht: 0,124290,3,7,0,06,10,7,,0,1,0,0,0,0,0
"POINT (12.434822193000000 51.379910541999998)",Unfall 124305 (2016) Kat:3, Licht: 0,124305,3,3,5,06,19,7,,0,1,1,0,0,0,0
"POINT (12.385914094000000 51.367108305000002)",Unfall 124310 (2016) Kat:3, Licht: 0,124310,3,4,6,06,15,2,,0,0,1,1,0,0,0
"POINT (12.479449171000001 51.350604840999999)",Unfall 124312 (2016) Kat:3, Licht: 0,124312,3,3,5,06,17,4,,0,1,1,0,0,0,0
"POINT (12.376971055000000 51.325113555000001)",Unfall 124329 (2016) Kat:3, Licht: 0,124329,3,2,5,06,10,3,,0,1,0,0,0,0,1
"POINT (12.359216246000001 51.334470684000003)",Unfall 124335 (2016) Kat:3, Licht: 2,124335,3,2,4,06,21,6,,2,1,1,0,0,0,0
"POINT (12.437251052000001 51.395775458999999)",Unfall 124344 (2016) Kat:3, Licht: 0,124344,3,2,4,06,13,3,,0,0,1,0,0,0,0
"POINT (12.344031836999999 51.318857321999999)",Unfall 124347 (2016) Kat:3, Licht: 0,124347,3,6,2,06,17,6,,0,0,1,0,0,0,0
"POINT (12.362299928000001 51.332450236000000)",Unfall 124360 (2016) Kat:3, Licht: 0,124360,3,6,2,06,18,7,,0,1,1,0,0,0,0
"POINT (12.373248537000000 51.324391573000000)",Unfall 124362 (2016) Kat:3, Licht: 0,124362,3,5,3,06,12,4,,0,1,1,0,0,0,0
"POINT (12.394257423999999 51.336185419000003)",Unfall 124366 (2016) Kat:3, Licht: 0,124366,3,3,5,06,18,7,,0,1,1,0,0,0,0
"POINT (12.380984852999999 51.342163661000001)",Unfall 124369 (2016) Kat:3, Licht: 0,124369,3,7,0,06,16,4,,0,0,0,0,0,0,1
"POINT (12.302309127999999 51.413177744999999)",Unfall 124371 (2016) Kat:3, Licht: 0,124371,3,3,5,06,12,6,,0,0,1,0,1,0,0
"POINT (12.378676509000000 51.335855348000003)",Unfall 124377 (2016) Kat:3, Licht: 0,124377,3,6,1,06,14,4,,0,0,1,0,0,0,1
"POINT (12.430148019000001 51.377688958999997)",Unfall 124379 (2016) Kat:2, Licht: 0,124379,2,4,6,06,12,6,,0,0,1,1,0,0,0
"POINT (12.429850260000000 51.301334427999997)",Unfall 124380 (2016) Kat:3, Licht: 0,124380,3,6,2,06,15,4,,0,0,1,0,0,0,0
"POINT (12.292405096000000 51.393071325999998)",Unfall 124381 (2016) Kat:2, Licht: 0,124381,2,1,0,06,06,6,,0,1,0,0,0,0,0
"POINT (12.307067483000001 51.323111787000002)",Unfall 124382 (2016) Kat:2, Licht: 0,124382,2,3,5,06,17,2,,0,0,1,0,0,0,0
"POINT (12.382716585000001 51.315008919000000)",Unfall 124389 (2016) Kat:3, Licht: 0,124389,3,3,5,06,20,4,,0,1,1,0,0,0,0
"POINT (12.376808004000001 51.343303104000000)",Unfall 124392 (2016) Kat:3, Licht: 0,124392,3,4,6,06,08,6,,0,1,0,1,0,0,0
"POINT (12.362925478999999 51.373312794000000)",Unfall 124404 (2016) Kat:3, Licht: 0,124404,3,7,4,06,17,3,,0,0,1,0,0,0,1
"POINT (12.256132837999999 51.312970039000000)",Unfall 124405 (2016) Kat:1, Licht: 0,124405,1,7,6,06,14,1,,0,0,1,1,0,0,0
"POINT (12.362280247999999 51.332022907999999)",Unfall 124411 (2016) Kat:2, Licht: 0,124411,2,1,7,06,06,1,,0,1,0,0,0,0,0
"POINT (12.421465886000000 51.352714595000002)",Unfall 124412 (2016) Kat:3, Licht: 0,124412,3,6,1,06,14,4,,0,0,1,0,0,0,0
"POINT (12.370964552000000 51.333986109999998)",Unfall 124418 (2016) Kat:2, Licht: 0,124418,2,3,5,06,15,6,,0,1,1,0,0,0,0
"POINT (12.298112890000001 51.325089503999997)",Unfall 124420 (2016) Kat:3, Licht: 0,124420,3,3,5,05,09,3,,0,0,1,0,0,0,0
"POINT (12.378324695000000 51.315051492999999)",Unfall 124421 (2016) Kat:3, Licht: 0,124421,3,4,6,06,09,1,,0,0,1,1,0,0,0
"POINT (12.459521185000000 51.355401229000002)",Unfall 124428 (2016) Kat:3, Licht: 0,124428,3,3,5,06,07,2,,0,1,1,0,0,0,0