WKT,Name,OBJECTID,UKATEGORIE,UTYP1,UART,UMONAT,USTUNDE,UWOCHENTAG,STRZUSTAND,ULICHTVERH,ISTRAD,ISTPKW,ISTFUSS,ISTKRAD,ISTGKFZ,ISTSONSTIG
"POINT (12.332972826000001 51.338648071999998)",Unfall 124430 (2016) Kat:2, Licht: 0,124430,2,2,6,05,19,3,,0,0,1,1,0,0,0
"POINT (12.373650468999999 51.323219956999999)",Unfall 124434 (2016) Kat:3, Licht: 2,124434,3,3,5,06,22,5,,2,1,1,0,0,0,0
"POINT (12.396524337000001 51.399603151999997)",Unfall 124438 (2016) Kat:3, Licht: 0,124438,3,7,5,06,18,5,,0,0,1,0,0,0,0
"POINT (12.292402723000000 51.324544547999999)",Unfall 124448 (2016) Kat:3, Licht: 0,124448,3,6,2,06,08,6,,0,0,1,0,0,0,0
"POINT (12.323029483999999 51.338736314000002)",Unfall 124451 (2016) Kat:3, Licht: 0,124451,3,2,4,06,19,6,,0,1,1,0,0,0,0
"POINT (12.378251496000001 51.375810025000000)",Unfall 124459 (2016) Kat:3, Licht: 0,124459,3,6,2,06,14,6,,0,0,1,0,0,0,0
"POINT (12.503783586000001 51.349873873999996)",Unfall 124460 (2016) Kat:3, Licht: 2,124460,3,7,1,06,23,3,,2,0,1,0,0,0,0
"POINT (12.489284939999999 51.345186116999997)",Unfall 124461 (2016) Kat:3, Licht: 0,124461,3,3,5,05,07,3,,0,1,0,0,1,0,0
"POINT (12.376946664000000 51.344848110999997)",Unfall 124464 (2016) Kat:2, Licht: 0,124464,2,3,5,06,11,5,,0,1,1,0,0,0,0
"POINT (12.445119133000000 51.342608497999997)",Unfall 124467 (2016) Kat:3, Licht: 0,124467,3,3,5,06,18,5,,0,0,1,0,1,0,0
"POINT (12.405587509000000 51.341975789999999)",Unfall 124470 (2016) Kat:3, Licht: 1,124470,3,1,0,06,04,6,,1,1,1,0,0,0,0
"POINT (12.405361876000001 51.331054166999998)",Unfall 124471 (2016) Kat:3, Licht: 0,124471,3,4,6,06,19,2,,0,0,1,1,0,0,0
"POINT (12.369337230999999 51.322244484999999)",Unfall 124476 (2016) Kat:3, Licht: 0,124476,3,2,3,06,16,5,,0,1,1,0,0,0,0
"POINT (12.339630643000000 51.329453983000001)",Unfall 124477 (2016) Kat:3, Licht: 0,124477,3,6,2,06,18,2,,0,1,1,0,0,0,0
"POINT (12.405714668000000 51.351546700000000)",Unfall 124478 (2016) Kat:3, Licht: 2,124478,3,3,5,06,22,5,,2,1,1,0,0,0,0
"POINT (12.325675596000000 51.317361542000000)",Unfall 124480 (2016) Kat:3, Licht: 0,124480,3,3,5,06,16,1,,0,0,1,0,0,0,0
"POINT (12.356187193000000 51.355537116000001)",Unfall 124482 (2016) Kat:3, Licht: 0,124482,3,2,3,06,09,2,,0,0,1,0,0,0,1
"POINT (12.418788598000001 51.382144068000002)",Unfall 124483 (2016) Kat:3, Licht: 0,124483,3,5,1,06,19,5,,0,1,1,0,0,0,0
"POINT (12.364979000000000 51.406873210000001)",Unfall 124486 (2016) Kat:3, Licht: 0,124486,3,3,5,06,16,6,,0,0,1,0,0,0,0
"POINT (12.373667929000000 51.332827393999999)",Unfall 124488 (2016) Kat:3, Licht: 0,124488,3,2,3,06,12,2,,0,1,1,0,0,0,0
"POINT (12.396401065999999 51.301188883000002)",Unfall 124492 (2016) Kat:3, Licht: 0,124492,3,7,0,06,12,5,,0,0,1,0,0,0,0
"POINT (12.396117232000000 51.310246061999997)",Unfall 124494 (2016) Kat:3, Licht: 0,124494,3,3,3,06,21,7,,0,1,1,0,0,0,0
"POINT (12.475408111000000 51.345625108000000)",Unfall 124496 (2016) Kat:2, Licht: 0,124496,2,3,5,06,12,5,,0,1,1,0,0,0,0
"POINT (12.337357859000001 51.325665807999997)",Unfall 124497 (2016) Kat:3, Licht: 0,124497,3,5,6,06,17,2,,0,0,1,1,0,0,0
"POINT (12.370845010000000 51.335309207999998)",Unfall 124498 (2016) Kat:3, Licht: 0,124498,3,6,3,06,15,7,,0,0,1,0,0,0,0
"POINT (12.317736722999999 51.350116059000001)",Unfall 124500 (2016) Kat:3, Licht: 0,124500,3,3,5,06,07,2,,0,1,1,0,0,0,0
"POINT (12.458557825000000 51.357225389000000)",Unfall 124502 (2016) Kat:3, Licht: 0,124502,3,3,5,06,12,7,,0,1,1,0,0,0,0
"POINT (12.370876923999999 51.335070641000002)",Unfall 124503 (2016) Kat:2, Licht: 2,124503,2,2,4,06,23,5,,2,0,1,0,0,0,0
"POINT (12.455284677000000 51.285178137999999)",Unfall 124505 (2016) Kat:3, Licht: 0,124505,3,7,0,06,10,7,,0,1,0,0,0,0,0
"POINT (12.412835930000000 51.354594968999997)",Unfall 124507 (2016) Kat:2, Licht: 0,124507,2,6,4,06,11,7,,0,0,1,0,0,0,0
"POINT (12.327174012000000 51.329637664000003)",Unfall 124509 (2016) Kat:3, Licht: 0,124509,3,2,4,06,07,5,,0,1,0,0,1,0,0
"POINT (12.450867769000000 51.302571202000003)",Unfall 124510 (2016) Kat:3, Licht: 0,124510,3,3,5,06,14,2,,0,0,1,0,1,0,0
"POINT (12.378349762999999 51.314779477999998)",Unfall 124511 (2016) Kat:3, Licht: 0,124511,3,2,4,06,18,7,,0,0,1,0,0,0,0
"POINT (12.385111762999999 51.365740029000001)",Unfall 124512 (2016) Kat:3, Licht: 0,124512,3,3,5,06,11,5,,0,0,1,0,0,0,1
"POINT (12.424501724000001 51.357465703000003)",Unfall 124524 (2016) Kat:3, Licht: 0,124524,3,4,6,06,10,2,,0,0,1,1,0,0,0
"POINT (12.363543784000001 51.372636063999998)",Unfall 124527 (2016) Kat:3, Licht: 0,124527,3,1,1,06,06,6,,0,0,1,0,0,0,0
"POINT (12.388624798000000 51.342276409999997)",Unfall 124528 (2016) Kat:3, Licht: 0,124528,3,5,1,06,10,2,,0,1,1,0,0,0,0
"POINT (12.344837234000000 51.330669245000003)",Unfall 124532 (2016) Kat:3, Licht: 0,124532,3,3,5,06,07,6,,0,1,1,0,0,0,0
"POINT (12.365596842000000 51.362515547999998)",Unfall 124533 (2016) Kat:3, Licht: 0,124533,3,6,2,06,18,2,,0,0,1,0,0,0,0
"POINT (12.397076659000000 51.332184980999997)",Unfall 124536 (2016) Kat:3, Licht: 0,124536,3,6,2,06,18,6,,0,1,1,0,0,0,0
"POINT (12.402538071000000 51.339044586000000)",Unfall 124538 (2016) Kat:3, Licht: 0,124538,3,6,2,06,18,2,,0,1,1,0,0,0,0
"POINT (12.334315695000001 51.331552563999999)",Unfall 124539 (2016) Kat:3, Licht: 0,124539,3,3,5,06,11,2,,0,1,0,0,0,0,1
"POINT (12.380275324999999 51.342993491999998)",Unfall 124543 (2016) Kat:3, Licht: 0,124543,3,7,8,06,10,6,,0,0,0,0,0,0,1
"POINT (12.335815305000001 51.327639040999998)",Unfall 124553 (2016) Kat:3, Licht: 0,124553,3,2,5,06,16,2,,0,1,1,0,0,0,0
"POINT (12.323924845000001 51.320565180999999)",Unfall 124558 (2016) Kat:3, Licht: 0,124558,3,4,6,06,13,5,,0,0,1,1,0,0,0
"POINT (12.401179571000000 51.376864165999997)",Unfall 124559 (2016) Kat:3, Licht: 0,124559,3,5,1,06,11,2,,0,1,1,0,0,0,0
"POINT (12.395402506000000 51.339112512000000)",Unfall 124564 (2016) Kat:3, Licht: 0,124564,3,2,5,06,16,3,,0,1,1,0,0,0,0
"POINT (12.378894561999999 51.345024371999997)",Unfall 124568 (2016) Kat:3, Licht: 0,124568,3,3,5,06,10,7,,0,1,1,0,0,0,0
"POINT (12.327160263000000 51.329623339999998)",Unfall 124569 (2016) Kat:3, Licht: 2,124569,3,3,5,06,22,3,,2,1,0,0,1,0,0
"POINT (12.414412703000000 51.345085456000000)",Unfall 124572 (2016) Kat:3, Licht: 0,124572,3,3,5,06,19,2,,0,0,1,0,0,0,0
"POINT (12.394991503000000 51.283685562000002)",Unfall 124577 (2016) Kat:2, Licht: 0,124577,2,3,5,06,13,6,,0,0,1,0,1,0,0
"POINT (12.356994674999999 51.336121640000002)",Unfall 124581 (2016) Kat:2, Licht: 0,124581,2,3,5,06,20,6,,0,0,1,0,0,0,0
"POINT (12.353429134000001 51.341200725000000)",Unfall 124584 (2016) Kat:3, Licht: 0,124584,3,2,5,06,17,2,,0,1,1,0,0,0,0
"POINT (12.339453749000000 51.334358723000001)",Unfall 124585 (2016) Kat:3, Licht: 0,124585,3,2,4,06,08,2,,0,1,1,0,0,0,0
"POINT (12.341734438000000 51.318545757999999)",Unfall 124587 (2016) Kat:3, Licht: 0,124587,3,2,3,06,17,3,,0,1,1,0,0,0,0
"POINT (12.418960945000000 51.331891523000003)",Unfall 124589 (2016) Kat:2, Licht: 0,124589,2,6,4,06,06,2,,0,0,1,0,0,0,0
"POINT (12.375120770000001 51.302815864999999)",Unfall 124590 (2016) Kat:3, Licht: 0,124590,3,2,2,06,16,6,,0,0,1,0,0,0,0
"POINT (12.478933965000000 51.350854343999998)",Unfall 124594 (2016) Kat:3, Licht: 0,124594,3,3,5,06,18,6,,0,1,1,0,0,0,0
"POINT (12.404105453000000 51.328747286999999)",Unfall 124598 (2016) Kat:2, Licht: 0,124598,2,1,9,06,14,6,,0,0,0,0,1,0,0
"POINT (12.370434084999999 51.361135294999997)",Unfall 124601 (2016) Kat:2, Licht: 0,124601,2,1,0,06,13,2,,0,1,0,0,0,0,0
"POINT (12.426642685999999 51.343470906999997)",Unfall 124603 (2016) Kat:3, Licht: 2,124603,3,1,0,06,21,3,,2,0,0,0,1,0,0
"POINT (12.405973748999999 51.335963868999997)",Unfall 124604 (2016) Kat:3, Licht: 2,124604,3,2,4,06,22,1,,2,1,1,0,0,0,0
"POINT (12.427552484000000 51.343653920000001)",Unfall 124605 (2016) Kat:3, Licht: 2,124605,3,1,0,06,22,3,,2,1,0,0,0,0,0
"POINT (12.376896575000000 51.356474575000000)",Unfall 124606 (2016) Kat:3, Licht: 0,124606,3,4,6,06,19,4,,0,0,1,1,0,0,0
"POINT (12.403718672000000 51.345650167999999)",Unfall 124608 (2016) Kat:3, Licht: 0,124608,3,5,3,06,18,3,,0,1,1,0,0,0,0
"POINT (12.374565949000001 51.339291957999997)",Unfall 124610 (2016) Kat:3, Licht: 0,124610,3,7,6,06,11,4,,0,0,0,1,0,0,1
"POINT (12.371851620999999 51.309524273999997)",Unfall 124614 (2016) Kat:3, Licht: 0,124614,3,3,5,06,21,4,,0,1,1,0,0,0,0
"POINT (12.379379029000001 51.359414465999997)",Unfall 124617 (2016) Kat:2, Licht: 0,124617,2,3,5,06,13,3,,0,0,1,0,0,0,0
"POINT (12.323531880999999 51.328692820000001)",Unfall 124629 (2016) Kat:2, Licht: 0,124629,2,1,0,06,14,7,,0,1,0,0,0,0,0
"POINT (12.398327639000000 51.339207489000003)",Unfall 124655 (2016) Kat:3, Licht: 0,124655,3,3,5,06,08,5,,0,1,1,0,0,0,0
"POINT (12.325737637000000 51.318544613999997)",Unfall 124656 (2016) Kat:3, Licht: 0,124656,3,3,5,06,09,6,,0,0,1,0,0,0,1
"POINT (12.396445927000000 51.304424623000003)",Unfall 124657 (2016) Kat:3, Licht: 0,124657,3,4,6,06,08,4,,0,1,1,1,0,0,0
"POINT (12.317541051999999 51.333131547000001)",Unfall 124659 (2016) Kat:2, Licht: 2,124659,2,6,6,06,21,2,,2,0,0,1,1,0,0
"POINT (12.371368240000001 51.346276951000000)",Unfall 124662 (2016) Kat:3, Licht: 0,124662,3,2,3,06,11,5,,0,1,0,0,0,0,1
"POINT (12.324834693000000 51.349729025000002)",Unfall 124663 (2016) Kat:3, Licht: 0,124663,3,1,8,06,15,6,,0,0,1,0,0,0,0
"POINT (12.370553349000000 51.361261184999996)",Unfall 124664 (2016) Kat:3, Licht: 0,124664,3,2,4,06,13,4,,0,0,1,0,0,0,0
"POINT (12.373699044000000 51.322061781000002)",Unfall 124665 (2016) Kat:3, Licht: 0,124665,3,2,3,06,13,2,,0,1,1,0,0,0,0
"POINT (12.465749939000000 51.383132236999998)",Unfall 124671 (2016) Kat:3, Licht: 0,124671,3,1,8,06,12,4,,0,0,1,0,0,0,0
"POINT (12.334087415000001 51.319356882000001)",Unfall 124673 (2016) Kat:3, Licht: 0,124673,3,6,0,06,12,5,,0,1,0,0,0,0,1
"POINT (12.462148236000001 51.281442912999999)",Unfall 124674 (2016) Kat:3, Licht: 0,124674,3,3,5,06,11,4,,0,1,1,0,0,0,0
"POINT (12.393228161000000 51.336944117000002)",Unfall 124675 (2016) Kat:3, Licht: 0,124675,3,3,5,06,15,4,,0,1,1,0,0,0,0
"POINT (12.339206394000000 51.334621706000000)",Unfall 124678 (2016) Kat:3, Licht: 0,124678,3,3,5,06,16,4,,0,1,1,0,0,0,0
"POINT (12.283347772000001 51.360594534999997)",Unfall 124701 (2016) Kat:3, Licht: 0,124701,3,4,6,06,14,4,,0,0,1,1,0,0,0
"POINT (12.369425259000000 51.323316517000002)",Unfall 124706 (2016) Kat:3, Licht: 0,124706,3,3,5,06,06,5,,0,0,1,0,1,0,0
"POINT (12.408008745000000 51.335692358999999)",Unfall 124707 (2016) Kat:3, Licht: 0,124707,3,2,2,06,08,5,,0,0,1,0,0,0,0
"POINT (12.313365555000001 51.347873448999998)",Unfall 124712 (2016) Kat:3, Licht: 0,124712,3,2,4,06,15,4,,0,0,1,0,0,0,1
"POINT (12.365689779000000 51.320886106000003)",Unfall 124717 (2016) Kat:2, Licht: 0,124717,2,3,5,06,15,4,,0,0,1,0,0,0,0
"POINT (12.326458257000001 51.322537746999998)",Unfall 124718 (2016) Kat:2, Licht: 0,124718,2,3,5,06,15,3,,0,1,1,0,0,0,0
"POINT (12.402651285999999 51.325888655999997)",Unfall 124722 (2016) Kat:3, Licht: 0,124722,3,3,5,06,15,5,,0,1,0,0,0,0,1
"POINT (12.374396233000001 51.335751463999998)",Unfall 124723 (2016) Kat:2, Licht: 0,124723,2,3,5,06,17,5,,0,1,1,0,0,0,0
"POINT (12.307178471000000 51.323178650999999)",Unfall 124724 (2016) Kat:3, Licht: 0,124724,3,1,4,06,12,6,,0,1,0,0,0,0,1
"POINT (12.359146822000000 51.368554774000003)",Unfall 124726 (2016) Kat:3, Licht: 0,124726,3,6,3,06,14,2,,0,1,1,0,0,0,0
"POINT (12.381786948000000 51.338644645999999)",Unfall 124734 (2016) Kat:3, Licht: 0,124734,3,2,4,06,13,5,,0,1,1,0,0,0,0
"POINT (12.375667403000000 51.308911801999997)",Unfall 124735 (2016) Kat:3, Licht: 0,124735,3,2,4,06,10,5,,0,1,1,0,0,0,0
"POINT (12.267506211000001 51.319270353000000)",Unfall 124737 (2016) Kat:2, Licht: 1,124737,2,1,8,06,04,1,,1,0,1,0,0,0,0
"POINT (12.404505248000000 51.345606599000000)",Unfall 124738 (2016) Kat:3, Licht: 0,124738,3,2,4,06,18,5,,0,1,1,0,0,0,0
"POINT (12.324010690000000 51.380284097999997)",Unfall 124739 (2016) Kat:3, Licht: 0,124739,3,3,5,06,19,5,,0,0,1,0,1,0,0
"POINT (12.309673639000000 51.328242158999998)",Unfall 124748 (2016) Kat:3, Licht: 0,124748,3,3,5,06,17,5,,0,1,1,0,0,0,0
"POINT (12.420099971999999 51.325831839999999)",Unfall 124750 (2016) Kat:3, Licht: 0,124750,3,6,2,06,08,3,,0,1,0,0,0,1,0
"POINT (12.413037283000000 51.324534991999997)",Unfall 124753 (2016) Kat:3, Licht: 0,124753,3,2,4,06,16,3,,0,1,1,0,0,0,0
"POINT (12.414044169000000 51.335589472999999)",Unfall 124754 (2016) Kat:3, Licht: 0,124754,3,5,3,06,12,7,,0,0,1,0,0,0,0
"POINT (12.384699965999999 51.352253959999999)",Unfall 124761 (2016) Kat:3, Licht: 0,124761,3,6,2,06,11,3,,0,0,1,0,0,0,0
"POINT (12.440710706999999 51.304643478000003)",Unfall 124763 (2016) Kat:3, Licht: 0,124763,3,6,3,06,10,2,,0,1,1,0,0,0,0
"POINT (12.335205802999999 51.321023936000003)",Unfall 124764 (2016) Kat:3, Licht: 0,124764,3,6,1,07,16,6,,0,0,1,0,0,0,0
"POINT (12.341162884999999 51.325762326000003)",Unfall 124765 (2016) Kat:3, Licht: 1,124765,3,3,5,07,04,2,,1,0,1,0,0,0,1
"POINT (12.392576631000001 51.333901703000002)",Unfall 124767 (2016) Kat:3, Licht: 0,124767,3,3,5,06,14,5,,0,1,1,0,0,0,0
"POINT (12.407533331000000 51.346780137000003)",Unfall 124768 (2016) Kat:3, Licht: 0,124768,3,2,4,07,08,2,,0,1,1,0,0,0,0
"POINT (12.273073145000000 51.324178201000002)",Unfall 124778 (2016) Kat:3, Licht: 0,124778,3,7,0,06,18,5,,0,0,1,0,0,0,0
"POINT (12.293588494000000 51.413510862999999)",Unfall 124782 (2016) Kat:3, Licht: 0,124782,3,4,6,07,13,2,,0,0,1,1,0,0,0
"POINT (12.354216122000000 51.340041874999997)",Unfall 124811 (2016) Kat:3, Licht: 0,124811,3,2,5,06,14,5,,0,0,1,0,0,0,0
"POINT (12.327154219000001 51.329632408999998)",Unfall 124816 (2016) Kat:3, Licht: 0,124816,3,3,5,07,07,6,,0,0,1,0,0,0,0
"POINT (12.370829840000001 51.334545276000000)",Unfall 124817 (2016) Kat:3, Licht: 0,124817,3,3,5,06,15,4,,0,1,0,0,1,0,0
"POINT (12.393152046000001 51.345693662999999)",Unfall 124822 (2016) Kat:3, Licht: 0,124822,3,2,3,07,08,3,,0,1,1,0,0,0,0
"POINT (12.327171161000001 51.329606994000002)",Unfall 124823 (2016) Kat:3, Licht: 0,124823,3,2,4,06,15,5,,0,1,1,0,0,0,0
"POINT (12.275011048000000 51.344631462999999)",Unfall 124825 (2016) Kat:3, Licht: 0,124825,3,6,2,06,16,4,,0,1,1,0,0,0,0
"POINT (12.368392236000000 51.315985189999999)",Unfall 124827 (2016) Kat:3, Licht: 0,124827,3,3,5,07,13,6,,0,1,0,0,1,0,0
"POINT (12.408396253999999 51.375509989000001)",Unfall 124838 (2016) Kat:3, Licht: 0,124838,3,2,1,06,15,5,,0,0,1,0,0,0,0
"POINT (12.373817436000000 51.331139008999997)",Unfall 124842 (2016) Kat:3, Licht: 0,124842,3,2,5,07,19,5,,0,1,1,0,0,0,0
"POINT (12.322518966000001 51.299862337000000)",Unfall 124849 (2016) Kat:3, Licht: 0,124849,3,3,5,06,13,4,,0,0,1,0,1,0,0
"POINT (12.334285629000000 51.325243360000002)",Unfall 124852 (2016) Kat:3, Licht: 0,124852,3,1,0,06,06,4,,0,0,0,0,1,0,0
"POINT (12.374833237000001 51.393056520000002)",Unfall 124853 (2016) Kat:3, Licht: 0,124853,3,3,5,06,16,5,,0,0,1,0,0,0,0
"POINT (12.427815384000001 51.400100489000003)",Unfall 124854 (2016) Kat:3, Licht: 0,124854,3,1,4,06,18,4,,0,1,0,0,0,0,0
"POINT (12.422001263000000 51.320427060000000)",Unfall 124857 (2016) Kat:3, Licht: 0,124857,3,5,1,07,12,3,,0,1,1,0,0,0,0
"POINT (12.375664614000000 51.366293532000000)",Unfall 124859 (2016) Kat:3, Licht: 0,124859,3,5,1,07,20,1,,0,1,0,0,0,0,1
"POINT (12.378361104000000 51.332200266999997)",Unfall 124862 (2016) Kat:2, Licht: 0,124862,2,3,5,06,06,4,,0,1,1,0,0,0,0
"POINT (12.384937510000000 51.338350106000000)",Unfall 124867 (2016) Kat:3, Licht: 0,124867,3,2,3,07,20,3,,0,1,0,0,0,1,0
"POINT (12.371524336000000 51.345326612000001)",Unfall 124868 (2016) Kat:3, Licht: 0,124868,3,6,3,07,08,3,,0,1,1,0,0,0,0
"POINT (12.315239944000000 51.357236677000003)",Unfall 124869 (2016) Kat:3, Licht: 0,124869,3,7,0,07,16,1,,0,0,0,0,1,0,1
"POINT (12.331767678000000 51.371777848999997)",Unfall 124870 (2016) Kat:2, Licht: 0,124870,2,6,2,07,21,3,,0,0,1,0,0,0,0
"POINT (12.408267530000000 51.340066413999999)",Unfall 124872 (2016) Kat:2, Licht: 2,124872,2,3,5,07,00,1,,2,0,1,0,1,0,0
"POINT (12.373594980000000 51.332998762000003)",Unfall 124877 (2016) Kat:3, Licht: 0,124877,3,2,5,07,17,5,,0,1,1,0,0,0,0
"POINT (12.336951676000000 51.329450043999998)",Unfall 124878 (2016) Kat:3, Licht: 0,124878,3,2,4,07,09,5,,0,1,1,0,0,0,0
"POINT (12.365017066000000 51.337205406999999)",Unfall 124879 (2016) Kat:3, Licht: 0,124879,3,4,6,07,12,4,,0,1,0,1,0,0,0
"POINT (12.457540577000000 51.353488916000003)",Unfall 124881 (2016) Kat:3, Licht: 0,124881,3,3,5,07,18,1,,0,1,1,0,0,0,0
"POINT (12.418680581000000 51.313510792999999)",Unfall 124883 (2016) Kat:3, Licht: 0,124883,3,3,5,06,11,5,,0,1,1,0,0,0,0
"POINT (12.370952800000000 51.335133548999998)",Unfall 124885 (2016) Kat:3, Licht: 0,124885,3,2,6,06,07,4,,0,0,1,1,0,0,0
"POINT (12.361248544000000 51.343996984999997)",Unfall 124886 (2016) Kat:3, Licht: 0,124886,3,4,6,07,08,3,,0,1,0,1,0,0,0
"POINT (12.428843769000000 51.295161407999998)",Unfall 124887 (2016) Kat:3, Licht: 0,124887,3,2,3,06,16,5,,0,1,1,0,0,0,0
"POINT (12.379535948999999 51.334256300000000)",Unfall 124889 (2016) Kat:3, Licht: 0,124889,3,2,3,07,16,5,,0,1,1,0,0,0,0
"POINT (12.389386619000000 51.328307780000003)",Unfall 124890 (2016) Kat:3, Licht: 0,124890,3,6,2,06,16,4,,0,0,1,0,0,0,1
"POINT (12.407611141000000 51.339311567000003)",Unfall 124894 (2016) Kat:3, Licht: 0,124894,3,2,3,07,06,5,,0,1,0,0,0,0,1
"POINT (12.409026851000000 51.344539955999998)",Unfall 124895 (2016) Kat:3, Licht: 0,124895,3,3,5,07,17,4,,0,0,1,0,0,0,0
"POINT (12.430849759000001 51.365695467000002)",Unfall 124897 (2016) Kat:3, Licht: 0,124897,3,3,5,07,16,1,,0,0,1,0,0,0,0
"POINT (12.474933004000000 51.338210857000000)",Unfall 124898 (2016) Kat:3, Licht: 0,124898,3,6,2,06,15,4,,0,0,1,0,0,1,0
"POINT (12.421734999000000 51.332569894000002)",Unfall 124899 (2016) Kat:3, Licht: 0,124899,3,3,5,06,04,5,,0,1,1,0,0,0,0
"POINT (12.405991889999999 51.313914648000001)",Unfall 124901 (2016) Kat:3, Licht: 0,124901,3,6,2,07,13,3,,0,0,1,0,0,0,0
"POINT (12.409168460000000 51.371437321999998)",Unfall 124902 (2016) Kat:3, Licht: 0,124902,3,3,5,07,17,3,,0,1,1,0,0,0,0
"POINT (12.446625546000000 51.303842791999998)",Unfall 124903 (2016) Kat:3, Licht: 0,124903,3,1,1,07,11,1,,0,1,1,0,0,0,0
"POINT (12.376873654000001 51.343489294999998)",Unfall 124905 (2016) Kat:3, Licht: 0,124905,3,2,3,07,13,3,,0,1,1,0,0,0,0
"POINT (12.377089317999999 51.390224291999999)",Unfall 124910 (2016) Kat:3, Licht: 0,124910,3,2,2,07,16,5,,0,0,1,0,0,0,0
"POINT (12.336533182000000 51.328779933000000)",Unfall 124917 (2016) Kat:3, Licht: 2,124917,3,1,0,07,02,3,,2,1,1,0,0,0,0
"POINT (12.263171065000000 51.344624205999999)",Unfall 124921 (2016) Kat:3, Licht: 0,124921,3,3,5,07,14,6,,0,1,1,0,0,0,0
"POINT (12.357758444000000 51.344566894000003)",Unfall 124923 (2016) Kat:3, Licht: 0,124923,3,1,0,07,14,7,,0,1,0,0,0,0,0
"POINT (12.412624035000000 51.359565142999998)",Unfall 124933 (2016) Kat:3, Licht: 0,124933,3,3,5,07,18,7,,0,1,1,0,0,0,0
"POINT (12.409025826000001 51.344532018999999)",Unfall 124935 (2016) Kat:3, Licht: 2,124935,3,3,5,07,00,7,,2,1,1,0,0,0,0
"POINT (12.330767609000000 51.337426459000000)",Unfall 124941 (2016) Kat:3, Licht: 0,124941,3,3,5,07,10,4,,0,0,1,0,0,0,1
"POINT (12.309661701000000 51.330515988999998)",Unfall 124945 (2016) Kat:2, Licht: 0,124945,2,2,4,07,16,7,,0,1,0,0,0,0,1
"POINT (12.459838743000001 51.352969361000000)",Unfall 124949 (2016) Kat:3, Licht: 0,124949,3,2,3,07,13,6,,0,1,1,0,0,0,0
"POINT (12.300758085000000 51.315597459999999)",Unfall 124950 (2016) Kat:3, Licht: 0,124950,3,3,5,07,16,7,,0,1,0,0,0,0,0
"POINT (12.389840688000000 51.344561648999999)",Unfall 124952 (2016) Kat:3, Licht: 0,124952,3,3,5,07,14,4,,0,0,1,0,0,0,1
"POINT (12.407871159000001 51.346763175000000)",Unfall 124994 (2016) Kat:3, Licht: 0,124994,3,5,3,07,14,2,,0,0,1,0,0,0,0
"POINT (12.307205499000000 51.346506187000003)",Unfall 124998 (2016) Kat:2, Licht: 0,124998,2,3,5,07,09,6,,0,1,1,0,0,0,0
"POINT (12.384722706000000 51.365104616000004)",Unfall 125002 (2016) Kat:3, Licht: 0,125002,3,5,0,07,09,4,,0,1,0,0,0,1,0
"POINT (12.389703994000000 51.321538983000003)",Unfall 125005 (2016) Kat:3, Licht: 0,125005,3,2,5,07,07,2,,0,1,1,0,0,0,0
"POINT (12.364295624000000 51.327225194000000)",Unfall 125008 (2016) Kat:3, Licht: 0,125008,3,6,2,06,15,3,,0,0,1,0,0,0,0
"POINT (12.370824130000001 51.334575702000002)",Unfall 125012 (2016) Kat:3, Licht: 0,125012,3,6,3,06,17,3,,0,1,1,0,0,0,0
"POINT (12.373453941999999 51.360684696000000)",Unfall 125016 (2016) Kat:3, Licht: 0,125016,3,2,5,07,12,4,,0,1,1,0,0,0,0
"POINT (12.362257308000000 51.340310598999999)",Unfall 125019 (2016) Kat:3, Licht: 0,125019,3,3,5,07,08,6,,0,0,1,0,0,0,0
"POINT (12.469595199000000 51.277500711999998)",Unfall 125021 (2016) Kat:3, Licht: 0,125021,3,2,3,06,16,3,,0,1,1,0,0,0,0
"POINT (12.327696148999999 51.321622863000002)",Unfall 125025 (2016) Kat:3, Licht: 0,125025,3,5,0,07,11,6,,0,1,1,0,0,0,0
"POINT (12.381957621000000 51.304416523000000)",Unfall 125028 (2016) Kat:3, Licht: 0,125028,3,2,4,07,14,4,,0,1,1,0,0,0,0
"POINT (12.445906304999999 51.346190473999997)",Unfall 125031 (2016) Kat:3, Licht: 0,125031,3,1,0,06,18,3,,0,1,0,0,0,0,0
"POINT (12.353152527000001 51.332765279999997)",Unfall 125033 (2016) Kat:3, Licht: 0,125033,3,3,5,07,11,6,,0,1,1,0,0,0,0
"POINT (12.406046353000001 51.346288731000001)",Unfall 125034 (2016) Kat:1, Licht: 0,125034,1,3,5,07,17,4,,0,1,1,0,0,0,1
"POINT (12.337431692999999 51.338811638999999)",Unfall 125036 (2016) Kat:3, Licht: 0,125036,3,2,4,07,12,6,,0,1,1,1,0,0,0
"POINT (12.379674284000000 51.327721379000003)",Unfall 125037 (2016) Kat:3, Licht: 0,125037,3,7,6,06,12,3,,0,0,0,1,0,0,1
"POINT (12.286305905000001 51.324968382000002)",Unfall 125041 (2016) Kat:3, Licht: 0,125041,3,2,3,07,15,2,,0,1,1,0,0,0,0
"POINT (12.419453688999999 51.333044379000000)",Unfall 125045 (2016) Kat:3, Licht: 2,125045,3,1,0,07,00,6,,2,1,0,0,0,0,0
"POINT (12.340381423000000 51.331088620999999)",Unfall 125051 (2016) Kat:3, Licht: 0,125051,3,7,1,07,14,6,,0,1,1,0,0,0,0