WKT,Name,OBJECTID,UKATEGORIE,UTYP1,UART,UMONAT,USTUNDE,UWOCHENTAG,STRZUSTAND,ULICHTVERH,ISTRAD,ISTPKW,ISTFUSS,ISTKRAD,ISTGKFZ,ISTSONSTIG
"POINT (12.427284875000000 51.295024124999998)",Unfall 125054 (2016) Kat:3, Licht: 0,125054,3,3,5,07,07,6,,0,0,1,0,0,0,0
"POINT (12.391617635999999 51.357979786000001)",Unfall 125055 (2016) Kat:3, Licht: 0,125055,3,3,5,07,08,6,,0,0,1,0,0,0,0
"POINT (12.376870877000000 51.355977695999997)",Unfall 125072 (2016) Kat:2, Licht: 0,125072,2,1,9,07,14,2,,0,0,0,0,1,0,0
"POINT (12.379492934000000 51.343324897000002)",Unfall 125074 (2016) Kat:3, Licht: 2,125074,3,2,4,07,22,2,,2,1,1,0,0,0,0
"POINT (12.372999385000000 51.309707172000003)",Unfall 125087 (2016) Kat:3, Licht: 0,125087,3,2,3,07,16,2,,0,1,1,0,0,0,0
"POINT (12.414340038000001 51.355563693000001)",Unfall 125100 (2016) Kat:3, Licht: 0,125100,3,5,3,07,16,2,,0,0,1,0,1,0,0
"POINT (12.335483883000000 51.321622419999997)",Unfall 125102 (2016) Kat:3, Licht: 0,125102,3,6,3,07,18,1,,0,1,1,0,0,0,0
"POINT (12.397668854000001 51.332205002999999)",Unfall 125110 (2016) Kat:3, Licht: 0,125110,3,3,5,07,18,2,,0,0,1,0,1,0,0
"POINT (12.397464892000000 51.334068166999998)",Unfall 125113 (2016) Kat:2, Licht: 0,125113,2,3,5,07,15,2,,0,1,1,0,0,0,0
"POINT (12.378242364000000 51.359651880999998)",Unfall 125114 (2016) Kat:2, Licht: 0,125114,2,1,0,07,17,1,,0,0,0,0,1,0,0
"POINT (12.410914710000000 51.335848145999996)",Unfall 125115 (2016) Kat:3, Licht: 0,125115,3,3,5,07,09,3,,0,1,1,0,0,0,0
"POINT (12.369778556000000 51.325237067000003)",Unfall 125126 (2016) Kat:3, Licht: 0,125126,3,6,1,07,09,3,,0,1,1,0,0,0,0
"POINT (12.305011988000000 51.344341968000002)",Unfall 125130 (2016) Kat:3, Licht: 0,125130,3,3,5,07,08,3,,0,1,1,0,0,0,0
"POINT (12.376007581000000 51.337281916999999)",Unfall 125131 (2016) Kat:2, Licht: 0,125131,2,7,0,08,18,2,,0,0,1,0,0,0,0
"POINT (12.384080231000000 51.336202843000002)",Unfall 125133 (2016) Kat:3, Licht: 0,125133,3,3,5,07,12,3,,0,1,1,0,0,0,0
"POINT (12.356446419999999 51.346927495999999)",Unfall 125139 (2016) Kat:3, Licht: 0,125139,3,6,2,07,18,1,,0,0,1,0,0,0,0
"POINT (12.369903849000000 51.335083163000000)",Unfall 125140 (2016) Kat:3, Licht: 2,125140,3,7,0,07,23,5,,2,1,0,0,0,0,0
"POINT (12.413944724000000 51.313353061000001)",Unfall 125141 (2016) Kat:3, Licht: 0,125141,3,2,5,07,16,3,,0,1,1,0,0,0,0
"POINT (12.406212463999999 51.348178060999999)",Unfall 125142 (2016) Kat:2, Licht: 0,125142,2,2,5,08,15,2,,0,1,1,0,0,0,0
"POINT (12.349316526999999 51.332139331000000)",Unfall 125143 (2016) Kat:2, Licht: 2,125143,2,1,4,07,21,1,,2,0,1,0,0,0,0
"POINT (12.349128288999999 51.368124952000002)",Unfall 125144 (2016) Kat:3, Licht: 0,125144,3,3,5,07,07,2,,0,1,1,0,0,0,0
"POINT (12.263129994000000 51.344628970999999)",Unfall 125146 (2016) Kat:3, Licht: 0,125146,3,3,5,07,17,1,,0,1,1,0,0,0,0
"POINT (12.373859360999999 51.333858079999999)",Unfall 125149 (2016) Kat:2, Licht: 2,125149,2,1,0,07,04,5,,2,1,0,0,0,0,0
"POINT (12.466815668000001 51.365632505000001)",Unfall 125154 (2016) Kat:2, Licht: 0,125154,2,2,3,07,16,5,,0,1,1,0,0,0,0
"POINT (12.368622765000000 51.318076873999999)",Unfall 125156 (2016) Kat:3, Licht: 0,125156,3,7,0,07,10,3,,0,1,0,0,0,0,0
"POINT (12.413189931000000 51.341079438999998)",Unfall 125161 (2016) Kat:3, Licht: 0,125161,3,2,2,07,09,3,,0,1,1,0,0,0,0
"POINT (12.371128605999999 51.396007220000001)",Unfall 125168 (2016) Kat:3, Licht: 0,125168,3,6,3,07,15,5,,0,1,1,0,0,0,0
"POINT (12.445115052000000 51.342623891999999)",Unfall 125169 (2016) Kat:3, Licht: 0,125169,3,3,5,07,16,5,,0,0,1,0,0,0,0
"POINT (12.338963219000000 51.349935041999998)",Unfall 125170 (2016) Kat:2, Licht: 0,125170,2,1,8,07,19,3,,0,0,1,0,0,0,0
"POINT (12.455867329000000 51.345511600999998)",Unfall 125173 (2016) Kat:3, Licht: 0,125173,3,7,0,08,15,4,,0,0,0,0,1,0,0
"POINT (12.385278277999999 51.338013768000003)",Unfall 125175 (2016) Kat:3, Licht: 0,125175,3,6,2,07,11,3,,0,0,1,0,0,0,0
"POINT (12.371003683000000 51.333989905000003)",Unfall 125179 (2016) Kat:3, Licht: 0,125179,3,3,5,07,10,3,,0,1,0,0,0,0,1
"POINT (12.374609634000000 51.336225116000001)",Unfall 125180 (2016) Kat:2, Licht: 2,125180,2,7,6,07,21,5,,2,0,1,1,0,0,0
"POINT (12.322420844000000 51.373256492000003)",Unfall 125181 (2016) Kat:3, Licht: 0,125181,3,6,1,07,18,5,,0,0,1,0,0,0,0
"POINT (12.364179666000000 51.327502502000002)",Unfall 125185 (2016) Kat:3, Licht: 0,125185,3,6,3,07,18,5,,0,1,1,0,0,0,0
"POINT (12.362701978000000 51.338945103000000)",Unfall 125186 (2016) Kat:3, Licht: 0,125186,3,2,2,07,14,5,,0,0,1,0,0,0,0
"POINT (12.411212098000000 51.353554780000003)",Unfall 125189 (2016) Kat:2, Licht: 0,125189,2,2,6,08,13,4,,0,0,1,1,0,0,0
"POINT (12.405802957000001 51.345536565000003)",Unfall 125191 (2016) Kat:3, Licht: 0,125191,3,3,5,07,19,5,,0,1,0,0,1,0,0
"POINT (12.385787087000001 51.296384582000002)",Unfall 125195 (2016) Kat:3, Licht: 0,125195,3,1,0,07,10,3,,0,1,0,0,0,0,0
"POINT (12.318602404000000 51.331384131000000)",Unfall 125200 (2016) Kat:3, Licht: 2,125200,3,6,2,07,23,7,,2,0,1,0,0,0,0
"POINT (12.388680964000001 51.335284794000003)",Unfall 125201 (2016) Kat:3, Licht: 1,125201,3,2,4,07,21,7,,1,1,1,0,0,0,0
"POINT (12.378721633000000 51.344696108999997)",Unfall 125205 (2016) Kat:3, Licht: 0,125205,3,6,6,07,18,7,,0,1,0,1,0,0,0
"POINT (12.300547318000000 51.349947256000000)",Unfall 125207 (2016) Kat:3, Licht: 0,125207,3,6,2,07,17,5,,0,0,0,0,1,0,1
"POINT (12.376590845000001 51.351165412000000)",Unfall 125215 (2016) Kat:3, Licht: 0,125215,3,2,3,08,09,3,,0,1,1,0,0,0,0
"POINT (12.405717023999999 51.351560128000003)",Unfall 125216 (2016) Kat:3, Licht: 2,125216,3,3,5,07,22,4,,2,0,1,0,0,0,0
"POINT (12.479286217000000 51.348586562000001)",Unfall 125218 (2016) Kat:2, Licht: 1,125218,2,4,6,07,21,5,,1,0,1,1,0,0,0
"POINT (12.407336408000001 51.382724805000002)",Unfall 125222 (2016) Kat:3, Licht: 0,125222,3,3,5,07,15,5,,0,1,1,0,0,0,0
"POINT (12.316761934000001 51.376022861000003)",Unfall 125230 (2016) Kat:3, Licht: 0,125230,3,3,5,08,09,3,,0,0,1,0,0,0,1
"POINT (12.382178561000000 51.325961862000000)",Unfall 125233 (2016) Kat:3, Licht: 2,125233,3,4,6,07,23,5,,2,0,1,1,0,0,0
"POINT (12.327109687000000 51.305728858000002)",Unfall 125264 (2016) Kat:3, Licht: 0,125264,3,2,4,07,11,3,,0,0,1,0,0,0,0
"POINT (12.376807608000000 51.343301982000000)",Unfall 125277 (2016) Kat:3, Licht: 0,125277,3,1,0,07,13,7,,0,1,0,0,0,0,0
"POINT (12.315228594000001 51.357314307999999)",Unfall 125290 (2016) Kat:3, Licht: 0,125290,3,1,9,07,15,2,,0,0,1,0,0,0,0
"POINT (12.335995286999999 51.341264836000001)",Unfall 125291 (2016) Kat:3, Licht: 1,125291,3,3,5,07,20,6,,1,1,1,0,0,0,0
"POINT (12.369465504000001 51.323315418000000)",Unfall 125294 (2016) Kat:3, Licht: 0,125294,3,3,5,07,08,4,,0,1,1,0,0,0,0
"POINT (12.293084496000001 51.359304019000000)",Unfall 125297 (2016) Kat:3, Licht: 0,125297,3,1,0,07,07,6,,0,1,0,0,0,0,0
"POINT (12.366725731000001 51.367273124999997)",Unfall 125300 (2016) Kat:3, Licht: 0,125300,3,6,2,07,08,4,,0,1,1,0,0,0,0
"POINT (12.405954007000000 51.349604712999998)",Unfall 125302 (2016) Kat:3, Licht: 2,125302,3,6,4,07,23,2,,2,1,0,0,0,0,0
"POINT (12.373606021000001 51.327486741000001)",Unfall 125306 (2016) Kat:3, Licht: 0,125306,3,7,0,07,15,6,,0,1,0,0,0,0,0
"POINT (12.344178312000000 51.318875231000000)",Unfall 125307 (2016) Kat:3, Licht: 0,125307,3,6,3,07,07,2,,0,0,0,0,0,0,1
"POINT (12.498223363999999 51.347718387999997)",Unfall 125309 (2016) Kat:3, Licht: 0,125309,3,2,3,07,11,6,,0,0,1,0,1,0,0
"POINT (12.386039099000000 51.367735836000001)",Unfall 125312 (2016) Kat:3, Licht: 0,125312,3,6,3,07,14,4,,0,0,1,0,0,0,0
"POINT (12.313785502000000 51.320449320999998)",Unfall 125315 (2016) Kat:3, Licht: 0,125315,3,6,4,07,11,6,,0,1,0,0,0,0,0
"POINT (12.399502275000000 51.339310425000001)",Unfall 125316 (2016) Kat:2, Licht: 0,125316,2,7,6,07,10,6,,0,0,0,1,0,0,1
"POINT (12.403853723999999 51.338464682999998)",Unfall 125318 (2016) Kat:3, Licht: 2,125318,3,4,6,07,23,7,,2,0,1,1,0,0,0
"POINT (12.376946480000001 51.344850381999997)",Unfall 125321 (2016) Kat:3, Licht: 0,125321,3,3,5,07,18,4,,0,1,1,0,0,0,0
"POINT (12.385497610000000 51.373806406999996)",Unfall 125326 (2016) Kat:3, Licht: 0,125326,3,7,0,07,09,3,,0,1,0,0,0,0,0
"POINT (12.371424392000000 51.331585527999998)",Unfall 125327 (2016) Kat:3, Licht: 0,125327,3,2,4,07,14,4,,0,1,1,0,0,0,0
"POINT (12.429759991999999 51.341862609000003)",Unfall 125328 (2016) Kat:3, Licht: 0,125328,3,4,6,07,12,7,,0,1,0,1,0,0,0
"POINT (12.404528556000001 51.340060031999997)",Unfall 125329 (2016) Kat:3, Licht: 0,125329,3,1,1,07,16,6,,0,0,1,0,1,0,0
"POINT (12.407483281999999 51.351308535000001)",Unfall 125332 (2016) Kat:3, Licht: 0,125332,3,3,5,07,11,6,,0,1,1,0,0,0,0
"POINT (12.411381069000001 51.331018250000000)",Unfall 125333 (2016) Kat:3, Licht: 0,125333,3,2,4,07,17,4,,0,1,1,0,0,0,0
"POINT (12.344031836999999 51.318857321999999)",Unfall 125334 (2016) Kat:3, Licht: 0,125334,3,3,5,07,11,4,,0,0,1,0,0,0,0
"POINT (12.389459842000001 51.289378460000002)",Unfall 125339 (2016) Kat:3, Licht: 0,125339,3,3,5,07,16,4,,0,0,1,0,0,0,0
"POINT (12.305796143000000 51.322852595000001)",Unfall 125343 (2016) Kat:2, Licht: 2,125343,2,1,9,07,22,6,,2,0,1,0,0,0,0
"POINT (12.411135263000000 51.342070161999999)",Unfall 125345 (2016) Kat:3, Licht: 0,125345,3,2,4,07,19,4,,0,1,1,0,0,0,0
"POINT (12.348703079000000 51.368814432999997)",Unfall 125349 (2016) Kat:3, Licht: 0,125349,3,3,5,07,14,4,,0,0,1,0,1,0,0
"POINT (12.366015993000000 51.324271410000001)",Unfall 125361 (2016) Kat:3, Licht: 0,125361,3,3,5,07,08,4,,0,1,1,0,0,0,0
"POINT (12.260817813999999 51.301572151999999)",Unfall 125365 (2016) Kat:3, Licht: 0,125365,3,4,6,07,15,3,,0,0,0,1,0,1,0
"POINT (12.409940177999999 51.325368099000002)",Unfall 125372 (2016) Kat:3, Licht: 0,125372,3,4,6,08,20,2,,0,0,1,1,0,0,0
"POINT (12.484040158000001 51.342913385000003)",Unfall 125379 (2016) Kat:3, Licht: 0,125379,3,3,5,08,14,2,,0,1,1,0,0,0,0
"POINT (12.327457486000000 51.335043270000000)",Unfall 125380 (2016) Kat:3, Licht: 0,125380,3,2,4,08,09,4,,0,0,1,0,1,0,0
"POINT (12.381935935000000 51.338612554999997)",Unfall 125382 (2016) Kat:3, Licht: 2,125382,3,3,1,08,21,7,,2,1,1,0,0,0,0
"POINT (12.376355346000000 51.348984621000000)",Unfall 125385 (2016) Kat:3, Licht: 0,125385,3,2,5,08,15,5,,0,1,1,0,0,0,0
"POINT (12.333006495999999 51.298737819999999)",Unfall 125389 (2016) Kat:3, Licht: 0,125389,3,3,5,08,08,5,,0,1,1,0,0,0,0
"POINT (12.343784598999999 51.341129246999998)",Unfall 125391 (2016) Kat:3, Licht: 0,125391,3,3,0,08,18,1,,0,1,1,0,0,0,0
"POINT (12.353128453000000 51.353040880000002)",Unfall 125393 (2016) Kat:2, Licht: 0,125393,2,2,3,08,15,1,,0,0,1,0,0,0,1
"POINT (12.336526011000000 51.327509102000000)",Unfall 125400 (2016) Kat:3, Licht: 0,125400,3,1,0,08,11,1,,0,0,1,0,1,0,0
"POINT (12.403969555000000 51.366287798999998)",Unfall 125404 (2016) Kat:3, Licht: 0,125404,3,7,1,08,18,3,,0,1,1,0,0,0,0
"POINT (12.412749513000000 51.375131050000000)",Unfall 125406 (2016) Kat:3, Licht: 2,125406,3,3,5,08,01,1,,2,0,1,0,0,0,0
"POINT (12.298910427999999 51.412649799999997)",Unfall 125409 (2016) Kat:3, Licht: 0,125409,3,2,5,08,14,4,,0,1,1,0,0,0,0
"POINT (12.478107714000000 51.345722895000002)",Unfall 125415 (2016) Kat:3, Licht: 0,125415,3,6,2,08,13,6,,0,0,1,0,0,0,0
"POINT (12.301014152000000 51.354810258999997)",Unfall 125428 (2016) Kat:3, Licht: 2,125428,3,1,0,08,19,7,,2,1,0,0,0,0,0
"POINT (12.355778204000000 51.335473624999999)",Unfall 125429 (2016) Kat:3, Licht: 0,125429,3,2,5,08,07,3,,0,0,1,0,0,0,0
"POINT (12.408553292000001 51.375495104999999)",Unfall 125430 (2016) Kat:2, Licht: 0,125430,2,4,0,08,09,4,,0,1,0,1,0,0,0
"POINT (12.392955400000000 51.400172423000001)",Unfall 125431 (2016) Kat:2, Licht: 0,125431,2,2,4,08,09,2,,0,0,1,0,0,0,0
"POINT (12.370935386999999 51.336418715999997)",Unfall 125432 (2016) Kat:3, Licht: 0,125432,3,3,5,08,15,3,,0,1,1,0,0,0,0
"POINT (12.332882306000000 51.340523255000001)",Unfall 125433 (2016) Kat:3, Licht: 0,125433,3,5,1,08,16,7,,0,1,1,0,0,0,0
"POINT (12.401898431999999 51.339136990000000)",Unfall 125437 (2016) Kat:3, Licht: 1,125437,3,6,2,08,20,5,,1,1,1,0,0,0,0
"POINT (12.375336206000000 51.365482958999998)",Unfall 125441 (2016) Kat:3, Licht: 0,125441,3,1,1,08,17,5,,0,0,1,0,1,0,0
"POINT (12.320479676000000 51.305555312000003)",Unfall 125446 (2016) Kat:3, Licht: 0,125446,3,3,5,08,16,2,,0,1,1,0,0,0,0
"POINT (12.378596986000000 51.307765975000002)",Unfall 125449 (2016) Kat:2, Licht: 0,125449,2,2,3,08,19,4,,0,1,1,0,0,0,0
"POINT (12.385067689000000 51.339067346999997)",Unfall 125451 (2016) Kat:3, Licht: 0,125451,3,5,3,08,09,2,,0,1,1,0,0,0,0
"POINT (12.359755847000001 51.358363056000002)",Unfall 125456 (2016) Kat:3, Licht: 0,125456,3,2,6,08,13,7,,0,0,1,1,0,0,0
"POINT (12.370500164999999 51.327979851000002)",Unfall 125457 (2016) Kat:3, Licht: 2,125457,3,2,5,08,23,7,,2,0,1,0,0,0,0
"POINT (12.406773775000000 51.338111615999999)",Unfall 125459 (2016) Kat:2, Licht: 0,125459,2,2,0,08,14,4,,0,1,0,0,0,0,1
"POINT (12.308879971000000 51.311294834000002)",Unfall 125466 (2016) Kat:3, Licht: 1,125466,3,3,9,08,05,6,,1,0,1,0,0,0,0
"POINT (12.366704184000000 51.325178438999998)",Unfall 125467 (2016) Kat:3, Licht: 0,125467,3,2,2,08,07,2,,0,0,1,0,0,0,1
"POINT (12.400696140000001 51.339284626000001)",Unfall 125469 (2016) Kat:3, Licht: 0,125469,3,2,5,08,15,4,,0,1,1,0,0,0,0
"POINT (12.396379892000001 51.305381773999997)",Unfall 125478 (2016) Kat:3, Licht: 0,125478,3,7,3,08,11,2,,0,0,1,0,0,0,1
"POINT (12.401920065000001 51.364019818000003)",Unfall 125482 (2016) Kat:3, Licht: 0,125482,3,2,2,08,11,2,,0,0,1,0,0,0,0
"POINT (12.315146230000000 51.354625832000004)",Unfall 125487 (2016) Kat:3, Licht: 2,125487,3,1,0,08,21,5,,2,1,0,0,0,0,0
"POINT (12.325699282000000 51.313185752999999)",Unfall 125491 (2016) Kat:3, Licht: 0,125491,3,7,5,08,18,5,,0,0,1,0,0,0,0
"POINT (12.411385677000000 51.331017842000001)",Unfall 125492 (2016) Kat:3, Licht: 0,125492,3,2,4,08,16,2,,0,0,1,0,0,0,0
"POINT (12.434170313999999 51.324737308000003)",Unfall 125495 (2016) Kat:3, Licht: 0,125495,3,2,5,08,15,6,,0,1,1,0,0,0,0
"POINT (12.392691123000001 51.330618860999998)",Unfall 125497 (2016) Kat:3, Licht: 0,125497,3,3,5,08,10,4,,0,1,1,0,0,0,0
"POINT (12.358716337000001 51.320813356000002)",Unfall 125501 (2016) Kat:3, Licht: 0,125501,3,7,0,08,10,3,,0,0,1,0,0,0,1
"POINT (12.315156576000000 51.349353915999998)",Unfall 125504 (2016) Kat:2, Licht: 0,125504,2,1,4,08,11,5,,0,0,0,0,0,0,1
"POINT (12.373078783000000 51.342902340999999)",Unfall 125510 (2016) Kat:3, Licht: 0,125510,3,7,6,08,07,3,,0,1,0,0,0,0,1
"POINT (12.400999863999999 51.376235500999996)",Unfall 125512 (2016) Kat:2, Licht: 0,125512,2,3,5,08,10,1,,0,1,1,0,0,0,0
"POINT (12.392677578000001 51.330609740000000)",Unfall 125516 (2016) Kat:2, Licht: 0,125516,2,3,5,08,16,4,,0,1,1,0,0,0,0
"POINT (12.309351600999999 51.330774425999998)",Unfall 125519 (2016) Kat:3, Licht: 0,125519,3,3,5,08,07,6,,0,1,1,0,0,0,0
"POINT (12.407558090000000 51.373562145999998)",Unfall 125527 (2016) Kat:3, Licht: 0,125527,3,5,0,08,15,2,,0,1,1,0,0,0,0
"POINT (12.362825057000000 51.367745843000002)",Unfall 125531 (2016) Kat:3, Licht: 0,125531,3,2,4,08,17,2,,0,1,1,0,0,0,0
"POINT (12.332165669000000 51.322608639000002)",Unfall 125532 (2016) Kat:3, Licht: 0,125532,3,3,5,08,13,6,,0,0,1,0,0,0,0
"POINT (12.334132488000000 51.336917726999999)",Unfall 125533 (2016) Kat:2, Licht: 0,125533,2,1,9,08,16,3,,0,0,0,0,1,0,0
"POINT (12.378336601000001 51.315824894000002)",Unfall 125534 (2016) Kat:3, Licht: 0,125534,3,6,2,08,16,4,,0,0,1,0,0,0,0
"POINT (12.386004259000000 51.295852255000000)",Unfall 125535 (2016) Kat:3, Licht: 0,125535,3,6,2,08,18,2,,0,1,0,0,0,0,0
"POINT (12.326830004000000 51.312667513000001)",Unfall 125537 (2016) Kat:3, Licht: 0,125537,3,3,5,08,08,7,,0,1,1,0,0,0,0
"POINT (12.323888289999999 51.343612499000002)",Unfall 125540 (2016) Kat:3, Licht: 0,125540,3,5,0,08,06,5,,0,1,1,0,0,0,0
"POINT (12.440158443000000 51.331850645000003)",Unfall 125547 (2016) Kat:3, Licht: 0,125547,3,6,1,08,16,2,,0,0,1,0,0,0,0
"POINT (12.282164756000000 51.326372100000000)",Unfall 125549 (2016) Kat:3, Licht: 0,125549,3,4,6,08,14,6,,0,0,1,1,0,0,0
"POINT (12.412366429000000 51.393211839999999)",Unfall 125551 (2016) Kat:3, Licht: 0,125551,3,7,0,08,16,4,,0,1,0,0,0,0,0
"POINT (12.376030313999999 51.355589578000000)",Unfall 125553 (2016) Kat:3, Licht: 0,125553,3,3,5,08,11,2,,0,1,1,0,0,0,0
"POINT (12.376820792000000 51.320557733999998)",Unfall 125557 (2016) Kat:3, Licht: 0,125557,3,3,5,08,10,6,,0,1,1,0,0,0,0
"POINT (12.357893131999999 51.343040152000000)",Unfall 125561 (2016) Kat:3, Licht: 0,125561,3,3,1,08,08,4,,0,0,1,0,0,0,0
"POINT (12.344835270000001 51.339196256000001)",Unfall 125567 (2016) Kat:3, Licht: 0,125567,3,3,5,08,07,6,,0,1,1,0,0,0,0
"POINT (12.393564362999999 51.322791772000002)",Unfall 125569 (2016) Kat:3, Licht: 2,125569,3,3,5,08,22,4,,2,0,1,0,0,0,1
"POINT (12.368612939000000 51.361845799000001)",Unfall 125576 (2016) Kat:2, Licht: 0,125576,2,4,6,08,15,3,,0,0,1,1,0,0,0
"POINT (12.407331366999999 51.345475833999998)",Unfall 125581 (2016) Kat:3, Licht: 0,125581,3,2,5,08,14,2,,0,1,1,0,0,0,0
"POINT (12.407220164000000 51.338067015000000)",Unfall 125583 (2016) Kat:3, Licht: 0,125583,3,6,3,08,16,7,,0,0,1,0,1,0,0
"POINT (12.383800930000000 51.395138428000003)",Unfall 125585 (2016) Kat:3, Licht: 0,125585,3,3,5,08,13,4,,0,1,1,0,0,0,0
"POINT (12.390262511000000 51.303028753000000)",Unfall 125586 (2016) Kat:3, Licht: 0,125586,3,3,5,08,11,2,,0,1,1,0,0,0,0
"POINT (12.383932573999999 51.380602162000002)",Unfall 125596 (2016) Kat:3, Licht: 0,125596,3,2,5,08,19,2,,0,0,1,0,1,0,0
"POINT (12.296564174000000 51.317928586999997)",Unfall 125599 (2016) Kat:3, Licht: 0,125599,3,3,5,08,15,4,,0,0,1,0,0,0,0
"POINT (12.371118777000000 51.336409820999997)",Unfall 125601 (2016) Kat:3, Licht: 0,125601,3,6,1,08,17,2,,0,0,1,0,0,0,0
"POINT (12.314052272000000 51.367881222999998)",Unfall 125603 (2016) Kat:2, Licht: 0,125603,2,4,6,08,15,4,,0,0,1,1,0,0,0
"POINT (12.307683052000000 51.311982606000001)",Unfall 125606 (2016) Kat:3, Licht: 0,125606,3,2,5,08,13,3,,0,0,1,0,0,0,0
"POINT (12.362159720999999 51.365439848999998)",Unfall 125609 (2016) Kat:3, Licht: 0,125609,3,3,5,08,14,5,,0,0,1,0,0,0,0
"POINT (12.373710646999999 51.331415962999998)",Unfall 125613 (2016) Kat:3, Licht: 0,125613,3,6,3,08,16,4,,0,1,1,0,0,0,0
"POINT (12.412315990000000 51.351203278000000)",Unfall 125617 (2016) Kat:3, Licht: 0,125617,3,7,1,08,10,1,,0,0,1,0,0,0,0
"POINT (12.330765827000000 51.337428025999998)",Unfall 125620 (2016) Kat:2, Licht: 0,125620,2,3,5,08,15,2,,0,1,1,0,0,0,0
"POINT (12.365640715000000 51.332052329000000)",Unfall 125621 (2016) Kat:3, Licht: 0,125621,3,3,4,08,13,5,,0,1,1,0,0,0,0
"POINT (12.400443038000001 51.345822663000000)",Unfall 125623 (2016) Kat:3, Licht: 0,125623,3,6,2,08,17,5,,0,0,1,0,0,0,0
"POINT (12.381164629000001 51.337390544000002)",Unfall 125624 (2016) Kat:2, Licht: 2,125624,2,1,0,08,03,4,,2,0,0,0,1,0,0
"POINT (12.263862424999999 51.306934777000002)",Unfall 125626 (2016) Kat:3, Licht: 0,125626,3,2,4,08,16,2,,0,0,1,0,0,0,0
"POINT (12.433997943000000 51.289406597999999)",Unfall 125631 (2016) Kat:3, Licht: 0,125631,3,5,1,08,09,7,,0,0,1,0,1,0,0
"POINT (12.385617857000000 51.324197451000003)",Unfall 125636 (2016) Kat:3, Licht: 0,125636,3,3,5,08,17,2,,0,1,1,0,0,0,0
"POINT (12.326633719000000 51.323158237999998)",Unfall 125642 (2016) Kat:3, Licht: 0,125642,3,3,5,08,09,6,,0,0,1,0,0,0,0
"POINT (12.323903591000001 51.320494525999997)",Unfall 125646 (2016) Kat:3, Licht: 0,125646,3,4,6,08,15,7,,0,0,1,1,0,0,0
"POINT (12.305516294000000 51.351831726000000)",Unfall 125651 (2016) Kat:3, Licht: 0,125651,3,3,5,08,17,6,,0,1,1,0,0,0,0
"POINT (12.313807956000000 51.304554297999999)",Unfall 125656 (2016) Kat:2, Licht: 0,125656,2,3,5,08,13,5,,0,1,1,0,0,0,0
"POINT (12.373360694000000 51.353061445999998)",Unfall 125658 (2016) Kat:3, Licht: 0,125658,3,3,5,08,16,4,,0,1,1,0,0,0,0
"POINT (12.370913039000000 51.307673715999996)",Unfall 125659 (2016) Kat:3, Licht: 0,125659,3,5,1,08,14,3,,0,1,1,0,0,0,0
"POINT (12.370853772000000 51.335010634000000)",Unfall 125663 (2016) Kat:3, Licht: 0,125663,3,6,1,08,14,5,,0,0,1,0,0,0,0
"POINT (12.390781756000001 51.341085120999999)",Unfall 125664 (2016) Kat:3, Licht: 0,125664,3,2,6,08,07,6,,0,0,1,1,0,0,0
"POINT (12.421683933000001 51.332558218999999)",Unfall 125667 (2016) Kat:2, Licht: 0,125667,2,2,4,08,14,3,,0,1,1,0,0,0,0
"POINT (12.327154219000001 51.329632408999998)",Unfall 125675 (2016) Kat:3, Licht: 0,125675,3,2,4,08,18,4,,0,1,1,0,0,0,0
"POINT (12.358249067999999 51.336803377999999)",Unfall 125677 (2016) Kat:3, Licht: 0,125677,3,7,6,08,14,2,,0,0,1,1,0,0,0
"POINT (12.362122189999999 51.359053635999999)",Unfall 125692 (2016) Kat:2, Licht: 0,125692,2,6,4,08,18,7,,0,0,1,0,0,0,1
"POINT (12.416021060000000 51.337177283999999)",Unfall 125695 (2016) Kat:3, Licht: 1,125695,3,3,5,08,05,4,,1,0,1,0,0,0,0
"POINT (12.396237663999999 51.303538019999998)",Unfall 125698 (2016) Kat:3, Licht: 2,125698,3,3,5,08,23,7,,2,0,1,0,0,0,1
"POINT (12.373670217000001 51.332799962999999)",Unfall 125703 (2016) Kat:2, Licht: 0,125703,2,4,6,08,18,6,,0,1,0,1,0,0,0
"POINT (12.376433163000000 51.310395544999999)",Unfall 125713 (2016) Kat:3, Licht: 0,125713,3,2,2,08,18,5,,0,1,1,0,0,0,0
"POINT (12.403377752000001 51.347586839999998)",Unfall 125714 (2016) Kat:3, Licht: 0,125714,3,2,6,08,07,5,,0,0,1,1,0,0,0
"POINT (12.371512771000001 51.337697632000001)",Unfall 125716 (2016) Kat:3, Licht: 2,125716,3,1,8,08,00,6,,2,1,0,0,0,0,0
"POINT (12.352372302999999 51.358472503999998)",Unfall 125719 (2016) Kat:3, Licht: 0,125719,3,7,6,08,18,3,,0,0,1,1,0,0,0
"POINT (12.318263776000000 51.331391173999997)",Unfall 125729 (2016) Kat:3, Licht: 0,125729,3,6,3,08,13,5,,0,0,1,0,0,0,1
"POINT (12.327638169000000 51.303631783999997)",Unfall 125730 (2016) Kat:3, Licht: 0,125730,3,3,5,08,15,6,,0,1,0,0,0,0,1
"POINT (12.364947969999999 51.406871224000000)",Unfall 125731 (2016) Kat:2, Licht: 1,125731,2,6,4,08,19,4,,1,0,1,0,0,0,0