WKT,Name,OBJECTID,UKATEGORIE,UTYP1,UART,UMONAT,USTUNDE,UWOCHENTAG,STRZUSTAND,ULICHTVERH,ISTRAD,ISTPKW,ISTFUSS,ISTKRAD,ISTGKFZ,ISTSONSTIG
"POINT (12.430183356000001 51.377502696000001)",Unfall 125737 (2016) Kat:3, Licht: 0,125737,3,3,5,08,18,5,,0,0,1,0,0,0,1
"POINT (12.309798446000000 51.310795990999999)",Unfall 125741 (2016) Kat:3, Licht: 0,125741,3,6,2,08,10,2,,0,0,1,0,0,0,0
"POINT (12.324310045000001 51.302483115999998)",Unfall 125744 (2016) Kat:3, Licht: 0,125744,3,4,6,08,13,5,,0,0,1,1,0,0,0
"POINT (12.375831959999999 51.334318199000002)",Unfall 125746 (2016) Kat:2, Licht: 0,125746,2,3,5,08,07,4,,0,1,1,0,0,0,0
"POINT (12.356004389000001 51.343695082000004)",Unfall 125747 (2016) Kat:3, Licht: 0,125747,3,3,5,08,12,6,,0,1,1,0,0,0,0
"POINT (12.383596216000001 51.374053068999999)",Unfall 125751 (2016) Kat:3, Licht: 0,125751,3,3,5,08,15,5,,0,1,1,0,0,0,0
"POINT (12.416029265000001 51.356666767000000)",Unfall 125752 (2016) Kat:2, Licht: 0,125752,2,4,6,08,15,5,,0,0,1,1,0,0,0
"POINT (12.322024838000001 51.316402306999997)",Unfall 125753 (2016) Kat:3, Licht: 0,125753,3,5,1,08,19,6,,0,0,1,0,0,0,0
"POINT (12.373418325999999 51.314368012999999)",Unfall 125755 (2016) Kat:3, Licht: 0,125755,3,6,2,08,16,5,,0,0,1,0,0,0,0
"POINT (12.385785531000000 51.367316197999997)",Unfall 125759 (2016) Kat:3, Licht: 0,125759,3,6,2,08,09,6,,0,0,1,0,1,0,0
"POINT (12.380766446999999 51.306389981999999)",Unfall 125760 (2016) Kat:3, Licht: 0,125760,3,4,6,08,11,1,,0,0,1,1,0,0,0
"POINT (12.421422758000000 51.379249487000003)",Unfall 125762 (2016) Kat:3, Licht: 0,125762,3,3,5,08,15,5,,0,0,1,0,1,0,0
"POINT (12.373590125000000 51.320543999999998)",Unfall 125763 (2016) Kat:3, Licht: 0,125763,3,4,6,08,11,5,,0,1,0,1,0,0,0
"POINT (12.432403296000000 51.308149323999999)",Unfall 125764 (2016) Kat:3, Licht: 0,125764,3,3,5,08,13,6,,0,1,1,0,0,0,0
"POINT (12.403112393000001 51.345706602000000)",Unfall 125765 (2016) Kat:3, Licht: 0,125765,3,3,5,08,07,4,,0,1,1,0,0,0,0
"POINT (12.339462627000000 51.334356120999999)",Unfall 125766 (2016) Kat:3, Licht: 0,125766,3,6,2,08,07,3,,0,0,1,0,0,0,0
"POINT (12.380996281000000 51.330758809999999)",Unfall 125773 (2016) Kat:3, Licht: 0,125773,3,6,4,08,10,3,,0,1,0,0,0,0,0
"POINT (12.342282092000000 51.328196071000001)",Unfall 125779 (2016) Kat:3, Licht: 0,125779,3,5,1,08,11,5,,0,1,1,0,0,0,0
"POINT (12.375033713000001 51.393124358000001)",Unfall 125780 (2016) Kat:3, Licht: 0,125780,3,3,5,08,08,5,,0,1,1,0,0,0,0
"POINT (12.391301321000000 51.334888436999996)",Unfall 125781 (2016) Kat:3, Licht: 0,125781,3,6,3,08,06,4,,0,0,1,0,0,0,1
"POINT (12.268247619000000 51.307907978000003)",Unfall 125783 (2016) Kat:3, Licht: 1,125783,3,3,5,08,20,2,,1,1,1,0,0,0,0
"POINT (12.317736408000000 51.350116028999999)",Unfall 125787 (2016) Kat:2, Licht: 0,125787,2,3,5,08,07,5,,0,1,1,0,0,0,0
"POINT (12.373431420999999 51.320703848999997)",Unfall 125790 (2016) Kat:2, Licht: 0,125790,2,2,4,08,16,5,,0,0,1,0,1,0,0
"POINT (12.367452300000000 51.367234496000002)",Unfall 125800 (2016) Kat:3, Licht: 0,125800,3,3,5,08,14,4,,0,1,1,0,0,0,0
"POINT (12.325738453000000 51.318558865000000)",Unfall 125801 (2016) Kat:3, Licht: 0,125801,3,3,5,08,11,6,,0,0,1,0,0,0,0
"POINT (12.447723666000000 51.382941019000000)",Unfall 125804 (2016) Kat:3, Licht: 0,125804,3,6,1,08,12,6,,0,0,1,0,0,0,0
"POINT (12.385464501000000 51.376088367999998)",Unfall 125808 (2016) Kat:3, Licht: 0,125808,3,2,2,08,16,6,,0,0,1,0,0,0,0
"POINT (12.443859182000001 51.331470562000000)",Unfall 125812 (2016) Kat:2, Licht: 0,125812,2,3,5,08,15,6,,0,1,1,0,0,0,0
"POINT (12.451636010000000 51.313903981999999)",Unfall 125819 (2016) Kat:3, Licht: 0,125819,3,2,4,08,18,5,,0,1,1,0,0,0,0
"POINT (12.368029809999999 51.326155110999998)",Unfall 125823 (2016) Kat:3, Licht: 0,125823,3,2,2,08,07,3,,0,0,1,0,0,0,0
"POINT (12.286983632000000 51.354049476999997)",Unfall 125834 (2016) Kat:3, Licht: 0,125834,3,3,5,08,06,6,,0,0,1,0,0,0,0
"POINT (12.373403859000000 51.320595290000000)",Unfall 125835 (2016) Kat:3, Licht: 0,125835,3,2,5,08,18,4,,0,1,1,0,0,0,0
"POINT (12.439190858000000 51.294872708000000)",Unfall 125836 (2016) Kat:3, Licht: 0,125836,3,6,2,08,10,3,,0,0,1,0,0,0,0
"POINT (12.373343512000000 51.336672434000000)",Unfall 125839 (2016) Kat:3, Licht: 2,125839,3,7,0,08,22,4,,2,1,0,0,0,0,0
"POINT (12.407704753000001 51.339352482000002)",Unfall 125846 (2016) Kat:3, Licht: 0,125846,3,1,0,08,07,4,,0,1,0,0,0,0,0
"POINT (12.290237769999999 51.313195397000001)",Unfall 125851 (2016) Kat:3, Licht: 0,125851,3,2,3,08,11,7,,0,0,1,0,0,0,1
"POINT (12.422703791000000 51.306605973000003)",Unfall 125856 (2016) Kat:3, Licht: 0,125856,3,2,6,08,07,6,,0,0,0,1,0,0,1
"POINT (12.396098909000001 51.310162757999997)",Unfall 125860 (2016) Kat:3, Licht: 0,125860,3,2,4,08,19,3,,0,1,1,0,0,0,0
"POINT (12.386097114000000 51.295670180000002)",Unfall 125868 (2016) Kat:3, Licht: 0,125868,3,2,3,08,17,6,,0,1,1,0,0,0,0
"POINT (12.389108427000000 51.353669779999997)",Unfall 125872 (2016) Kat:2, Licht: 0,125872,2,2,5,08,15,5,,0,1,0,0,0,0,1
"POINT (12.278631570000000 51.317158654000004)",Unfall 125875 (2016) Kat:3, Licht: 0,125875,3,6,1,08,11,3,,0,0,1,0,0,0,0
"POINT (12.376752524000000 51.320531225000003)",Unfall 125878 (2016) Kat:3, Licht: 0,125878,3,3,5,08,16,4,,0,1,1,0,0,0,0
"POINT (12.388155234999999 51.354880338999997)",Unfall 125891 (2016) Kat:3, Licht: 0,125891,3,3,5,09,11,6,,0,1,0,0,0,0,1
"POINT (12.328678885000000 51.330034974999997)",Unfall 125894 (2016) Kat:3, Licht: 0,125894,3,6,2,09,07,5,,0,0,1,0,0,0,0
"POINT (12.278637951000000 51.317139863000001)",Unfall 125896 (2016) Kat:3, Licht: 2,125896,3,7,0,09,21,4,,2,0,1,0,1,0,0
"POINT (12.358102905999999 51.349534992000002)",Unfall 125900 (2016) Kat:2, Licht: 0,125900,2,7,0,09,14,1,,0,0,1,0,0,0,1
"POINT (12.378467118000000 51.320306746999997)",Unfall 125902 (2016) Kat:3, Licht: 0,125902,3,4,6,09,16,6,,0,0,1,1,0,0,0
"POINT (12.374776548000000 51.371292273999998)",Unfall 125905 (2016) Kat:2, Licht: 2,125905,2,1,1,09,21,6,,2,0,1,0,1,0,0
"POINT (12.371121683000000 51.347382703999997)",Unfall 125910 (2016) Kat:3, Licht: 0,125910,3,2,4,09,17,4,,0,0,1,0,0,0,1
"POINT (12.406104175999999 51.346833005000001)",Unfall 125912 (2016) Kat:3, Licht: 0,125912,3,7,0,09,17,3,,0,1,1,0,0,0,0
"POINT (12.398744515000001 51.345946867999999)",Unfall 125914 (2016) Kat:3, Licht: 0,125914,3,3,5,08,07,4,,0,1,1,0,0,0,0
"POINT (12.361901829000001 51.364893107999997)",Unfall 125915 (2016) Kat:3, Licht: 0,125915,3,1,1,09,07,6,,0,1,1,0,0,0,0
"POINT (12.370553528000000 51.361261374000001)",Unfall 125919 (2016) Kat:2, Licht: 2,125919,2,2,4,09,20,7,,2,0,1,0,1,0,0
"POINT (12.469522921999999 51.345735478000002)",Unfall 125921 (2016) Kat:3, Licht: 0,125921,3,3,5,09,10,5,,0,1,1,0,0,0,0
"POINT (12.383416475000001 51.338356241000000)",Unfall 125928 (2016) Kat:3, Licht: 0,125928,3,6,4,09,11,5,,0,1,0,0,0,0,0
"POINT (12.281237194999999 51.383392047999997)",Unfall 125929 (2016) Kat:3, Licht: 0,125929,3,2,4,09,08,3,,0,1,1,0,0,0,0
"POINT (12.376961511999999 51.343902565000000)",Unfall 125931 (2016) Kat:3, Licht: 0,125931,3,3,5,09,07,5,,0,1,1,0,0,0,0
"POINT (12.370049346000000 51.325427124000001)",Unfall 125933 (2016) Kat:2, Licht: 0,125933,2,3,5,08,12,4,,0,0,1,0,1,0,0
"POINT (12.322995468000000 51.373126063000001)",Unfall 125934 (2016) Kat:3, Licht: 0,125934,3,7,1,09,12,6,,0,0,1,0,0,0,0
"POINT (12.407006813000001 51.345472514999997)",Unfall 125936 (2016) Kat:3, Licht: 0,125936,3,4,6,09,13,4,,0,1,0,1,0,0,0
"POINT (12.405955780999999 51.335886363999997)",Unfall 125939 (2016) Kat:3, Licht: 0,125939,3,6,6,09,18,2,,0,1,0,1,0,0,0
"POINT (12.376418953000000 51.391592179000000)",Unfall 125950 (2016) Kat:3, Licht: 2,125950,3,2,4,09,04,5,,2,0,1,0,0,0,0
"POINT (12.376619411000000 51.353275308000001)",Unfall 125960 (2016) Kat:3, Licht: 0,125960,3,2,3,09,09,6,,0,0,1,0,0,0,1
"POINT (12.479294848000000 51.345822826999999)",Unfall 125963 (2016) Kat:3, Licht: 0,125963,3,2,1,09,07,6,,0,1,1,0,0,0,0
"POINT (12.384969116000001 51.298891380000001)",Unfall 125964 (2016) Kat:3, Licht: 0,125964,3,3,5,09,16,5,,0,1,1,0,0,0,0
"POINT (12.262782258000000 51.311184281999999)",Unfall 125969 (2016) Kat:2, Licht: 2,125969,2,1,0,09,05,3,,2,1,0,0,0,0,0
"POINT (12.299878398000001 51.413173802999999)",Unfall 125971 (2016) Kat:3, Licht: 0,125971,3,7,5,08,14,4,,0,1,1,0,0,0,0
"POINT (12.373469942000000 51.316700646999998)",Unfall 125972 (2016) Kat:3, Licht: 0,125972,3,6,2,09,15,6,,0,0,1,0,0,0,0
"POINT (12.424977496000000 51.369022375999997)",Unfall 125981 (2016) Kat:3, Licht: 0,125981,3,3,5,09,08,5,,0,0,1,0,0,0,0
"POINT (12.405475173999999 51.367803916000000)",Unfall 125982 (2016) Kat:2, Licht: 0,125982,2,5,3,09,18,3,,0,1,0,0,0,0,1
"POINT (12.394741050000000 51.318558398999997)",Unfall 125984 (2016) Kat:3, Licht: 0,125984,3,2,4,09,13,5,,0,0,1,0,0,0,1
"POINT (12.378077834000001 51.341297273999999)",Unfall 125988 (2016) Kat:3, Licht: 0,125988,3,6,6,09,14,7,,0,1,0,1,0,0,0
"POINT (12.384785308000000 51.337641789000003)",Unfall 125991 (2016) Kat:3, Licht: 2,125991,3,6,2,09,20,4,,2,1,0,0,1,0,0
"POINT (12.405980262000000 51.342080179000000)",Unfall 125992 (2016) Kat:3, Licht: 0,125992,3,7,0,08,10,3,,0,1,0,0,0,0,0
"POINT (12.411239626000000 51.342046058000001)",Unfall 126000 (2016) Kat:3, Licht: 1,126000,3,2,4,09,06,7,,1,1,1,0,0,0,0
"POINT (12.368593475999999 51.326032765999997)",Unfall 126001 (2016) Kat:3, Licht: 0,126001,3,4,6,08,09,3,,0,1,0,1,0,0,0
"POINT (12.313392380000000 51.347892266000002)",Unfall 126002 (2016) Kat:3, Licht: 0,126002,3,2,4,09,13,6,,0,0,1,0,0,0,0
"POINT (12.376896425000000 51.356471937999999)",Unfall 126004 (2016) Kat:2, Licht: 0,126004,2,4,6,09,15,5,,0,0,1,1,0,0,0
"POINT (12.415402064000000 51.319928568000002)",Unfall 126006 (2016) Kat:3, Licht: 2,126006,3,2,3,09,20,2,,2,1,1,0,0,0,0
"POINT (12.338115495000000 51.327108852000002)",Unfall 126009 (2016) Kat:3, Licht: 0,126009,3,1,0,08,10,3,,0,0,0,0,1,0,0
"POINT (12.396053603000000 51.344950427000001)",Unfall 126010 (2016) Kat:2, Licht: 2,126010,2,3,5,09,22,6,,2,1,1,0,0,0,0
"POINT (12.367055243999999 51.335925091000000)",Unfall 126013 (2016) Kat:3, Licht: 0,126013,3,2,3,08,09,4,,0,1,1,0,0,0,0
"POINT (12.268226008999999 51.307900298000000)",Unfall 126016 (2016) Kat:3, Licht: 0,126016,3,3,5,08,13,3,,0,1,1,0,0,0,0
"POINT (12.415645484000001 51.323929546000002)",Unfall 126017 (2016) Kat:3, Licht: 0,126017,3,7,6,08,14,3,,0,0,0,1,0,0,1
"POINT (12.492936373999999 51.351034284000001)",Unfall 126023 (2016) Kat:3, Licht: 0,126023,3,1,0,09,16,4,,0,1,0,0,0,0,0
"POINT (12.414359140000000 51.345088197000003)",Unfall 126025 (2016) Kat:3, Licht: 0,126025,3,3,5,09,07,3,,0,0,1,0,0,0,0
"POINT (12.353928882000000 51.350908130999997)",Unfall 126029 (2016) Kat:3, Licht: 0,126029,3,2,4,08,14,3,,0,1,1,0,0,0,0
"POINT (12.306454557000000 51.351321624999997)",Unfall 126033 (2016) Kat:3, Licht: 0,126033,3,3,5,09,12,5,,0,0,1,0,0,0,0
"POINT (12.332927172000000 51.319090891999998)",Unfall 126034 (2016) Kat:2, Licht: 0,126034,2,1,1,09,09,3,,0,0,1,0,0,0,1
"POINT (12.334954825000001 51.326262892999999)",Unfall 126041 (2016) Kat:2, Licht: 1,126041,2,5,1,09,19,5,,1,1,1,0,0,0,0
"POINT (12.370668587000001 51.335197200000003)",Unfall 126043 (2016) Kat:3, Licht: 0,126043,3,7,4,08,08,4,,0,0,1,0,1,0,0
"POINT (12.403993355000001 51.345634984000000)",Unfall 126045 (2016) Kat:2, Licht: 0,126045,2,7,5,08,11,3,,0,0,1,0,1,0,0
"POINT (12.287560075000000 51.322875986000000)",Unfall 126049 (2016) Kat:3, Licht: 0,126049,3,7,0,09,08,2,,0,0,0,0,0,0,1
"POINT (12.307425854000000 51.350822170000001)",Unfall 126052 (2016) Kat:3, Licht: 0,126052,3,3,5,09,11,7,,0,0,1,0,1,0,0
"POINT (12.331149092000000 51.371996312000000)",Unfall 126053 (2016) Kat:3, Licht: 0,126053,3,3,5,08,16,3,,0,1,1,0,0,0,0
"POINT (12.330773725000000 51.372130337000002)",Unfall 126054 (2016) Kat:3, Licht: 1,126054,3,3,5,09,06,6,,1,0,0,0,1,0,1
"POINT (12.401291316000000 51.363183145000001)",Unfall 126055 (2016) Kat:2, Licht: 1,126055,2,7,0,09,05,7,,1,1,0,0,0,0,0
"POINT (12.401737216000001 51.346508407999998)",Unfall 126056 (2016) Kat:3, Licht: 0,126056,3,5,1,08,16,3,,0,1,0,0,0,0,1
"POINT (12.327276635000000 51.317338436000000)",Unfall 126058 (2016) Kat:3, Licht: 0,126058,3,2,2,09,08,4,,0,1,1,0,0,0,0
"POINT (12.438875583000000 51.331685284999999)",Unfall 126060 (2016) Kat:3, Licht: 0,126060,3,5,0,09,11,5,,0,0,1,0,0,0,1
"POINT (12.442819398999999 51.336124005999999)",Unfall 126064 (2016) Kat:3, Licht: 0,126064,3,6,1,08,14,3,,0,0,1,0,1,0,0
"POINT (12.364399943000000 51.337659999000003)",Unfall 126072 (2016) Kat:2, Licht: 0,126072,2,6,4,09,09,5,,0,1,0,0,0,0,0
"POINT (12.381696113000000 51.331773902000002)",Unfall 126074 (2016) Kat:3, Licht: 1,126074,3,3,5,08,05,3,,1,1,1,0,0,0,0
"POINT (12.378891705999999 51.345457332999999)",Unfall 126077 (2016) Kat:2, Licht: 2,126077,2,4,6,09,21,3,,2,0,0,1,0,0,1
"POINT (12.482994077000001 51.342782812999999)",Unfall 126079 (2016) Kat:3, Licht: 0,126079,3,3,1,08,14,4,,0,1,1,0,0,0,0
"POINT (12.307750923000000 51.410727903999998)",Unfall 126088 (2016) Kat:3, Licht: 0,126088,3,7,6,09,16,5,,0,0,1,1,0,0,0
"POINT (12.346587510000001 51.350819327000004)",Unfall 126089 (2016) Kat:3, Licht: 0,126089,3,2,3,09,16,3,,0,1,1,0,0,0,0
"POINT (12.316501304999999 51.332788878999999)",Unfall 126091 (2016) Kat:3, Licht: 0,126091,3,7,0,09,09,5,,0,0,1,0,0,0,0
"POINT (12.406918200000000 51.342368080999996)",Unfall 126095 (2016) Kat:3, Licht: 0,126095,3,2,2,09,17,4,,0,1,1,0,0,0,0
"POINT (12.449153518999999 51.311931086999998)",Unfall 126097 (2016) Kat:2, Licht: 2,126097,2,3,5,09,05,2,,2,0,1,0,1,0,0
"POINT (12.335981738999999 51.341261689000000)",Unfall 126100 (2016) Kat:3, Licht: 0,126100,3,3,5,09,18,6,,0,1,1,0,0,0,0
"POINT (12.376961372000000 51.343901553999999)",Unfall 126105 (2016) Kat:3, Licht: 2,126105,3,3,1,08,20,2,,2,1,1,0,0,0,0
"POINT (12.422938831000000 51.350849566999997)",Unfall 126107 (2016) Kat:2, Licht: 0,126107,2,3,5,09,14,7,,0,1,0,0,0,0,0
"POINT (12.390546437999999 51.290562870999999)",Unfall 126110 (2016) Kat:3, Licht: 2,126110,3,6,3,09,20,4,,2,1,1,0,0,0,0
"POINT (12.405578659000000 51.351551258999997)",Unfall 126112 (2016) Kat:3, Licht: 0,126112,3,6,2,09,13,5,,0,0,1,0,0,0,1
"POINT (12.361646258000000 51.338631319000001)",Unfall 126113 (2016) Kat:3, Licht: 0,126113,3,6,1,08,07,2,,0,0,1,0,0,0,0
"POINT (12.392204415000000 51.338888734000001)",Unfall 126118 (2016) Kat:2, Licht: 0,126118,2,2,4,09,08,6,,0,1,1,0,0,0,0
"POINT (12.327688046000000 51.299568340000000)",Unfall 126124 (2016) Kat:3, Licht: 0,126124,3,6,2,09,09,6,,0,0,1,0,0,0,0
"POINT (12.353962213000001 51.350909637000001)",Unfall 126129 (2016) Kat:3, Licht: 0,126129,3,2,4,09,11,5,,0,1,0,0,0,0,1
"POINT (12.373543980000001 51.330087581000001)",Unfall 126130 (2016) Kat:3, Licht: 0,126130,3,3,5,08,12,4,,0,1,0,0,0,0,0
"POINT (12.408355894000000 51.340081283000004)",Unfall 126132 (2016) Kat:3, Licht: 0,126132,3,4,6,09,07,4,,0,0,1,1,0,0,0
"POINT (12.350777194000001 51.332778687999998)",Unfall 126140 (2016) Kat:3, Licht: 0,126140,3,6,2,09,12,6,,0,0,1,0,0,0,0
"POINT (12.395783084000000 51.363295029000000)",Unfall 126142 (2016) Kat:3, Licht: 0,126142,3,3,5,09,13,5,,0,1,1,0,0,0,0
"POINT (12.438997429000000 51.392871843000002)",Unfall 126143 (2016) Kat:3, Licht: 1,126143,3,3,5,09,05,3,,1,1,1,0,0,0,0
"POINT (12.445298830000000 51.346154906999999)",Unfall 126145 (2016) Kat:3, Licht: 0,126145,3,2,5,08,07,2,,0,1,1,0,0,0,0
"POINT (12.487913471000001 51.322736718000002)",Unfall 126149 (2016) Kat:3, Licht: 0,126149,3,2,4,09,07,3,,0,0,1,0,1,0,0
"POINT (12.413926351000001 51.347131814000001)",Unfall 126158 (2016) Kat:3, Licht: 0,126158,3,6,3,09,13,3,,0,1,0,0,0,0,0
"POINT (12.279383386999999 51.311120006000003)",Unfall 126161 (2016) Kat:3, Licht: 0,126161,3,2,2,09,13,3,,0,0,1,0,0,0,0
"POINT (12.352267733000000 51.319383072000001)",Unfall 126168 (2016) Kat:3, Licht: 0,126168,3,2,5,09,16,3,,0,1,0,0,0,0,0
"POINT (12.460297589000000 51.368480355999999)",Unfall 126173 (2016) Kat:3, Licht: 1,126173,3,2,4,09,06,5,,1,1,1,0,0,0,0
"POINT (12.378046985999999 51.337109908000002)",Unfall 126176 (2016) Kat:2, Licht: 2,126176,2,7,4,09,23,2,,2,1,0,1,0,0,0
"POINT (12.368071073999999 51.326187300999997)",Unfall 126177 (2016) Kat:3, Licht: 0,126177,3,2,5,09,16,3,,0,0,1,0,1,0,0
"POINT (12.476541507000000 51.345192906000001)",Unfall 126178 (2016) Kat:2, Licht: 0,126178,2,1,8,09,14,3,,0,1,0,0,0,0,0
"POINT (12.382462617000000 51.338658615000000)",Unfall 126182 (2016) Kat:3, Licht: 2,126182,3,6,6,09,21,6,,2,0,1,1,0,0,0
"POINT (12.301285926000000 51.269374528999997)",Unfall 126184 (2016) Kat:3, Licht: 0,126184,3,1,8,09,08,2,,0,0,1,0,0,0,0
"POINT (12.394403103000000 51.395860970999998)",Unfall 126186 (2016) Kat:3, Licht: 0,126186,3,3,3,09,08,4,,0,1,1,0,0,0,0
"POINT (12.417912288000000 51.375639229000001)",Unfall 126192 (2016) Kat:3, Licht: 0,126192,3,6,2,09,15,2,,0,0,1,0,0,0,0
"POINT (12.367438762000001 51.341165334000003)",Unfall 126198 (2016) Kat:3, Licht: 0,126198,3,2,3,09,11,6,,0,1,1,0,0,0,0
"POINT (12.320371180000000 51.300269602999997)",Unfall 126201 (2016) Kat:3, Licht: 0,126201,3,4,6,09,15,6,,0,0,1,1,0,0,0
"POINT (12.375068167000000 51.364386142999997)",Unfall 126202 (2016) Kat:3, Licht: 0,126202,3,2,6,09,16,2,,0,0,1,1,0,0,0
"POINT (12.367551223000000 51.320954153999999)",Unfall 126203 (2016) Kat:3, Licht: 0,126203,3,3,0,09,17,4,,0,1,1,0,0,0,0
"POINT (12.368190860000000 51.337800252000001)",Unfall 126210 (2016) Kat:3, Licht: 0,126210,3,3,5,09,08,7,,0,1,1,0,0,0,0
"POINT (12.361439795000001 51.375087839000003)",Unfall 126214 (2016) Kat:2, Licht: 0,126214,2,2,3,09,06,2,,0,1,1,0,0,0,0
"POINT (12.452167856999999 51.350363627999997)",Unfall 126215 (2016) Kat:3, Licht: 2,126215,3,3,5,09,20,3,,2,1,1,0,0,0,0
"POINT (12.292453232000000 51.390217532000001)",Unfall 126218 (2016) Kat:3, Licht: 0,126218,3,6,4,09,15,5,,0,0,1,0,0,0,1
"POINT (12.285849041000001 51.330963144000002)",Unfall 126219 (2016) Kat:3, Licht: 0,126219,3,3,5,09,13,7,,0,1,1,0,0,0,0
"POINT (12.392976731999999 51.376353756000000)",Unfall 126224 (2016) Kat:3, Licht: 0,126224,3,4,6,09,15,2,,0,0,1,1,0,0,0
"POINT (12.338759681000001 51.328245182000003)",Unfall 126228 (2016) Kat:3, Licht: 0,126228,3,2,4,09,16,3,,0,1,1,0,0,0,0
"POINT (12.295302221000000 51.399580012000001)",Unfall 126230 (2016) Kat:3, Licht: 2,126230,3,2,3,09,23,6,,2,0,1,0,1,0,0
"POINT (12.428294799000000 51.379736368000003)",Unfall 126233 (2016) Kat:2, Licht: 0,126233,2,2,4,09,13,2,,0,1,1,0,0,0,0
"POINT (12.373680649000001 51.325889943999996)",Unfall 126237 (2016) Kat:3, Licht: 0,126237,3,6,2,09,08,2,,0,0,1,0,0,0,0
"POINT (12.389346671000000 51.353951799000001)",Unfall 126242 (2016) Kat:3, Licht: 0,126242,3,6,3,09,15,6,,0,0,1,0,0,1,0
"POINT (12.289880366000000 51.322122673000003)",Unfall 126244 (2016) Kat:3, Licht: 2,126244,3,1,1,09,22,2,,2,1,1,0,0,0,0
"POINT (12.381751762000000 51.332005006000003)",Unfall 126247 (2016) Kat:3, Licht: 0,126247,3,3,5,09,16,4,,0,1,1,0,0,0,0
"POINT (12.373723643000000 51.305581638000000)",Unfall 126252 (2016) Kat:3, Licht: 0,126252,3,6,1,09,18,7,,0,1,0,0,0,0,1
"POINT (12.356488594000000 51.380541880000003)",Unfall 126253 (2016) Kat:3, Licht: 1,126253,3,7,0,09,18,6,,1,1,0,0,0,0,0
"POINT (12.410964668000000 51.329897012000004)",Unfall 126258 (2016) Kat:2, Licht: 0,126258,2,3,5,09,07,3,,0,1,1,0,0,0,0
"POINT (12.382632490000001 51.340375950999999)",Unfall 126262 (2016) Kat:3, Licht: 0,126262,3,7,1,09,15,4,,0,1,1,0,0,0,0
"POINT (12.384328304000000 51.300518087999997)",Unfall 126266 (2016) Kat:3, Licht: 0,126266,3,3,5,09,08,7,,0,1,1,0,0,0,0
"POINT (12.421731983000001 51.332569204999999)",Unfall 126276 (2016) Kat:3, Licht: 0,126276,3,2,1,09,08,7,,0,0,1,0,0,0,0
"POINT (12.464390604000000 51.295368721999999)",Unfall 126278 (2016) Kat:3, Licht: 0,126278,3,3,5,09,13,5,,0,1,1,0,0,0,0
"POINT (12.398083518000000 51.317472338000002)",Unfall 126283 (2016) Kat:1, Licht: 0,126283,1,3,5,09,10,6,,0,1,1,0,0,0,0
"POINT (12.371298907000000 51.330043345999997)",Unfall 126289 (2016) Kat:3, Licht: 0,126289,3,6,2,09,09,7,,0,0,1,0,0,0,0
"POINT (12.370978506000000 51.344034487000002)",Unfall 126291 (2016) Kat:3, Licht: 0,126291,3,6,2,09,15,4,,0,0,1,0,1,0,0
"POINT (12.407613401000001 51.339310847999997)",Unfall 126294 (2016) Kat:1, Licht: 0,126294,1,2,3,09,07,3,,0,1,0,0,0,1,0
"POINT (12.393532164000000 51.331196669000001)",Unfall 126302 (2016) Kat:3, Licht: 2,126302,3,6,3,09,20,4,,2,1,1,0,0,0,0
"POINT (12.378520506999999 51.313845434999998)",Unfall 126303 (2016) Kat:3, Licht: 0,126303,3,3,5,09,11,7,,0,0,1,0,0,0,0
"POINT (12.376798768000000 51.344574037000001)",Unfall 126305 (2016) Kat:3, Licht: 0,126305,3,6,2,09,08,4,,0,0,1,0,1,0,0
"POINT (12.284751542000000 51.312176559000001)",Unfall 126307 (2016) Kat:3, Licht: 0,126307,3,2,3,09,11,7,,0,0,1,0,0,0,1
"POINT (12.436010812999999 51.345421528999999)",Unfall 126308 (2016) Kat:2, Licht: 0,126308,2,6,3,09,13,6,,0,0,1,0,0,0,1
"POINT (12.370876821000000 51.335070375000001)",Unfall 126309 (2016) Kat:3, Licht: 0,126309,3,2,3,09,07,5,,0,1,1,0,0,0,0
"POINT (12.407245214000000 51.369578406000002)",Unfall 126311 (2016) Kat:2, Licht: 0,126311,2,6,3,09,09,2,,0,0,1,0,0,0,0
"POINT (12.331442912000000 51.349641769999998)",Unfall 126313 (2016) Kat:3, Licht: 0,126313,3,3,5,09,06,5,,0,1,1,0,0,0,0
"POINT (12.354879456999999 51.349757570999998)",Unfall 126314 (2016) Kat:3, Licht: 0,126314,3,3,5,09,07,4,,0,0,1,0,0,0,0
"POINT (12.349299867999999 51.348477891000002)",Unfall 126318 (2016) Kat:3, Licht: 1,126318,3,2,4,09,19,4,,1,0,1,0,0,0,0
"POINT (12.378453269000000 51.319605299999999)",Unfall 126320 (2016) Kat:3, Licht: 0,126320,3,3,5,09,12,4,,0,0,1,0,0,0,0
"POINT (12.292271253999999 51.356160248999998)",Unfall 126323 (2016) Kat:3, Licht: 0,126323,3,3,5,09,16,5,,0,1,1,0,0,0,0
"POINT (12.340273756000000 51.330357644000003)",Unfall 126327 (2016) Kat:3, Licht: 0,126327,3,3,5,09,17,1,,0,0,1,0,0,0,0
"POINT (12.384979301000000 51.298892582999997)",Unfall 126331 (2016) Kat:3, Licht: 0,126331,3,3,5,09,16,4,,0,1,1,0,0,0,0