WKT,Name,OBJECTID,UKATEGORIE,UTYP1,UART,UMONAT,USTUNDE,UWOCHENTAG,STRZUSTAND,ULICHTVERH,ISTRAD,ISTPKW,ISTFUSS,ISTKRAD,ISTGKFZ,ISTSONSTIG
"POINT (12.277812223000000 51.318968726999998)",Unfall 126332 (2016) Kat:3, Licht: 2,126332,3,6,2,09,19,5,,2,0,1,0,0,0,0
"POINT (12.413046311000000 51.324572688000003)",Unfall 126335 (2016) Kat:3, Licht: 0,126335,3,2,3,09,07,5,,0,1,1,0,0,0,0
"POINT (12.402655709999999 51.376063866000003)",Unfall 126344 (2016) Kat:3, Licht: 0,126344,3,3,5,09,07,5,,0,1,1,0,0,0,0
"POINT (12.369913266999999 51.342946316999999)",Unfall 126347 (2016) Kat:2, Licht: 0,126347,2,1,0,09,11,7,,0,0,0,0,1,0,0
"POINT (12.373666905000000 51.332839677999999)",Unfall 126351 (2016) Kat:2, Licht: 0,126351,2,2,3,09,07,4,,0,1,1,0,0,0,0
"POINT (12.395834613000000 51.332150333000001)",Unfall 126356 (2016) Kat:3, Licht: 0,126356,3,3,5,09,12,1,,0,0,1,0,1,0,0
"POINT (12.373647420999999 51.333017415999997)",Unfall 126358 (2016) Kat:2, Licht: 0,126358,2,1,9,09,10,1,,0,1,0,0,0,0,0
"POINT (12.406182239000000 51.347501581000003)",Unfall 126362 (2016) Kat:3, Licht: 0,126362,3,2,3,09,07,4,,0,1,1,0,0,0,0
"POINT (12.323321408000000 51.295370591999998)",Unfall 126367 (2016) Kat:2, Licht: 0,126367,2,3,5,09,19,1,,0,0,1,0,1,0,0
"POINT (12.412385409000001 51.333617994000001)",Unfall 126372 (2016) Kat:3, Licht: 0,126372,3,7,1,09,11,4,,0,1,1,0,0,0,0
"POINT (12.348899106999999 51.318850691000002)",Unfall 126402 (2016) Kat:3, Licht: 0,126402,3,6,2,09,07,2,,0,0,1,0,0,0,0
"POINT (12.329025797000000 51.320845022000000)",Unfall 126406 (2016) Kat:3, Licht: 0,126406,3,3,5,09,15,3,,0,0,1,0,0,0,0
"POINT (12.263456208999999 51.324553405000003)",Unfall 126414 (2016) Kat:3, Licht: 0,126414,3,3,5,09,13,4,,0,1,1,0,0,0,0
"POINT (12.356965167000000 51.336129909000000)",Unfall 126420 (2016) Kat:3, Licht: 0,126420,3,2,4,09,16,6,,0,0,1,0,0,0,0
"POINT (12.395889814000000 51.323562621000001)",Unfall 126421 (2016) Kat:3, Licht: 0,126421,3,2,2,10,08,6,,0,0,1,0,0,0,0
"POINT (12.363536862000000 51.372645208000002)",Unfall 126422 (2016) Kat:2, Licht: 0,126422,2,2,4,09,15,3,,0,1,1,0,0,0,0
"POINT (12.384573006000000 51.337226184999999)",Unfall 126424 (2016) Kat:3, Licht: 2,126424,3,3,5,10,22,3,,2,1,1,0,0,0,0
"POINT (12.362589902000000 51.344072130000001)",Unfall 126428 (2016) Kat:3, Licht: 0,126428,3,3,5,09,17,4,,0,1,1,0,0,0,0
"POINT (12.373546976000000 51.330106139000002)",Unfall 126429 (2016) Kat:3, Licht: 0,126429,3,4,6,10,18,2,,0,1,1,1,0,0,0
"POINT (12.391617635999999 51.357979786000001)",Unfall 126431 (2016) Kat:3, Licht: 0,126431,3,3,5,09,15,3,,0,0,1,0,0,0,0
"POINT (12.372665488000001 51.353632243000000)",Unfall 126432 (2016) Kat:3, Licht: 0,126432,3,3,5,09,07,6,,0,1,1,0,0,0,0
"POINT (12.342743645000001 51.372411544000002)",Unfall 126438 (2016) Kat:2, Licht: 0,126438,2,4,6,10,07,3,,0,0,1,1,0,0,0
"POINT (12.420463509999999 51.354301544999998)",Unfall 126449 (2016) Kat:3, Licht: 1,126449,3,2,5,10,20,7,,1,0,1,0,1,0,0
"POINT (12.327293736000000 51.305015875999999)",Unfall 126451 (2016) Kat:3, Licht: 1,126451,3,2,2,09,06,4,,1,1,1,0,0,0,0
"POINT (12.314182733999999 51.413778115000000)",Unfall 126452 (2016) Kat:2, Licht: 0,126452,2,6,4,10,16,5,,0,0,1,0,0,1,0
"POINT (12.407425748000000 51.346219116000000)",Unfall 126454 (2016) Kat:3, Licht: 2,126454,3,3,5,10,06,4,,2,0,1,0,0,0,0
"POINT (12.403753804000001 51.332162646000000)",Unfall 126457 (2016) Kat:3, Licht: 0,126457,3,3,5,09,07,4,,0,0,1,0,1,0,0
"POINT (12.453069312000000 51.411949884999999)",Unfall 126461 (2016) Kat:3, Licht: 0,126461,3,1,0,09,16,3,,0,1,0,0,0,0,0
"POINT (12.363771008000001 51.362818451000003)",Unfall 126468 (2016) Kat:3, Licht: 0,126468,3,4,6,10,15,4,,0,0,0,1,0,0,1
"POINT (12.412356983000000 51.393173756000003)",Unfall 126472 (2016) Kat:3, Licht: 0,126472,3,6,2,10,10,2,,0,0,1,0,0,0,0
"POINT (12.330762314999999 51.372134410999998)",Unfall 126473 (2016) Kat:3, Licht: 0,126473,3,3,5,09,16,4,,0,1,1,0,0,0,0
"POINT (12.286150041999999 51.322092875000003)",Unfall 126478 (2016) Kat:3, Licht: 1,126478,3,2,5,10,17,3,,1,0,1,0,0,0,1
"POINT (12.381961949000001 51.304409749999998)",Unfall 126481 (2016) Kat:3, Licht: 0,126481,3,2,4,09,13,1,,0,0,1,0,1,0,0
"POINT (12.385295659000001 51.376171538000001)",Unfall 126482 (2016) Kat:3, Licht: 0,126482,3,6,2,09,15,4,,0,0,1,0,0,0,0
"POINT (12.438952431000001 51.392858361999998)",Unfall 126483 (2016) Kat:3, Licht: 0,126483,3,3,5,10,16,2,,0,0,1,0,1,0,0
"POINT (12.391151022000001 51.351697553000001)",Unfall 126485 (2016) Kat:3, Licht: 0,126485,3,6,2,09,14,1,,0,0,1,0,0,0,0
"POINT (12.373670082000000 51.332801582000002)",Unfall 126486 (2016) Kat:3, Licht: 0,126486,3,6,3,09,08,4,,0,1,0,0,0,0,0
"POINT (12.387210009000000 51.309213976000002)",Unfall 126492 (2016) Kat:3, Licht: 1,126492,3,4,6,10,06,5,,1,0,1,1,0,0,0
"POINT (12.312896273000000 51.309034699000001)",Unfall 126495 (2016) Kat:3, Licht: 0,126495,3,6,4,09,09,1,,0,0,1,0,0,0,0
"POINT (12.396451952000000 51.301189004999998)",Unfall 126510 (2016) Kat:2, Licht: 1,126510,2,3,5,10,07,4,,1,1,1,0,0,0,0
"POINT (12.373602039000000 51.332999362999999)",Unfall 126512 (2016) Kat:3, Licht: 1,126512,3,2,3,10,18,4,,1,1,1,0,0,0,0
"POINT (12.365613942000000 51.339609080000002)",Unfall 126516 (2016) Kat:3, Licht: 0,126516,3,2,4,10,09,3,,0,1,1,0,0,0,0
"POINT (12.361264485000000 51.339796253000003)",Unfall 126518 (2016) Kat:3, Licht: 0,126518,3,3,5,10,17,3,,0,0,1,0,0,0,0
"POINT (12.348769191000001 51.332145408000002)",Unfall 126519 (2016) Kat:3, Licht: 0,126519,3,2,3,10,12,7,,0,1,1,0,0,0,0
"POINT (12.360061626000000 51.315946881000002)",Unfall 126525 (2016) Kat:3, Licht: 2,126525,3,1,9,10,19,4,,2,0,1,0,0,0,0
"POINT (12.365502570000000 51.362766450000002)",Unfall 126530 (2016) Kat:3, Licht: 0,126530,3,7,6,10,10,3,,0,0,1,1,0,0,0
"POINT (12.373341247000001 51.318219333999998)",Unfall 126534 (2016) Kat:3, Licht: 2,126534,3,5,0,10,19,3,,2,1,1,0,0,0,0
"POINT (12.376998909999999 51.332747515999998)",Unfall 126537 (2016) Kat:3, Licht: 0,126537,3,4,6,09,16,5,,0,1,0,1,0,0,0
"POINT (12.377314354999999 51.306474682999998)",Unfall 126540 (2016) Kat:3, Licht: 1,126540,3,6,2,10,07,4,,1,1,1,0,0,0,0
"POINT (12.274049992000000 51.324839455000003)",Unfall 126547 (2016) Kat:3, Licht: 0,126547,3,2,4,09,08,5,,0,1,1,0,0,0,0
"POINT (12.347368831000001 51.350495248999998)",Unfall 126559 (2016) Kat:3, Licht: 0,126559,3,3,5,09,14,5,,0,1,1,0,0,0,0
"POINT (12.370481011000001 51.327911258000000)",Unfall 126562 (2016) Kat:3, Licht: 2,126562,3,6,2,10,04,3,,2,0,1,0,0,0,0
"POINT (12.406104903999999 51.346839854000002)",Unfall 126563 (2016) Kat:3, Licht: 0,126563,3,2,4,10,17,7,,0,0,1,0,0,0,0
"POINT (12.400324574000001 51.345828914000002)",Unfall 126565 (2016) Kat:3, Licht: 0,126565,3,2,3,09,16,5,,0,1,1,0,0,0,0
"POINT (12.371503582000001 51.331559419000001)",Unfall 126566 (2016) Kat:3, Licht: 0,126566,3,2,5,10,08,4,,0,1,1,0,0,0,0
"POINT (12.371194322999999 51.351809617000001)",Unfall 126569 (2016) Kat:3, Licht: 2,126569,3,5,1,10,18,4,,2,0,1,0,1,0,0
"POINT (12.371104704000000 51.339792488999997)",Unfall 126571 (2016) Kat:3, Licht: 0,126571,3,2,2,09,10,5,,0,0,1,0,0,0,0
"POINT (12.461801721000000 51.313063444999997)",Unfall 126574 (2016) Kat:3, Licht: 0,126574,3,6,1,09,15,5,,0,1,1,0,0,0,0
"POINT (12.379382720000001 51.359418521000002)",Unfall 126576 (2016) Kat:3, Licht: 0,126576,3,3,5,10,15,3,,0,0,1,0,0,0,0
"POINT (12.409943900000000 51.372301190000002)",Unfall 126579 (2016) Kat:3, Licht: 0,126579,3,2,4,09,09,5,,0,0,1,0,0,0,0
"POINT (12.371639967000000 51.338578603999999)",Unfall 126582 (2016) Kat:2, Licht: 2,126582,2,5,0,10,20,4,,2,1,1,0,0,0,0
"POINT (12.369944436999999 51.355878374000000)",Unfall 126587 (2016) Kat:3, Licht: 0,126587,3,1,9,10,15,3,,0,1,0,0,0,0,0
"POINT (12.412204601999999 51.359596903000003)",Unfall 126594 (2016) Kat:3, Licht: 0,126594,3,1,0,10,15,3,,0,1,0,0,0,0,0
"POINT (12.307250043000000 51.317001011000002)",Unfall 126599 (2016) Kat:3, Licht: 0,126599,3,6,6,10,14,2,,0,1,0,1,0,0,0
"POINT (12.384615995000001 51.337251832000000)",Unfall 126604 (2016) Kat:3, Licht: 0,126604,3,3,5,09,16,2,,0,1,1,0,0,0,0
"POINT (12.328048601000001 51.306293140000001)",Unfall 126607 (2016) Kat:3, Licht: 0,126607,3,3,5,10,14,5,,0,0,1,0,0,0,0
"POINT (12.395420372000000 51.282520736000002)",Unfall 126610 (2016) Kat:2, Licht: 0,126610,2,4,6,09,11,7,,0,0,1,1,0,0,0
"POINT (12.395245655000000 51.312906826000003)",Unfall 126614 (2016) Kat:3, Licht: 0,126614,3,3,5,09,13,2,,0,1,1,0,0,0,0
"POINT (12.327411044000000 51.335025971000000)",Unfall 126618 (2016) Kat:3, Licht: 1,126618,3,6,2,10,19,7,,1,0,1,0,0,0,0
"POINT (12.381786948000000 51.338644645999999)",Unfall 126620 (2016) Kat:3, Licht: 0,126620,3,2,4,10,11,7,,0,1,1,0,0,0,0
"POINT (12.291576170000001 51.322425586999998)",Unfall 126625 (2016) Kat:3, Licht: 0,126625,3,6,2,10,11,4,,0,0,1,0,0,0,0
"POINT (12.381175416000000 51.384312176000002)",Unfall 126626 (2016) Kat:3, Licht: 0,126626,3,6,2,09,16,2,,0,0,1,0,0,0,0
"POINT (12.322580885000001 51.374370722000002)",Unfall 126627 (2016) Kat:1, Licht: 0,126627,1,7,1,10,07,4,,0,0,1,0,0,0,1
"POINT (12.263085490000000 51.344634135000000)",Unfall 126629 (2016) Kat:3, Licht: 0,126629,3,3,5,10,13,7,,0,0,1,0,0,0,1
"POINT (12.374636900000000 51.367073200000000)",Unfall 126632 (2016) Kat:3, Licht: 0,126632,3,5,0,09,07,2,,0,1,1,0,0,0,0
"POINT (12.371297626000000 51.361791734999997)",Unfall 126635 (2016) Kat:3, Licht: 0,126635,3,6,2,09,15,2,,0,1,1,0,0,0,0
"POINT (12.338959398000000 51.349943981000003)",Unfall 126641 (2016) Kat:3, Licht: 0,126641,3,6,2,10,11,7,,0,0,1,0,0,0,0
"POINT (12.373453455000000 51.315821890999999)",Unfall 126646 (2016) Kat:1, Licht: 0,126646,1,4,6,10,15,3,,0,0,0,1,0,0,1
"POINT (12.401411140000000 51.351661534000002)",Unfall 126661 (2016) Kat:2, Licht: 1,126661,2,1,4,10,17,5,,1,0,1,0,0,0,1
"POINT (12.395878188999999 51.346064810999998)",Unfall 126666 (2016) Kat:3, Licht: 0,126666,3,2,4,09,07,3,,0,1,1,0,0,0,0
"POINT (12.386395885000001 51.343379632999998)",Unfall 126679 (2016) Kat:2, Licht: 0,126679,2,3,5,10,09,4,,0,1,0,0,0,0,1
"POINT (12.403252588999999 51.347030429999997)",Unfall 126683 (2016) Kat:3, Licht: 0,126683,3,3,5,09,16,3,,0,1,1,0,0,0,0
"POINT (12.376569005000000 51.315707863000000)",Unfall 126687 (2016) Kat:3, Licht: 0,126687,3,3,5,09,15,3,,0,1,1,0,0,0,0
"POINT (12.364004218000000 51.327922074999996)",Unfall 126701 (2016) Kat:3, Licht: 2,126701,3,6,2,10,18,2,,2,0,1,0,0,0,0
"POINT (12.327269221000000 51.315389664000001)",Unfall 126703 (2016) Kat:3, Licht: 0,126703,3,1,1,10,10,6,,0,0,1,0,0,0,0
"POINT (12.405947855000001 51.313861258000003)",Unfall 126704 (2016) Kat:3, Licht: 0,126704,3,6,2,10,14,6,,0,0,1,0,0,0,0
"POINT (12.409944942999999 51.325385171999997)",Unfall 126705 (2016) Kat:3, Licht: 2,126705,3,5,1,10,18,5,,2,1,1,0,0,0,0
"POINT (12.367452245999999 51.367233855999999)",Unfall 126708 (2016) Kat:3, Licht: 1,126708,3,2,4,10,07,4,,1,1,1,0,0,0,0
"POINT (12.383799745999999 51.352087026000000)",Unfall 126709 (2016) Kat:3, Licht: 0,126709,3,3,5,10,13,6,,0,0,1,0,0,0,0
"POINT (12.373417876000000 51.323168824000000)",Unfall 126711 (2016) Kat:3, Licht: 0,126711,3,2,3,10,17,2,,0,1,0,0,0,0,0
"POINT (12.370685436000000 51.335200061000002)",Unfall 126713 (2016) Kat:3, Licht: 0,126713,3,2,2,10,10,3,,0,0,1,0,0,0,0
"POINT (12.361604306000000 51.363373498999998)",Unfall 126715 (2016) Kat:3, Licht: 2,126715,3,2,3,10,19,2,,2,0,1,0,0,0,1
"POINT (12.416538652000000 51.321877528999998)",Unfall 126716 (2016) Kat:3, Licht: 0,126716,3,3,5,10,16,3,,0,1,1,0,0,0,0
"POINT (12.387993452000000 51.353281826000000)",Unfall 126717 (2016) Kat:3, Licht: 2,126717,3,3,5,10,21,6,,2,1,0,0,0,0,1
"POINT (12.318552175000001 51.345510054999998)",Unfall 126721 (2016) Kat:3, Licht: 2,126721,3,4,6,11,16,3,,2,0,1,1,0,0,0
"POINT (12.388115782000000 51.354997386999997)",Unfall 126723 (2016) Kat:3, Licht: 0,126723,3,1,0,10,11,4,,0,0,0,0,1,0,0
"POINT (12.364951383999999 51.339890195999999)",Unfall 126726 (2016) Kat:3, Licht: 0,126726,3,7,6,10,16,4,,0,0,1,0,0,0,1
"POINT (12.373697593999999 51.332216985000002)",Unfall 126727 (2016) Kat:3, Licht: 0,126727,3,2,4,10,15,4,,0,1,0,0,0,0,1
"POINT (12.462294744999999 51.366176717999998)",Unfall 126736 (2016) Kat:2, Licht: 0,126736,2,3,5,10,14,4,,0,1,1,0,0,0,0
"POINT (12.396372382999999 51.309669268999997)",Unfall 126739 (2016) Kat:3, Licht: 0,126739,3,1,8,10,12,3,,0,0,1,0,0,0,0
"POINT (12.452771117999999 51.298853164999997)",Unfall 126740 (2016) Kat:3, Licht: 0,126740,3,3,5,10,10,4,,0,0,1,0,0,0,0
"POINT (12.301097220000001 51.410899280000002)",Unfall 126741 (2016) Kat:2, Licht: 2,126741,2,1,0,10,22,4,,2,0,0,0,1,0,0
"POINT (12.326273069999999 51.339704238000003)",Unfall 126742 (2016) Kat:3, Licht: 2,126742,3,3,5,10,01,7,,2,0,1,1,0,0,0
"POINT (12.409250150000000 51.340775229999998)",Unfall 126746 (2016) Kat:3, Licht: 1,126746,3,6,2,10,17,3,,1,0,1,0,0,0,0
"POINT (12.395414836000000 51.346089042000003)",Unfall 126749 (2016) Kat:3, Licht: 0,126749,3,5,1,10,09,4,,0,1,1,0,0,0,0
"POINT (12.366746595000000 51.345071947999998)",Unfall 126751 (2016) Kat:3, Licht: 2,126751,3,2,3,10,07,3,,2,1,1,0,0,0,0
"POINT (12.281988696000001 51.357892880999998)",Unfall 126756 (2016) Kat:2, Licht: 2,126756,2,3,5,10,20,4,,2,1,0,0,0,0,1
"POINT (12.374525311999999 51.335842651999997)",Unfall 126770 (2016) Kat:3, Licht: 1,126770,3,4,6,10,18,4,,1,0,1,1,0,0,0
"POINT (12.396363199000000 51.310241255000001)",Unfall 126771 (2016) Kat:2, Licht: 0,126771,2,1,0,10,08,6,,0,1,1,0,0,0,0
"POINT (12.394400685999999 51.314565201000001)",Unfall 126786 (2016) Kat:3, Licht: 0,126786,3,2,4,10,15,4,,0,0,1,0,0,0,0
"POINT (12.360851290999999 51.360651390999998)",Unfall 126792 (2016) Kat:3, Licht: 0,126792,3,2,2,10,14,1,,0,0,1,0,0,0,0
"POINT (12.347463620999999 51.388509687999999)",Unfall 126811 (2016) Kat:3, Licht: 0,126811,3,3,5,10,15,5,,0,1,1,0,0,0,0
"POINT (12.381704365999999 51.320682595999997)",Unfall 126819 (2016) Kat:2, Licht: 2,126819,2,1,8,10,03,1,,2,0,1,0,0,0,0
"POINT (12.345501829000000 51.327190731999998)",Unfall 126822 (2016) Kat:3, Licht: 2,126822,3,3,5,10,19,7,,2,1,1,0,0,0,0
"POINT (12.318785454000000 51.331556036999999)",Unfall 126826 (2016) Kat:2, Licht: 0,126826,2,6,3,10,16,5,,0,0,1,0,1,0,0
"POINT (12.364498286000000 51.326742144999997)",Unfall 126827 (2016) Kat:3, Licht: 1,126827,3,2,3,10,07,5,,1,1,1,0,0,0,0
"POINT (12.405972354999999 51.335957929000003)",Unfall 126832 (2016) Kat:3, Licht: 0,126832,3,3,5,10,15,6,,0,1,1,0,0,0,0
"POINT (12.408358451000000 51.337524090000002)",Unfall 126833 (2016) Kat:3, Licht: 0,126833,3,6,2,10,12,7,,0,0,1,0,0,0,0
"POINT (12.422089509999999 51.319631039000001)",Unfall 126835 (2016) Kat:3, Licht: 2,126835,3,2,3,10,19,5,,2,1,1,0,0,0,0
"POINT (12.418603243000000 51.336139267999997)",Unfall 126837 (2016) Kat:3, Licht: 0,126837,3,3,5,10,14,5,,0,0,1,0,0,0,0
"POINT (12.419066052000000 51.379080143000003)",Unfall 126840 (2016) Kat:3, Licht: 0,126840,3,5,4,10,11,5,,0,0,0,0,0,0,1
"POINT (12.365483845000000 51.362417882999999)",Unfall 126841 (2016) Kat:3, Licht: 1,126841,3,2,4,10,18,5,,1,1,1,0,0,0,0
"POINT (12.374834327000000 51.344384026000000)",Unfall 126847 (2016) Kat:3, Licht: 2,126847,3,6,2,10,18,7,,2,0,1,0,0,0,0
"POINT (12.355585114000000 51.364739989999997)",Unfall 126848 (2016) Kat:3, Licht: 0,126848,3,5,1,10,13,5,,0,1,1,0,0,0,0
"POINT (12.405903221999999 51.345209589000000)",Unfall 126849 (2016) Kat:3, Licht: 0,126849,3,6,3,10,15,2,,0,0,1,0,0,0,0
"POINT (12.384890530000000 51.338120670000002)",Unfall 126854 (2016) Kat:3, Licht: 0,126854,3,2,3,10,15,7,,0,1,1,0,0,0,0
"POINT (12.371501556000000 51.338119581999997)",Unfall 126858 (2016) Kat:3, Licht: 2,126858,3,3,5,10,19,2,,2,1,1,0,0,0,0
"POINT (12.333553859000000 51.319515193999997)",Unfall 126860 (2016) Kat:3, Licht: 1,126860,3,3,5,10,17,7,,1,1,1,0,0,0,0
"POINT (12.368557783000000 51.317496415000001)",Unfall 126863 (2016) Kat:3, Licht: 2,126863,3,5,1,10,19,7,,2,1,1,0,0,0,0
"POINT (12.393230393000000 51.336943836000003)",Unfall 126864 (2016) Kat:3, Licht: 0,126864,3,3,5,10,12,5,,0,1,1,0,0,0,0
"POINT (12.378600724000000 51.324173428000002)",Unfall 126867 (2016) Kat:3, Licht: 0,126867,3,3,5,10,09,7,,0,1,1,0,0,0,0
"POINT (12.375032962000001 51.302846508000002)",Unfall 126868 (2016) Kat:2, Licht: 0,126868,2,3,5,10,13,7,,0,0,1,0,0,0,0
"POINT (12.368137772000001 51.334883038999997)",Unfall 126870 (2016) Kat:3, Licht: 1,126870,3,3,5,10,08,5,,1,0,0,0,0,1,1
"POINT (12.296576592999999 51.317922097999997)",Unfall 126871 (2016) Kat:3, Licht: 0,126871,3,3,5,10,16,2,,0,0,1,0,0,0,0
"POINT (12.320999179999999 51.302774765999999)",Unfall 126873 (2016) Kat:3, Licht: 1,126873,3,2,4,10,07,5,,1,0,1,0,1,0,0
"POINT (12.394377405000000 51.351847003000003)",Unfall 126876 (2016) Kat:3, Licht: 0,126876,3,2,3,10,16,5,,0,1,0,0,0,0,0
"POINT (12.415796179999999 51.333750854000002)",Unfall 126878 (2016) Kat:3, Licht: 0,126878,3,3,5,10,10,2,,0,1,1,0,0,0,0
"POINT (12.362335997000001 51.339080869000000)",Unfall 126880 (2016) Kat:3, Licht: 1,126880,3,2,2,10,18,3,,1,0,1,0,0,0,0
"POINT (12.414412703000000 51.345085456000000)",Unfall 126883 (2016) Kat:3, Licht: 0,126883,3,2,4,10,15,7,,0,0,1,0,0,0,0
"POINT (12.394400250000000 51.395675705999999)",Unfall 126884 (2016) Kat:3, Licht: 0,126884,3,6,2,10,15,2,,0,0,1,0,0,0,1
"POINT (12.367365939999999 51.332107849000003)",Unfall 126886 (2016) Kat:3, Licht: 0,126886,3,7,0,10,14,5,,0,0,1,0,0,0,1
"POINT (12.371080042999999 51.335920315999999)",Unfall 126891 (2016) Kat:3, Licht: 1,126891,3,6,1,10,07,3,,1,0,1,0,1,0,0
"POINT (12.374113098000000 51.303329343999998)",Unfall 126895 (2016) Kat:3, Licht: 0,126895,3,1,9,10,10,3,,0,1,0,0,0,0,0
"POINT (12.478669025000000 51.336168712999999)",Unfall 126896 (2016) Kat:3, Licht: 2,126896,3,6,2,10,17,6,,2,0,1,0,1,0,0
"POINT (12.453341801000001 51.324587694000002)",Unfall 126898 (2016) Kat:2, Licht: 2,126898,2,2,4,10,18,7,,2,0,1,0,1,0,0
"POINT (12.367836193000000 51.345439884999998)",Unfall 126899 (2016) Kat:3, Licht: 1,126899,3,3,5,10,17,2,,1,0,1,0,0,0,0
"POINT (12.392245767000000 51.382164230000001)",Unfall 126904 (2016) Kat:3, Licht: 0,126904,3,3,5,11,12,3,,0,1,1,0,0,0,0
"POINT (12.347752737000000 51.365098715999999)",Unfall 126905 (2016) Kat:3, Licht: 2,126905,3,3,5,10,19,7,,2,0,1,0,0,0,0
"POINT (12.379710577999999 51.353217919999999)",Unfall 126906 (2016) Kat:3, Licht: 0,126906,3,3,5,10,09,3,,0,0,1,0,0,0,0
"POINT (12.479325502000000 51.345824585000003)",Unfall 126911 (2016) Kat:2, Licht: 2,126911,2,2,6,10,19,2,,2,0,1,1,0,0,0
"POINT (12.473806055000001 51.358857645999997)",Unfall 126917 (2016) Kat:3, Licht: 0,126917,3,7,0,10,14,7,,0,0,0,0,0,0,1
"POINT (12.368696515000000 51.357265894000001)",Unfall 126918 (2016) Kat:3, Licht: 0,126918,3,3,5,10,17,3,,0,1,1,0,0,0,0
"POINT (12.376837880000000 51.343387835999998)",Unfall 126919 (2016) Kat:3, Licht: 2,126919,3,5,1,10,19,5,,2,1,1,0,0,0,0
"POINT (12.341183965999999 51.325750323999998)",Unfall 126923 (2016) Kat:2, Licht: 0,126923,2,3,5,10,16,3,,0,0,1,0,0,0,0
"POINT (12.320910523000000 51.343716465000000)",Unfall 126927 (2016) Kat:3, Licht: 0,126927,3,4,6,10,10,3,,0,0,1,1,0,0,0
"POINT (12.321811728000000 51.328838072000003)",Unfall 126933 (2016) Kat:3, Licht: 2,126933,3,2,4,10,18,5,,2,1,1,0,0,0,0
"POINT (12.416538579999999 51.321877526000002)",Unfall 126934 (2016) Kat:3, Licht: 2,126934,3,3,5,10,19,2,,2,1,1,0,0,0,0
"POINT (12.401726656999999 51.307777872999999)",Unfall 126941 (2016) Kat:3, Licht: 0,126941,3,2,3,10,15,2,,0,1,1,0,0,0,0
"POINT (12.369513445999999 51.324618596999997)",Unfall 126944 (2016) Kat:3, Licht: 1,126944,3,3,5,10,07,5,,1,1,1,0,0,0,0
"POINT (12.402145410999999 51.336106258999997)",Unfall 126945 (2016) Kat:2, Licht: 0,126945,2,2,3,10,17,2,,0,1,1,0,0,0,0
"POINT (12.268246475000000 51.307907571999998)",Unfall 126952 (2016) Kat:3, Licht: 0,126952,3,2,3,10,14,6,,0,0,1,0,0,0,1
"POINT (12.405771395000000 51.372752134999999)",Unfall 126954 (2016) Kat:3, Licht: 0,126954,3,4,6,10,14,6,,0,0,1,1,0,0,0
"POINT (12.366344464000001 51.336303039000001)",Unfall 126959 (2016) Kat:3, Licht: 0,126959,3,3,5,10,12,4,,0,1,0,0,0,0,1
"POINT (12.421613903000001 51.364313396999997)",Unfall 126963 (2016) Kat:3, Licht: 0,126963,3,6,2,10,13,6,,0,0,1,0,0,0,0
"POINT (12.309205077000000 51.328028199999999)",Unfall 126973 (2016) Kat:3, Licht: 2,126973,3,2,6,10,00,1,,2,0,1,1,0,0,0
"POINT (12.373686606000000 51.325992597000003)",Unfall 126976 (2016) Kat:2, Licht: 0,126976,2,3,5,10,13,6,,0,1,0,0,1,0,0
"POINT (12.416021921000000 51.346023054000000)",Unfall 126983 (2016) Kat:3, Licht: 0,126983,3,2,4,10,13,6,,0,0,1,0,0,0,0
"POINT (12.365746070000000 51.320884348000000)",Unfall 126988 (2016) Kat:2, Licht: 2,126988,2,4,6,10,17,2,,2,0,1,1,0,0,0
"POINT (12.411941686000000 51.374315605000000)",Unfall 126989 (2016) Kat:3, Licht: 0,126989,3,4,6,10,11,6,,0,0,1,1,0,0,0
"POINT (12.315625920000000 51.332496847000002)",Unfall 126990 (2016) Kat:3, Licht: 0,126990,3,7,0,10,15,6,,0,0,1,0,0,0,0
"POINT (12.329927065000000 51.299168127000002)",Unfall 126991 (2016) Kat:3, Licht: 0,126991,3,6,2,10,16,5,,0,0,1,0,0,0,0
"POINT (12.402433976999999 51.338952057999997)",Unfall 126995 (2016) Kat:3, Licht: 0,126995,3,3,5,11,10,5,,0,0,1,0,0,0,0
"POINT (12.373381705000000 51.320705656000001)",Unfall 126996 (2016) Kat:3, Licht: 2,126996,3,2,4,11,18,2,,2,1,1,0,0,0,0
"POINT (12.378363397999999 51.316690418000000)",Unfall 126997 (2016) Kat:3, Licht: 0,126997,3,3,5,11,14,4,,0,0,1,0,0,0,0
"POINT (12.345972046000000 51.366938341999997)",Unfall 127000 (2016) Kat:3, Licht: 2,127000,3,2,6,11,18,6,,2,0,1,1,0,0,0
"POINT (12.472794238000001 51.336638262999998)",Unfall 127006 (2016) Kat:3, Licht: 0,127006,3,6,2,11,15,2,,0,0,1,0,0,0,0
"POINT (12.383296194000000 51.303074193999997)",Unfall 127010 (2016) Kat:3, Licht: 0,127010,3,1,8,11,15,4,,0,0,1,0,0,0,0
"POINT (12.370678136000000 51.335198822000002)",Unfall 127011 (2016) Kat:3, Licht: 2,127011,3,2,5,11,17,6,,2,1,1,0,0,0,0
"POINT (12.369319149000001 51.356507166999997)",Unfall 127021 (2016) Kat:3, Licht: 2,127021,3,5,3,11,17,2,,2,1,1,0,0,0,0
"POINT (12.326174278000000 51.297559954999997)",Unfall 127026 (2016) Kat:3, Licht: 0,127026,3,6,2,11,06,2,,0,0,1,0,0,0,0