WKT,Name,OBJECTID,UKATEGORIE,UTYP1,UART,UMONAT,USTUNDE,UWOCHENTAG,STRZUSTAND,ULICHTVERH,ISTRAD,ISTPKW,ISTFUSS,ISTKRAD,ISTGKFZ,ISTSONSTIG
"POINT (12.326193972000000 51.331036894000000)",Unfall 127092 (2016) Kat:3, Licht: 0,127092,3,6,2,11,08,4,,0,0,1,0,0,0,1
"POINT (12.326815699999999 51.329542543000002)",Unfall 127098 (2016) Kat:3, Licht: 0,127098,3,7,2,11,15,3,,0,0,1,0,0,0,0
"POINT (12.369126938000001 51.320884528999997)",Unfall 127106 (2016) Kat:3, Licht: 0,127106,3,2,2,11,08,4,,0,1,1,0,0,0,0
"POINT (12.365273943000000 51.323645227999997)",Unfall 127113 (2016) Kat:3, Licht: 0,127113,3,3,5,11,09,3,,0,1,1,0,0,0,0
"POINT (12.421422758000000 51.379249487000003)",Unfall 127114 (2016) Kat:2, Licht: 2,127114,2,2,5,11,16,7,,2,0,1,0,0,0,0
"POINT (12.395723235000000 51.346072460999999)",Unfall 127115 (2016) Kat:3, Licht: 2,127115,3,2,4,11,17,2,,2,1,1,0,0,0,0
"POINT (12.371381644000000 51.331576148000003)",Unfall 127116 (2016) Kat:3, Licht: 1,127116,3,2,3,11,17,5,,1,1,1,0,0,0,0
"POINT (12.363910528000000 51.328148624999997)",Unfall 127121 (2016) Kat:3, Licht: 1,127121,3,7,0,11,07,7,,1,1,0,0,0,0,1
"POINT (12.411015259999999 51.345265253999997)",Unfall 127122 (2016) Kat:3, Licht: 2,127122,3,3,5,11,23,3,,2,1,1,0,0,0,0
"POINT (12.364704878000000 51.334252319000001)",Unfall 127124 (2016) Kat:3, Licht: 0,127124,3,3,5,11,07,5,,0,1,1,0,0,0,0
"POINT (12.403923275000000 51.400374954000000)",Unfall 127128 (2016) Kat:3, Licht: 0,127128,3,2,4,11,12,3,,0,0,1,0,0,0,0
"POINT (12.341190190000001 51.337968791999998)",Unfall 127129 (2016) Kat:3, Licht: 0,127129,3,6,3,11,14,7,,0,1,1,0,0,0,0
"POINT (12.334740952000001 51.326075922000001)",Unfall 127131 (2016) Kat:3, Licht: 2,127131,3,2,6,11,04,5,,2,0,1,1,0,0,0
"POINT (12.416339331000000 51.340797688999999)",Unfall 127132 (2016) Kat:3, Licht: 0,127132,3,1,8,11,13,7,,0,0,1,0,0,0,0
"POINT (12.383800222000000 51.352087169999997)",Unfall 127133 (2016) Kat:2, Licht: 0,127133,2,3,5,11,15,3,,0,0,1,0,0,0,0
"POINT (12.376528570000000 51.353294151999997)",Unfall 127135 (2016) Kat:3, Licht: 0,127135,3,6,2,11,11,5,,0,0,1,0,0,0,0
"POINT (12.338891397999999 51.332365166000002)",Unfall 127136 (2016) Kat:2, Licht: 0,127136,2,7,0,11,14,3,,0,1,0,0,0,0,0
"POINT (12.367408290000000 51.332008975000001)",Unfall 127138 (2016) Kat:3, Licht: 2,127138,3,3,5,11,20,3,,2,0,1,0,0,0,0
"POINT (12.421422758000000 51.379249487000003)",Unfall 127139 (2016) Kat:3, Licht: 0,127139,3,3,5,11,12,3,,0,1,1,0,0,0,0
"POINT (12.373335326999999 51.320597773999999)",Unfall 127142 (2016) Kat:3, Licht: 0,127142,3,6,2,11,13,3,,0,0,1,0,0,0,0
"POINT (12.383222948000000 51.342986488000001)",Unfall 127145 (2016) Kat:3, Licht: 0,127145,3,2,2,11,08,5,,0,0,1,0,0,0,0
"POINT (12.326455074000000 51.308652352999999)",Unfall 127146 (2016) Kat:3, Licht: 0,127146,3,2,2,11,13,7,,0,0,1,0,0,0,0
"POINT (12.309165832000000 51.328011121999999)",Unfall 127148 (2016) Kat:3, Licht: 0,127148,3,6,2,11,11,1,,0,0,1,0,0,0,0
"POINT (12.331970779000001 51.322426219000000)",Unfall 127149 (2016) Kat:3, Licht: 2,127149,3,2,6,11,17,3,,2,0,1,1,0,0,0
"POINT (12.328059543000000 51.318526863000002)",Unfall 127151 (2016) Kat:2, Licht: 2,127151,2,3,5,11,06,2,,2,0,1,0,1,0,0
"POINT (12.376560303000000 51.313168759000000)",Unfall 127152 (2016) Kat:3, Licht: 0,127152,3,6,1,11,10,7,,0,0,1,0,0,0,0
"POINT (12.369648661999999 51.403609113999998)",Unfall 127154 (2016) Kat:3, Licht: 2,127154,3,1,1,11,20,4,,2,0,1,0,0,0,1
"POINT (12.380084265000001 51.339371782000001)",Unfall 127155 (2016) Kat:2, Licht: 2,127155,2,1,0,11,05,1,,2,1,0,0,0,0,0
"POINT (12.414531312999999 51.375141329000002)",Unfall 127156 (2016) Kat:2, Licht: 0,127156,2,5,3,11,10,5,,0,0,1,0,0,0,0
"POINT (12.369252198000000 51.322248246000001)",Unfall 127157 (2016) Kat:3, Licht: 0,127157,3,2,4,11,15,7,,0,0,1,0,0,0,0
"POINT (12.373443814000000 51.351645079999997)",Unfall 127159 (2016) Kat:3, Licht: 1,127159,3,3,0,11,07,5,,1,1,1,0,0,0,0
"POINT (12.361732700999999 51.332483889999999)",Unfall 127162 (2016) Kat:3, Licht: 0,127162,3,6,2,11,07,5,,0,1,1,0,0,0,0
"POINT (12.492984163999999 51.347963370999999)",Unfall 127163 (2016) Kat:3, Licht: 0,127163,3,5,1,11,12,7,,0,0,1,0,0,0,0
"POINT (12.376498606000000 51.393578922000003)",Unfall 127166 (2016) Kat:2, Licht: 0,127166,2,7,0,11,14,2,,0,0,0,1,0,0,1
"POINT (12.388782378000000 51.366997109000003)",Unfall 127168 (2016) Kat:3, Licht: 0,127168,3,1,1,11,14,7,,0,0,1,0,0,0,0
"POINT (12.371070393000000 51.339769795000002)",Unfall 127170 (2016) Kat:3, Licht: 2,127170,3,2,6,11,18,7,,2,0,1,1,0,0,0
"POINT (12.381712081000000 51.331773048000002)",Unfall 127173 (2016) Kat:3, Licht: 0,127173,3,3,5,11,10,5,,0,1,1,0,0,0,0
"POINT (12.394512765000000 51.354749202000001)",Unfall 127181 (2016) Kat:3, Licht: 0,127181,3,2,5,11,08,5,,0,1,1,0,0,0,0
"POINT (12.298055617999999 51.314346504000000)",Unfall 127183 (2016) Kat:3, Licht: 0,127183,3,3,5,11,12,5,,0,1,1,0,0,0,0
"POINT (12.385599728000001 51.372680095000000)",Unfall 127184 (2016) Kat:3, Licht: 0,127184,3,2,2,11,09,7,,0,0,1,0,0,0,0
"POINT (12.376918831999999 51.343660372999999)",Unfall 127186 (2016) Kat:3, Licht: 2,127186,3,6,2,11,18,7,,2,0,1,0,0,0,0
"POINT (12.369053160000000 51.310904409000003)",Unfall 127189 (2016) Kat:3, Licht: 2,127189,3,5,0,11,17,3,,2,1,1,0,0,0,0
"POINT (12.407136899999999 51.338082843999999)",Unfall 127198 (2016) Kat:3, Licht: 2,127198,3,4,6,11,23,7,,2,0,1,1,0,0,0
"POINT (12.406966412999999 51.342837850000002)",Unfall 127202 (2016) Kat:3, Licht: 0,127202,3,3,5,11,12,5,,0,0,1,0,0,0,0
"POINT (12.369236654000000 51.356596793999998)",Unfall 127203 (2016) Kat:3, Licht: 0,127203,3,3,5,11,14,3,,0,0,1,0,0,1,0
"POINT (12.356335819000000 51.363395156000003)",Unfall 127207 (2016) Kat:3, Licht: 0,127207,3,3,5,11,16,4,,0,0,1,0,0,0,0
"POINT (12.296317262000001 51.358270746000002)",Unfall 127209 (2016) Kat:3, Licht: 0,127209,3,3,5,11,09,7,,0,0,1,0,0,0,0
"POINT (12.260932488000000 51.306580986000000)",Unfall 127214 (2016) Kat:3, Licht: 0,127214,3,2,2,11,09,2,,0,0,1,0,0,0,0
"POINT (12.433604528000000 51.383982498000002)",Unfall 127215 (2016) Kat:3, Licht: 2,127215,3,1,8,11,05,5,,2,0,1,0,0,0,0
"POINT (12.406314912999999 51.355231511000000)",Unfall 127216 (2016) Kat:3, Licht: 2,127216,3,4,6,11,17,3,,2,0,1,1,0,0,0
"POINT (12.412758622000000 51.374784738999999)",Unfall 127219 (2016) Kat:3, Licht: 2,127219,3,6,3,11,18,4,,2,1,1,0,0,0,0
"POINT (12.312616068000001 51.332812609999998)",Unfall 127222 (2016) Kat:3, Licht: 2,127222,3,4,6,11,00,7,,2,0,1,1,0,0,0
"POINT (12.445133652000001 51.345252479999999)",Unfall 127223 (2016) Kat:2, Licht: 1,127223,2,1,0,11,17,3,,1,1,0,0,0,0,0
"POINT (12.371357227000001 51.340242551999999)",Unfall 127234 (2016) Kat:3, Licht: 2,127234,3,1,8,11,23,4,,2,0,1,0,0,0,0
"POINT (12.329635164000001 51.340662651999999)",Unfall 127240 (2016) Kat:3, Licht: 0,127240,3,6,2,11,15,2,,0,0,1,0,0,0,0
"POINT (12.380557101000001 51.341010894999997)",Unfall 127243 (2016) Kat:1, Licht: 2,127243,1,5,1,11,17,5,,2,1,1,0,0,0,1
"POINT (12.381930621000000 51.338604138000001)",Unfall 127244 (2016) Kat:3, Licht: 0,127244,3,6,2,11,15,6,,0,0,1,0,0,0,0
"POINT (12.379245054000000 51.310144958000002)",Unfall 127248 (2016) Kat:2, Licht: 2,127248,2,3,5,11,22,3,,2,0,1,0,0,0,0
"POINT (12.421426688000000 51.379216622000001)",Unfall 127249 (2016) Kat:3, Licht: 0,127249,3,4,6,11,07,2,,0,0,1,1,0,0,0
"POINT (12.472753617000000 51.336606572000001)",Unfall 127252 (2016) Kat:3, Licht: 0,127252,3,2,5,11,16,3,,0,1,1,0,0,0,0
"POINT (12.293139179000001 51.394634390000000)",Unfall 127253 (2016) Kat:3, Licht: 0,127253,3,3,5,11,14,2,,0,1,1,0,0,0,0
"POINT (12.384372742000000 51.300489130999999)",Unfall 127257 (2016) Kat:3, Licht: 2,127257,3,3,5,11,05,6,,2,1,1,0,0,0,0
"POINT (12.430184733000001 51.354237114999997)",Unfall 127261 (2016) Kat:3, Licht: 0,127261,3,2,5,11,15,2,,0,1,1,0,0,0,0
"POINT (12.472382336000001 51.332469005000000)",Unfall 127263 (2016) Kat:2, Licht: 1,127263,2,3,5,11,18,3,,1,1,1,0,0,0,0
"POINT (12.368944401000000 51.318796714999998)",Unfall 127264 (2016) Kat:2, Licht: 0,127264,2,3,5,11,07,2,,0,1,1,0,0,0,0
"POINT (12.368385033999999 51.314426941999997)",Unfall 127268 (2016) Kat:3, Licht: 0,127268,3,7,1,11,09,6,,0,0,1,0,0,0,0
"POINT (12.463221193000001 51.383308972999998)",Unfall 127270 (2016) Kat:2, Licht: 0,127270,2,3,5,11,06,6,,0,1,1,0,0,0,0
"POINT (12.380575880000000 51.306631525000000)",Unfall 127271 (2016) Kat:2, Licht: 0,127271,2,3,5,11,11,6,,0,1,1,0,0,0,0
"POINT (12.406748102000000 51.369076686000000)",Unfall 127275 (2016) Kat:3, Licht: 0,127275,3,7,1,11,13,6,,0,0,1,0,0,0,0
"POINT (12.406914563000001 51.338108447000003)",Unfall 127276 (2016) Kat:3, Licht: 0,127276,3,7,0,11,09,2,,0,0,1,0,0,0,1
"POINT (12.332979862000000 51.336048581999997)",Unfall 127279 (2016) Kat:3, Licht: 2,127279,3,3,5,11,16,2,,2,1,1,0,0,0,0
"POINT (12.445119052000001 51.342608806999998)",Unfall 127281 (2016) Kat:2, Licht: 0,127281,2,3,5,11,13,6,,0,0,1,0,0,0,0
"POINT (12.459177510000000 51.401917857000001)",Unfall 127289 (2016) Kat:2, Licht: 2,127289,2,2,4,11,05,6,,2,0,1,0,0,0,1
"POINT (12.326341274000001 51.315952907000003)",Unfall 127294 (2016) Kat:3, Licht: 0,127294,3,4,6,11,09,2,,0,0,1,1,0,0,0
"POINT (12.369000116000000 51.334834772000001)",Unfall 127297 (2016) Kat:3, Licht: 0,127297,3,3,5,11,08,4,,0,1,1,0,0,0,0
"POINT (12.376548146999999 51.342559285999997)",Unfall 127300 (2016) Kat:3, Licht: 0,127300,3,4,6,11,16,3,,0,1,0,1,0,0,0
"POINT (12.365319517000000 51.362455638000000)",Unfall 127301 (2016) Kat:3, Licht: 0,127301,3,4,6,11,11,5,,0,0,1,1,0,0,0
"POINT (12.320973945000000 51.345321599000002)",Unfall 127303 (2016) Kat:3, Licht: 0,127303,3,2,5,11,16,3,,0,1,1,0,0,0,0
"POINT (12.460113877000000 51.283016218999997)",Unfall 127305 (2016) Kat:3, Licht: 0,127305,3,6,6,12,12,2,,0,1,0,1,0,0,0
"POINT (12.364613222999999 51.330909042999998)",Unfall 127312 (2016) Kat:3, Licht: 0,127312,3,5,1,11,12,5,,0,1,1,0,0,0,0
"POINT (12.398725530000000 51.336386855000001)",Unfall 127314 (2016) Kat:3, Licht: 1,127314,3,2,5,11,16,3,,1,1,1,0,0,0,0
"POINT (12.426674683000000 51.303525970999999)",Unfall 127316 (2016) Kat:3, Licht: 1,127316,3,2,4,12,19,2,,1,0,1,0,0,0,1
"POINT (12.339508849000000 51.335193257000000)",Unfall 127318 (2016) Kat:3, Licht: 1,127318,3,2,2,12,06,6,,1,0,1,0,0,0,0
"POINT (12.382094027999999 51.332599791000000)",Unfall 127320 (2016) Kat:2, Licht: 0,127320,2,2,4,12,11,2,,0,1,1,0,0,0,0
"POINT (12.450882501000001 51.302571635000000)",Unfall 127324 (2016) Kat:3, Licht: 0,127324,3,2,4,12,13,6,,0,1,1,0,0,0,0
"POINT (12.360657378999999 51.340244486000003)",Unfall 127329 (2016) Kat:3, Licht: 0,127329,3,2,3,11,07,3,,0,1,1,0,0,0,0
"POINT (12.371465734999999 51.371350403999998)",Unfall 127330 (2016) Kat:3, Licht: 1,127330,3,1,0,12,17,2,,1,0,0,0,1,0,0
"POINT (12.402437229000000 51.338950955999998)",Unfall 127337 (2016) Kat:3, Licht: 0,127337,3,6,2,11,15,7,,0,0,1,0,0,0,0
"POINT (12.378471958000000 51.320503703000000)",Unfall 127339 (2016) Kat:3, Licht: 0,127339,3,2,4,12,11,2,,0,1,1,0,0,0,0
"POINT (12.368166849000000 51.341527575000001)",Unfall 127342 (2016) Kat:3, Licht: 2,127342,3,7,6,12,17,2,,2,1,0,1,0,0,0
"POINT (12.387144614000000 51.326857425000000)",Unfall 127348 (2016) Kat:3, Licht: 0,127348,3,6,3,11,10,7,,0,1,1,0,0,0,0
"POINT (12.412236196000000 51.332884747000001)",Unfall 127353 (2016) Kat:3, Licht: 0,127353,3,4,6,11,15,4,,0,0,1,1,0,0,0
"POINT (12.378883603000000 51.325042779000000)",Unfall 127359 (2016) Kat:3, Licht: 2,127359,3,3,5,12,05,1,,2,0,1,0,0,0,0
"POINT (12.370843792000001 51.336349361000003)",Unfall 127362 (2016) Kat:2, Licht: 1,127362,2,4,6,11,18,7,,1,0,1,1,0,0,0
"POINT (12.368281560000000 51.314708123999999)",Unfall 127370 (2016) Kat:3, Licht: 2,127370,3,2,3,11,17,5,,2,1,1,0,0,0,0
"POINT (12.368447302000000 51.357746843999998)",Unfall 127375 (2016) Kat:3, Licht: 1,127375,3,5,1,11,19,5,,1,1,1,0,0,0,0
"POINT (12.424011107000000 51.304547579000001)",Unfall 127378 (2016) Kat:3, Licht: 0,127378,3,6,2,11,13,7,,0,0,1,0,0,0,0
"POINT (12.373690088000000 51.324070372000001)",Unfall 127385 (2016) Kat:3, Licht: 2,127385,3,6,1,11,19,7,,2,0,1,0,0,0,0
"POINT (12.362002564000001 51.364897446000001)",Unfall 127397 (2016) Kat:3, Licht: 0,127397,3,3,5,12,15,1,,0,0,1,0,0,0,0
"POINT (12.403223439000000 51.327133799999999)",Unfall 127403 (2016) Kat:2, Licht: 2,127403,2,4,6,12,04,5,,2,0,1,1,0,0,0
"POINT (12.340264192999999 51.330360151999997)",Unfall 127409 (2016) Kat:3, Licht: 2,127409,3,3,5,12,06,3,,2,1,1,0,0,0,0
"POINT (12.386473282000001 51.294774328999999)",Unfall 127412 (2016) Kat:3, Licht: 0,127412,3,2,6,12,15,3,,0,0,1,1,0,0,0
"POINT (12.361805121000000 51.332575206000001)",Unfall 127419 (2016) Kat:3, Licht: 2,127419,3,3,5,12,18,6,,2,1,0,0,0,0,1
"POINT (12.327364923999999 51.314720919999999)",Unfall 127421 (2016) Kat:3, Licht: 0,127421,3,3,5,12,13,3,,0,0,1,0,0,0,1
"POINT (12.303015545999999 51.353195786999997)",Unfall 127422 (2016) Kat:3, Licht: 0,127422,3,2,2,11,15,5,,0,0,1,0,0,0,0
"POINT (12.359502830000000 51.361028197000003)",Unfall 127434 (2016) Kat:3, Licht: 2,127434,3,3,5,12,20,6,,2,0,1,0,0,0,0
"POINT (12.365518315999999 51.320972885000003)",Unfall 127435 (2016) Kat:3, Licht: 0,127435,3,6,2,12,07,3,,0,0,1,0,0,0,0
"POINT (12.357962554000000 51.362078769000000)",Unfall 127444 (2016) Kat:3, Licht: 0,127444,3,3,5,12,09,5,,0,1,1,0,0,0,0
"POINT (12.317771686000000 51.329287117000000)",Unfall 127449 (2016) Kat:3, Licht: 2,127449,3,2,5,12,18,6,,2,1,1,0,0,0,0
"POINT (12.399440821000001 51.376404176000001)",Unfall 127453 (2016) Kat:3, Licht: 0,127453,3,3,5,11,14,6,,0,1,1,0,0,0,0
"POINT (12.290446061000001 51.318622976999997)",Unfall 127458 (2016) Kat:3, Licht: 2,127458,3,5,1,11,06,2,,2,0,1,0,1,0,0
"POINT (12.332495315999999 51.332580401000001)",Unfall 127461 (2016) Kat:3, Licht: 2,127461,3,2,6,12,18,1,,2,0,1,1,0,0,0
"POINT (12.377780124999999 51.348908082999998)",Unfall 127463 (2016) Kat:2, Licht: 0,127463,2,6,2,11,15,2,,0,0,1,0,0,0,0
"POINT (12.385993920000001 51.368761655000000)",Unfall 127466 (2016) Kat:2, Licht: 2,127466,2,4,6,12,16,1,,2,0,1,1,0,0,0
"POINT (12.323525763999999 51.378457025000003)",Unfall 127468 (2016) Kat:3, Licht: 0,127468,3,6,3,11,13,2,,0,0,1,0,0,0,0
"POINT (12.336616712000000 51.328912004000003)",Unfall 127473 (2016) Kat:3, Licht: 2,127473,3,4,6,11,16,2,,2,0,1,1,0,0,0
"POINT (12.373403045000000 51.320566653999997)",Unfall 127474 (2016) Kat:3, Licht: 1,127474,3,4,6,11,16,6,,1,1,0,1,0,0,0
"POINT (12.327722283000000 51.326770556000000)",Unfall 127476 (2016) Kat:3, Licht: 0,127476,3,3,5,11,12,3,,0,1,0,0,0,0,1
"POINT (12.405697355999999 51.351536398999997)",Unfall 127483 (2016) Kat:3, Licht: 2,127483,3,3,5,12,01,5,,2,0,1,0,0,0,0
"POINT (12.373549260000001 51.318624305000000)",Unfall 127486 (2016) Kat:3, Licht: 2,127486,3,7,5,12,19,7,,2,0,1,0,0,0,1
"POINT (12.377615754000001 51.338427635000002)",Unfall 127488 (2016) Kat:3, Licht: 1,127488,3,7,6,11,16,2,,1,0,1,1,0,0,0
"POINT (12.427293418000000 51.307788721999998)",Unfall 127489 (2016) Kat:3, Licht: 0,127489,3,3,5,11,10,6,,0,1,1,0,0,0,0
"POINT (12.367500166999999 51.320780902999999)",Unfall 127494 (2016) Kat:3, Licht: 1,127494,3,3,5,12,07,5,,1,1,1,0,0,0,0
"POINT (12.384858956000000 51.378868251999997)",Unfall 127496 (2016) Kat:3, Licht: 0,127496,3,3,5,11,10,6,,0,1,1,0,0,0,0
"POINT (12.406100650000001 51.346799818999997)",Unfall 127500 (2016) Kat:3, Licht: 0,127500,3,6,2,11,10,2,,0,0,1,0,0,0,0
"POINT (12.290635083000000 51.356537154999998)",Unfall 127508 (2016) Kat:3, Licht: 2,127508,3,3,5,12,18,4,,2,0,1,0,0,0,0
"POINT (12.326946016000001 51.298129240999998)",Unfall 127510 (2016) Kat:3, Licht: 2,127510,3,3,5,12,00,5,,2,0,1,0,0,0,0
"POINT (12.350080995000001 51.331053705000002)",Unfall 127518 (2016) Kat:3, Licht: 0,127518,3,6,2,12,13,7,,0,0,1,0,0,0,0
"POINT (12.389776379000001 51.361585450000000)",Unfall 127521 (2016) Kat:2, Licht: 2,127521,2,3,5,12,19,4,,2,1,0,0,0,0,1
"POINT (12.376963635999999 51.343917877000003)",Unfall 127522 (2016) Kat:3, Licht: 2,127522,3,3,5,11,18,4,,2,1,1,0,0,0,0
"POINT (12.383623425000000 51.338325077999997)",Unfall 127530 (2016) Kat:3, Licht: 2,127530,3,6,4,12,16,4,,2,1,0,0,0,0,0
"POINT (12.378351481999999 51.316294526000000)",Unfall 127531 (2016) Kat:2, Licht: 2,127531,2,1,0,12,06,7,,2,1,0,0,0,0,0
"POINT (12.398841516999999 51.346661103000002)",Unfall 127541 (2016) Kat:3, Licht: 2,127541,3,3,5,11,17,3,,2,0,1,0,0,0,0
"POINT (12.386977460000001 51.343626942000000)",Unfall 127543 (2016) Kat:3, Licht: 0,127543,3,6,2,12,10,4,,0,1,0,0,0,0,1
"POINT (12.430071195000000 51.343020909000003)",Unfall 127546 (2016) Kat:3, Licht: 2,127546,3,7,6,12,18,7,,2,0,1,1,0,0,0
"POINT (12.438650424000000 51.374366471000002)",Unfall 127551 (2016) Kat:2, Licht: 0,127551,2,1,8,12,14,4,,0,0,1,0,0,0,0
"POINT (12.410036213000000 51.341294259999998)",Unfall 127552 (2016) Kat:3, Licht: 0,127552,3,3,5,11,13,4,,0,1,0,0,0,0,1
"POINT (12.403902634000000 51.400343470000003)",Unfall 127554 (2016) Kat:2, Licht: 2,127554,2,3,5,12,17,4,,2,1,1,0,0,0,0
"POINT (12.361415399000000 51.362621224999998)",Unfall 127555 (2016) Kat:3, Licht: 2,127555,3,7,1,11,18,4,,2,0,1,0,0,0,0
"POINT (12.373516747000000 51.329918872000000)",Unfall 127559 (2016) Kat:3, Licht: 2,127559,3,6,3,11,17,3,,2,1,1,0,0,0,0
"POINT (12.337335186000001 51.330058504999997)",Unfall 127563 (2016) Kat:3, Licht: 0,127563,3,5,1,11,13,3,,0,1,0,0,0,0,1
"POINT (12.318627951000000 51.350102724999999)",Unfall 127566 (2016) Kat:3, Licht: 0,127566,3,6,2,11,09,4,,0,0,1,0,1,0,0
"POINT (12.448855037000000 51.345628032999997)",Unfall 127572 (2016) Kat:3, Licht: 0,127572,3,4,6,11,10,3,,0,0,1,1,0,0,0
"POINT (12.415175250000001 51.335943673000003)",Unfall 127573 (2016) Kat:3, Licht: 2,127573,3,1,1,11,01,1,,2,1,1,0,0,0,0
"POINT (12.376500998999999 51.348381085000000)",Unfall 127581 (2016) Kat:3, Licht: 2,127581,3,3,5,12,22,7,,2,0,1,0,0,0,0
"POINT (12.473899393000000 51.358864773000001)",Unfall 127585 (2016) Kat:2, Licht: 0,127585,2,2,5,11,13,3,,0,1,0,0,0,0,1
"POINT (12.287904743000000 51.322895705999997)",Unfall 127594 (2016) Kat:3, Licht: 0,127594,3,6,2,12,10,2,,0,0,1,0,0,0,0
"POINT (12.376478029999999 51.310338831000003)",Unfall 127597 (2016) Kat:3, Licht: 0,127597,3,2,6,12,07,2,,0,0,1,1,0,0,0
"POINT (12.341870503000001 51.318591941999998)",Unfall 127598 (2016) Kat:3, Licht: 0,127598,3,6,2,12,11,6,,0,0,1,0,0,0,0
"POINT (12.373500242000000 51.323654122000001)",Unfall 127599 (2016) Kat:3, Licht: 0,127599,3,5,1,11,11,3,,0,1,1,0,0,0,0
"POINT (12.456342158000000 51.291678091999998)",Unfall 127603 (2016) Kat:3, Licht: 2,127603,3,1,9,12,00,7,,2,0,0,0,0,0,1
"POINT (12.370878806000000 51.335075517999996)",Unfall 127606 (2016) Kat:3, Licht: 2,127606,3,2,6,12,17,5,,2,0,0,1,0,1,0
"POINT (12.374118160000000 51.303347248000001)",Unfall 127615 (2016) Kat:3, Licht: 2,127615,3,7,0,12,17,2,,2,0,1,0,0,0,0
"POINT (12.343492754000000 51.323317607000000)",Unfall 127621 (2016) Kat:3, Licht: 2,127621,3,2,3,12,16,3,,2,1,1,0,0,0,0
"POINT (12.445304465000000 51.346193647000000)",Unfall 127643 (2016) Kat:2, Licht: 0,127643,2,3,5,12,14,3,,0,0,1,0,0,0,0
"POINT (12.421292827000000 51.352971244999999)",Unfall 127650 (2016) Kat:3, Licht: 1,127650,3,6,2,12,07,3,,1,0,1,0,0,0,0
"POINT (12.348086976999999 51.350646101000002)",Unfall 127654 (2016) Kat:3, Licht: 1,127654,3,6,2,12,16,3,,1,0,1,0,0,0,0
"POINT (12.371340822000001 51.346247243999997)",Unfall 127658 (2016) Kat:3, Licht: 0,127658,3,2,3,12,18,4,,0,1,1,0,0,0,0
"POINT (12.406018303000000 51.346270210999997)",Unfall 127661 (2016) Kat:3, Licht: 2,127661,3,3,5,12,19,2,,2,0,1,0,0,0,0
"POINT (12.381786948000000 51.338644645999999)",Unfall 127667 (2016) Kat:3, Licht: 2,127667,3,7,0,12,21,2,,2,1,1,0,0,0,0
"POINT (12.373629993000000 51.322528749000000)",Unfall 127674 (2016) Kat:3, Licht: 2,127674,3,6,2,12,18,6,,2,1,1,0,0,0,0
"POINT (12.386545812000000 51.335665699000003)",Unfall 127675 (2016) Kat:3, Licht: 2,127675,3,3,5,12,07,2,,2,1,1,0,0,0,0
"POINT (12.408276134999999 51.340062287999999)",Unfall 127680 (2016) Kat:3, Licht: 2,127680,3,3,5,12,04,5,,2,1,1,0,0,0,0
"POINT (12.409132927000000 51.345360872999997)",Unfall 127682 (2016) Kat:3, Licht: 0,127682,3,3,5,12,07,2,,0,0,1,0,0,0,0
"POINT (12.376966221000000 51.344805319000002)",Unfall 127685 (2016) Kat:3, Licht: 0,127685,3,3,5,12,12,4,,0,1,1,0,0,0,0
"POINT (12.390427028000000 51.371313532999999)",Unfall 127686 (2016) Kat:3, Licht: 0,127686,3,2,6,12,11,6,,0,0,1,1,0,0,0
"POINT (12.326052450000001 51.315469094000001)",Unfall 127688 (2016) Kat:3, Licht: 2,127688,3,3,5,12,19,4,,2,0,1,0,0,0,0
"POINT (12.366722698000000 51.340539829999997)",Unfall 127689 (2016) Kat:3, Licht: 2,127689,3,3,5,12,00,6,,2,1,1,0,0,0,0
"POINT (12.381578650000000 51.334584913999997)",Unfall 127690 (2016) Kat:3, Licht: 2,127690,3,2,5,12,17,2,,2,1,1,0,0,0,0
"POINT (12.276362776999999 51.323586681999998)",Unfall 127692 (2016) Kat:3, Licht: 2,127692,3,7,0,12,17,5,,2,0,1,1,0,0,0
"POINT (12.376743981000001 51.345314895000001)",Unfall 127694 (2016) Kat:3, Licht: 1,127694,3,6,3,12,07,4,,1,0,1,0,0,0,0
"POINT (12.479417161000001 51.350604400000002)",Unfall 127695 (2016) Kat:2, Licht: 2,127695,2,2,4,12,19,2,,2,1,1,0,0,0,0
"POINT (12.498627024999999 51.336095769000003)",Unfall 127698 (2016) Kat:3, Licht: 0,127698,3,2,5,12,09,4,,0,0,1,0,0,0,1
"POINT (12.444319805999999 51.353998834999999)",Unfall 127699 (2016) Kat:3, Licht: 0,127699,3,2,2,12,12,6,,0,0,1,0,0,0,0
"POINT (12.327736367000000 51.326833311000001)",Unfall 127704 (2016) Kat:3, Licht: 2,127704,3,2,6,12,07,4,,2,0,1,1,0,0,0
"POINT (12.396178707000001 51.308909008999997)",Unfall 127709 (2016) Kat:2, Licht: 0,127709,2,4,6,12,10,2,,0,0,1,1,0,0,0
"POINT (12.373325829000001 51.353058722000000)",Unfall 127712 (2016) Kat:3, Licht: 0,127712,3,3,5,12,12,4,,0,0,1,0,0,0,1
"POINT (12.455598068000000 51.411110327999999)",Unfall 127719 (2016) Kat:3, Licht: 0,127719,3,1,4,12,14,4,,0,0,1,0,0,0,0
"POINT (12.371692474000000 51.336630182000000)",Unfall 127722 (2016) Kat:3, Licht: 1,127722,3,5,0,12,08,2,,1,1,0,0,0,0,1