WKT,Name,OBJECTID,UKATEGORIE,UTYP1,UART,UMONAT,USTUNDE,UWOCHENTAG,STRZUSTAND,ULICHTVERH,ISTRAD,ISTPKW,ISTFUSS,ISTKRAD,ISTGKFZ,ISTSONSTIG
"POINT (12.373433284000001 51.307265708000003)",Unfall 127724 (2016) Kat:3, Licht: 0,127724,3,2,3,12,16,4,,0,1,1,0,0,0,0
"POINT (12.348193449000000 51.328589375999996)",Unfall 127726 (2016) Kat:3, Licht: 0,127726,3,3,5,12,09,2,,0,1,1,0,0,0,0
"POINT (12.311269738000000 51.310137136000002)",Unfall 127728 (2016) Kat:3, Licht: 2,127728,3,6,6,12,07,4,,2,0,1,1,0,0,0
"POINT (12.370844422999999 51.334483163000002)",Unfall 127752 (2016) Kat:3, Licht: 0,127752,3,6,3,12,15,6,,0,0,1,0,1,0,0
"POINT (12.411850419000000 51.374226233000002)",Unfall 127755 (2016) Kat:2, Licht: 2,127755,2,1,6,12,16,4,,2,0,1,1,0,0,0
"POINT (12.457554741999999 51.307788420000001)",Unfall 127759 (2016) Kat:2, Licht: 0,127759,2,1,1,12,12,6,,0,0,1,0,0,0,0
"POINT (12.392333756999999 51.345379758999997)",Unfall 127763 (2016) Kat:3, Licht: 2,127763,3,2,0,12,17,2,,2,1,1,0,0,0,0
"POINT (12.378507988999999 51.336148764999997)",Unfall 127765 (2016) Kat:3, Licht: 0,127765,3,6,2,12,14,6,,0,0,1,0,0,0,0
"POINT (12.371838024000001 51.340186666999998)",Unfall 127768 (2016) Kat:2, Licht: 0,127768,2,5,1,12,13,6,,0,1,1,0,0,0,0
"POINT (12.445301119000000 51.346170637999997)",Unfall 127770 (2016) Kat:3, Licht: 0,127770,3,6,3,12,11,4,,0,0,1,0,1,0,0
"POINT (12.479242912000000 51.345819847999998)",Unfall 127781 (2016) Kat:3, Licht: 0,127781,3,3,5,12,15,4,,0,0,1,0,0,0,0
"POINT (12.407419508000000 51.325973701999999)",Unfall 127785 (2016) Kat:3, Licht: 2,127785,3,2,4,12,16,2,,2,1,1,0,0,0,0
"POINT (12.297680793000000 51.352598845999999)",Unfall 127786 (2016) Kat:2, Licht: 0,127786,2,3,5,12,15,4,,0,1,1,0,0,0,0
"POINT (12.350574659999999 51.331950976999998)",Unfall 127792 (2016) Kat:2, Licht: 0,127792,2,3,5,12,08,2,,0,1,0,0,0,0,1
"POINT (12.430970344000000 51.330789326000001)",Unfall 127794 (2016) Kat:3, Licht: 0,127794,3,3,5,12,08,4,,0,0,1,0,0,0,0
"POINT (12.268184509999999 51.307885548000002)",Unfall 127799 (2016) Kat:2, Licht: 2,127799,2,7,6,12,18,5,,2,0,1,0,0,0,1
"POINT (12.378378643000000 51.332210375000003)",Unfall 127802 (2016) Kat:3, Licht: 2,127802,3,3,5,12,18,5,,2,1,1,0,0,0,0
"POINT (12.382005167999999 51.304347022999998)",Unfall 127808 (2016) Kat:2, Licht: 0,127808,2,7,0,12,12,4,,0,0,0,1,0,0,1
"POINT (12.369947121999999 51.355875896000001)",Unfall 127813 (2016) Kat:3, Licht: 1,127813,3,3,5,12,17,5,,1,0,1,0,0,0,0
"POINT (12.373391856000000 51.328605019000001)",Unfall 127819 (2016) Kat:2, Licht: 0,127819,2,4,6,12,09,2,,0,0,0,1,0,0,1
"POINT (12.460402329000001 51.356837738000003)",Unfall 127826 (2016) Kat:2, Licht: 0,127826,2,2,3,12,14,5,,0,0,1,0,0,0,1
"POINT (12.367054960999999 51.325440553000000)",Unfall 127831 (2016) Kat:3, Licht: 0,127831,3,6,2,12,14,7,,0,0,1,0,0,0,0
"POINT (12.409132927000000 51.345360872999997)",Unfall 127835 (2016) Kat:3, Licht: 0,127835,3,3,5,12,14,3,,0,0,1,0,0,0,0
"POINT (12.414000729000000 51.325735496999997)",Unfall 127840 (2016) Kat:3, Licht: 0,127840,3,7,5,12,11,3,,0,1,0,0,0,1,0
"POINT (12.393238501000001 51.336942815999997)",Unfall 127850 (2016) Kat:3, Licht: 2,127850,3,3,5,12,19,3,,2,1,1,0,0,0,0
"POINT (12.395723235000000 51.346072460999999)",Unfall 127853 (2016) Kat:3, Licht: 0,127853,3,3,5,12,10,3,,0,0,1,0,0,0,0
"POINT (12.324799637000000 51.374278873999998)",Unfall 127857 (2016) Kat:2, Licht: 1,127857,2,2,4,12,21,3,,1,0,0,0,1,0,1
"POINT (12.335879951000001 51.370368100999997)",Unfall 127865 (2016) Kat:2, Licht: 2,127865,2,4,6,12,16,3,,2,0,1,1,0,0,0
"POINT (12.396294799000000 51.308411536999998)",Unfall 127868 (2016) Kat:3, Licht: 2,127868,3,6,2,12,20,3,,2,0,1,0,0,0,0
"POINT (12.346180632999999 51.318757435000002)",Unfall 127878 (2016) Kat:3, Licht: 0,127878,3,6,2,12,14,7,,0,0,1,0,0,0,0
"POINT (12.285818082000000 51.322120880999996)",Unfall 127883 (2016) Kat:3, Licht: 2,127883,3,6,2,12,18,7,,2,0,1,0,0,0,0
"POINT (12.392561881000001 51.348423898000000)",Unfall 127899 (2016) Kat:3, Licht: 0,127899,3,2,6,12,13,6,,0,0,1,1,0,0,0
"POINT (12.286172614000000 51.322268698000002)",Unfall 127900 (2016) Kat:2, Licht: 2,127900,2,1,9,12,05,5,,2,0,1,0,0,0,0
"POINT (12.280214878000038 51.344641029000059)",Unfall 60305 (2017) Kat:3, Licht: 1,60305,3,6,4,01,17,5,1,1,0,1,0,0,,1
"POINT (12.479469325000025 51.352032027000064)",Unfall 60315 (2017) Kat:3, Licht: 0,60315,3,2,4,01,13,4,1,0,0,1,0,0,,0
"POINT (12.380465901000036 51.344109147000040)",Unfall 60338 (2017) Kat:3, Licht: 2,60338,3,4,6,01,22,2,2,2,0,0,1,0,,1
"POINT (12.393480534000048 51.344595002000062)",Unfall 60363 (2017) Kat:3, Licht: 2,60363,3,7,9,01,04,6,0,2,0,0,0,0,,1
"POINT (12.442529680000064 51.388872734000074)",Unfall 60364 (2017) Kat:2, Licht: 0,60364,2,6,2,01,08,6,0,0,0,0,0,0,,1
"POINT (12.389675293000039 51.346499039000037)",Unfall 60365 (2017) Kat:3, Licht: 0,60365,3,6,2,01,14,6,1,0,0,1,0,0,,0
"POINT (12.378199823000045 51.375846151000076)",Unfall 60366 (2017) Kat:2, Licht: 2,60366,2,2,4,01,20,6,1,2,0,1,0,0,,0
"POINT (12.398197590000052 51.366964994000057)",Unfall 60390 (2017) Kat:3, Licht: 0,60390,3,2,5,01,11,4,1,0,0,1,0,0,,0
"POINT (12.391544170000031 51.347505921000050)",Unfall 60411 (2017) Kat:3, Licht: 0,60411,3,2,3,01,11,2,0,0,0,1,0,0,,1
"POINT (12.311603936000040 51.415128037000045)",Unfall 60412 (2017) Kat:2, Licht: 2,60412,2,1,8,01,23,2,1,2,0,1,0,0,,0
"POINT (12.461191164000070 51.367377533000081)",Unfall 60459 (2017) Kat:2, Licht: 0,60459,2,2,6,01,14,5,1,0,0,1,1,0,,0
"POINT (12.376513834000036 51.314942327000040)",Unfall 60472 (2017) Kat:3, Licht: 1,60472,3,3,5,01,16,4,1,1,0,1,0,0,,1
"POINT (12.451237060000039 51.381585348000044)",Unfall 60473 (2017) Kat:3, Licht: 2,60473,3,6,2,01,20,4,1,2,0,1,0,0,,0
"POINT (12.353568394000035 51.340898841000069)",Unfall 60494 (2017) Kat:3, Licht: 0,60494,3,3,5,01,08,3,2,0,1,1,0,0,,0
"POINT (12.371248513000069 51.344443122000030)",Unfall 60508 (2017) Kat:3, Licht: 2,60508,3,2,4,01,06,2,1,2,0,1,0,0,,0
"POINT (12.379349561000026 51.375812318000044)",Unfall 60539 (2017) Kat:3, Licht: 1,60539,3,2,5,01,16,6,2,1,0,1,0,0,,0
"POINT (12.437858232000053 51.357301328000062)",Unfall 60652 (2017) Kat:3, Licht: 2,60652,3,6,2,02,18,2,1,2,0,1,0,0,,0
"POINT (12.378293622000058 51.375843311000040)",Unfall 60653 (2017) Kat:3, Licht: 0,60653,3,1,2,02,15,2,1,0,0,1,0,0,,0
"POINT (12.411764841000036 51.314593417000026)",Unfall 60675 (2017) Kat:3, Licht: 0,60675,3,2,1,02,14,2,0,0,0,1,0,0,,1
"POINT (12.405408887000021 51.319937823000032)",Unfall 60678 (2017) Kat:2, Licht: 0,60678,2,2,3,02,10,2,0,0,0,0,0,0,,1
"POINT (12.445235943000057 51.350746589000039)",Unfall 60683 (2017) Kat:2, Licht: 2,60683,2,2,4,02,23,6,1,2,0,1,0,0,,0
"POINT (12.473497958000053 51.351505307000082)",Unfall 60684 (2017) Kat:2, Licht: 2,60684,2,1,8,02,22,6,1,2,0,1,0,0,,0
"POINT (12.335721386000046 51.414237623000076)",Unfall 60703 (2017) Kat:3, Licht: 2,60703,3,6,2,02,22,5,1,2,0,0,0,0,,1
"POINT (12.379938286000026 51.344327600000042)",Unfall 60708 (2017) Kat:3, Licht: 0,60708,3,4,6,02,15,5,0,0,0,0,1,0,,1
"POINT (12.290315386000032 51.392851133000079)",Unfall 60719 (2017) Kat:3, Licht: 2,60719,3,3,0,03,21,4,0,2,1,1,0,0,,0
"POINT (12.401686786000027 51.324238468000033)",Unfall 60721 (2017) Kat:3, Licht: 2,60721,3,6,2,02,01,4,0,2,0,1,0,0,,0
"POINT (12.450802122000027 51.381965149000052)",Unfall 60724 (2017) Kat:2, Licht: 0,60724,2,6,2,02,10,4,0,0,0,1,0,0,,1
"POINT (12.274280569000041 51.324874594000050)",Unfall 60746 (2017) Kat:3, Licht: 0,60746,3,3,5,03,17,5,0,0,0,1,0,0,,0
"POINT (12.297323295000069 51.387257852000062)",Unfall 60753 (2017) Kat:3, Licht: 2,60753,3,1,8,02,22,3,1,2,0,1,0,0,,0
"POINT (12.386859953000055 51.345677460000047)",Unfall 60776 (2017) Kat:3, Licht: 1,60776,3,3,5,02,20,1,0,1,0,1,0,0,,0
"POINT (12.279680500000040 51.262433505000047)",Unfall 60783 (2017) Kat:2, Licht: 0,60783,2,1,8,02,13,2,0,0,0,1,0,0,,0
"POINT (12.394714649000036 51.410315523000065)",Unfall 60784 (2017) Kat:3, Licht: 0,60784,3,3,5,02,16,2,0,0,1,1,0,0,,0
"POINT (12.399439682000036 51.363317596000059)",Unfall 60831 (2017) Kat:3, Licht: 0,60831,3,6,2,02,07,6,0,0,0,1,0,0,,1
"POINT (12.389953890000072 51.346563705000051)",Unfall 60844 (2017) Kat:3, Licht: 2,60844,3,3,5,03,06,4,1,2,1,1,0,0,,0
"POINT (12.411943076000057 51.314637118000064)",Unfall 60859 (2017) Kat:2, Licht: 2,60859,2,3,5,02,22,5,0,2,0,1,0,0,,0
"POINT (12.375009421000073 51.344357195000043)",Unfall 60886 (2017) Kat:3, Licht: 0,60886,3,6,2,02,16,3,0,0,0,1,0,0,,0
"POINT (12.396211522000044 51.415516145000026)",Unfall 60887 (2017) Kat:2, Licht: 2,60887,2,2,4,02,05,3,1,2,0,1,0,0,,0
"POINT (12.396758524000063 51.353588917000081)",Unfall 60909 (2017) Kat:2, Licht: 0,60909,2,1,9,02,08,2,1,0,0,1,0,1,,0
"POINT (12.261605692000046 51.316161111000042)",Unfall 60918 (2017) Kat:3, Licht: 0,60918,3,2,5,02,10,1,1,0,0,1,0,0,,0
"POINT (12.386803887000042 51.345656948000055)",Unfall 60925 (2017) Kat:3, Licht: 0,60925,3,6,2,02,16,6,1,0,0,1,0,0,,0
"POINT (12.397249949000070 51.369601091000050)",Unfall 60930 (2017) Kat:3, Licht: 0,60930,3,6,2,03,09,4,1,0,0,1,0,0,,1
"POINT (12.424622237000051 51.304639429000076)",Unfall 60962 (2017) Kat:3, Licht: 1,60962,3,2,6,02,16,5,0,1,0,1,1,0,,0
"POINT (12.452988437000045 51.281247199000063)",Unfall 60992 (2017) Kat:3, Licht: 2,60992,3,3,5,01,06,3,1,2,0,1,0,0,,1
"POINT (12.368380732000048 51.314635852000038)",Unfall 60993 (2017) Kat:2, Licht: 2,60993,2,2,4,01,18,3,0,2,0,1,0,0,,0
"POINT (12.380974323000032 51.343899259000068)",Unfall 61018 (2017) Kat:3, Licht: 0,61018,3,4,6,02,15,3,0,0,0,0,1,0,,1
"POINT (12.378173575000062 51.375846976000048)",Unfall 61025 (2017) Kat:3, Licht: 0,61025,3,2,0,01,08,2,1,0,1,0,0,0,,1
"POINT (12.396516975000054 51.353575330000069)",Unfall 61026 (2017) Kat:3, Licht: 0,61026,3,6,3,01,08,2,1,0,0,1,0,0,,0
"POINT (12.377541218000033 51.344562124000049)",Unfall 61080 (2017) Kat:3, Licht: 0,61080,3,6,3,03,17,1,0,0,0,1,0,1,,0
"POINT (12.376542215000029 51.314831463000075)",Unfall 61088 (2017) Kat:2, Licht: 2,61088,2,3,5,04,05,7,0,2,1,1,0,0,,0
"POINT (12.361361534000025 51.410838975000047)",Unfall 61116 (2017) Kat:3, Licht: 0,61116,3,6,2,03,10,7,0,0,0,1,0,0,,0
"POINT (12.378948288000061 51.407707185000049)",Unfall 61118 (2017) Kat:2, Licht: 0,61118,2,6,2,03,11,7,0,0,0,1,0,0,,0
"POINT (12.388224186000059 51.405992256000047)",Unfall 61119 (2017) Kat:2, Licht: 0,61119,2,6,2,03,10,7,0,0,0,1,0,0,,0
"POINT (12.466812746000073 51.369393329000047)",Unfall 61141 (2017) Kat:3, Licht: 0,61141,3,2,2,04,06,2,0,0,0,1,0,0,,1
"POINT (12.369142894000049 51.376106188000051)",Unfall 61165 (2017) Kat:3, Licht: 0,61165,3,6,2,04,14,5,0,0,0,1,0,0,,0
"POINT (12.276714106000043 51.320749371000034)",Unfall 61174 (2017) Kat:3, Licht: 0,61174,3,2,4,03,16,5,0,0,0,1,0,0,,0
"POINT (12.370837325000025 51.344102245000045)",Unfall 61175 (2017) Kat:2, Licht: 0,61175,2,6,2,03,07,5,1,0,0,1,0,1,,0
"POINT (12.426371433000043 51.351841900000068)",Unfall 61186 (2017) Kat:2, Licht: 1,61186,2,3,5,03,20,4,0,1,1,1,0,0,,0
"POINT (12.265162121000060 51.316684796000061)",Unfall 61187 (2017) Kat:2, Licht: 0,61187,2,6,2,03,13,4,0,0,0,0,0,1,,1
"POINT (12.380454127000064 51.284871384000041)",Unfall 61192 (2017) Kat:3, Licht: 0,61192,3,1,8,04,13,1,0,0,0,1,0,0,,0
"POINT (12.386859953000055 51.345677460000047)",Unfall 61229 (2017) Kat:3, Licht: 0,61229,3,6,2,03,16,3,1,0,0,1,0,0,,0
"POINT (12.452220620000048 51.350336389000063)",Unfall 61232 (2017) Kat:3, Licht: 0,61232,3,3,5,03,07,3,0,0,1,0,0,1,,0
"POINT (12.517867317000025 51.321511279000049)",Unfall 61252 (2017) Kat:3, Licht: 0,61252,3,7,9,03,09,2,0,0,0,1,0,0,,0
"POINT (12.399022241000068 51.416925727000034)",Unfall 61308 (2017) Kat:2, Licht: 0,61308,2,6,9,04,14,1,0,0,0,0,0,1,,0
"POINT (12.377106652000066 51.344261341000049)",Unfall 61314 (2017) Kat:3, Licht: 0,61314,3,2,5,04,11,4,0,0,1,1,0,0,,0
"POINT (12.378208699000027 51.375845871000081)",Unfall 61339 (2017) Kat:3, Licht: 0,61339,3,2,4,03,14,6,0,0,0,1,0,1,,0
"POINT (12.462866533000067 51.264356640000074)",Unfall 61365 (2017) Kat:3, Licht: 0,61365,3,6,2,03,16,5,0,0,0,1,0,0,,1
"POINT (12.391408952000063 51.347465637000028)",Unfall 61383 (2017) Kat:3, Licht: 0,61383,3,2,3,03,16,5,0,0,1,1,0,0,,0
"POINT (12.306894134000061 51.341922898000064)",Unfall 61397 (2017) Kat:3, Licht: 0,61397,3,6,1,04,08,6,1,0,0,0,0,0,,1
"POINT (12.366757778000022 51.343524901000080)",Unfall 61406 (2017) Kat:3, Licht: 0,61406,3,7,0,03,11,3,0,0,1,0,0,0,,0
"POINT (12.394150168000067 51.351106378000054)",Unfall 61426 (2017) Kat:3, Licht: 0,61426,3,6,2,03,17,3,0,0,0,1,0,0,,0
"POINT (12.331914101000052 51.335910323000064)",Unfall 61427 (2017) Kat:3, Licht: 0,61427,3,2,4,03,17,3,0,0,1,1,0,0,,0
"POINT (12.393755879000025 51.333069669000054)",Unfall 61456 (2017) Kat:3, Licht: 0,61456,3,3,5,03,17,3,0,0,1,0,0,0,,1
"POINT (12.368380732000048 51.314635852000038)",Unfall 61463 (2017) Kat:3, Licht: 0,61463,3,2,4,03,15,5,0,0,0,1,0,0,,0
"POINT (12.399942265000050 51.420102345000032)",Unfall 61481 (2017) Kat:3, Licht: 1,61481,3,6,2,03,06,2,0,1,0,1,0,0,,0
"POINT (12.357977613000060 51.342081458000052)",Unfall 61482 (2017) Kat:3, Licht: 1,61482,3,3,5,04,19,6,0,1,1,1,0,0,,0
"POINT (12.394145738000077 51.350329139000053)",Unfall 61492 (2017) Kat:3, Licht: 2,61492,3,6,2,04,06,6,0,2,0,1,0,0,,1
"POINT (12.390668196000036 51.394955379000066)",Unfall 61538 (2017) Kat:3, Licht: 0,61538,3,6,1,03,15,6,0,0,0,1,0,0,,0
"POINT (12.360069415000055 51.342168381000079)",Unfall 61541 (2017) Kat:3, Licht: 2,61541,3,2,1,03,22,6,0,2,1,0,0,0,,1
"POINT (12.395356561000028 51.339226887000052)",Unfall 61543 (2017) Kat:3, Licht: 0,61543,3,2,3,03,13,6,0,0,1,1,0,0,,0
"POINT (12.294242105000023 51.290958188000047)",Unfall 61544 (2017) Kat:3, Licht: 2,61544,3,6,4,03,05,5,0,2,0,1,0,0,,0
"POINT (12.270060374000025 51.345549644000073)",Unfall 61581 (2017) Kat:2, Licht: 0,61581,2,2,6,03,12,2,0,0,0,1,1,0,,0
"POINT (12.301127183000062 51.341460101000052)",Unfall 61593 (2017) Kat:3, Licht: 0,61593,3,3,5,03,15,5,0,0,0,1,0,0,,0
"POINT (12.406043780000061 51.313916538000058)",Unfall 61622 (2017) Kat:3, Licht: 2,61622,3,3,5,03,21,4,1,2,1,1,0,0,,0
"POINT (12.396200131000057 51.353434947000039)",Unfall 61628 (2017) Kat:3, Licht: 0,61628,3,6,4,03,11,4,0,0,1,0,0,0,,0
"POINT (12.380914139000026 51.343497560000060)",Unfall 61645 (2017) Kat:3, Licht: 0,61645,3,4,1,04,17,2,0,0,0,1,1,0,,0
"POINT (12.290387822000071 51.392832417000079)",Unfall 61680 (2017) Kat:3, Licht: 0,61680,3,3,5,03,17,2,0,0,0,1,0,0,,1
"POINT (12.477816586000074 51.364613071000065)",Unfall 61726 (2017) Kat:3, Licht: 0,61726,3,7,8,04,15,2,0,0,0,1,0,0,,0
"POINT (12.466869020000047 51.278888735000066)",Unfall 61728 (2017) Kat:3, Licht: 0,61728,3,6,2,03,16,7,0,0,0,1,0,0,,0
"POINT (12.350478638000027 51.340493510000044)",Unfall 61729 (2017) Kat:2, Licht: 0,61729,2,1,6,03,10,7,0,0,0,1,1,0,,0
"POINT (12.435055104000071 51.351118985000028)",Unfall 61731 (2017) Kat:3, Licht: 1,61731,3,3,5,03,19,7,0,1,1,1,0,0,,0
"POINT (12.262574058000041 51.346229544000039)",Unfall 61751 (2017) Kat:2, Licht: 0,61751,2,3,5,05,15,4,0,0,0,1,0,0,,0
"POINT (12.338140842000030 51.335386130000074)",Unfall 61769 (2017) Kat:3, Licht: 0,61769,3,2,4,04,14,3,0,0,1,1,0,0,,0
"POINT (12.350893584000062 51.340586140000028)",Unfall 61776 (2017) Kat:3, Licht: 0,61776,3,6,3,04,15,3,0,0,0,1,0,1,,0
"POINT (12.356898570000055 51.374770392000073)",Unfall 61798 (2017) Kat:2, Licht: 0,61798,2,2,5,05,07,5,0,0,1,1,0,0,,0
"POINT (12.383654065000030 51.343731731000048)",Unfall 61809 (2017) Kat:3, Licht: 0,61809,3,1,8,05,10,3,1,0,0,1,0,0,,0
"POINT (12.486557759000050 51.359614401000044)",Unfall 61814 (2017) Kat:2, Licht: 0,61814,2,6,2,05,16,6,0,0,0,1,0,0,,0
"POINT (12.422421487000065 51.397217392000073)",Unfall 61819 (2017) Kat:3, Licht: 0,61819,3,6,3,05,17,6,0,0,0,1,0,0,,0
"POINT (12.452903926000033 51.364442588000031)",Unfall 61820 (2017) Kat:3, Licht: 0,61820,3,6,2,05,08,6,0,0,0,1,0,0,,0
"POINT (12.338139755000043 51.335386121000056)",Unfall 61847 (2017) Kat:3, Licht: 0,61847,3,2,5,06,16,6,0,0,1,1,0,0,,0
"POINT (12.361761553000065 51.342456215000027)",Unfall 61873 (2017) Kat:3, Licht: 0,61873,3,5,7,05,08,5,0,0,1,1,0,0,,0
"POINT (12.381748274000074 51.407383666000044)",Unfall 61880 (2017) Kat:3, Licht: 0,61880,3,6,2,04,16,2,0,0,0,1,0,0,,0
"POINT (12.372927115000039 51.344410250000067)",Unfall 61887 (2017) Kat:3, Licht: 0,61887,3,6,4,05,15,2,0,0,1,0,1,0,,0
"POINT (12.375715361000061 51.344382700000040)",Unfall 61888 (2017) Kat:3, Licht: 0,61888,3,3,5,05,09,5,0,0,1,1,0,0,,0
"POINT (12.345121574000075 51.375175813000055)",Unfall 61889 (2017) Kat:2, Licht: 0,61889,2,7,0,05,17,5,0,0,0,0,0,1,,0
"POINT (12.380704641000023 51.343580861000078)",Unfall 61893 (2017) Kat:2, Licht: 0,61893,2,4,6,05,06,5,0,0,0,1,1,0,,0
"POINT (12.365170797000076 51.343296336000037)",Unfall 61955 (2017) Kat:3, Licht: 0,61955,3,4,6,04,16,1,0,0,0,0,1,0,,1
"POINT (12.450185503000057 51.382196871000076)",Unfall 61975 (2017) Kat:2, Licht: 0,61975,2,7,0,05,06,4,0,0,0,1,0,0,,1
"POINT (12.392311942000049 51.345625456000050)",Unfall 61977 (2017) Kat:3, Licht: 0,61977,3,6,2,05,10,4,0,0,0,1,0,0,,0
"POINT (12.380084176000025 51.343834559000072)",Unfall 61978 (2017) Kat:3, Licht: 0,61978,3,6,2,05,16,4,0,0,0,1,0,0,,0
"POINT (12.363464279000027 51.342842879000045)",Unfall 61979 (2017) Kat:2, Licht: 0,61979,2,7,3,05,10,2,0,0,1,0,0,0,,1
"POINT (12.268430471000045 51.317165247000048)",Unfall 61980 (2017) Kat:3, Licht: 0,61980,3,3,5,05,16,4,0,0,0,1,0,0,,0
"POINT (12.378418141000054 51.314838881000071)",Unfall 61986 (2017) Kat:3, Licht: 0,61986,3,2,6,05,09,4,0,0,0,1,1,0,,0
"POINT (12.285825983000052 51.330941592000045)",Unfall 61991 (2017) Kat:3, Licht: 0,61991,3,3,5,06,16,5,0,0,1,1,0,0,,0
"POINT (12.403243921000069 51.314056205000043)",Unfall 62037 (2017) Kat:3, Licht: 0,62037,3,2,5,04,14,6,0,0,1,1,0,0,,0
"POINT (12.348107273000039 51.375196004000031)",Unfall 62052 (2017) Kat:2, Licht: 0,62052,2,3,5,05,06,3,0,0,0,1,0,1,,0
"POINT (12.430423651000069 51.353718050000055)",Unfall 62054 (2017) Kat:3, Licht: 0,62054,3,6,2,05,14,3,0,0,0,1,0,0,,0
"POINT (12.396183638000025 51.415439957000046)",Unfall 62076 (2017) Kat:3, Licht: 0,62076,3,6,1,04,14,1,0,0,0,1,0,0,,0
"POINT (12.348092723000036 51.339764439000078)",Unfall 62078 (2017) Kat:3, Licht: 0,62078,3,6,3,04,13,1,0,0,0,1,0,0,,1
"POINT (12.361090239000077 51.375571011000034)",Unfall 62086 (2017) Kat:3, Licht: 0,62086,3,2,3,04,13,6,0,0,1,0,0,0,,1
"POINT (12.371329952000053 51.344450878000032)",Unfall 62126 (2017) Kat:3, Licht: 0,62126,3,2,3,05,09,2,0,0,1,1,0,0,,0
"POINT (12.391960689000030 51.346448477000081)",Unfall 62155 (2017) Kat:3, Licht: 0,62155,3,2,3,05,15,4,0,0,1,1,0,0,,0
"POINT (12.426346658000057 51.351852324000049)",Unfall 62167 (2017) Kat:3, Licht: 0,62167,3,6,2,04,15,5,0,0,0,1,0,0,,0
"POINT (12.342184980000070 51.373693176000074)",Unfall 62195 (2017) Kat:2, Licht: 2,62195,2,1,8,05,22,7,0,2,0,1,0,0,,0
"POINT (12.420156134000024 51.397676029000081)",Unfall 62224 (2017) Kat:2, Licht: 2,62224,2,6,2,04,23,4,0,2,0,0,0,0,,1
"POINT (12.261605692000046 51.316161111000042)",Unfall 62248 (2017) Kat:3, Licht: 0,62248,3,2,4,05,14,6,0,0,0,1,0,0,,0
"POINT (12.447148301000027 51.384851849000029)",Unfall 62252 (2017) Kat:3, Licht: 0,62252,3,7,8,05,18,2,0,0,0,1,0,0,,0
"POINT (12.418464153000059 51.351138838000054)",Unfall 62286 (2017) Kat:3, Licht: 0,62286,3,1,8,04,09,3,1,0,0,1,0,0,,0
"POINT (12.442346763000046 51.292593387000068)",Unfall 62301 (2017) Kat:3, Licht: 0,62301,3,6,2,04,13,6,0,0,0,1,0,0,,0
"POINT (12.406112987000029 51.313998990000073)",Unfall 62309 (2017) Kat:3, Licht: 0,62309,3,6,2,04,16,3,1,0,0,1,0,0,,0
"POINT (12.456665555000029 51.350435110000035)",Unfall 62313 (2017) Kat:3, Licht: 0,62313,3,6,3,04,12,3,1,0,0,1,0,0,,0
"POINT (12.452273577000028 51.350337552000042)",Unfall 62315 (2017) Kat:3, Licht: 0,62315,3,2,5,04,10,3,1,0,0,1,0,0,,1
"POINT (12.335445867000033 51.398283121000077)",Unfall 62317 (2017) Kat:2, Licht: 0,62317,2,6,3,04,16,3,0,0,0,1,0,0,,0
"POINT (12.263596514000028 51.275692234000076)",Unfall 62325 (2017) Kat:2, Licht: 0,62325,2,1,8,05,19,3,1,0,0,1,0,0,,0
"POINT (12.379720002000056 51.343985662000080)",Unfall 62346 (2017) Kat:2, Licht: 2,62346,2,3,5,05,23,6,1,2,1,1,0,0,,0
"POINT (12.426809504000062 51.351706493000052)",Unfall 62347 (2017) Kat:3, Licht: 0,62347,3,6,2,05,17,6,0,0,0,1,0,0,,0
"POINT (12.382712817000026 51.314945623000028)",Unfall 62348 (2017) Kat:3, Licht: 0,62348,3,2,2,05,08,6,0,0,0,1,0,0,,0
"POINT (12.399787377000052 51.362024466000037)",Unfall 62352 (2017) Kat:3, Licht: 2,62352,3,2,4,05,22,6,1,2,0,1,0,0,,0
"POINT (12.290344057000027 51.392739083000038)",Unfall 62365 (2017) Kat:2, Licht: 0,62365,2,2,4,05,14,4,0,0,0,1,0,0,,0
"POINT (12.304007444000035 51.301609851000080)",Unfall 62373 (2017) Kat:3, Licht: 0,62373,3,3,5,05,16,4,0,0,0,0,0,0,,1
"POINT (12.490730984000038 51.357463620000033)",Unfall 62392 (2017) Kat:3, Licht: 0,62392,3,1,9,04,15,2,1,0,0,1,0,0,,0
"POINT (12.394132536000029 51.351354358000037)",Unfall 62425 (2017) Kat:3, Licht: 0,62425,3,6,2,05,13,5,0,0,0,0,0,1,,1
"POINT (12.257908028000031 51.316147115000035)",Unfall 62456 (2017) Kat:3, Licht: 2,62456,3,1,8,04,21,1,1,2,0,1,0,0,,0
"POINT (12.378379332000065 51.314939694000032)",Unfall 62460 (2017) Kat:3, Licht: 0,62460,3,2,3,04,09,1,0,0,1,1,0,0,,0
"POINT (12.262606944000026 51.346226623000064)",Unfall 62465 (2017) Kat:3, Licht: 0,62465,3,2,4,05,19,5,0,0,0,1,0,0,,0
"POINT (12.384998800000062 51.344378018000043)",Unfall 62497 (2017) Kat:3, Licht: 0,62497,3,6,4,05,12,4,0,0,1,0,0,0,,0
"POINT (12.274630134000063 51.318329724000080)",Unfall 62503 (2017) Kat:3, Licht: 0,62503,3,3,5,05,15,3,0,0,0,1,0,0,,0
"POINT (12.353577094000059 51.340900763000036)",Unfall 62539 (2017) Kat:3, Licht: 0,62539,3,2,3,05,06,4,0,0,1,1,0,0,,0
"POINT (12.323850801000049 51.379409639000073)",Unfall 62543 (2017) Kat:3, Licht: 0,62543,3,6,2,04,11,6,0,0,0,1,0,0,,0