WKT,Name,OBJECTID,UKATEGORIE,UTYP1,UART,UMONAT,USTUNDE,UWOCHENTAG,STRZUSTAND,ULICHTVERH,ISTRAD,ISTPKW,ISTFUSS,ISTKRAD,ISTGKFZ,ISTSONSTIG
"POINT (12.364719888000025 51.343133861000069)",Unfall 62552 (2017) Kat:2, Licht: 0,62552,2,3,5,05,09,4,0,0,1,1,0,0,,0
"POINT (12.377049391000071 51.344509172000073)",Unfall 62557 (2017) Kat:2, Licht: 0,62557,2,2,5,05,19,4,0,0,0,1,0,0,,0
"POINT (12.344902238000032 51.339196515000026)",Unfall 62561 (2017) Kat:3, Licht: 0,62561,3,3,5,05,06,4,0,0,1,1,0,0,,0
"POINT (12.378182935000041 51.375846681000041)",Unfall 62588 (2017) Kat:3, Licht: 0,62588,3,2,2,05,16,3,0,0,0,1,0,0,,0
"POINT (12.401688451000041 51.324236622000058)",Unfall 62607 (2017) Kat:3, Licht: 0,62607,3,6,2,04,11,5,0,0,0,1,0,0,,0
"POINT (12.266633072000047 51.345854528000075)",Unfall 62652 (2017) Kat:3, Licht: 0,62652,3,6,2,05,08,4,0,0,0,1,0,0,,1
"POINT (12.370038402000034 51.344292932000030)",Unfall 62656 (2017) Kat:2, Licht: 0,62656,2,2,4,05,18,2,0,0,1,1,0,0,,0
"POINT (12.335592839000071 51.335592954000049)",Unfall 62658 (2017) Kat:3, Licht: 0,62658,3,4,6,05,06,2,0,0,0,0,1,0,,1
"POINT (12.396211522000044 51.415516145000026)",Unfall 62659 (2017) Kat:3, Licht: 0,62659,3,6,2,05,18,2,1,0,0,1,0,0,,0
"POINT (12.449849562000054 51.362991951000026)",Unfall 62674 (2017) Kat:3, Licht: 0,62674,3,6,3,04,15,5,0,0,1,0,0,0,,0
"POINT (12.406007513000077 51.313915217000044)",Unfall 62694 (2017) Kat:3, Licht: 0,62694,3,2,4,04,18,5,1,0,0,1,0,0,,0
"POINT (12.380534572000045 51.344080683000072)",Unfall 62716 (2017) Kat:3, Licht: 0,62716,3,6,3,05,17,1,0,0,0,1,0,1,,0
"POINT (12.383591579000040 51.343619154000066)",Unfall 62719 (2017) Kat:2, Licht: 0,62719,2,6,2,05,16,1,0,0,0,1,0,1,,0
"POINT (12.394415052000056 51.336753317000046)",Unfall 62781 (2017) Kat:3, Licht: 0,62781,3,2,4,06,13,4,0,0,0,0,0,0,,1
"POINT (12.351720972000066 51.340772447000063)",Unfall 62783 (2017) Kat:3, Licht: 0,62783,3,6,4,06,15,4,0,0,1,1,0,0,,0
"POINT (12.397477892000040 51.368562667000049)",Unfall 62807 (2017) Kat:3, Licht: 0,62807,3,6,1,06,13,5,0,0,0,1,0,0,,1
"POINT (12.381237041000077 51.375792749000027)",Unfall 62828 (2017) Kat:2, Licht: 0,62828,2,4,6,06,15,2,0,0,0,1,1,0,,0
"POINT (12.291431500000044 51.343646061000072)",Unfall 62831 (2017) Kat:2, Licht: 0,62831,2,1,0,06,20,2,0,0,1,0,0,0,,0
"POINT (12.322140793000074 51.338943673000074)",Unfall 62859 (2017) Kat:3, Licht: 0,62859,3,4,6,06,15,1,0,0,1,0,1,0,,0
"POINT (12.298376727000061 51.343023732000063)",Unfall 62882 (2017) Kat:3, Licht: 0,62882,3,6,2,06,10,7,0,0,0,1,0,0,,0
"POINT (12.460835250000059 51.367256010000062)",Unfall 62923 (2017) Kat:3, Licht: 0,62923,3,2,5,06,17,5,0,0,0,1,0,0,,0
"POINT (12.394417690000068 51.336760032000029)",Unfall 62979 (2017) Kat:3, Licht: 2,62979,3,3,5,06,00,3,0,2,0,1,0,0,,0
"POINT (12.490446529000053 51.357619329000045)",Unfall 62981 (2017) Kat:2, Licht: 0,62981,2,1,9,06,20,3,1,0,0,1,0,0,,0
"POINT (12.399473625000041 51.362846333000050)",Unfall 63038 (2017) Kat:3, Licht: 0,63038,3,6,2,06,10,5,0,0,0,1,0,0,,1
"POINT (12.394990836000034 51.342886412000041)",Unfall 63070 (2017) Kat:3, Licht: 0,63070,3,3,5,06,18,4,0,0,0,1,0,1,,0
"POINT (12.373709558000030 51.344395555000062)",Unfall 63071 (2017) Kat:3, Licht: 0,63071,3,3,5,06,14,4,0,0,1,1,0,0,,0
"POINT (12.263619580000068 51.275848972000063)",Unfall 63072 (2017) Kat:3, Licht: 0,63072,3,6,2,06,07,4,0,0,0,1,0,0,,0
"POINT (12.394159313000046 51.351092243000039)",Unfall 63073 (2017) Kat:3, Licht: 0,63073,3,6,2,06,16,4,0,0,0,1,0,0,,0
"POINT (12.362125810000066 51.342540114000030)",Unfall 63095 (2017) Kat:3, Licht: 0,63095,3,3,5,06,08,3,0,0,1,0,0,0,,1
"POINT (12.375272247000055 51.375927742000044)",Unfall 63116 (2017) Kat:3, Licht: 0,63116,3,3,5,06,13,2,0,0,1,1,0,0,,0
"POINT (12.461107820000052 51.367454922000036)",Unfall 63142 (2017) Kat:3, Licht: 0,63142,3,6,2,06,19,1,0,0,0,1,0,0,,0
"POINT (12.494935787000031 51.354960254000048)",Unfall 63201 (2017) Kat:2, Licht: 1,63201,2,1,9,06,20,5,1,1,0,0,0,0,,1
"POINT (12.333033374000024 51.336051935000057)",Unfall 63226 (2017) Kat:3, Licht: 0,63226,3,2,2,06,09,5,0,0,0,1,0,0,,0
"POINT (12.342537926000034 51.338166977000071)",Unfall 63243 (2017) Kat:3, Licht: 0,63243,3,6,3,06,08,6,0,0,0,1,0,0,,1
"POINT (12.382656969000038 51.314946113000076)",Unfall 63260 (2017) Kat:3, Licht: 0,63260,3,3,5,07,14,7,0,0,1,1,0,0,,0
"POINT (12.331912694000039 51.335910152000054)",Unfall 63264 (2017) Kat:2, Licht: 0,63264,2,2,5,06,19,4,0,0,1,1,0,0,,0
"POINT (12.443639349000023 51.359909752000078)",Unfall 63313 (2017) Kat:2, Licht: 0,63313,2,6,2,06,16,3,0,0,0,1,0,0,,0
"POINT (12.380605078000031 51.421448833000056)",Unfall 63336 (2017) Kat:3, Licht: 2,63336,3,3,5,07,23,6,0,2,0,1,0,0,,0
"POINT (12.399022147000039 51.416925512000034)",Unfall 63338 (2017) Kat:2, Licht: 0,63338,2,3,5,07,16,6,0,0,1,0,0,1,,0
"POINT (12.381685380000022 51.343607671000029)",Unfall 63387 (2017) Kat:3, Licht: 0,63387,3,4,0,07,18,5,0,0,1,0,1,0,,0
"POINT (12.422423256000059 51.397216916000048)",Unfall 63389 (2017) Kat:2, Licht: 0,63389,2,6,3,06,07,2,0,0,0,1,0,0,,1
"POINT (12.377060360000030 51.344510334000063)",Unfall 63422 (2017) Kat:3, Licht: 0,63422,3,2,5,07,18,4,0,0,0,1,0,0,,0
"POINT (12.350836178000066 51.340294441000026)",Unfall 63465 (2017) Kat:3, Licht: 0,63465,3,3,5,07,13,3,0,0,1,0,0,0,,1
"POINT (12.274137377000045 51.396998194000048)",Unfall 63466 (2017) Kat:3, Licht: 0,63466,3,2,2,07,10,3,0,0,0,1,0,0,,0
"POINT (12.378105707000032 51.288810930000068)",Unfall 63493 (2017) Kat:2, Licht: 1,63493,2,6,4,07,04,2,0,1,0,1,0,0,,0
"POINT (12.304007444000035 51.301609851000080)",Unfall 63496 (2017) Kat:2, Licht: 0,63496,2,3,5,07,11,2,0,0,0,1,0,0,,0
"POINT (12.261659829000052 51.316169070000058)",Unfall 63497 (2017) Kat:3, Licht: 0,63497,3,2,5,06,19,7,0,0,1,1,0,0,,0
"POINT (12.344857912000066 51.339186928000061)",Unfall 63505 (2017) Kat:3, Licht: 0,63505,3,3,5,06,09,7,0,0,1,1,0,0,,0
"POINT (12.379948687000024 51.344323298000063)",Unfall 63523 (2017) Kat:3, Licht: 2,63523,3,4,6,06,23,6,0,2,0,1,1,0,,0
"POINT (12.294242105000023 51.290958188000047)",Unfall 63542 (2017) Kat:2, Licht: 0,63542,2,3,5,07,12,1,0,0,0,1,0,0,,0
"POINT (12.377111860000070 51.344515793000028)",Unfall 63575 (2017) Kat:3, Licht: 0,63575,3,1,0,07,20,2,1,0,1,0,0,0,,0
"POINT (12.301808404000042 51.342658777000054)",Unfall 63576 (2017) Kat:3, Licht: 0,63576,3,2,3,07,15,2,1,0,1,0,0,0,,1
"POINT (12.406049705000044 51.313916753000058)",Unfall 63577 (2017) Kat:3, Licht: 0,63577,3,3,5,07,15,2,1,0,1,1,0,0,,0
"POINT (12.290344057000027 51.392739083000038)",Unfall 63584 (2017) Kat:2, Licht: 0,63584,2,2,5,07,09,2,0,0,0,1,0,0,,0
"POINT (12.420028145000060 51.332907999000042)",Unfall 63613 (2017) Kat:3, Licht: 0,63613,3,6,4,08,07,2,0,0,1,1,0,0,,0
"POINT (12.387714050000056 51.345988925000029)",Unfall 63651 (2017) Kat:3, Licht: 0,63651,3,6,2,07,17,7,0,0,0,1,0,0,,0
"POINT (12.345219827000051 51.375175867000053)",Unfall 63652 (2017) Kat:3, Licht: 0,63652,3,6,2,07,11,7,0,0,0,1,0,0,,0
"POINT (12.437221004000037 51.356997643000057)",Unfall 63701 (2017) Kat:2, Licht: 0,63701,2,3,5,07,17,6,0,0,1,1,0,0,,0
"POINT (12.364982381000061 51.406922978000068)",Unfall 63738 (2017) Kat:3, Licht: 0,63738,3,3,5,08,15,6,0,0,0,1,0,0,,0
"POINT (12.261624169000072 51.316163827000082)",Unfall 63762 (2017) Kat:3, Licht: 0,63762,3,2,2,08,06,6,0,0,1,0,0,0,,1
"POINT (12.344856484000047 51.339186619000031)",Unfall 63815 (2017) Kat:3, Licht: 0,63815,3,3,5,08,14,5,0,0,1,1,0,0,,0
"POINT (12.386859953000055 51.345677460000047)",Unfall 63816 (2017) Kat:2, Licht: 0,63816,2,3,5,08,18,5,0,0,0,1,0,0,,1
"POINT (12.328578756000070 51.336710293000067)",Unfall 63817 (2017) Kat:3, Licht: 0,63817,3,3,5,08,18,5,0,0,1,1,0,0,,0
"POINT (12.276701175000028 51.320768508000072)",Unfall 63836 (2017) Kat:3, Licht: 0,63836,3,3,5,07,10,3,0,0,1,1,0,0,,0
"POINT (12.342551072000049 51.338610379000045)",Unfall 63837 (2017) Kat:3, Licht: 0,63837,3,3,0,07,08,3,0,0,1,1,0,0,,0
"POINT (12.305078874000060 51.342271713000059)",Unfall 63881 (2017) Kat:3, Licht: 0,63881,3,3,5,07,08,2,1,0,0,1,0,0,,0
"POINT (12.347033758000066 51.375186724000059)",Unfall 63883 (2017) Kat:2, Licht: 0,63883,2,6,3,07,12,2,0,0,0,1,0,0,,1
"POINT (12.263961093000034 51.346102226000028)",Unfall 63888 (2017) Kat:3, Licht: 0,63888,3,6,4,07,14,2,0,0,0,1,0,0,,0
"POINT (12.285836100000040 51.330945946000043)",Unfall 63892 (2017) Kat:3, Licht: 0,63892,3,3,5,08,16,4,0,0,1,1,0,0,,0
"POINT (12.385014759000057 51.344388592000030)",Unfall 63932 (2017) Kat:3, Licht: 0,63932,3,3,5,08,13,3,0,0,1,1,0,0,,0
"POINT (12.283817556000031 51.344318559000044)",Unfall 63933 (2017) Kat:3, Licht: 0,63933,3,3,5,08,07,3,1,0,0,1,0,1,,0
"POINT (12.303701536000062 51.342503069000031)",Unfall 63940 (2017) Kat:3, Licht: 0,63940,3,2,3,07,05,2,0,0,1,1,0,0,,0
"POINT (12.390471649000062 51.405884283000034)",Unfall 63946 (2017) Kat:2, Licht: 0,63946,2,6,9,07,15,7,0,0,0,0,0,1,,1
"POINT (12.341227218000029 51.335590599000056)",Unfall 63949 (2017) Kat:3, Licht: 0,63949,3,3,5,07,09,2,0,0,1,1,0,0,,0
"POINT (12.378364169000065 51.375841232000028)",Unfall 64003 (2017) Kat:3, Licht: 0,64003,3,6,1,07,15,5,0,0,0,1,0,0,,1
"POINT (12.406041170000037 51.319618597000044)",Unfall 64016 (2017) Kat:3, Licht: 0,64016,3,7,7,07,12,4,1,0,1,0,0,0,,0
"POINT (12.371540298000070 51.314813208000032)",Unfall 64018 (2017) Kat:3, Licht: 1,64018,3,3,5,07,20,4,1,1,0,1,0,0,,0
"POINT (12.394729294000058 51.332343450000053)",Unfall 64027 (2017) Kat:3, Licht: 0,64027,3,2,5,07,11,1,0,0,1,0,0,0,,1
"POINT (12.445235309000054 51.350746714000081)",Unfall 64028 (2017) Kat:3, Licht: 0,64028,3,2,2,07,12,1,0,0,0,1,0,0,,0
"POINT (12.331799312000044 51.335896351000031)",Unfall 64068 (2017) Kat:3, Licht: 0,64068,3,6,2,07,08,3,0,0,0,1,0,0,,0
"POINT (12.395181580000042 51.352600657000039)",Unfall 64069 (2017) Kat:3, Licht: 0,64069,3,6,4,07,20,3,0,0,1,0,0,0,,0
"POINT (12.380090104000033 51.344264797000051)",Unfall 64070 (2017) Kat:3, Licht: 2,64070,3,4,6,07,23,3,0,2,0,0,1,0,,1
"POINT (12.401503592000040 51.324201748000064)",Unfall 64094 (2017) Kat:3, Licht: 0,64094,3,2,3,07,18,6,0,0,0,1,0,1,,0
"POINT (12.394278411000073 51.336747699000057)",Unfall 64096 (2017) Kat:3, Licht: 0,64096,3,2,3,07,18,6,0,0,1,0,0,0,,1
"POINT (12.406029219000061 51.313916007000046)",Unfall 64118 (2017) Kat:3, Licht: 0,64118,3,3,5,07,09,2,1,0,1,1,0,0,,0
"POINT (12.358722754000041 51.342062927000029)",Unfall 64128 (2017) Kat:3, Licht: 0,64128,3,6,2,07,17,5,0,0,0,1,0,1,,0
"POINT (12.489858937000065 51.357925575000081)",Unfall 64142 (2017) Kat:2, Licht: 0,64142,2,1,9,07,16,4,1,0,0,1,0,0,,0
"POINT (12.386987554000029 51.345723992000046)",Unfall 64211 (2017) Kat:3, Licht: 0,64211,3,6,2,07,12,7,1,0,0,1,0,0,,1
"POINT (12.289180686000066 51.289094773000045)",Unfall 64255 (2017) Kat:3, Licht: 0,64255,3,7,0,09,08,6,0,0,0,0,0,0,,1
"POINT (12.401856719000023 51.351335624000058)",Unfall 64275 (2017) Kat:2, Licht: 0,64275,2,6,2,09,13,1,0,0,0,0,0,1,,0
"POINT (12.366433184000073 51.343458338000062)",Unfall 64298 (2017) Kat:3, Licht: 0,64298,3,6,4,08,09,2,0,0,1,0,0,0,,0
"POINT (12.390775689000066 51.376244083000074)",Unfall 64300 (2017) Kat:3, Licht: 0,64300,3,3,5,08,14,2,0,0,0,1,0,0,,0
"POINT (12.334799022000027 51.335789311000042)",Unfall 64303 (2017) Kat:3, Licht: 0,64303,3,6,2,08,07,2,0,0,0,1,0,0,,1
"POINT (12.377052456000058 51.344509496000057)",Unfall 64304 (2017) Kat:3, Licht: 0,64304,3,3,5,08,09,2,0,0,1,1,0,0,,0
"POINT (12.392125020000037 51.346299180000074)",Unfall 64317 (2017) Kat:3, Licht: 0,64317,3,6,2,09,13,5,1,0,0,1,0,0,,0
"POINT (12.386876626000060 51.345683540000039)",Unfall 64385 (2017) Kat:3, Licht: 2,64385,3,3,5,08,22,1,0,2,0,0,0,1,,1
"POINT (12.391730618000054 51.351750000000038)",Unfall 64386 (2017) Kat:3, Licht: 0,64386,3,3,5,08,14,1,0,0,0,1,0,0,,0
"POINT (12.344875692000073 51.339190773000041)",Unfall 64410 (2017) Kat:3, Licht: 0,64410,3,3,5,08,13,1,0,0,1,1,0,0,,0
"POINT (12.324865994000049 51.338303846000031)",Unfall 64439 (2017) Kat:2, Licht: 0,64439,2,4,6,09,20,4,0,0,1,0,1,0,,0
"POINT (12.277430375000051 51.401758450000045)",Unfall 64448 (2017) Kat:3, Licht: 2,64448,3,3,5,09,04,3,0,2,0,1,0,1,,0
"POINT (12.328542906000052 51.336731269000040)",Unfall 64554 (2017) Kat:1, Licht: 0,64554,1,2,3,09,11,5,1,0,1,0,0,0,,1
"POINT (12.275117810000040 51.323154161000048)",Unfall 64561 (2017) Kat:3, Licht: 0,64561,3,3,5,08,12,4,0,0,1,1,0,0,,0
"POINT (12.399432512000033 51.363462502000061)",Unfall 64562 (2017) Kat:3, Licht: 2,64562,3,2,5,08,23,4,0,2,0,1,0,1,,0
"POINT (12.275318783000046 51.318475782000064)",Unfall 64563 (2017) Kat:3, Licht: 0,64563,3,4,6,08,15,4,0,0,0,0,1,0,,1
"POINT (12.338490229000058 51.396387661000063)",Unfall 64566 (2017) Kat:2, Licht: 0,64566,2,3,5,08,13,4,0,0,0,1,0,0,,1
"POINT (12.430522829000040 51.351364420000039)",Unfall 64567 (2017) Kat:3, Licht: 0,64567,3,2,4,08,11,4,0,0,0,1,0,0,,0
"POINT (12.338107138000055 51.335385880000047)",Unfall 64576 (2017) Kat:3, Licht: 0,64576,3,2,2,09,12,3,0,0,0,1,0,0,,0
"POINT (12.372428002000049 51.376014098000041)",Unfall 64652 (2017) Kat:3, Licht: 0,64652,3,6,3,08,17,4,0,0,0,1,0,0,,0
"POINT (12.382691660000035 51.343143726000051)",Unfall 64671 (2017) Kat:3, Licht: 0,64671,3,6,2,09,15,4,1,0,0,1,0,1,,0
"POINT (12.262606944000026 51.346226623000064)",Unfall 64704 (2017) Kat:3, Licht: 0,64704,3,2,4,09,17,2,0,0,0,1,0,1,,0
"POINT (12.339639074000047 51.335314392000043)",Unfall 64706 (2017) Kat:3, Licht: 0,64706,3,3,5,08,19,3,0,0,1,1,0,0,,0
"POINT (12.464411705000032 51.350539470000058)",Unfall 64728 (2017) Kat:3, Licht: 0,64728,3,3,5,08,12,2,0,0,1,1,0,0,,0
"POINT (12.457640498000046 51.350354729000060)",Unfall 64758 (2017) Kat:3, Licht: 0,64758,3,3,5,08,18,2,0,0,0,1,0,0,,1
"POINT (12.394967779000069 51.339002145000052)",Unfall 64759 (2017) Kat:2, Licht: 0,64759,2,2,4,08,16,2,0,0,1,1,0,0,,0
"POINT (12.362241385000061 51.342568354000036)",Unfall 64778 (2017) Kat:3, Licht: 0,64778,3,5,1,09,13,6,0,0,1,1,0,0,,0
"POINT (12.299726758000077 51.292394519000027)",Unfall 64788 (2017) Kat:3, Licht: 0,64788,3,3,5,08,16,2,0,0,0,1,0,0,,1
"POINT (12.435706904000028 51.356276066000078)",Unfall 64794 (2017) Kat:3, Licht: 0,64794,3,6,2,08,10,2,0,0,0,0,0,0,,1
"POINT (12.389953260000027 51.346562642000038)",Unfall 64824 (2017) Kat:2, Licht: 0,64824,2,3,5,08,19,1,0,0,1,1,0,0,,0
"POINT (12.491175297000041 51.357220401000063)",Unfall 64825 (2017) Kat:3, Licht: 0,64825,3,1,3,08,10,1,1,0,0,1,0,0,,0
"POINT (12.397054104000063 51.330924179000078)",Unfall 64881 (2017) Kat:3, Licht: 0,64881,3,2,3,08,12,6,0,0,1,1,0,0,,0
"POINT (12.388370116000033 51.346330892000026)",Unfall 64882 (2017) Kat:3, Licht: 0,64882,3,2,5,08,08,6,1,0,1,1,0,0,,0
"POINT (12.353566654000076 51.340898456000048)",Unfall 64908 (2017) Kat:2, Licht: 0,64908,2,2,5,08,13,6,0,0,1,1,0,0,,0
"POINT (12.388384068000050 51.405376344000047)",Unfall 64928 (2017) Kat:1, Licht: 2,64928,1,6,2,09,04,2,0,2,0,0,0,0,,1
"POINT (12.343532172000039 51.394006112000056)",Unfall 64960 (2017) Kat:2, Licht: 0,64960,2,3,5,08,05,6,0,0,0,1,0,0,,1
"POINT (12.375842233000071 51.344392564000032)",Unfall 65002 (2017) Kat:3, Licht: 0,65002,3,6,4,08,14,5,0,0,1,0,0,0,,0
"POINT (12.374000369000044 51.314822421000031)",Unfall 65024 (2017) Kat:2, Licht: 0,65024,2,6,3,09,08,6,0,0,1,1,0,0,,0
"POINT (12.273826470000074 51.396980280000037)",Unfall 65050 (2017) Kat:3, Licht: 0,65050,3,6,2,08,05,4,0,0,0,1,0,1,,0
"POINT (12.380810073000077 51.343538939000041)",Unfall 65051 (2017) Kat:3, Licht: 0,65051,3,3,5,08,12,4,0,0,1,0,0,0,,1
"POINT (12.452959056000054 51.281242110000051)",Unfall 65052 (2017) Kat:2, Licht: 0,65052,2,3,5,08,11,4,0,0,0,1,0,1,,0
"POINT (12.275100212000041 51.323183249000067)",Unfall 65054 (2017) Kat:3, Licht: 0,65054,3,2,3,08,18,4,0,0,1,1,0,0,,0
"POINT (12.318160995000028 51.381218995000040)",Unfall 65107 (2017) Kat:3, Licht: 0,65107,3,3,5,08,12,3,0,0,1,1,0,0,,0
"POINT (12.334040731000073 51.414285889000041)",Unfall 65110 (2017) Kat:2, Licht: 0,65110,2,7,7,08,08,3,0,0,0,1,0,0,,0
"POINT (12.394422641000062 51.336772630000041)",Unfall 65121 (2017) Kat:2, Licht: 2,65121,2,3,5,08,23,3,0,2,0,1,0,0,,0
"POINT (12.383666196000036 51.343751521000058)",Unfall 65132 (2017) Kat:2, Licht: 0,65132,2,6,3,11,13,3,1,0,0,1,0,0,,0
"POINT (12.399884084000064 51.361863131000064)",Unfall 65163 (2017) Kat:3, Licht: 1,65163,3,2,5,11,06,5,0,1,0,1,0,0,,0
"POINT (12.468455754000047 51.370110031000081)",Unfall 65166 (2017) Kat:3, Licht: 0,65166,3,6,3,11,15,6,0,0,0,1,0,0,,0
"POINT (12.301777438000045 51.342661324000062)",Unfall 65167 (2017) Kat:3, Licht: 0,65167,3,2,4,11,10,4,0,0,0,1,0,0,,0
"POINT (12.362222730000042 51.342563796000036)",Unfall 65193 (2017) Kat:3, Licht: 0,65193,3,5,1,11,15,1,1,0,1,1,0,0,,0
"POINT (12.377070580000066 51.344511417000035)",Unfall 65197 (2017) Kat:3, Licht: 1,65197,3,3,5,10,07,3,1,1,0,1,0,0,,0
"POINT (12.394418781000070 51.336762806000081)",Unfall 65211 (2017) Kat:3, Licht: 2,65211,3,3,5,10,22,6,0,2,0,1,0,0,,0
"POINT (12.405926736000026 51.350302802000044)",Unfall 65228 (2017) Kat:3, Licht: 0,65228,3,6,2,10,09,3,0,0,0,1,0,0,,1
"POINT (12.417875444000060 51.398644916000080)",Unfall 65232 (2017) Kat:3, Licht: 2,65232,3,1,9,11,20,1,1,2,0,1,0,0,,0
"POINT (12.391730618000054 51.351750000000038)",Unfall 65250 (2017) Kat:3, Licht: 0,65250,3,2,5,10,14,7,0,0,1,1,0,0,,0
"POINT (12.378157019000071 51.375847497000052)",Unfall 65265 (2017) Kat:2, Licht: 2,65265,2,2,6,11,17,2,1,2,0,1,1,0,,0
"POINT (12.306336689000034 51.415318780000064)",Unfall 65278 (2017) Kat:3, Licht: 0,65278,3,6,2,11,15,4,0,0,0,1,0,0,,1
"POINT (12.423269520000076 51.398723538000070)",Unfall 65279 (2017) Kat:3, Licht: 0,65279,3,6,2,09,09,7,0,0,0,1,0,0,,0
"POINT (12.363169836000054 51.342779533000055)",Unfall 65309 (2017) Kat:3, Licht: 0,65309,3,5,3,11,13,7,1,0,1,1,0,0,,0
"POINT (12.377039969000066 51.344508173000065)",Unfall 65321 (2017) Kat:3, Licht: 2,65321,3,6,2,11,19,4,0,2,0,1,0,0,,0
"POINT (12.407043092000038 51.318582918000061)",Unfall 65345 (2017) Kat:3, Licht: 0,65345,3,6,3,10,10,3,0,0,0,1,0,0,,1
"POINT (12.344864267000048 51.339188303000071)",Unfall 65355 (2017) Kat:3, Licht: 0,65355,3,3,5,10,11,2,0,0,1,1,0,0,,0
"POINT (12.403855814000053 51.321791738000059)",Unfall 65399 (2017) Kat:3, Licht: 1,65399,3,2,6,11,07,5,0,1,0,1,1,0,,0
"POINT (12.389973371000053 51.346596538000028)",Unfall 65411 (2017) Kat:3, Licht: 0,65411,3,2,1,09,09,6,0,0,0,1,0,0,,1
"POINT (12.447309569000026 51.350237943000081)",Unfall 65412 (2017) Kat:3, Licht: 0,65412,3,2,2,09,16,6,0,0,0,1,0,0,,0
"POINT (12.377106804000050 51.344261359000029)",Unfall 65420 (2017) Kat:2, Licht: 0,65420,2,2,2,09,10,6,0,0,0,1,0,0,,0
"POINT (12.391342536000025 51.347429949000059)",Unfall 65422 (2017) Kat:3, Licht: 0,65422,3,2,5,11,13,6,0,0,1,0,0,0,,1
"POINT (12.433519873000023 51.355190529000026)",Unfall 65439 (2017) Kat:3, Licht: 0,65439,3,2,3,10,16,2,0,0,1,1,0,0,,0
"POINT (12.376755525000021 51.344219165000027)",Unfall 65452 (2017) Kat:3, Licht: 0,65452,3,3,6,11,15,1,1,0,0,1,1,0,,0
"POINT (12.342299984000022 51.373709044000066)",Unfall 65469 (2017) Kat:2, Licht: 0,65469,2,1,8,10,13,1,1,0,0,1,0,0,,0
"POINT (12.439304592000042 51.357991366000078)",Unfall 65504 (2017) Kat:3, Licht: 0,65504,3,6,1,10,15,7,0,0,0,1,0,0,,0
"POINT (12.394172888000071 51.314562887000079)",Unfall 65525 (2017) Kat:3, Licht: 1,65525,3,2,4,11,18,2,0,1,0,1,0,0,,0
"POINT (12.390213920000065 51.377770730000066)",Unfall 65528 (2017) Kat:3, Licht: 0,65528,3,6,2,11,15,2,0,0,0,1,0,0,,0
"POINT (12.467720427000074 51.262234728000067)",Unfall 65541 (2017) Kat:3, Licht: 0,65541,3,1,2,09,15,5,0,0,0,1,0,0,,1
"POINT (12.377067436000061 51.344511085000079)",Unfall 65543 (2017) Kat:3, Licht: 0,65543,3,3,5,10,09,1,0,0,0,1,0,0,,0
"POINT (12.247293544000058 51.318147614000054)",Unfall 65555 (2017) Kat:3, Licht: 0,65555,3,2,3,11,15,6,1,0,1,1,0,0,,0
"POINT (12.398684735000074 51.365601551000054)",Unfall 65572 (2017) Kat:2, Licht: 0,65572,2,3,5,10,15,6,1,0,1,1,0,0,,0
"POINT (12.323878284000045 51.379400516000032)",Unfall 65574 (2017) Kat:3, Licht: 0,65574,3,6,2,10,10,6,0,0,0,1,0,0,,0
"POINT (12.452999947000023 51.364344009000035)",Unfall 65589 (2017) Kat:2, Licht: 2,65589,2,2,4,10,19,7,1,2,0,1,0,0,,1
"POINT (12.460769069000037 51.367338027000073)",Unfall 65666 (2017) Kat:3, Licht: 0,65666,3,2,4,11,08,6,0,0,0,1,0,0,,0
"POINT (12.360331232000021 51.413944556000047)",Unfall 65670 (2017) Kat:3, Licht: 2,65670,3,1,8,11,17,7,1,2,0,0,0,0,,1
"POINT (12.383656599000062 51.343849221000028)",Unfall 65715 (2017) Kat:3, Licht: 0,65715,3,6,4,10,12,5,0,0,1,0,0,0,,0
"POINT (12.378146031000028 51.314840400000037)",Unfall 65724 (2017) Kat:3, Licht: 1,65724,3,6,1,10,16,5,0,1,0,1,0,0,,0
"POINT (12.321435134000069 51.414845087000060)",Unfall 65726 (2017) Kat:2, Licht: 2,65726,2,1,8,10,20,5,0,2,0,1,0,0,,0
"POINT (12.373169776000054 51.314798454000027)",Unfall 65729 (2017) Kat:3, Licht: 0,65729,3,6,2,10,10,5,0,0,0,1,0,0,,0
"POINT (12.471092030000023 51.370936766000057)",Unfall 65742 (2017) Kat:3, Licht: 2,65742,3,6,2,11,18,4,0,2,0,1,0,0,,0
"POINT (12.391716680000059 51.351788992000081)",Unfall 65754 (2017) Kat:3, Licht: 2,65754,3,6,2,09,19,4,0,2,0,1,0,0,,0
"POINT (12.344886157000076 51.339193036000040)",Unfall 65756 (2017) Kat:3, Licht: 0,65756,3,3,5,09,16,4,0,0,1,1,0,0,,0
"POINT (12.392128351000053 51.348015305000047)",Unfall 65758 (2017) Kat:2, Licht: 0,65758,2,6,3,09,12,4,0,0,1,0,0,0,,1
"POINT (12.377936111000054 51.292323556000042)",Unfall 65780 (2017) Kat:3, Licht: 2,65780,3,6,2,11,19,4,0,2,0,1,0,0,,0
"POINT (12.380070109000030 51.344273069000053)",Unfall 65792 (2017) Kat:3, Licht: 1,65792,3,6,1,09,18,3,0,1,0,1,0,0,,0
"POINT (12.358900772000027 51.342052114000069)",Unfall 65794 (2017) Kat:3, Licht: 2,65794,3,1,8,11,20,5,0,2,0,1,0,0,,0
"POINT (12.373594534000063 51.314928329000054)",Unfall 65796 (2017) Kat:3, Licht: 0,65796,3,3,5,09,18,3,0,0,1,1,0,0,,0
"POINT (12.451636977000021 51.279136964000031)",Unfall 65797 (2017) Kat:3, Licht: 0,65797,3,2,1,09,14,3,0,0,0,1,0,0,,1