WKT,Name,OBJECTID,UKATEGORIE,UTYP1,UART,UMONAT,USTUNDE,UWOCHENTAG,STRZUSTAND,ULICHTVERH,ISTRAD,ISTPKW,ISTFUSS,ISTKRAD,ISTGKFZ,ISTSONSTIG
"POINT (12.371483111000032 51.314809629000081)",Unfall 65815 (2017) Kat:3, Licht: 0,65815,3,3,5,11,07,6,1,0,1,1,0,0,,0
"POINT (12.346239143000048 51.375178692000077)",Unfall 65835 (2017) Kat:3, Licht: 0,65835,3,6,2,10,16,4,0,0,0,1,0,0,,0
"POINT (12.359190094000041 51.375200457000062)",Unfall 65837 (2017) Kat:3, Licht: 0,65837,3,3,5,10,11,5,0,0,1,1,0,0,,0
"POINT (12.463671481000063 51.368266120000044)",Unfall 65843 (2017) Kat:3, Licht: 0,65843,3,6,2,10,15,6,0,0,0,1,0,0,,0
"POINT (12.355915458000027 51.341427115000045)",Unfall 65877 (2017) Kat:3, Licht: 0,65877,3,7,5,09,13,2,0,0,1,1,0,0,,0
"POINT (12.321935773000064 51.338992353000037)",Unfall 65879 (2017) Kat:3, Licht: 0,65879,3,2,0,09,17,2,0,0,1,1,0,0,,0
"POINT (12.277808913000058 51.318998937000060)",Unfall 65884 (2017) Kat:3, Licht: 0,65884,3,2,5,09,07,2,1,0,0,1,0,0,,0
"POINT (12.373410294000053 51.314810963000070)",Unfall 65902 (2017) Kat:3, Licht: 0,65902,3,2,5,11,11,4,0,0,1,1,0,0,,0
"POINT (12.396964093000065 51.353547757000058)",Unfall 65910 (2017) Kat:3, Licht: 0,65910,3,7,0,09,13,1,1,0,0,0,0,1,,1
"POINT (12.389954866000039 51.346565349000059)",Unfall 65927 (2017) Kat:3, Licht: 2,65927,3,3,5,10,20,5,0,2,1,1,0,0,,0
"POINT (12.366172471000027 51.343398508000064)",Unfall 65935 (2017) Kat:3, Licht: 0,65935,3,1,4,10,10,3,0,0,1,0,0,0,,0
"POINT (12.380133769000054 51.344246734000080)",Unfall 65966 (2017) Kat:3, Licht: 0,65966,3,6,3,10,16,3,0,0,0,1,0,0,,0
"POINT (12.319757095000057 51.339508891000037)",Unfall 65968 (2017) Kat:2, Licht: 2,65968,2,1,0,10,19,3,0,2,1,0,0,0,,0
"POINT (12.395795336000049 51.353109618000076)",Unfall 65972 (2017) Kat:3, Licht: 0,65972,3,6,2,10,08,3,0,0,0,1,0,0,,0
"POINT (12.357612945000028 51.341797891000056)",Unfall 65995 (2017) Kat:3, Licht: 0,65995,3,6,2,11,09,5,0,0,0,1,0,0,,0
"POINT (12.615106824000065 51.298395533000075)",Unfall 66004 (2017) Kat:3, Licht: 0,66004,3,6,3,09,12,7,0,0,0,1,0,0,,0
"POINT (12.274071505000052 51.396906630000046)",Unfall 66008 (2017) Kat:3, Licht: 2,66008,3,1,0,09,23,7,1,2,0,1,0,0,,0
"POINT (12.380966201000035 51.343902577000051)",Unfall 66024 (2017) Kat:3, Licht: 0,66024,3,4,6,11,14,4,0,0,1,0,1,0,,0
"POINT (12.391833139000028 51.351634280000042)",Unfall 66029 (2017) Kat:3, Licht: 2,66029,3,3,5,11,05,7,0,2,0,1,0,1,,0
"POINT (12.372296762000076 51.314859132000038)",Unfall 66035 (2017) Kat:3, Licht: 1,66035,3,5,1,11,07,6,1,1,1,1,0,0,,0
"POINT (12.378204386000050 51.375846007000064)",Unfall 66044 (2017) Kat:2, Licht: 1,66044,2,3,5,10,07,3,0,1,0,0,0,1,,1
"POINT (12.331936059000043 51.335912996000047)",Unfall 66057 (2017) Kat:3, Licht: 0,66057,3,2,4,10,15,5,0,0,1,1,0,0,,0
"POINT (12.391725051000037 51.351765577000037)",Unfall 66061 (2017) Kat:3, Licht: 0,66061,3,3,5,11,12,7,1,0,0,1,0,0,,0
"POINT (12.392440196000052 51.345434347000037)",Unfall 66087 (2017) Kat:3, Licht: 0,66087,3,6,2,10,11,5,0,0,0,1,0,0,,0
"POINT (12.395086061000029 51.332093377000035)",Unfall 66113 (2017) Kat:3, Licht: 0,66113,3,2,3,09,07,6,0,0,0,1,0,0,,1
"POINT (12.405545223000047 51.320026298000073)",Unfall 66114 (2017) Kat:3, Licht: 0,66114,3,3,5,09,07,6,0,0,1,0,0,0,,1
"POINT (12.397269795000057 51.370323877000033)",Unfall 66118 (2017) Kat:3, Licht: 0,66118,3,3,5,09,13,6,0,0,1,1,0,0,,0
"POINT (12.384969555000055 51.344358640000053)",Unfall 66119 (2017) Kat:3, Licht: 0,66119,3,6,2,09,12,6,0,0,0,1,0,0,,0
"POINT (12.469375324000055 51.351070013000026)",Unfall 66120 (2017) Kat:1, Licht: 0,66120,1,1,9,09,11,6,0,0,0,1,0,0,,0
"POINT (12.461393858000065 51.282022798000071)",Unfall 66138 (2017) Kat:3, Licht: 0,66138,3,2,5,11,11,7,0,0,1,1,0,0,,0
"POINT (12.471044894000045 51.370919874000037)",Unfall 66155 (2017) Kat:2, Licht: 2,66155,2,2,4,11,18,7,0,2,0,1,0,0,,1
"POINT (12.427563381000027 51.351562929000067)",Unfall 66160 (2017) Kat:3, Licht: 0,66160,3,6,3,10,07,4,1,0,0,1,0,0,,1
"POINT (12.332874925000056 51.336034288000064)",Unfall 66161 (2017) Kat:2, Licht: 2,66161,2,4,6,11,23,6,1,2,0,1,1,0,,0
"POINT (12.444113371000071 51.291351013000053)",Unfall 66162 (2017) Kat:3, Licht: 0,66162,3,6,4,10,17,4,0,0,0,1,0,0,,1
"POINT (12.394632913000066 51.354699894000078)",Unfall 66168 (2017) Kat:3, Licht: 2,66168,3,2,1,10,18,1,0,2,0,1,0,0,,0
"POINT (12.457586647000028 51.350353323000036)",Unfall 66171 (2017) Kat:3, Licht: 0,66171,3,6,2,10,17,1,1,0,0,1,0,0,,1
"POINT (12.329697764000059 51.336002319000045)",Unfall 66194 (2017) Kat:3, Licht: 2,66194,3,6,2,09,20,5,0,2,0,1,0,0,,0
"POINT (12.494395601000065 51.355529971000067)",Unfall 66211 (2017) Kat:1, Licht: 1,66211,1,6,2,11,06,7,0,1,0,1,0,1,,0
"POINT (12.302505193000059 51.342601470000034)",Unfall 66225 (2017) Kat:3, Licht: 1,66225,3,3,5,09,17,4,0,1,0,1,0,0,,0
"POINT (12.274123382000028 51.397002233000080)",Unfall 66227 (2017) Kat:3, Licht: 0,66227,3,2,2,09,15,4,0,0,0,1,0,0,,1
"POINT (12.371285785000055 51.344446671000071)",Unfall 66228 (2017) Kat:3, Licht: 0,66228,3,2,2,09,08,4,1,0,0,1,0,0,,0
"POINT (12.399410218000071 51.363516759000049)",Unfall 66230 (2017) Kat:3, Licht: 1,66230,3,2,6,09,06,4,0,1,0,1,1,0,,0
"POINT (12.381748665000032 51.283380954000052)",Unfall 66269 (2017) Kat:3, Licht: 2,66269,3,6,2,10,18,7,1,2,0,1,0,0,,0
"POINT (12.424542508000059 51.352181892000033)",Unfall 66323 (2017) Kat:3, Licht: 0,66323,3,1,4,10,11,3,1,0,0,1,0,0,,0
"POINT (12.448065592000034 51.384052533000045)",Unfall 66328 (2017) Kat:1, Licht: 2,66328,1,7,0,10,00,3,1,2,0,1,0,0,,0
"POINT (12.399782274000074 51.362029616000029)",Unfall 66330 (2017) Kat:3, Licht: 2,66330,3,3,5,11,18,5,0,2,0,1,0,0,,1
"POINT (12.448068844000034 51.384049698000069)",Unfall 66332 (2017) Kat:2, Licht: 2,66332,2,1,3,10,00,3,1,2,0,1,0,0,,0
"POINT (12.261605692000046 51.316161111000042)",Unfall 66335 (2017) Kat:3, Licht: 0,66335,3,2,2,10,14,6,0,0,0,1,0,0,,0
"POINT (12.358745143000021 51.342012884000042)",Unfall 66336 (2017) Kat:3, Licht: 0,66336,3,4,6,09,15,3,0,0,1,0,1,0,,0
"POINT (12.406030051000073 51.313916038000059)",Unfall 66337 (2017) Kat:3, Licht: 0,66337,3,2,4,09,14,3,0,0,0,1,0,0,,0
"POINT (12.395157425000036 51.339177516000063)",Unfall 66338 (2017) Kat:3, Licht: 2,66338,3,4,6,10,07,6,0,2,0,0,1,0,,1
"POINT (12.356232259000024 51.341498432000037)",Unfall 66356 (2017) Kat:3, Licht: 0,66356,3,4,6,11,11,6,0,0,0,1,1,0,,0
"POINT (12.364169201000038 51.343006802000048)",Unfall 66358 (2017) Kat:1, Licht: 0,66358,1,4,6,11,14,4,0,0,0,0,1,0,,1
"POINT (12.426428878000024 51.351817731000040)",Unfall 66370 (2017) Kat:3, Licht: 0,66370,3,2,5,10,12,2,0,0,0,1,0,0,,0
"POINT (12.265915869000025 51.316794843000082)",Unfall 66426 (2017) Kat:3, Licht: 0,66426,3,6,2,10,13,6,0,0,0,1,0,0,,1
"POINT (12.394161965000023 51.351088144000073)",Unfall 66436 (2017) Kat:3, Licht: 0,66436,3,6,1,09,14,2,0,0,0,1,0,0,,0
"POINT (12.332930362000070 51.336041839000075)",Unfall 66437 (2017) Kat:3, Licht: 2,66437,3,3,5,09,20,2,0,2,0,1,0,1,,0
"POINT (12.300112354000021 51.342839577000063)",Unfall 66446 (2017) Kat:3, Licht: 0,66446,3,3,5,09,14,2,0,0,0,1,0,0,,0
"POINT (12.362104234000071 51.342534841000031)",Unfall 66457 (2017) Kat:2, Licht: 2,66457,2,2,4,11,18,5,0,2,0,1,0,1,,0
"POINT (12.377051713000071 51.344509418000030)",Unfall 66472 (2017) Kat:2, Licht: 2,66472,2,2,5,10,20,5,0,2,1,1,0,0,,0
"POINT (12.431426417000068 51.351311011000064)",Unfall 66514 (2017) Kat:2, Licht: 2,66514,2,6,2,10,20,3,0,2,0,1,0,1,,0
"POINT (12.263471492000065 51.275802132000081)",Unfall 66516 (2017) Kat:2, Licht: 0,66516,2,2,5,10,15,3,1,0,0,1,0,0,,0
"POINT (12.369367323000063 51.344162973000039)",Unfall 66526 (2017) Kat:3, Licht: 0,66526,3,2,5,10,11,2,0,0,1,1,0,0,,0
"POINT (12.270821438000041 51.317571924000049)",Unfall 66529 (2017) Kat:3, Licht: 2,66529,3,6,2,10,19,2,1,2,0,1,0,0,,0
"POINT (12.393898227000022 51.333120300000076)",Unfall 66551 (2017) Kat:3, Licht: 0,66551,3,7,0,09,18,1,1,0,1,0,0,0,,0
"POINT (12.487412241000072 51.353930360000049)",Unfall 66570 (2017) Kat:3, Licht: 0,66570,3,6,2,11,16,6,1,0,0,1,0,0,,1
"POINT (12.279305714000031 51.247804968000025)",Unfall 66573 (2017) Kat:3, Licht: 0,66573,3,2,5,11,15,2,1,0,0,1,0,0,,0
"POINT (12.293772380000064 51.391354709000041)",Unfall 66576 (2017) Kat:3, Licht: 2,66576,3,1,9,11,22,3,0,2,0,1,0,0,,0
"POINT (12.493646744000046 51.279101034000064)",Unfall 66582 (2017) Kat:3, Licht: 2,66582,3,1,9,09,00,7,0,2,0,1,0,0,,0
"POINT (12.464557889000048 51.280062213000065)",Unfall 66590 (2017) Kat:3, Licht: 0,66590,3,3,5,11,10,6,1,0,1,1,0,0,,0
"POINT (12.245502597000041 51.346973526000056)",Unfall 66605 (2017) Kat:3, Licht: 0,66605,3,7,0,10,11,2,0,0,0,1,0,0,,0
"POINT (12.378112696000073 51.375848890000043)",Unfall 66639 (2017) Kat:2, Licht: 0,66639,2,1,0,11,12,5,0,0,1,0,0,0,,0
"POINT (12.394895278000035 51.342723836000062)",Unfall 66715 (2017) Kat:2, Licht: 1,66715,2,2,4,12,16,6,0,1,1,1,0,0,,0
"POINT (12.272169224000038 51.397483287000057)",Unfall 66717 (2017) Kat:3, Licht: 2,66717,3,6,2,12,05,6,1,2,0,1,0,0,,1
"POINT (12.396011627000064 51.371071206000067)",Unfall 66782 (2017) Kat:3, Licht: 0,66782,3,6,2,12,15,5,1,0,0,1,0,0,,0
"POINT (12.440537762000076 51.350817554000059)",Unfall 66784 (2017) Kat:2, Licht: 1,66784,2,4,6,12,16,5,0,1,0,1,1,0,,0
"POINT (12.447421972000029 51.350325996000038)",Unfall 66823 (2017) Kat:3, Licht: 0,66823,3,6,2,12,14,4,0,0,0,1,0,0,,0
"POINT (12.421794260000070 51.351584297000045)",Unfall 66881 (2017) Kat:3, Licht: 0,66881,3,6,2,12,09,2,1,0,0,1,0,0,,1
"POINT (12.357578515000057 51.341791268000065)",Unfall 66893 (2017) Kat:3, Licht: 2,66893,3,6,1,12,18,1,2,2,0,1,0,0,,0
"POINT (12.441614202000039 51.350823727000034)",Unfall 66920 (2017) Kat:3, Licht: 2,66920,3,1,4,12,18,1,2,2,0,1,0,0,,0
"POINT (12.344866759000070 51.339188841000066)",Unfall 66962 (2017) Kat:3, Licht: 2,66962,3,3,5,12,19,6,0,2,1,1,0,0,,0
"POINT (12.338361802000065 51.396449496000059)",Unfall 67001 (2017) Kat:2, Licht: 1,67001,2,6,2,12,06,6,1,1,0,1,0,0,,0
"POINT (12.443843198000025 51.360097872000040)",Unfall 67020 (2017) Kat:3, Licht: 0,67020,3,3,5,12,15,4,0,0,0,0,0,0,,1
"POINT (12.479645602000062 51.352144740000028)",Unfall 67043 (2017) Kat:3, Licht: 2,67043,3,6,2,12,18,3,0,2,0,1,0,0,,0
"POINT (12.302462725000055 51.342604963000042)",Unfall 67051 (2017) Kat:3, Licht: 1,67051,3,3,5,12,07,5,0,1,0,1,0,0,,0
"POINT (12.391407891000028 51.347454468000080)",Unfall 67053 (2017) Kat:3, Licht: 0,67053,3,2,3,12,13,5,0,0,1,1,0,0,,0
"POINT (12.377006556000026 51.344504631000063)",Unfall 67057 (2017) Kat:2, Licht: 2,67057,2,3,5,12,06,5,0,2,1,1,0,0,,0
"POINT (12.363976077000075 51.342959893000057)",Unfall 67105 (2017) Kat:3, Licht: 2,67105,3,5,3,12,17,4,0,2,1,0,0,0,,1
"POINT (12.392348885000047 51.345557026000051)",Unfall 67122 (2017) Kat:3, Licht: 0,67122,3,6,3,12,08,3,1,0,0,1,0,0,,0
"POINT (12.311495299000057 51.414646796000056)",Unfall 67123 (2017) Kat:3, Licht: 2,67123,3,3,5,12,23,3,0,2,0,1,0,0,,0
"POINT (12.478422268000031 51.352020707000065)",Unfall 67132 (2017) Kat:3, Licht: 0,67132,3,6,2,12,11,6,0,0,0,1,0,0,,0
"POINT (12.393896471000062 51.351273967000054)",Unfall 67160 (2017) Kat:2, Licht: 2,67160,2,2,6,12,06,2,1,2,0,1,1,0,,0
"POINT (12.361035499000025 51.375560170000028)",Unfall 67162 (2017) Kat:3, Licht: 1,67162,3,6,2,12,05,2,1,1,0,1,0,0,,0
"POINT (12.330281825000043 51.335716430000048)",Unfall 67163 (2017) Kat:3, Licht: 0,67163,3,2,6,12,14,2,0,0,0,1,1,0,,0
"POINT (12.267864132000057 51.345741253000028)",Unfall 67164 (2017) Kat:2, Licht: 2,67164,2,4,6,12,18,2,1,2,0,1,1,0,,0
"POINT (12.451353687000051 51.363576685000055)",Unfall 67166 (2017) Kat:3, Licht: 0,67166,3,6,2,12,13,2,1,0,0,1,0,0,,1
"POINT (12.335093426000071 51.335714696000082)",Unfall 67184 (2017) Kat:3, Licht: 2,67184,3,1,0,12,01,5,1,2,0,0,0,1,,0
"POINT (12.489078044000053 51.354445455000075)",Unfall 67186 (2017) Kat:3, Licht: 1,67186,3,6,2,12,17,5,1,1,0,1,0,0,,0
"POINT (12.390671612000062 51.376240277000079)",Unfall 67210 (2017) Kat:3, Licht: 2,67210,3,6,2,12,18,4,0,2,0,1,0,0,,0
"POINT (12.407287105000023 51.318380243000036)",Unfall 67220 (2017) Kat:3, Licht: 2,67220,3,1,1,12,17,1,1,2,0,1,0,0,,0
"POINT (12.380227058000060 51.314834044000065)",Unfall 67221 (2017) Kat:3, Licht: 2,67221,3,2,3,12,17,1,2,2,0,1,0,0,,0
"POINT (12.495863303000021 51.355808216000071)",Unfall 67231 (2017) Kat:3, Licht: 2,67231,3,3,5,12,19,4,1,2,0,1,0,0,,0
"POINT (12.394420274000026 51.336766606000026)",Unfall 67244 (2017) Kat:2, Licht: 2,67244,2,3,5,12,22,7,0,2,1,1,0,0,,0
"POINT (12.380066544000044 51.344274544000029)",Unfall 67285 (2017) Kat:3, Licht: 2,67285,3,4,6,12,06,6,1,2,0,1,1,0,,0
"POINT (12.380305142000054 51.407620746000077)",Unfall 67286 (2017) Kat:3, Licht: 2,67286,3,6,3,12,06,6,2,2,0,1,0,0,,1
"POINT (12.479314242000044 51.352018493000060)",Unfall 67331 (2017) Kat:2, Licht: 0,67331,2,2,4,12,12,2,0,0,0,1,0,0,,0
"POINT (12.461073063000072 51.282317639000041)",Unfall 67363 (2017) Kat:3, Licht: 0,67363,3,4,6,11,07,5,0,0,0,1,1,0,,0
"POINT (12.323636735000036 51.407410199000026)",Unfall 67419 (2017) Kat:3, Licht: 1,67419,3,6,2,11,16,4,0,1,0,1,0,0,,1
"POINT (12.385372159000042 51.343583909000074)",Unfall 158681 (2017) Kat:3, Licht: 2,158681,3,4,6,01,06,3,1,2,0,1,1,0,,0
"POINT (12.262862518000077 51.347866353000029)",Unfall 158682 (2017) Kat:3, Licht: 0,158682,3,3,5,01,11,3,1,0,1,1,0,0,,0
"POINT (12.373546879000060 51.319359039000062)",Unfall 158685 (2017) Kat:3, Licht: 1,158685,3,5,1,01,19,3,1,1,1,1,0,0,,0
"POINT (12.353713928000047 51.362678610000046)",Unfall 158694 (2017) Kat:3, Licht: 0,158694,3,6,2,01,08,2,2,0,0,1,0,0,,0
"POINT (12.444620118000046 51.338855239000054)",Unfall 158695 (2017) Kat:3, Licht: 1,158695,3,1,0,01,16,2,2,1,1,0,0,0,,0
"POINT (12.374823511000045 51.360057716000028)",Unfall 158702 (2017) Kat:2, Licht: 2,158702,2,1,8,01,01,1,0,2,0,1,0,0,,1
"POINT (12.401721266000038 51.340382032000036)",Unfall 158949 (2017) Kat:3, Licht: 1,158949,3,3,5,01,07,3,1,1,0,1,0,0,,1
"POINT (12.334235505000038 51.319465885000056)",Unfall 158950 (2017) Kat:3, Licht: 0,158950,3,3,5,01,10,3,1,0,0,1,0,0,,1
"POINT (12.339442449000046 51.334362033000048)",Unfall 158951 (2017) Kat:3, Licht: 0,158951,3,2,2,01,15,3,1,0,0,1,0,0,,0
"POINT (12.433112313000038 51.287466486000028)",Unfall 158952 (2017) Kat:3, Licht: 2,158952,3,1,8,01,18,3,1,2,0,1,0,0,,0
"POINT (12.315515884000035 51.370912828000030)",Unfall 158953 (2017) Kat:3, Licht: 2,158953,3,6,2,01,18,3,2,2,0,1,0,0,,0
"POINT (12.326634860000070 51.323161735000042)",Unfall 158954 (2017) Kat:2, Licht: 0,158954,2,3,5,01,16,3,1,0,0,1,0,1,,0
"POINT (12.405928424000024 51.345431309000048)",Unfall 158963 (2017) Kat:3, Licht: 0,158963,3,5,0,01,15,2,1,0,1,1,0,0,,0
"POINT (12.397459110000057 51.346004944000072)",Unfall 158964 (2017) Kat:2, Licht: 0,158964,2,2,3,01,11,2,1,0,1,0,0,0,,1
"POINT (12.459172586000022 51.401917905000062)",Unfall 158965 (2017) Kat:3, Licht: 2,158965,3,2,5,01,06,2,0,2,0,1,0,0,,1
"POINT (12.445639532000030 51.351442299000041)",Unfall 158977 (2017) Kat:3, Licht: 2,158977,3,3,5,01,17,1,0,2,0,1,0,0,,0
"POINT (12.382018687000027 51.339121299000055)",Unfall 158980 (2017) Kat:2, Licht: 1,158980,2,4,6,01,16,7,0,1,0,0,1,0,,1
"POINT (12.366348993000031 51.365790899000046)",Unfall 158990 (2017) Kat:3, Licht: 2,158990,3,5,3,01,21,6,0,2,1,1,0,0,,0
"POINT (12.445742979000045 51.303909133000047)",Unfall 158991 (2017) Kat:2, Licht: 0,158991,2,4,6,01,16,6,1,0,0,1,1,0,,0
"POINT (12.357993718000046 51.344141875000048)",Unfall 158996 (2017) Kat:3, Licht: 0,158996,3,3,5,01,11,5,0,0,1,0,0,0,,1
"POINT (12.373311135000051 51.316675027000031)",Unfall 159000 (2017) Kat:3, Licht: 0,159000,3,4,6,01,08,5,0,0,0,0,1,0,,1
"POINT (12.376737471000069 51.343094579000081)",Unfall 159001 (2017) Kat:3, Licht: 0,159001,3,7,0,01,15,5,0,0,1,1,0,0,,0
"POINT (12.395603163000033 51.358969165000076)",Unfall 159002 (2017) Kat:3, Licht: 2,159002,3,1,8,01,23,5,0,2,0,1,0,0,,0
"POINT (12.398896860000036 51.330139293000059)",Unfall 159003 (2017) Kat:2, Licht: 0,159003,2,2,3,01,11,5,0,0,1,1,0,0,,0
"POINT (12.371074681000039 51.328822094000031)",Unfall 159009 (2017) Kat:3, Licht: 0,159009,3,6,2,01,10,4,1,0,0,1,0,0,,0
"POINT (12.278161128000022 51.310884619000035)",Unfall 159010 (2017) Kat:3, Licht: 2,159010,3,6,2,01,19,4,1,2,0,1,0,1,,0
"POINT (12.362458108000055 51.338939710000034)",Unfall 159015 (2017) Kat:3, Licht: 0,159015,3,2,2,01,11,3,2,0,0,1,0,0,,0
"POINT (12.287265508000075 51.322616219000054)",Unfall 159017 (2017) Kat:3, Licht: 0,159017,3,4,6,01,10,3,1,0,0,0,1,0,,1
"POINT (12.338065553000035 51.369604964000075)",Unfall 159018 (2017) Kat:3, Licht: 2,159018,3,2,5,01,20,3,2,2,0,1,0,0,,0
"POINT (12.368422925000061 51.338070983000080)",Unfall 159019 (2017) Kat:3, Licht: 0,159019,3,1,1,01,09,3,2,0,0,1,0,0,,1
"POINT (12.476342564000049 51.335201194000035)",Unfall 159029 (2017) Kat:3, Licht: 0,159029,3,3,5,01,08,2,2,0,0,1,0,0,,0
"POINT (12.412659073000043 51.375023471000077)",Unfall 159030 (2017) Kat:3, Licht: 0,159030,3,1,0,01,16,2,1,0,0,0,0,1,,0
"POINT (12.391959352000072 51.362261559000046)",Unfall 159031 (2017) Kat:3, Licht: 1,159031,3,6,2,01,07,2,2,1,0,1,0,0,,0
"POINT (12.386305113000049 51.360546390000081)",Unfall 159032 (2017) Kat:2, Licht: 0,159032,2,2,5,01,15,2,0,0,0,1,0,0,,0
"POINT (12.375828458000058 51.366891164000037)",Unfall 159033 (2017) Kat:3, Licht: 1,159033,3,3,5,01,21,2,1,1,0,1,0,0,,0
"POINT (12.384995091000064 51.338305041000069)",Unfall 159042 (2017) Kat:3, Licht: 2,159042,3,6,3,01,01,1,1,2,0,1,0,0,,0
"POINT (12.351424114000054 51.344793039000081)",Unfall 159043 (2017) Kat:3, Licht: 0,159043,3,6,2,01,15,1,0,0,0,1,0,0,,0
"POINT (12.389954958000033 51.346565505000058)",Unfall 159049 (2017) Kat:3, Licht: 0,159049,3,2,2,01,09,7,0,0,0,1,0,0,,0
"POINT (12.420102102000044 51.332928955000057)",Unfall 159050 (2017) Kat:3, Licht: 0,159050,3,6,3,01,15,7,1,0,1,1,0,0,,0
"POINT (12.440178433000028 51.331729402000065)",Unfall 159051 (2017) Kat:2, Licht: 0,159051,2,1,8,01,15,7,0,0,0,1,0,0,,0
"POINT (12.402427575000047 51.364734721000048)",Unfall 159057 (2017) Kat:3, Licht: 2,159057,3,2,2,01,19,6,1,2,0,1,0,0,,0
"POINT (12.314887063000072 51.330341071000078)",Unfall 159063 (2017) Kat:3, Licht: 0,159063,3,4,6,01,12,5,0,0,0,1,1,0,,0
"POINT (12.369099001000052 51.320908594000059)",Unfall 159064 (2017) Kat:3, Licht: 2,159064,3,2,3,01,19,5,1,2,1,1,0,0,,0
"POINT (12.331940783000050 51.340280493000080)",Unfall 159065 (2017) Kat:3, Licht: 0,159065,3,3,5,01,10,5,0,0,0,1,0,0,,0
"POINT (12.439147079000065 51.294857585000045)",Unfall 159066 (2017) Kat:3, Licht: 2,159066,3,3,5,01,17,5,2,2,0,1,0,0,,0
"POINT (12.400522269000021 51.400277214000027)",Unfall 159080 (2017) Kat:3, Licht: 0,159080,3,3,5,01,08,4,1,0,0,1,0,0,,1
"POINT (12.411576274000026 51.375209149000057)",Unfall 159087 (2017) Kat:2, Licht: 2,159087,2,4,6,01,17,3,1,2,0,1,1,0,,0
"POINT (12.412167309000040 51.314589228000045)",Unfall 159097 (2017) Kat:3, Licht: 0,159097,3,1,8,01,09,1,1,0,0,1,0,0,,0
"POINT (12.413036345000023 51.324541201000045)",Unfall 159101 (2017) Kat:3, Licht: 2,159101,3,1,1,01,20,7,2,2,0,1,0,0,,0
"POINT (12.381935369000075 51.338611659000037)",Unfall 159107 (2017) Kat:3, Licht: 2,159107,3,6,2,01,17,6,1,2,0,1,0,0,,0
"POINT (12.370742262000022 51.335209711000061)",Unfall 159108 (2017) Kat:3, Licht: 2,159108,3,2,5,01,21,6,1,2,0,1,0,0,,0
"POINT (12.343259908000050 51.322945344000061)",Unfall 159109 (2017) Kat:3, Licht: 2,159109,3,6,2,01,17,6,1,2,0,1,0,0,,0
"POINT (12.373739841000031 51.326751976000025)",Unfall 159120 (2017) Kat:3, Licht: 1,159120,3,6,2,01,17,5,0,1,0,1,0,0,,1
"POINT (12.361604306000061 51.363373499000033)",Unfall 159126 (2017) Kat:3, Licht: 2,159126,3,2,5,01,07,4,0,2,0,1,0,0,,1
"POINT (12.389410348000069 51.335848335000037)",Unfall 159127 (2017) Kat:3, Licht: 1,159127,3,3,5,01,16,4,1,1,0,1,0,0,,0
"POINT (12.301096929000039 51.354744069000049)",Unfall 159133 (2017) Kat:3, Licht: 1,159133,3,2,6,01,07,3,0,1,0,1,1,0,,0
"POINT (12.385865714000033 51.371797892000075)",Unfall 159134 (2017) Kat:3, Licht: 0,159134,3,6,2,01,12,3,1,0,0,1,0,0,,0
"POINT (12.396094236000067 51.343177936000075)",Unfall 159135 (2017) Kat:3, Licht: 0,159135,3,3,0,01,12,3,0,0,0,1,0,0,,1
"POINT (12.396574039000029 51.303539569000066)",Unfall 159136 (2017) Kat:2, Licht: 2,159136,2,2,6,01,18,3,2,2,0,1,1,0,,0
"POINT (12.386059779000050 51.334351183000081)",Unfall 159149 (2017) Kat:2, Licht: 2,159149,2,2,6,01,17,2,1,2,0,1,1,0,,0
"POINT (12.458532388000037 51.345656675000043)",Unfall 159150 (2017) Kat:2, Licht: 0,159150,2,6,4,01,16,2,1,0,0,1,0,0,,1
"POINT (12.449541103000058 51.287207308000063)",Unfall 159156 (2017) Kat:3, Licht: 2,159156,3,1,9,01,00,1,2,2,0,1,0,0,,0
"POINT (12.326145336000025 51.307276508000029)",Unfall 159157 (2017) Kat:3, Licht: 0,159157,3,1,9,01,09,1,2,0,0,1,0,0,,0
"POINT (12.403850090000049 51.338465978000045)",Unfall 159158 (2017) Kat:3, Licht: 2,159158,3,6,2,01,23,7,2,2,0,1,0,0,,0
"POINT (12.396389266000028 51.301323475000061)",Unfall 159159 (2017) Kat:3, Licht: 0,159159,3,7,0,01,14,7,0,0,0,0,0,0,,1
"POINT (12.439663586000052 51.323384737000026)",Unfall 159167 (2017) Kat:3, Licht: 1,159167,3,3,5,01,16,6,2,1,0,1,0,0,,0
"POINT (12.262472744000036 51.300002305000078)",Unfall 159168 (2017) Kat:3, Licht: 0,159168,3,1,4,01,12,6,2,0,0,1,0,0,,0
"POINT (12.358435896000060 51.379199103000076)",Unfall 159169 (2017) Kat:3, Licht: 0,159169,3,3,5,01,14,6,2,0,1,1,0,0,,0
"POINT (12.373549617000037 51.319675763000077)",Unfall 159180 (2017) Kat:3, Licht: 2,159180,3,3,5,01,18,5,0,2,1,1,0,0,,0
"POINT (12.373327148000044 51.317586888000051)",Unfall 159181 (2017) Kat:3, Licht: 0,159181,3,5,3,01,07,5,1,0,1,0,0,0,,1
"POINT (12.412767350000024 51.375169991000064)",Unfall 159182 (2017) Kat:3, Licht: 2,159182,3,2,6,01,17,5,2,2,0,1,1,0,,0
"POINT (12.395483639000076 51.332133335000037)",Unfall 159183 (2017) Kat:2, Licht: 0,159183,2,4,6,01,14,5,0,0,0,0,1,0,,1
"POINT (12.313309037000067 51.347901189000027)",Unfall 159184 (2017) Kat:3, Licht: 2,159184,3,3,5,01,22,5,2,2,0,1,0,0,,0