WKT,Name,OBJECTID,UKATEGORIE,UTYP1,UART,UMONAT,USTUNDE,UWOCHENTAG,STRZUSTAND,ULICHTVERH,ISTRAD,ISTPKW,ISTFUSS,ISTKRAD,ISTGKFZ,ISTSONSTIG
"POINT (12.385239609000052 51.341890415000080)",Unfall 159185 (2017) Kat:3, Licht: 1,159185,3,1,0,01,06,5,2,1,1,0,1,0,,0
"POINT (12.408173679000072 51.337604002000035)",Unfall 159192 (2017) Kat:2, Licht: 2,159192,2,1,8,01,23,4,2,2,0,1,0,0,,0
"POINT (12.296581738000043 51.317919411000048)",Unfall 159195 (2017) Kat:3, Licht: 0,159195,3,3,5,02,10,4,1,0,0,1,0,0,,0
"POINT (12.396279539000034 51.353925558000071)",Unfall 159203 (2017) Kat:3, Licht: 2,159203,3,4,6,02,07,5,0,2,0,1,1,0,,0
"POINT (12.278332437000074 51.401572595000061)",Unfall 159204 (2017) Kat:3, Licht: 2,159204,3,6,2,02,06,5,1,2,0,1,0,0,,0
"POINT (12.381587048000029 51.315658854000048)",Unfall 159206 (2017) Kat:3, Licht: 0,159206,3,3,5,02,09,4,1,0,0,1,0,0,,0
"POINT (12.406551981000064 51.352285682000058)",Unfall 159207 (2017) Kat:3, Licht: 0,159207,3,5,0,02,07,4,0,0,1,1,0,0,,0
"POINT (12.349910488000035 51.366045314000075)",Unfall 159213 (2017) Kat:3, Licht: 2,159213,3,2,4,02,19,5,0,2,1,1,0,0,,0
"POINT (12.367444307000028 51.367179141000065)",Unfall 159217 (2017) Kat:3, Licht: 0,159217,3,2,6,02,16,5,1,0,0,1,1,0,,0
"POINT (12.432372841000074 51.373392903000081)",Unfall 159218 (2017) Kat:3, Licht: 0,159218,3,5,5,03,11,5,0,0,0,1,0,0,,0
"POINT (12.479403246000061 51.350604208000050)",Unfall 159219 (2017) Kat:3, Licht: 2,159219,3,3,5,03,20,5,0,2,1,1,0,0,,0
"POINT (12.430815254000038 51.362792244000048)",Unfall 159221 (2017) Kat:2, Licht: 0,159221,2,3,5,03,08,5,1,0,1,1,0,0,,0
"POINT (12.328224950000049 51.349456401000054)",Unfall 159222 (2017) Kat:2, Licht: 2,159222,2,6,4,03,03,5,1,2,0,1,0,0,,0
"POINT (12.406147227000076 51.348097953000035)",Unfall 159223 (2017) Kat:3, Licht: 0,159223,3,6,2,03,14,5,0,0,0,1,0,0,,0
"POINT (12.409491337000077 51.339236615000061)",Unfall 159235 (2017) Kat:3, Licht: 0,159235,3,2,2,03,10,4,1,0,0,1,0,0,,0
"POINT (12.313452154000061 51.347934195000050)",Unfall 159236 (2017) Kat:2, Licht: 2,159236,2,2,6,03,06,4,1,2,0,1,1,0,,0
"POINT (12.323234888000059 51.343967341000052)",Unfall 159237 (2017) Kat:3, Licht: 0,159237,3,2,5,03,10,4,1,0,0,1,0,0,,0
"POINT (12.390855801000043 51.340643921000037)",Unfall 159247 (2017) Kat:3, Licht: 0,159247,3,7,0,02,13,3,0,0,1,1,0,0,,0
"POINT (12.355373146000034 51.335257407000029)",Unfall 159248 (2017) Kat:3, Licht: 0,159248,3,2,3,02,15,3,0,0,1,1,0,0,,0
"POINT (12.305078516000037 51.378226135000034)",Unfall 159249 (2017) Kat:3, Licht: 1,159249,3,6,2,02,06,3,1,1,0,1,0,0,,0
"POINT (12.362993807000066 51.373100309000051)",Unfall 159250 (2017) Kat:3, Licht: 2,159250,3,1,1,02,20,3,0,2,0,1,0,0,,0
"POINT (12.309895321000056 51.349127778000081)",Unfall 159251 (2017) Kat:3, Licht: 0,159251,3,2,6,02,14,3,0,0,0,1,1,0,,0
"POINT (12.390627668000036 51.338585254000066)",Unfall 159256 (2017) Kat:3, Licht: 0,159256,3,3,5,02,07,2,0,0,1,1,0,0,,0
"POINT (12.378263678000053 51.375616076000028)",Unfall 159259 (2017) Kat:3, Licht: 2,159259,3,4,6,02,05,2,0,2,0,1,1,0,,0
"POINT (12.395578561000036 51.323638357000050)",Unfall 159275 (2017) Kat:3, Licht: 0,159275,3,3,5,02,08,7,0,0,1,1,0,0,,0
"POINT (12.437320611000075 51.395787693000045)",Unfall 159276 (2017) Kat:3, Licht: 2,159276,3,3,5,02,00,7,0,2,1,1,0,0,,0
"POINT (12.365458749000027 51.336718566000059)",Unfall 159278 (2017) Kat:3, Licht: 0,159278,3,3,5,02,12,6,1,0,1,1,0,0,,0
"POINT (12.337278525000045 51.337119240000050)",Unfall 159279 (2017) Kat:3, Licht: 2,159279,3,4,6,02,18,6,1,2,0,1,1,0,,0
"POINT (12.479362048000041 51.350922190000063)",Unfall 159280 (2017) Kat:3, Licht: 0,159280,3,3,5,02,15,6,1,0,1,1,0,0,,0
"POINT (12.411197738000055 51.344396616000040)",Unfall 159282 (2017) Kat:3, Licht: 0,159282,3,7,1,02,15,6,1,0,0,1,0,1,,0
"POINT (12.408281734000070 51.340013791000047)",Unfall 159287 (2017) Kat:3, Licht: 2,159287,3,2,6,02,20,5,0,2,0,1,1,0,,0
"POINT (12.260718576000045 51.308242393000057)",Unfall 159288 (2017) Kat:3, Licht: 2,159288,3,3,5,02,18,5,0,2,0,1,0,0,,0
"POINT (12.334278340000026 51.319533221000029)",Unfall 159301 (2017) Kat:3, Licht: 1,159301,3,5,0,02,17,3,0,1,1,1,0,0,,0
"POINT (12.303106626000044 51.314399637000065)",Unfall 159302 (2017) Kat:3, Licht: 0,159302,3,3,5,02,13,3,0,0,1,1,0,0,,0
"POINT (12.370121864000055 51.325610941000036)",Unfall 159307 (2017) Kat:3, Licht: 0,159307,3,2,3,02,14,2,1,0,1,1,0,0,,0
"POINT (12.338343538000061 51.394452321000074)",Unfall 159309 (2017) Kat:3, Licht: 0,159309,3,2,2,02,14,2,1,0,0,1,0,0,,0
"POINT (12.317712859000039 51.350113806000081)",Unfall 159315 (2017) Kat:3, Licht: 0,159315,3,3,5,02,09,1,0,0,1,1,0,0,,0
"POINT (12.313478761000056 51.347952857000053)",Unfall 159316 (2017) Kat:2, Licht: 1,159316,2,1,8,02,20,1,1,1,0,1,0,0,,0
"POINT (12.323582105000071 51.330420785000058)",Unfall 159317 (2017) Kat:3, Licht: 0,159317,3,4,6,02,12,1,0,0,1,0,1,0,,0
"POINT (12.378481335000060 51.320723096000052)",Unfall 159323 (2017) Kat:3, Licht: 0,159323,3,6,2,02,13,7,0,0,1,1,0,0,,0
"POINT (12.326671915000077 51.339302302000078)",Unfall 159331 (2017) Kat:3, Licht: 2,159331,3,1,4,02,21,6,1,2,0,1,0,0,,0
"POINT (12.420520989000067 51.319250501000056)",Unfall 159332 (2017) Kat:3, Licht: 0,159332,3,6,2,02,10,6,0,0,0,1,0,0,,0
"POINT (12.378914449000035 51.325124900000048)",Unfall 159333 (2017) Kat:3, Licht: 0,159333,3,6,2,02,15,6,1,0,0,1,0,0,,0
"POINT (12.467085355000052 51.278792616000032)",Unfall 159334 (2017) Kat:3, Licht: 0,159334,3,3,5,02,14,6,1,0,0,1,0,0,,0
"POINT (12.411006215000043 51.345265743000027)",Unfall 159345 (2017) Kat:3, Licht: 0,159345,3,3,5,02,11,5,0,0,0,1,0,0,,0
"POINT (12.290850029000069 51.324639382000043)",Unfall 159346 (2017) Kat:3, Licht: 1,159346,3,1,8,02,06,5,1,1,0,0,0,1,,0
"POINT (12.282353283000077 51.359425976000068)",Unfall 159347 (2017) Kat:3, Licht: 0,159347,3,3,0,02,10,5,0,0,1,1,0,0,,0
"POINT (12.370599074000040 51.307692379000059)",Unfall 159348 (2017) Kat:3, Licht: 0,159348,3,3,5,02,10,5,0,0,1,1,0,0,,0
"POINT (12.399701477000065 51.400676570000030)",Unfall 159359 (2017) Kat:2, Licht: 1,159359,2,3,5,02,18,4,0,1,1,1,0,0,,0
"POINT (12.364307171000064 51.337735851000048)",Unfall 159361 (2017) Kat:2, Licht: 0,159361,2,1,0,02,09,4,1,0,0,0,0,0,,1
"POINT (12.394262667000021 51.346155645000067)",Unfall 159362 (2017) Kat:3, Licht: 0,159362,3,6,2,02,12,4,0,0,0,1,0,0,,1
"POINT (12.480992255000046 51.334800923000046)",Unfall 159370 (2017) Kat:2, Licht: 0,159370,2,3,5,02,08,3,0,0,0,1,0,0,,0
"POINT (12.354882283000052 51.349752390000049)",Unfall 159371 (2017) Kat:3, Licht: 0,159371,3,3,5,02,07,3,0,0,0,1,0,0,,0
"POINT (12.391500712000038 51.289480845000071)",Unfall 159372 (2017) Kat:2, Licht: 0,159372,2,2,4,02,16,3,0,0,0,1,0,0,,0
"POINT (12.348725442000045 51.332146066000064)",Unfall 159373 (2017) Kat:3, Licht: 0,159373,3,6,6,02,12,3,0,0,0,1,1,0,,0
"POINT (12.331443067000066 51.349640666000028)",Unfall 159376 (2017) Kat:3, Licht: 0,159376,3,3,5,02,08,2,0,0,1,1,0,0,,0
"POINT (12.401486875000046 51.345768911000050)",Unfall 159377 (2017) Kat:2, Licht: 2,159377,2,4,6,02,19,2,0,2,0,0,1,0,,1
"POINT (12.398866498000075 51.332245999000065)",Unfall 159384 (2017) Kat:2, Licht: 0,159384,2,1,9,02,07,1,0,0,0,1,0,0,,1
"POINT (12.354690983000069 51.339333998000029)",Unfall 159385 (2017) Kat:3, Licht: 2,159385,3,1,8,02,00,7,0,2,0,1,0,0,,0
"POINT (12.455506553000077 51.313469957000052)",Unfall 159389 (2017) Kat:3, Licht: 0,159389,3,7,1,02,10,6,0,0,0,1,0,0,,0
"POINT (12.333885352000038 51.324731873000076)",Unfall 159390 (2017) Kat:2, Licht: 1,159390,2,4,6,02,19,6,0,1,0,1,1,0,,0
"POINT (12.370870193000030 51.338290830000062)",Unfall 159391 (2017) Kat:2, Licht: 2,159391,2,6,3,02,23,6,0,2,1,1,0,0,,0
"POINT (12.259920818000069 51.341794551000078)",Unfall 159404 (2017) Kat:3, Licht: 0,159404,3,3,5,02,10,4,0,0,1,1,0,0,,0
"POINT (12.313136596000049 51.329700880000075)",Unfall 159410 (2017) Kat:3, Licht: 0,159410,3,2,3,02,07,3,1,0,0,1,0,0,,1
"POINT (12.326960773000053 51.298124759000075)",Unfall 159411 (2017) Kat:3, Licht: 1,159411,3,6,1,02,07,3,1,1,0,1,0,0,,0
"POINT (12.361836997000069 51.332547761000058)",Unfall 159412 (2017) Kat:3, Licht: 2,159412,3,6,3,02,20,3,0,2,1,0,0,0,,0
"POINT (12.338794383000049 51.337195441000063)",Unfall 159413 (2017) Kat:3, Licht: 1,159413,3,3,5,02,18,3,0,1,1,1,0,0,,0
"POINT (12.347002709000037 51.320232193000038)",Unfall 159414 (2017) Kat:3, Licht: 2,159414,3,7,0,02,00,3,2,2,0,1,0,0,,0
"POINT (12.373548981000056 51.318710461000080)",Unfall 159415 (2017) Kat:3, Licht: 0,159415,3,3,5,02,06,3,0,0,1,0,0,0,,1
"POINT (12.401452404000054 51.378012670000032)",Unfall 159419 (2017) Kat:3, Licht: 1,159419,3,4,6,02,07,2,1,1,0,1,1,0,,0
"POINT (12.411592508000069 51.359640787000046)",Unfall 159420 (2017) Kat:3, Licht: 0,159420,3,4,6,02,12,2,1,0,0,1,1,0,,0
"POINT (12.284977224000045 51.324195987000053)",Unfall 159421 (2017) Kat:3, Licht: 0,159421,3,3,5,02,16,2,1,0,0,1,0,0,,1
"POINT (12.383919233000029 51.380588422000073)",Unfall 159427 (2017) Kat:3, Licht: 1,159427,3,7,6,02,16,1,0,1,0,0,1,0,,1
"POINT (12.382750170000065 51.340481545000046)",Unfall 159444 (2017) Kat:3, Licht: 2,159444,3,3,5,02,06,4,0,2,1,1,0,0,,0
"POINT (12.263095291000070 51.344632997000076)",Unfall 159446 (2017) Kat:3, Licht: 0,159446,3,3,5,02,07,5,1,0,0,1,0,0,,0
"POINT (12.362476883000056 51.338927914000067)",Unfall 159449 (2017) Kat:3, Licht: 0,159449,3,2,3,03,16,5,0,0,1,1,0,0,,0
"POINT (12.420894634000035 51.319340221000061)",Unfall 159450 (2017) Kat:3, Licht: 0,159450,3,2,4,03,06,5,1,0,0,1,0,0,,0
"POINT (12.382993542000065 51.334236184000076)",Unfall 159451 (2017) Kat:3, Licht: 0,159451,3,3,5,03,09,5,1,0,1,1,0,0,,0
"POINT (12.359983912000075 51.363682851000078)",Unfall 159452 (2017) Kat:3, Licht: 0,159452,3,5,0,03,10,5,0,0,1,1,0,0,,0
"POINT (12.373424206000038 51.321124003000079)",Unfall 159453 (2017) Kat:2, Licht: 1,159453,2,5,0,03,19,5,0,1,1,1,0,0,,0
"POINT (12.395969478000040 51.332144492000054)",Unfall 159454 (2017) Kat:3, Licht: 1,159454,3,7,0,03,18,5,0,1,0,1,0,0,,0
"POINT (12.349230324000075 51.386496136000062)",Unfall 159455 (2017) Kat:3, Licht: 0,159455,3,7,3,03,15,5,0,0,1,1,0,0,,0
"POINT (12.400720064000041 51.339285389000054)",Unfall 159468 (2017) Kat:3, Licht: 2,159468,3,3,5,03,20,6,0,2,1,1,0,0,,0
"POINT (12.487908523000044 51.322750449000068)",Unfall 159469 (2017) Kat:2, Licht: 0,159469,2,2,4,03,16,6,0,0,0,1,0,1,,0
"POINT (12.492605291000075 51.346870701000057)",Unfall 159470 (2017) Kat:2, Licht: 0,159470,2,2,4,03,16,6,0,0,1,1,0,0,,0
"POINT (12.479326474000061 51.345824641000036)",Unfall 159471 (2017) Kat:3, Licht: 2,159471,3,2,6,03,19,6,0,2,0,1,1,0,,0
"POINT (12.368155899000044 51.334876595000026)",Unfall 159478 (2017) Kat:3, Licht: 1,159478,3,3,5,03,19,4,0,1,0,1,0,0,,0
"POINT (12.360088229000041 51.377208852000081)",Unfall 159479 (2017) Kat:2, Licht: 0,159479,2,3,5,03,11,4,0,0,1,0,0,0,,0
"POINT (12.442346763000046 51.292593387000068)",Unfall 159485 (2017) Kat:3, Licht: 1,159485,3,6,2,03,19,5,0,1,0,1,0,0,,0
"POINT (12.383979771000043 51.380482705000077)",Unfall 159496 (2017) Kat:3, Licht: 0,159496,3,6,2,03,13,3,0,0,0,0,0,1,,1
"POINT (12.375076571000022 51.302831290000029)",Unfall 159497 (2017) Kat:3, Licht: 0,159497,3,6,2,03,10,3,0,0,0,1,0,1,,0
"POINT (12.324319936000052 51.343368195000039)",Unfall 159509 (2017) Kat:3, Licht: 0,159509,3,6,2,03,14,2,0,0,0,1,0,0,,1
"POINT (12.345157945000039 51.326534104000075)",Unfall 159510 (2017) Kat:3, Licht: 0,159510,3,2,5,03,17,2,0,0,1,1,0,0,,0
"POINT (12.368068359000063 51.325265866000052)",Unfall 159511 (2017) Kat:3, Licht: 0,159511,3,1,0,03,13,2,0,0,1,0,0,0,,0
"POINT (12.302449940000031 51.353662614000029)",Unfall 159512 (2017) Kat:2, Licht: 0,159512,2,3,5,03,14,2,0,0,0,1,0,0,,0
"POINT (12.331351075000043 51.349654240000064)",Unfall 159513 (2017) Kat:2, Licht: 0,159513,2,6,1,03,13,2,0,0,0,1,0,0,,0
"POINT (12.358094609000034 51.336720080000077)",Unfall 159514 (2017) Kat:2, Licht: 0,159514,2,4,6,03,12,2,0,0,0,1,1,0,,0
"POINT (12.360148378000076 51.333785579000050)",Unfall 159517 (2017) Kat:3, Licht: 0,159517,3,6,2,03,17,2,0,0,0,1,0,0,,0
"POINT (12.370882248000044 51.335084439000070)",Unfall 159530 (2017) Kat:3, Licht: 2,159530,3,2,3,03,18,1,0,2,1,1,0,0,,0
"POINT (12.313327361000063 51.347892196000032)",Unfall 159533 (2017) Kat:3, Licht: 2,159533,3,2,4,03,22,7,1,2,0,1,0,0,,0
"POINT (12.280932766000035 51.311476937000066)",Unfall 159542 (2017) Kat:3, Licht: 0,159542,3,3,5,03,12,6,0,0,0,1,0,0,,1
"POINT (12.429269014000056 51.331052592000049)",Unfall 159543 (2017) Kat:3, Licht: 0,159543,3,4,6,03,18,6,1,0,0,1,1,0,,0
"POINT (12.368867847000047 51.317817358000070)",Unfall 159556 (2017) Kat:3, Licht: 0,159556,3,3,5,03,08,5,0,0,1,1,0,0,,0
"POINT (12.370024463000050 51.341409736000060)",Unfall 159557 (2017) Kat:3, Licht: 0,159557,3,3,5,03,15,5,0,0,1,1,0,0,,0
"POINT (12.320407806000048 51.339738315000034)",Unfall 159558 (2017) Kat:3, Licht: 1,159558,3,5,1,03,17,5,0,1,1,1,0,0,,0
"POINT (12.422011943000030 51.319613242000059)",Unfall 159559 (2017) Kat:2, Licht: 0,159559,2,2,6,03,12,5,0,0,0,1,1,0,,0
"POINT (12.398526395000033 51.345931219000079)",Unfall 159560 (2017) Kat:3, Licht: 0,159560,3,6,3,03,17,5,0,0,1,1,0,0,,0
"POINT (12.445690271000046 51.347425363000070)",Unfall 159561 (2017) Kat:3, Licht: 0,159561,3,3,5,03,09,5,0,0,1,1,0,0,,0
"POINT (12.420050097000058 51.379157233000058)",Unfall 159571 (2017) Kat:2, Licht: 0,159571,2,3,5,03,09,4,0,0,1,1,0,0,,0
"POINT (12.359301908000077 51.361103005000075)",Unfall 159579 (2017) Kat:3, Licht: 0,159579,3,5,1,03,13,3,0,0,1,1,0,0,,0
"POINT (12.289907938000056 51.392155350000053)",Unfall 159580 (2017) Kat:3, Licht: 0,159580,3,6,2,03,16,3,0,0,1,1,0,0,,0
"POINT (12.376752027000066 51.320511957000065)",Unfall 159582 (2017) Kat:3, Licht: 0,159582,3,3,5,03,12,2,0,0,0,1,0,0,,0
"POINT (12.296582942000043 51.317918781000060)",Unfall 159583 (2017) Kat:3, Licht: 0,159583,3,3,5,03,07,2,0,0,0,1,0,0,,0
"POINT (12.356832407000070 51.374775580000062)",Unfall 159584 (2017) Kat:3, Licht: 0,159584,3,3,5,03,15,2,0,0,1,1,0,0,,0
"POINT (12.310744194000051 51.329333134000080)",Unfall 159585 (2017) Kat:3, Licht: 0,159585,3,2,2,03,12,2,0,0,0,1,0,0,,0
"POINT (12.371114449000061 51.339842579000049)",Unfall 159586 (2017) Kat:2, Licht: 0,159586,2,3,6,03,14,2,0,0,0,1,1,0,,0
"POINT (12.361604685000032 51.363382534000039)",Unfall 159587 (2017) Kat:2, Licht: 0,159587,2,2,5,03,07,2,0,0,0,0,0,0,,1
"POINT (12.410975363000034 51.345281730000067)",Unfall 159599 (2017) Kat:3, Licht: 0,159599,3,3,5,03,16,2,0,0,1,1,0,0,,0
"POINT (12.389662893000036 51.321574453000039)",Unfall 159602 (2017) Kat:2, Licht: 0,159602,2,3,5,03,18,1,0,0,1,1,0,0,,0
"POINT (12.388326800000073 51.334572319000074)",Unfall 159604 (2017) Kat:3, Licht: 2,159604,3,1,0,03,02,7,0,2,1,0,0,0,,0
"POINT (12.453427754000074 51.383895362000032)",Unfall 159605 (2017) Kat:3, Licht: 0,159605,3,1,9,03,14,7,0,0,0,1,0,0,,0
"POINT (12.378568429000040 51.323505198000078)",Unfall 159606 (2017) Kat:3, Licht: 0,159606,3,7,1,03,08,7,0,0,1,1,0,0,,0
"POINT (12.387975377000032 51.353255562000072)",Unfall 159607 (2017) Kat:3, Licht: 0,159607,3,6,1,03,14,6,0,0,0,1,0,0,,0
"POINT (12.398197067000069 51.339203297000040)",Unfall 159608 (2017) Kat:3, Licht: 1,159608,3,6,6,03,18,6,0,1,1,0,1,0,,0
"POINT (12.387217213000042 51.336879234000037)",Unfall 159609 (2017) Kat:3, Licht: 0,159609,3,3,5,03,06,6,1,0,1,1,0,0,,0
"POINT (12.435579379000046 51.365696344000071)",Unfall 159611 (2017) Kat:3, Licht: 0,159611,3,3,5,03,13,6,0,0,0,1,0,0,,0
"POINT (12.460066688000040 51.369085710000036)",Unfall 159625 (2017) Kat:3, Licht: 0,159625,3,3,3,03,14,5,0,0,1,0,0,0,,1
"POINT (12.391173685000069 51.334800061000067)",Unfall 159626 (2017) Kat:3, Licht: 0,159626,3,2,3,03,12,5,0,0,1,1,0,0,,0
"POINT (12.303033008000057 51.353181415000051)",Unfall 159627 (2017) Kat:3, Licht: 0,159627,3,7,3,03,10,5,0,0,0,1,0,0,,0
"POINT (12.407385992000059 51.325932331000047)",Unfall 159628 (2017) Kat:3, Licht: 0,159628,3,7,4,03,11,5,0,0,1,0,1,0,,0
"POINT (12.378470701000026 51.320451235000064)",Unfall 159637 (2017) Kat:3, Licht: 1,159637,3,6,5,03,06,4,1,1,1,1,0,0,,0
"POINT (12.412274558000036 51.354233172000079)",Unfall 159638 (2017) Kat:3, Licht: 0,159638,3,5,3,03,15,4,0,0,1,1,0,0,,0
"POINT (12.414787807000039 51.345296533000067)",Unfall 159639 (2017) Kat:2, Licht: 0,159639,2,4,6,03,13,4,0,0,0,1,1,0,,0
"POINT (12.335818103000065 51.327643007000063)",Unfall 159640 (2017) Kat:3, Licht: 2,159640,3,3,5,03,20,4,1,2,0,1,0,0,,0
"POINT (12.438951597000028 51.392854624000051)",Unfall 159641 (2017) Kat:3, Licht: 0,159641,3,2,5,03,14,4,0,0,1,1,0,0,,0
"POINT (12.412481819000050 51.354325446000075)",Unfall 159642 (2017) Kat:3, Licht: 2,159642,3,3,5,03,19,4,1,2,0,1,0,0,,0
"POINT (12.293036959000062 51.313400579000074)",Unfall 159655 (2017) Kat:2, Licht: 0,159655,2,3,5,03,16,3,0,0,1,0,0,0,,1
"POINT (12.426669379000032 51.305146887000035)",Unfall 159667 (2017) Kat:3, Licht: 0,159667,3,3,5,03,09,2,1,0,0,1,0,1,,0
"POINT (12.408055585000056 51.335746897000035)",Unfall 159669 (2017) Kat:2, Licht: 2,159669,2,4,6,03,18,2,0,2,0,0,1,0,,1
"POINT (12.379345553000064 51.326510300000052)",Unfall 159670 (2017) Kat:3, Licht: 0,159670,3,3,5,03,08,2,1,0,1,1,0,0,,0
"POINT (12.447736797000061 51.326012640000044)",Unfall 159671 (2017) Kat:3, Licht: 0,159671,3,3,5,03,16,2,0,0,0,1,0,0,,0
"POINT (12.330993087000024 51.342579214000068)",Unfall 159680 (2017) Kat:3, Licht: 0,159680,3,4,6,03,10,1,0,0,0,1,1,0,,0
"POINT (12.366837698000040 51.314669090000052)",Unfall 159681 (2017) Kat:3, Licht: 0,159681,3,2,6,03,10,1,0,0,0,1,1,0,,0
"POINT (12.405373438000026 51.345558866000033)",Unfall 159687 (2017) Kat:3, Licht: 0,159687,3,5,1,03,13,7,0,0,1,1,0,0,,1
"POINT (12.382890671000041 51.320602749000045)",Unfall 159688 (2017) Kat:3, Licht: 2,159688,3,3,5,03,05,7,0,2,0,1,0,1,,0
"POINT (12.365701432000037 51.322334027000068)",Unfall 159689 (2017) Kat:3, Licht: 0,159689,3,6,4,03,15,7,0,0,1,0,0,1,,0
"POINT (12.317955097000038 51.347161914000026)",Unfall 159690 (2017) Kat:3, Licht: 2,159690,3,6,2,03,21,7,0,2,0,1,0,0,,0
"POINT (12.385629991000030 51.296855503000074)",Unfall 159691 (2017) Kat:3, Licht: 0,159691,3,6,2,03,08,7,0,0,0,1,0,0,,1
"POINT (12.376757097000052 51.320711233000054)",Unfall 159699 (2017) Kat:3, Licht: 2,159699,3,3,3,03,19,6,0,2,1,1,0,0,,0
"POINT (12.373379209000063 51.313184264000029)",Unfall 159700 (2017) Kat:3, Licht: 2,159700,3,6,2,03,17,6,0,2,0,1,0,0,,0
"POINT (12.441492444000062 51.368531872000062)",Unfall 159701 (2017) Kat:2, Licht: 1,159701,2,1,8,03,17,6,0,1,0,0,0,1,,0
"POINT (12.296671606000075 51.313588762000052)",Unfall 159714 (2017) Kat:3, Licht: 2,159714,3,1,8,03,18,5,0,2,0,1,0,0,,0
"POINT (12.373411786000077 51.313732275000064)",Unfall 159715 (2017) Kat:3, Licht: 0,159715,3,3,5,04,09,2,0,0,1,0,0,0,,1
"POINT (12.367056452000043 51.325468395000030)",Unfall 159716 (2017) Kat:3, Licht: 2,159716,3,2,4,04,22,2,0,2,0,1,0,0,,0
"POINT (12.417769550000060 51.358411518000082)",Unfall 159717 (2017) Kat:2, Licht: 0,159717,2,4,6,04,07,2,0,0,0,1,1,0,,0
"POINT (12.332431558000053 51.319762589000050)",Unfall 159736 (2017) Kat:3, Licht: 0,159736,3,6,6,04,12,2,0,0,0,0,1,0,,1
"POINT (12.336303115000021 51.328421712000079)",Unfall 159745 (2017) Kat:2, Licht: 0,159745,2,3,5,04,13,1,0,0,0,1,0,1,,0
"POINT (12.367428199000074 51.362694698000041)",Unfall 159751 (2017) Kat:3, Licht: 2,159751,3,4,6,04,02,7,0,2,0,1,1,0,,0
"POINT (12.391756424000050 51.362224917000049)",Unfall 159752 (2017) Kat:3, Licht: 0,159752,3,7,5,04,18,7,0,0,1,1,0,0,,0
"POINT (12.373757077000050 51.347587378000071)",Unfall 159753 (2017) Kat:3, Licht: 0,159753,3,6,2,04,12,7,0,0,0,1,0,0,,0
"POINT (12.430817062000074 51.368878253000048)",Unfall 159755 (2017) Kat:3, Licht: 0,159755,3,3,5,04,15,7,0,0,1,1,0,0,,0
"POINT (12.336928735000072 51.329413253000041)",Unfall 159764 (2017) Kat:3, Licht: 0,159764,3,2,6,04,10,6,1,0,0,1,1,0,,0
"POINT (12.396553969000024 51.306181925000033)",Unfall 159765 (2017) Kat:3, Licht: 0,159765,3,3,5,04,16,6,0,0,1,1,0,0,,0
"POINT (12.327335967000067 51.325451799000064)",Unfall 159767 (2017) Kat:3, Licht: 0,159767,3,3,5,04,16,6,0,0,0,1,0,0,,0
"POINT (12.399469990000057 51.347845816000074)",Unfall 159781 (2017) Kat:3, Licht: 0,159781,3,4,6,04,14,5,0,0,1,0,1,0,,0
"POINT (12.373597306000022 51.330425384000080)",Unfall 159782 (2017) Kat:3, Licht: 0,159782,3,4,6,04,17,5,0,0,1,0,1,0,,0
"POINT (12.369029704000070 51.340380312000036)",Unfall 159783 (2017) Kat:3, Licht: 0,159783,3,1,0,04,13,5,0,0,1,1,0,0,,0
"POINT (12.325983232000056 51.315171154000041)",Unfall 159784 (2017) Kat:2, Licht: 0,159784,2,4,6,04,08,5,0,0,1,0,1,0,,0
"POINT (12.443913573000032 51.332225907000065)",Unfall 159785 (2017) Kat:3, Licht: 0,159785,3,3,5,04,09,5,0,0,1,1,0,0,,0
"POINT (12.314231565000057 51.413653894000049)",Unfall 159786 (2017) Kat:3, Licht: 0,159786,3,6,4,04,11,5,0,0,0,1,0,0,,0
"POINT (12.328065413000047 51.301488491000043)",Unfall 159787 (2017) Kat:2, Licht: 0,159787,2,5,1,04,17,5,0,0,1,1,0,0,,0
"POINT (12.362422839000033 51.359145450000028)",Unfall 159788 (2017) Kat:3, Licht: 0,159788,3,3,5,04,15,5,0,0,1,1,0,0,,0
"POINT (12.405968336000058 51.335940814000026)",Unfall 159799 (2017) Kat:3, Licht: 0,159799,3,2,3,04,10,4,0,0,1,1,0,0,,0
"POINT (12.378480339000077 51.320710031000033)",Unfall 159800 (2017) Kat:3, Licht: 0,159800,3,2,5,04,18,4,0,0,1,1,0,0,,0
"POINT (12.421756991000052 51.357398280000041)",Unfall 159801 (2017) Kat:3, Licht: 0,159801,3,2,1,04,08,4,0,0,0,1,1,0,,0
"POINT (12.360193271000071 51.333755456000063)",Unfall 159810 (2017) Kat:3, Licht: 0,159810,3,6,3,04,14,3,0,0,1,1,0,0,,0
"POINT (12.310595496000076 51.327093967000053)",Unfall 159811 (2017) Kat:3, Licht: 0,159811,3,2,2,04,10,3,0,0,0,1,0,0,,0
"POINT (12.370872542000029 51.338303964000033)",Unfall 159812 (2017) Kat:3, Licht: 0,159812,3,2,3,04,08,3,0,0,1,1,0,0,,0
"POINT (12.394743265000045 51.359248510000043)",Unfall 159813 (2017) Kat:3, Licht: 0,159813,3,2,4,04,11,3,0,0,0,1,0,0,,0