WKT,Name,OBJECTID,UKATEGORIE,UTYP1,UART,UMONAT,USTUNDE,UWOCHENTAG,STRZUSTAND,ULICHTVERH,ISTRAD,ISTPKW,ISTFUSS,ISTKRAD,ISTGKFZ,ISTSONSTIG
"POINT (12.345720334000077 51.367008333000058)",Unfall 159814 (2017) Kat:3, Licht: 0,159814,3,3,5,04,19,3,0,0,0,1,0,1,,0
"POINT (12.372256499000059 51.349611858000060)",Unfall 159815 (2017) Kat:3, Licht: 2,159815,3,1,0,04,20,3,0,2,0,0,0,1,,0
"POINT (12.378559142000029 51.320655676000058)",Unfall 159827 (2017) Kat:3, Licht: 0,159827,3,6,2,04,17,2,0,0,0,1,0,0,,1
"POINT (12.342611216000023 51.324939154000049)",Unfall 159828 (2017) Kat:3, Licht: 0,159828,3,5,1,04,08,2,0,0,1,1,0,0,,0
"POINT (12.405860445000030 51.345533589000070)",Unfall 159829 (2017) Kat:2, Licht: 0,159829,2,6,3,04,14,2,0,0,1,0,0,0,,1
"POINT (12.423674114000050 51.321529798000029)",Unfall 159830 (2017) Kat:3, Licht: 0,159830,3,3,5,04,16,2,0,0,0,1,0,0,,0
"POINT (12.385705237000025 51.366911993000031)",Unfall 159831 (2017) Kat:2, Licht: 0,159831,2,2,5,04,16,2,0,0,1,1,0,0,,0
"POINT (12.373585637000076 51.332997968000029)",Unfall 159851 (2017) Kat:3, Licht: 0,159851,3,2,3,04,11,7,0,0,1,1,0,0,,0
"POINT (12.373741920000043 51.326729468000053)",Unfall 159852 (2017) Kat:3, Licht: 1,159852,3,7,1,04,20,7,1,1,0,1,1,0,,0
"POINT (12.428311834000056 51.321602894000080)",Unfall 159853 (2017) Kat:3, Licht: 0,159853,3,1,0,04,07,7,0,0,0,0,0,1,,0
"POINT (12.452959125000064 51.305028098000037)",Unfall 159854 (2017) Kat:3, Licht: 0,159854,3,6,2,04,14,7,0,0,1,1,0,0,,0
"POINT (12.361319125000023 51.362287404000028)",Unfall 159855 (2017) Kat:3, Licht: 0,159855,3,4,6,04,08,7,0,0,0,1,1,0,,0
"POINT (12.301426465000077 51.315258247000031)",Unfall 159856 (2017) Kat:2, Licht: 0,159856,2,4,6,04,15,7,0,0,0,1,1,0,,0
"POINT (12.352894700000036 51.342099258000076)",Unfall 159857 (2017) Kat:3, Licht: 0,159857,3,6,2,04,12,7,0,0,0,1,0,0,,1
"POINT (12.413793554000051 51.330723770000077)",Unfall 159860 (2017) Kat:3, Licht: 0,159860,3,4,6,03,16,6,0,0,0,1,1,0,,0
"POINT (12.350456543000064 51.346656646000042)",Unfall 159861 (2017) Kat:3, Licht: 0,159861,3,6,2,03,10,6,0,0,0,1,0,0,,0
"POINT (12.424820540000042 51.304714278000063)",Unfall 159862 (2017) Kat:3, Licht: 2,159862,3,7,2,03,20,6,0,2,0,1,0,0,,0
"POINT (12.338264915000025 51.331547466000075)",Unfall 159863 (2017) Kat:3, Licht: 0,159863,3,5,0,03,16,6,0,0,1,1,0,0,,0
"POINT (12.357992658000057 51.379456775000051)",Unfall 159866 (2017) Kat:3, Licht: 0,159866,3,2,3,03,07,6,0,0,1,1,0,0,,0
"POINT (12.378044556000077 51.337114334000034)",Unfall 159867 (2017) Kat:3, Licht: 0,159867,3,6,2,03,12,6,0,0,1,0,0,1,,0
"POINT (12.322098474000029 51.350015566000081)",Unfall 159868 (2017) Kat:3, Licht: 0,159868,3,6,2,03,08,6,0,0,0,1,0,0,,0
"POINT (12.366733422000038 51.325203667000039)",Unfall 159887 (2017) Kat:3, Licht: 0,159887,3,3,2,03,13,5,0,0,0,1,0,0,,0
"POINT (12.444066269000075 51.332482618000029)",Unfall 159888 (2017) Kat:3, Licht: 0,159888,3,6,4,03,07,5,0,0,0,1,0,0,,1
"POINT (12.396422328000028 51.299878322000040)",Unfall 159889 (2017) Kat:3, Licht: 0,159889,3,3,5,03,10,5,0,0,1,1,0,0,,0
"POINT (12.365288053000029 51.362585071000069)",Unfall 159890 (2017) Kat:2, Licht: 0,159890,2,4,6,03,13,5,0,0,0,0,1,0,,1
"POINT (12.361184957000035 51.375676096000063)",Unfall 159891 (2017) Kat:2, Licht: 0,159891,2,4,6,03,15,5,0,0,0,1,1,0,,0
"POINT (12.458454230000029 51.351944246000073)",Unfall 159892 (2017) Kat:2, Licht: 0,159892,2,3,5,03,10,5,0,0,1,1,0,0,,0
"POINT (12.399954715000035 51.339260095000043)",Unfall 159893 (2017) Kat:3, Licht: 0,159893,3,6,2,03,16,5,0,0,0,1,0,0,,0
"POINT (12.414312873000029 51.345090565000078)",Unfall 159894 (2017) Kat:3, Licht: 0,159894,3,4,6,03,10,5,0,0,1,0,1,0,,0
"POINT (12.342574620000050 51.321695536000050)",Unfall 159895 (2017) Kat:2, Licht: 0,159895,2,3,5,03,13,5,0,0,1,1,0,0,,0
"POINT (12.378993818000026 51.339732780000077)",Unfall 159911 (2017) Kat:2, Licht: 0,159911,2,5,1,03,09,4,0,0,1,1,0,0,,0
"POINT (12.329159902000072 51.335554137000031)",Unfall 159912 (2017) Kat:3, Licht: 0,159912,3,2,3,03,11,4,0,0,1,1,0,0,,0
"POINT (12.405245628000046 51.323288700000035)",Unfall 159914 (2017) Kat:3, Licht: 0,159914,3,5,0,03,18,4,0,0,1,1,0,0,,0
"POINT (12.370891087000075 51.344075766000060)",Unfall 159915 (2017) Kat:2, Licht: 0,159915,2,4,6,03,10,4,0,0,0,0,1,0,,1
"POINT (12.364188313000056 51.344440896000037)",Unfall 159917 (2017) Kat:3, Licht: 0,159917,3,3,5,03,10,4,0,0,0,1,0,0,,0
"POINT (12.362536452000029 51.347188010000082)",Unfall 159925 (2017) Kat:3, Licht: 0,159925,3,1,8,03,14,3,0,0,0,1,0,0,,0
"POINT (12.410852829000021 51.344386419000045)",Unfall 159926 (2017) Kat:3, Licht: 0,159926,3,3,5,03,13,3,0,0,1,1,0,0,,0
"POINT (12.384117211000046 51.380649530000028)",Unfall 159927 (2017) Kat:3, Licht: 0,159927,3,3,5,03,16,3,0,0,1,1,0,0,,0
"POINT (12.372623895000061 51.362592982000081)",Unfall 159928 (2017) Kat:3, Licht: 0,159928,3,2,5,03,15,3,0,0,1,1,0,0,,0
"POINT (12.458937441000046 51.306941942000037)",Unfall 159929 (2017) Kat:3, Licht: 0,159929,3,2,4,03,18,3,0,0,1,1,0,0,,0
"POINT (12.376838341000052 51.346193861000074)",Unfall 159930 (2017) Kat:2, Licht: 0,159930,2,4,6,03,10,3,0,0,0,1,1,0,,0
"POINT (12.385105040000042 51.338115193000078)",Unfall 159931 (2017) Kat:3, Licht: 0,159931,3,2,3,03,07,3,0,0,0,1,0,1,,0
"POINT (12.376502325000047 51.308520985000030)",Unfall 159949 (2017) Kat:3, Licht: 0,159949,3,5,1,03,15,2,0,0,1,1,0,0,,0
"POINT (12.386414783000077 51.343395677000046)",Unfall 159950 (2017) Kat:2, Licht: 0,159950,2,4,6,03,17,2,0,0,0,0,1,0,,1
"POINT (12.324203973000067 51.374440720000052)",Unfall 159951 (2017) Kat:3, Licht: 0,159951,3,5,0,03,16,2,0,0,1,1,0,0,,0
"POINT (12.327722618000053 51.326772050000045)",Unfall 159952 (2017) Kat:3, Licht: 0,159952,3,3,5,03,08,2,0,0,1,1,0,0,,0
"POINT (12.409385210000039 51.371743062000064)",Unfall 159953 (2017) Kat:2, Licht: 0,159953,2,4,6,03,16,2,0,0,0,1,1,0,,0
"POINT (12.420507753000038 51.319266123000034)",Unfall 159954 (2017) Kat:3, Licht: 0,159954,3,2,4,03,17,2,0,0,1,1,0,0,,0
"POINT (12.416647040000043 51.329779354000038)",Unfall 159955 (2017) Kat:3, Licht: 0,159955,3,2,6,03,10,2,0,0,0,1,1,0,,0
"POINT (12.376463112000067 51.348371705000034)",Unfall 159966 (2017) Kat:3, Licht: 0,159966,3,6,2,03,15,1,0,0,0,1,0,0,,0
"POINT (12.376361579000047 51.349215469000058)",Unfall 159967 (2017) Kat:2, Licht: 2,159967,2,6,3,03,20,1,0,2,1,0,0,0,,1
"POINT (12.458406057000047 51.351858309000079)",Unfall 159975 (2017) Kat:3, Licht: 2,159975,3,3,5,03,19,7,0,2,0,1,0,0,,0
"POINT (12.417487119000043 51.311115577000066)",Unfall 159976 (2017) Kat:3, Licht: 0,159976,3,2,5,03,14,7,0,0,1,1,0,0,,0
"POINT (12.412356983000052 51.393173756000067)",Unfall 159977 (2017) Kat:3, Licht: 1,159977,3,6,2,03,17,7,0,1,0,1,0,0,,0
"POINT (12.377053751000062 51.390283653000040)",Unfall 159978 (2017) Kat:2, Licht: 0,159978,2,7,0,03,12,7,0,0,1,0,0,0,,0
"POINT (12.373165506000021 51.312164705000043)",Unfall 159979 (2017) Kat:3, Licht: 0,159979,3,4,6,03,18,7,0,0,1,0,1,0,,0
"POINT (12.376958360000060 51.346126042000037)",Unfall 159980 (2017) Kat:3, Licht: 0,159980,3,3,5,03,11,7,0,0,1,1,0,0,,0
"POINT (12.418543047000071 51.357279895000033)",Unfall 159985 (2017) Kat:3, Licht: 0,159985,3,6,2,03,07,6,0,0,0,1,0,0,,0
"POINT (12.354902633000052 51.381612074000031)",Unfall 159986 (2017) Kat:2, Licht: 2,159986,2,6,2,03,23,6,0,2,1,1,0,0,,0
"POINT (12.382749453000031 51.340481605000036)",Unfall 159987 (2017) Kat:3, Licht: 0,159987,3,3,5,03,16,6,0,0,1,1,0,0,,0
"POINT (12.355233624000050 51.335182221000082)",Unfall 159991 (2017) Kat:3, Licht: 1,159991,3,5,1,05,19,3,0,1,1,1,0,0,,0
"POINT (12.386543849000077 51.335661395000045)",Unfall 159992 (2017) Kat:3, Licht: 0,159992,3,3,5,05,07,3,1,0,1,1,0,0,,0
"POINT (12.374116705000063 51.303342099000076)",Unfall 159993 (2017) Kat:2, Licht: 0,159993,2,2,2,05,10,3,1,0,1,1,0,0,,0
"POINT (12.430958520000047 51.330789226000036)",Unfall 159994 (2017) Kat:3, Licht: 0,159994,3,2,4,05,09,3,1,0,0,1,0,0,,0
"POINT (12.334302116000060 51.331548781000038)",Unfall 159995 (2017) Kat:3, Licht: 0,159995,3,2,5,05,13,3,0,0,1,0,0,0,,1
"POINT (12.376414670000031 51.310397170000044)",Unfall 159996 (2017) Kat:3, Licht: 0,159996,3,3,5,05,16,3,0,0,0,1,0,0,,0
"POINT (12.341156481000041 51.332366701000069)",Unfall 159997 (2017) Kat:2, Licht: 1,159997,2,3,5,05,05,3,1,1,1,1,0,0,,0
"POINT (12.420129469000074 51.332940083000040)",Unfall 159998 (2017) Kat:2, Licht: 0,159998,2,2,5,05,16,3,0,0,1,1,0,0,,0
"POINT (12.353112846000045 51.332743879000077)",Unfall 159999 (2017) Kat:3, Licht: 2,159999,3,1,8,05,20,3,0,2,0,1,0,0,,0
"POINT (12.362989844000026 51.373105438000039)",Unfall 160008 (2017) Kat:3, Licht: 0,160008,3,2,5,05,11,2,0,0,0,1,0,0,,1
"POINT (12.396805804000053 51.333579416000077)",Unfall 160015 (2017) Kat:3, Licht: 0,160015,3,3,5,04,15,1,0,0,1,1,0,0,,0
"POINT (12.367181638000034 51.336987930000078)",Unfall 160016 (2017) Kat:3, Licht: 0,160016,3,7,4,04,09,1,0,0,1,1,0,0,,0
"POINT (12.417305950000070 51.332825251000031)",Unfall 160017 (2017) Kat:2, Licht: 2,160017,2,5,1,04,22,1,0,2,1,1,0,0,,0
"POINT (12.424234843000022 51.304492228000072)",Unfall 160018 (2017) Kat:3, Licht: 0,160018,3,2,3,04,18,1,0,0,1,1,0,0,,0
"POINT (12.478231229000073 51.341473744000041)",Unfall 160028 (2017) Kat:3, Licht: 0,160028,3,3,5,04,17,7,0,0,1,1,0,0,,0
"POINT (12.336270523000053 51.332071097000039)",Unfall 160029 (2017) Kat:2, Licht: 0,160029,2,4,6,04,15,7,0,0,0,1,1,0,,0
"POINT (12.484405672000037 51.339643640000077)",Unfall 160030 (2017) Kat:3, Licht: 0,160030,3,2,4,04,09,7,0,0,1,1,0,0,,0
"POINT (12.382100554000033 51.338902554000072)",Unfall 160039 (2017) Kat:3, Licht: 1,160039,3,1,0,04,20,6,0,1,1,0,0,0,,0
"POINT (12.384135200000060 51.301176075000058)",Unfall 160051 (2017) Kat:3, Licht: 0,160051,3,6,2,04,06,5,0,0,1,0,0,0,,0
"POINT (12.384502077000036 51.329385308000042)",Unfall 160052 (2017) Kat:3, Licht: 0,160052,3,3,5,04,18,5,0,0,1,1,0,0,,0
"POINT (12.317546631000027 51.350083150000046)",Unfall 160053 (2017) Kat:3, Licht: 0,160053,3,6,2,04,13,5,0,0,0,1,0,0,,0
"POINT (12.401870647000067 51.364027583000052)",Unfall 160054 (2017) Kat:2, Licht: 0,160054,2,3,5,04,14,5,0,0,0,1,0,0,,0
"POINT (12.354639078000048 51.339414644000044)",Unfall 160064 (2017) Kat:3, Licht: 0,160064,3,3,5,04,10,4,0,0,1,1,0,0,,0
"POINT (12.369105680000075 51.320967001000042)",Unfall 160065 (2017) Kat:3, Licht: 0,160065,3,2,3,04,17,4,0,0,1,1,0,0,,0
"POINT (12.396357885000043 51.310239635000073)",Unfall 160066 (2017) Kat:3, Licht: 0,160066,3,2,5,04,09,4,0,0,0,1,0,0,,0
"POINT (12.338058641000032 51.369607457000029)",Unfall 160067 (2017) Kat:3, Licht: 0,160067,3,2,4,04,12,4,0,0,0,1,0,1,,0
"POINT (12.303124257000036 51.314390765000041)",Unfall 160068 (2017) Kat:3, Licht: 1,160068,3,2,4,04,05,4,0,1,1,1,0,0,,0
"POINT (12.373244833000058 51.353212905000078)",Unfall 160070 (2017) Kat:3, Licht: 0,160070,3,2,6,04,14,4,0,0,0,1,1,0,,0
"POINT (12.377496529000041 51.327955953000071)",Unfall 160080 (2017) Kat:3, Licht: 0,160080,3,3,5,04,15,3,0,0,0,1,0,0,,0
"POINT (12.324038228000063 51.320388885000057)",Unfall 160081 (2017) Kat:3, Licht: 2,160081,3,7,0,04,20,3,0,2,0,1,0,0,,0
"POINT (12.378590117000044 51.334494995000057)",Unfall 160093 (2017) Kat:3, Licht: 0,160093,3,6,2,04,19,2,0,0,1,1,0,0,,0
"POINT (12.389389507000033 51.289800665000030)",Unfall 160094 (2017) Kat:3, Licht: 0,160094,3,3,1,04,17,2,0,0,1,1,0,0,,0
"POINT (12.409107522000056 51.338681902000076)",Unfall 160096 (2017) Kat:3, Licht: 0,160096,3,6,2,04,17,2,0,0,0,1,0,0,,0
"POINT (12.367499257000077 51.320772119000026)",Unfall 160097 (2017) Kat:3, Licht: 0,160097,3,3,5,04,08,2,0,0,1,0,0,0,,0
"POINT (12.417610971000045 51.358669298000052)",Unfall 160110 (2017) Kat:3, Licht: 0,160110,3,6,2,04,19,1,0,0,0,1,0,0,,0
"POINT (12.447115623000059 51.345962896000060)",Unfall 160116 (2017) Kat:2, Licht: 0,160116,2,5,1,04,11,7,0,0,0,1,0,0,,0
"POINT (12.381672848000051 51.338812116000042)",Unfall 160121 (2017) Kat:3, Licht: 0,160121,3,6,3,04,14,6,0,0,0,1,1,0,,0
"POINT (12.379617584000073 51.327627725000070)",Unfall 160122 (2017) Kat:3, Licht: 0,160122,3,3,5,04,17,6,0,0,0,1,0,0,,0
"POINT (12.380707566000069 51.383589502000063)",Unfall 160123 (2017) Kat:3, Licht: 0,160123,3,3,5,04,16,6,0,0,0,1,0,0,,0
"POINT (12.375186115000076 51.334242932000052)",Unfall 160137 (2017) Kat:3, Licht: 0,160137,3,4,6,04,15,5,0,0,1,0,1,0,,0
"POINT (12.353940039000065 51.350908635000053)",Unfall 160138 (2017) Kat:3, Licht: 0,160138,3,6,2,04,07,5,0,0,0,1,0,0,,0
"POINT (12.300195991000066 51.325484403000075)",Unfall 160139 (2017) Kat:3, Licht: 0,160139,3,6,2,04,17,5,0,0,0,1,0,0,,0
"POINT (12.373314593000032 51.316871950000063)",Unfall 160140 (2017) Kat:3, Licht: 1,160140,3,5,1,04,20,5,0,1,1,1,0,0,,0
"POINT (12.419571675000043 51.348116096000069)",Unfall 160141 (2017) Kat:2, Licht: 0,160141,2,3,5,04,17,5,0,0,0,1,0,0,,0
"POINT (12.408695568000041 51.335444352000081)",Unfall 160142 (2017) Kat:2, Licht: 0,160142,2,5,1,04,17,5,0,0,1,1,0,0,,0
"POINT (12.372401167000021 51.332838078000066)",Unfall 160143 (2017) Kat:3, Licht: 0,160143,3,7,0,04,12,5,0,0,1,1,0,0,,0
"POINT (12.370682478000049 51.335199559000046)",Unfall 160144 (2017) Kat:3, Licht: 0,160144,3,3,5,04,15,5,0,0,1,0,0,0,,0
"POINT (12.316573308000045 51.346426750000035)",Unfall 160159 (2017) Kat:3, Licht: 0,160159,3,4,6,04,15,4,0,0,0,1,1,0,,0
"POINT (12.389393047000056 51.328312236000045)",Unfall 160167 (2017) Kat:3, Licht: 1,160167,3,2,2,04,18,3,1,1,0,1,0,0,,0
"POINT (12.412908264000066 51.375105704000077)",Unfall 160168 (2017) Kat:3, Licht: 0,160168,3,4,6,04,17,3,1,0,0,1,1,0,,0
"POINT (12.407419508000032 51.325973702000056)",Unfall 160169 (2017) Kat:3, Licht: 0,160169,3,2,4,04,11,3,1,0,0,1,0,0,,0
"POINT (12.334037522000074 51.319345809000026)",Unfall 160170 (2017) Kat:3, Licht: 2,160170,3,2,4,04,21,3,0,2,1,1,0,0,,0
"POINT (12.378708391000032 51.345631146000073)",Unfall 160182 (2017) Kat:3, Licht: 0,160182,3,7,0,04,13,1,1,0,1,0,0,0,,0
"POINT (12.287978606000024 51.357192553000061)",Unfall 160183 (2017) Kat:2, Licht: 0,160183,2,3,5,04,11,1,0,0,1,1,0,0,,0
"POINT (12.393335068000056 51.322877194000057)",Unfall 160189 (2017) Kat:3, Licht: 1,160189,3,2,4,04,05,7,0,1,1,1,0,0,,0
"POINT (12.402175975000034 51.364947662000077)",Unfall 160190 (2017) Kat:3, Licht: 0,160190,3,5,1,04,10,7,1,0,0,1,0,1,,0
"POINT (12.407174411000028 51.345462832000067)",Unfall 160191 (2017) Kat:3, Licht: 0,160191,3,6,2,04,13,7,1,0,0,1,0,0,,0
"POINT (12.409055876000025 51.344499769000038)",Unfall 160192 (2017) Kat:3, Licht: 0,160192,3,3,5,04,10,7,1,0,0,1,0,1,,0
"POINT (12.326619115000028 51.336101056000075)",Unfall 160203 (2017) Kat:2, Licht: 0,160203,2,7,5,04,12,6,0,0,0,1,0,0,,0
"POINT (12.392765821000069 51.330669461000070)",Unfall 160204 (2017) Kat:3, Licht: 0,160204,3,6,1,04,11,6,0,0,0,1,0,0,,0
"POINT (12.400355920000038 51.345827152000027)",Unfall 160213 (2017) Kat:3, Licht: 1,160213,3,2,4,04,19,5,0,1,1,1,0,0,,0
"POINT (12.370680793000076 51.335199273000057)",Unfall 160214 (2017) Kat:3, Licht: 0,160214,3,2,5,04,10,5,1,0,1,1,0,0,,0
"POINT (12.383624660000066 51.335451463000027)",Unfall 160215 (2017) Kat:3, Licht: 0,160215,3,2,5,04,15,5,1,0,1,1,0,0,,0
"POINT (12.439121893000049 51.294848883000043)",Unfall 160216 (2017) Kat:3, Licht: 0,160216,3,3,5,04,09,5,0,0,0,1,0,0,,0
"POINT (12.396385512000052 51.309572056000036)",Unfall 160217 (2017) Kat:3, Licht: 0,160217,3,2,4,04,13,5,1,0,1,0,0,0,,1
"POINT (12.395214222000050 51.312797773000057)",Unfall 160218 (2017) Kat:3, Licht: 1,160218,3,6,2,04,07,5,1,1,0,1,0,0,,0
"POINT (12.365024196000036 51.341363668000042)",Unfall 160229 (2017) Kat:3, Licht: 0,160229,3,3,5,04,16,4,0,0,1,1,0,0,,0
"POINT (12.373193791000062 51.339797119000082)",Unfall 160230 (2017) Kat:3, Licht: 0,160230,3,3,5,04,08,4,1,0,1,1,0,0,,0
"POINT (12.373719372000039 51.320694385000081)",Unfall 160231 (2017) Kat:3, Licht: 0,160231,3,4,6,04,14,4,0,0,0,1,1,0,,0
"POINT (12.433084089000033 51.339997938000067)",Unfall 160232 (2017) Kat:3, Licht: 0,160232,3,3,5,04,06,4,1,0,1,0,0,0,,1
"POINT (12.281432803000030 51.311571824000055)",Unfall 160233 (2017) Kat:3, Licht: 0,160233,3,3,5,04,15,4,0,0,0,1,0,0,,0
"POINT (12.381042663000073 51.350443371000040)",Unfall 160236 (2017) Kat:3, Licht: 0,160236,3,2,5,04,12,4,0,0,0,1,0,0,,0
"POINT (12.392020139000067 51.338812102000077)",Unfall 160237 (2017) Kat:3, Licht: 0,160237,3,3,5,04,14,4,0,0,0,0,0,0,,1
"POINT (12.376367203000029 51.338896066000075)",Unfall 160248 (2017) Kat:3, Licht: 0,160248,3,5,0,04,07,3,0,0,1,0,0,0,,1
"POINT (12.296331032000069 51.405099083000039)",Unfall 160249 (2017) Kat:3, Licht: 1,160249,3,3,5,04,05,3,0,1,0,1,0,0,,0
"POINT (12.417869167000049 51.375632678000045)",Unfall 160252 (2017) Kat:2, Licht: 0,160252,2,4,6,04,10,3,0,0,0,1,1,0,,0
"POINT (12.420602397000039 51.321096056000044)",Unfall 160253 (2017) Kat:3, Licht: 0,160253,3,3,5,04,13,3,0,0,0,1,0,0,,0
"POINT (12.428163539000025 51.342392504000031)",Unfall 160258 (2017) Kat:2, Licht: 0,160258,2,3,5,05,15,4,0,0,1,0,0,0,,0
"POINT (12.382957209000040 51.334131967000076)",Unfall 160268 (2017) Kat:3, Licht: 0,160268,3,5,1,05,17,4,0,0,1,1,0,0,,0
"POINT (12.417111573000057 51.345420543000046)",Unfall 160270 (2017) Kat:3, Licht: 0,160270,3,4,6,05,19,4,0,0,1,0,1,0,,0
"POINT (12.370840806000047 51.344042039000044)",Unfall 160272 (2017) Kat:3, Licht: 0,160272,3,2,4,05,16,4,0,0,1,1,0,0,,0
"POINT (12.417449225000041 51.311095054000077)",Unfall 160273 (2017) Kat:3, Licht: 0,160273,3,2,5,05,10,4,0,0,1,1,0,0,,0
"POINT (12.365689779000036 51.320886106000046)",Unfall 160275 (2017) Kat:2, Licht: 0,160275,2,6,3,05,10,4,0,0,1,0,0,0,,1
"POINT (12.386308204000045 51.360523606000072)",Unfall 160276 (2017) Kat:3, Licht: 0,160276,3,2,4,05,09,4,0,0,1,1,0,0,,0
"POINT (12.385126102000072 51.338102863000074)",Unfall 160293 (2017) Kat:2, Licht: 0,160293,2,2,5,05,07,3,0,0,1,1,0,0,,0
"POINT (12.306448845000034 51.351324618000035)",Unfall 160294 (2017) Kat:3, Licht: 0,160294,3,3,5,05,07,3,0,0,0,1,0,1,,0
"POINT (12.373908944000050 51.302950201000044)",Unfall 160295 (2017) Kat:3, Licht: 0,160295,3,7,8,05,11,3,0,0,0,1,0,0,,0
"POINT (12.365664284000047 51.321014890000072)",Unfall 160296 (2017) Kat:3, Licht: 0,160296,3,3,5,05,07,3,0,0,0,1,0,0,,0
"POINT (12.370327987000053 51.367163938000033)",Unfall 160297 (2017) Kat:3, Licht: 0,160297,3,3,5,05,06,3,0,0,0,1,0,0,,0
"POINT (12.407991707000065 51.335672522000038)",Unfall 160298 (2017) Kat:2, Licht: 0,160298,2,7,8,05,10,3,0,0,1,0,0,0,,1
"POINT (12.396463719000053 51.301189034000060)",Unfall 160299 (2017) Kat:2, Licht: 0,160299,2,3,5,05,08,3,0,0,1,0,0,0,,1
"POINT (12.372298689000047 51.335352568000076)",Unfall 160300 (2017) Kat:3, Licht: 0,160300,3,3,5,05,19,3,0,0,1,1,0,0,,0
"POINT (12.324198364000040 51.335319369000047)",Unfall 160301 (2017) Kat:2, Licht: 0,160301,2,3,5,05,07,3,0,0,1,1,0,0,,0
"POINT (12.452905562000069 51.345483890000025)",Unfall 160302 (2017) Kat:3, Licht: 0,160302,3,6,2,05,15,3,0,0,0,1,0,0,,0
"POINT (12.411716125000055 51.331613128000072)",Unfall 160319 (2017) Kat:3, Licht: 0,160319,3,6,2,05,07,2,0,0,0,1,0,0,,0
"POINT (12.378381928000067 51.332212269000081)",Unfall 160320 (2017) Kat:3, Licht: 0,160320,3,3,5,05,11,2,0,0,1,1,0,0,,0
"POINT (12.405656849000025 51.338068317000079)",Unfall 160322 (2017) Kat:3, Licht: 0,160322,3,2,4,05,17,2,0,0,0,1,0,0,,0
"POINT (12.361435354000037 51.362690645000043)",Unfall 160323 (2017) Kat:3, Licht: 0,160323,3,4,6,05,18,2,0,0,0,1,1,0,,0
"POINT (12.372001251000029 51.326008478000062)",Unfall 160324 (2017) Kat:3, Licht: 0,160324,3,6,6,05,12,2,0,0,0,0,1,0,,1
"POINT (12.287055361000057 51.354094928000052)",Unfall 160326 (2017) Kat:2, Licht: 0,160326,2,6,2,05,19,2,0,0,1,1,0,1,,0
"POINT (12.473880451000070 51.358853800000077)",Unfall 160327 (2017) Kat:3, Licht: 0,160327,3,3,5,05,11,2,0,0,0,1,0,0,,1
"POINT (12.344380594000029 51.329347165000058)",Unfall 160328 (2017) Kat:2, Licht: 0,160328,2,5,3,05,16,2,0,0,1,1,0,0,,0
"POINT (12.343100440000057 51.318774189000067)",Unfall 160329 (2017) Kat:3, Licht: 0,160329,3,6,2,05,09,2,0,0,0,1,0,0,,0
"POINT (12.398000601000035 51.330476224000051)",Unfall 160330 (2017) Kat:3, Licht: 0,160330,3,4,6,05,17,2,0,0,1,0,1,0,,0
"POINT (12.309765650000031 51.374906028000055)",Unfall 160331 (2017) Kat:3, Licht: 0,160331,3,7,7,05,16,2,0,0,1,0,1,0,,0
"POINT (12.378713693000066 51.307724485000051)",Unfall 160348 (2017) Kat:3, Licht: 0,160348,3,5,0,05,18,1,0,0,1,1,0,0,,0
"POINT (12.376610567000057 51.314785274000030)",Unfall 160349 (2017) Kat:2, Licht: 0,160349,2,3,5,05,12,1,1,0,0,1,0,0,,1
"POINT (12.405652217000068 51.351542051000081)",Unfall 160350 (2017) Kat:3, Licht: 0,160350,3,6,2,05,11,1,1,0,0,1,0,0,,1
"POINT (12.435075220000044 51.375306682000030)",Unfall 160351 (2017) Kat:3, Licht: 0,160351,3,3,5,05,15,1,0,0,0,1,0,0,,1
"POINT (12.479024115000072 51.323534328000051)",Unfall 160359 (2017) Kat:3, Licht: 0,160359,3,3,5,05,15,7,0,0,1,1,0,0,,0
"POINT (12.416728118000037 51.329794016000051)",Unfall 160360 (2017) Kat:3, Licht: 2,160360,3,3,5,05,21,7,0,2,1,1,0,0,,0
"POINT (12.352028639000025 51.343645959000071)",Unfall 160361 (2017) Kat:3, Licht: 0,160361,3,4,6,05,13,7,0,0,0,1,1,0,,0
"POINT (12.365064129000075 51.376157678000027)",Unfall 160362 (2017) Kat:3, Licht: 0,160362,3,3,5,05,10,7,0,0,0,1,0,0,,0
"POINT (12.332781674000046 51.321706858000027)",Unfall 160371 (2017) Kat:3, Licht: 0,160371,3,6,4,05,15,6,0,0,1,1,0,0,,0
"POINT (12.331141891000073 51.334476843000061)",Unfall 160372 (2017) Kat:3, Licht: 0,160372,3,7,0,05,15,6,0,0,1,1,0,0,,0
"POINT (12.421897195000042 51.321101568000074)",Unfall 160373 (2017) Kat:3, Licht: 0,160373,3,3,5,05,18,6,0,0,0,1,0,0,,0
"POINT (12.386766852000051 51.359125502000040)",Unfall 160374 (2017) Kat:3, Licht: 0,160374,3,6,3,05,07,6,0,0,0,1,0,0,,0
"POINT (12.318539894000025 51.331432880000079)",Unfall 160375 (2017) Kat:3, Licht: 0,160375,3,6,2,05,05,6,0,0,0,1,0,0,,0
"POINT (12.342203686000062 51.338474551000047)",Unfall 160376 (2017) Kat:3, Licht: 2,160376,3,3,5,05,21,6,1,2,1,1,0,0,,1