WKT,Name,OBJECTID,UKATEGORIE,UTYP1,UART,UMONAT,USTUNDE,UWOCHENTAG,STRZUSTAND,ULICHTVERH,ISTRAD,ISTPKW,ISTFUSS,ISTKRAD,ISTGKFZ,ISTSONSTIG
"POINT (12.417129266000074 51.343628536000040)",Unfall 160397 (2017) Kat:3, Licht: 0,160397,3,2,3,05,16,5,0,0,1,0,0,0,,0
"POINT (12.339462027000025 51.326725890000034)",Unfall 160398 (2017) Kat:3, Licht: 0,160398,3,4,6,05,18,5,0,0,1,1,1,0,,0
"POINT (12.373669128000074 51.332813027000043)",Unfall 160399 (2017) Kat:3, Licht: 0,160399,3,4,6,05,08,5,0,0,1,0,1,0,,0
"POINT (12.480712189000030 51.332936286000063)",Unfall 160400 (2017) Kat:3, Licht: 1,160400,3,3,5,05,05,5,0,1,1,1,0,0,,0
"POINT (12.400984262000065 51.341211742000041)",Unfall 160401 (2017) Kat:3, Licht: 2,160401,3,3,5,05,21,5,0,2,1,1,0,0,,0
"POINT (12.316418990000045 51.374595744000032)",Unfall 160403 (2017) Kat:3, Licht: 0,160403,3,6,2,05,09,5,0,0,0,1,0,0,,1
"POINT (12.319664062000072 51.350082911000072)",Unfall 160404 (2017) Kat:3, Licht: 0,160404,3,6,2,05,14,5,0,0,0,1,0,0,,1
"POINT (12.376368875000026 51.349485625000057)",Unfall 160405 (2017) Kat:2, Licht: 0,160405,2,6,2,05,07,5,0,0,0,1,0,0,,1
"POINT (12.385143288000052 51.339418287000058)",Unfall 160406 (2017) Kat:3, Licht: 0,160406,3,5,1,05,18,5,0,0,1,1,0,0,,0
"POINT (12.392887926000071 51.351469959000042)",Unfall 160407 (2017) Kat:3, Licht: 0,160407,3,7,0,05,11,5,0,0,0,0,0,1,,0
"POINT (12.373934193000025 51.334061220000081)",Unfall 160427 (2017) Kat:3, Licht: 2,160427,3,6,3,05,20,4,0,2,0,1,0,1,,0
"POINT (12.263528863000033 51.325670620000039)",Unfall 160428 (2017) Kat:2, Licht: 0,160428,2,6,4,05,12,4,0,0,0,1,0,0,,1
"POINT (12.373276768000039 51.367099382000049)",Unfall 160430 (2017) Kat:3, Licht: 0,160430,3,2,4,05,15,4,0,0,0,1,0,1,,0
"POINT (12.377292058000023 51.333084846000077)",Unfall 160431 (2017) Kat:3, Licht: 0,160431,3,2,4,05,11,4,0,0,0,1,0,0,,0
"POINT (12.421896391000075 51.321106113000042)",Unfall 160432 (2017) Kat:3, Licht: 0,160432,3,3,5,05,05,4,0,0,1,1,0,0,,0
"POINT (12.387427349000063 51.343774233000033)",Unfall 160433 (2017) Kat:3, Licht: 0,160433,3,7,6,05,11,4,0,0,1,0,1,0,,0
"POINT (12.433036990000062 51.299090709000041)",Unfall 160448 (2017) Kat:3, Licht: 0,160448,3,3,5,05,09,3,0,0,1,1,0,0,,0
"POINT (12.434093899000061 51.344917090000081)",Unfall 160449 (2017) Kat:3, Licht: 0,160449,3,4,6,05,11,3,0,0,0,1,1,0,,0
"POINT (12.376413121000041 51.310397307000073)",Unfall 160461 (2017) Kat:3, Licht: 0,160461,3,3,5,05,13,2,0,0,1,1,0,0,,0
"POINT (12.379235896000068 51.304930975000048)",Unfall 160462 (2017) Kat:3, Licht: 0,160462,3,4,6,05,17,2,0,0,0,1,1,0,,0
"POINT (12.388526265000053 51.325930604000064)",Unfall 160463 (2017) Kat:2, Licht: 0,160463,2,2,5,05,18,2,1,0,1,1,0,0,,0
"POINT (12.401377831000048 51.324161774000061)",Unfall 160464 (2017) Kat:3, Licht: 0,160464,3,2,3,05,19,2,1,0,1,1,0,0,,0
"POINT (12.269652930000063 51.384877636000056)",Unfall 160476 (2017) Kat:3, Licht: 0,160476,3,2,4,05,16,1,0,0,0,1,0,1,,0
"POINT (12.396352925000031 51.303537303000041)",Unfall 160477 (2017) Kat:2, Licht: 2,160477,2,3,5,05,00,1,0,2,0,1,0,0,,1
"POINT (12.396224445000030 51.299118488000033)",Unfall 160484 (2017) Kat:3, Licht: 0,160484,3,7,0,05,10,7,1,0,0,0,0,1,,0
"POINT (12.361626222000041 51.332186434000050)",Unfall 160485 (2017) Kat:3, Licht: 0,160485,3,1,0,05,17,7,0,0,0,0,0,1,,0
"POINT (12.407978431000060 51.335657064000031)",Unfall 160486 (2017) Kat:2, Licht: 2,160486,2,2,5,05,21,7,0,2,1,1,0,0,,0
"POINT (12.389051542000061 51.341145339000036)",Unfall 160487 (2017) Kat:3, Licht: 0,160487,3,1,0,05,15,7,0,0,0,0,0,1,,0
"POINT (12.381927274000077 51.338598833000049)",Unfall 160493 (2017) Kat:3, Licht: 0,160493,3,2,2,05,12,6,1,0,0,1,0,0,,0
"POINT (12.330494112000054 51.342048955000053)",Unfall 160494 (2017) Kat:3, Licht: 0,160494,3,2,2,05,14,6,0,0,1,1,0,0,,0
"POINT (12.373701909000033 51.331862334000050)",Unfall 160495 (2017) Kat:3, Licht: 0,160495,3,7,0,05,17,6,0,0,0,1,0,0,,1
"POINT (12.385556864000023 51.342970893000029)",Unfall 160496 (2017) Kat:3, Licht: 0,160496,3,2,5,05,16,6,0,0,0,1,1,0,,0
"POINT (12.362605368000061 51.344075569000040)",Unfall 160497 (2017) Kat:3, Licht: 0,160497,3,2,4,05,18,6,0,0,1,1,0,0,,0
"POINT (12.373393214000032 51.328646706000029)",Unfall 160512 (2017) Kat:3, Licht: 2,160512,3,7,0,05,23,5,1,2,1,0,0,0,,0
"POINT (12.386772227000051 51.359110665000060)",Unfall 160513 (2017) Kat:3, Licht: 0,160513,3,3,5,05,16,5,0,0,1,0,0,0,,1
"POINT (12.407932581000068 51.335604021000051)",Unfall 160514 (2017) Kat:3, Licht: 0,160514,3,6,2,05,18,5,0,0,0,1,0,0,,0
"POINT (12.479165359000035 51.342764913000053)",Unfall 160515 (2017) Kat:2, Licht: 0,160515,2,2,4,05,15,5,0,0,1,1,0,0,,0
"POINT (12.391246862000060 51.334849008000049)",Unfall 160516 (2017) Kat:3, Licht: 0,160516,3,2,5,05,09,5,0,0,0,1,0,0,,1
"POINT (12.409332706000043 51.325182457000039)",Unfall 160526 (2017) Kat:2, Licht: 0,160526,2,4,6,05,13,4,0,0,1,0,1,0,,0
"POINT (12.387520072000029 51.357013339000048)",Unfall 160527 (2017) Kat:3, Licht: 0,160527,3,7,5,05,15,4,0,0,1,1,0,0,,0
"POINT (12.423973736000050 51.315048319000027)",Unfall 160528 (2017) Kat:3, Licht: 0,160528,3,3,5,05,15,4,0,0,1,1,0,0,,0
"POINT (12.417784928000060 51.375619878000066)",Unfall 160529 (2017) Kat:3, Licht: 1,160529,3,6,4,05,20,4,0,1,0,1,0,0,,1
"POINT (12.373671728000033 51.323676296000031)",Unfall 160530 (2017) Kat:3, Licht: 0,160530,3,5,3,05,14,4,0,0,0,1,0,0,,1
"POINT (12.394817838000051 51.352289718000065)",Unfall 160541 (2017) Kat:2, Licht: 0,160541,2,2,3,05,17,4,0,0,1,0,0,0,,1
"POINT (12.476913210000077 51.339820900000063)",Unfall 160542 (2017) Kat:3, Licht: 0,160542,3,2,4,05,17,4,0,0,0,1,0,0,,0
"POINT (12.318426673000033 51.331521069000075)",Unfall 160560 (2017) Kat:3, Licht: 0,160560,3,2,4,05,17,3,1,0,1,1,0,0,,0
"POINT (12.318921216000035 51.331135500000073)",Unfall 160561 (2017) Kat:3, Licht: 0,160561,3,3,5,05,19,3,1,0,0,1,0,0,,1
"POINT (12.477322146000063 51.277604681000071)",Unfall 160562 (2017) Kat:3, Licht: 0,160562,3,2,3,05,10,3,0,0,1,0,0,0,,1
"POINT (12.366751617000034 51.286799755000061)",Unfall 160563 (2017) Kat:3, Licht: 0,160563,3,3,5,05,11,3,0,0,1,1,0,0,,0
"POINT (12.385908149000045 51.364777018000041)",Unfall 160564 (2017) Kat:3, Licht: 0,160564,3,2,6,05,18,3,1,0,0,1,1,0,,0
"POINT (12.376370238000050 51.330296767000050)",Unfall 160565 (2017) Kat:3, Licht: 0,160565,3,5,0,05,07,3,0,0,1,1,0,0,,0
"POINT (12.407842973000072 51.351406515000065)",Unfall 160566 (2017) Kat:3, Licht: 0,160566,3,2,5,05,12,3,0,0,1,1,0,0,,0
"POINT (12.371434285000078 51.320667021000077)",Unfall 160586 (2017) Kat:3, Licht: 0,160586,3,3,5,05,17,2,0,0,1,1,0,0,,0
"POINT (12.390373971000031 51.344737372000054)",Unfall 160587 (2017) Kat:3, Licht: 0,160587,3,5,3,05,13,2,0,0,1,1,0,0,,0
"POINT (12.336746210000058 51.329118283000071)",Unfall 160589 (2017) Kat:3, Licht: 1,160589,3,5,1,05,20,2,0,1,1,1,0,0,,0
"POINT (12.395348853000030 51.282624474000045)",Unfall 160590 (2017) Kat:3, Licht: 0,160590,3,6,2,05,06,2,0,0,1,1,0,0,,0
"POINT (12.328187114000059 51.391784481000059)",Unfall 160591 (2017) Kat:3, Licht: 2,160591,3,3,5,05,22,2,0,2,1,1,0,0,,0
"POINT (12.378277737000076 51.392949714000054)",Unfall 160592 (2017) Kat:3, Licht: 0,160592,3,3,5,05,11,2,0,0,0,1,0,1,,0
"POINT (12.376898067000070 51.325117340000077)",Unfall 160593 (2017) Kat:3, Licht: 0,160593,3,3,5,05,20,2,0,0,0,1,0,0,,0
"POINT (12.344963262000022 51.351141148000067)",Unfall 160594 (2017) Kat:3, Licht: 0,160594,3,6,2,05,11,2,0,0,0,1,0,0,,0
"POINT (12.362237306000054 51.332564645000048)",Unfall 160595 (2017) Kat:3, Licht: 0,160595,3,3,5,05,18,2,0,0,1,1,0,0,,0
"POINT (12.447080976000052 51.349899065000045)",Unfall 160597 (2017) Kat:3, Licht: 0,160597,3,6,2,05,06,2,0,0,0,1,0,0,,0
"POINT (12.389462232000028 51.289378416000034)",Unfall 160623 (2017) Kat:3, Licht: 0,160623,3,3,5,05,15,7,0,0,0,1,0,0,,0
"POINT (12.418389512000033 51.382090909000055)",Unfall 160624 (2017) Kat:3, Licht: 0,160624,3,6,0,05,13,7,0,0,1,1,0,0,,0
"POINT (12.361670636000042 51.345970796000074)",Unfall 160625 (2017) Kat:3, Licht: 0,160625,3,3,5,05,11,7,0,0,0,1,0,1,,0
"POINT (12.358505630000025 51.343226684000058)",Unfall 160627 (2017) Kat:3, Licht: 2,160627,3,7,6,05,21,7,0,2,0,1,0,0,,1
"POINT (12.390954416000056 51.329396833000033)",Unfall 160638 (2017) Kat:2, Licht: 0,160638,2,2,3,05,14,6,0,0,0,1,0,1,,0
"POINT (12.303992083000026 51.301610962000041)",Unfall 160639 (2017) Kat:3, Licht: 1,160639,3,2,4,05,20,6,0,1,0,1,0,0,,0
"POINT (12.367282624000040 51.341046054000060)",Unfall 160641 (2017) Kat:3, Licht: 0,160641,3,5,1,05,16,6,0,0,1,0,0,0,,1
"POINT (12.300261847000058 51.413240170000051)",Unfall 160642 (2017) Kat:3, Licht: 0,160642,3,3,5,05,17,6,0,0,1,0,0,0,,1
"POINT (12.414793499000041 51.345299843000078)",Unfall 160649 (2017) Kat:3, Licht: 0,160649,3,4,6,05,10,5,0,0,0,1,1,0,,0
"POINT (12.393352400000026 51.322883500000046)",Unfall 160650 (2017) Kat:3, Licht: 2,160650,3,3,5,05,22,5,0,2,1,1,0,0,,0
"POINT (12.378430717000072 51.347000172000037)",Unfall 160651 (2017) Kat:3, Licht: 0,160651,3,7,4,05,14,5,0,0,1,0,0,0,,1
"POINT (12.430516413000021 51.351327776000062)",Unfall 160669 (2017) Kat:3, Licht: 0,160669,3,2,3,05,18,4,0,0,1,1,0,0,,0
"POINT (12.389268819000051 51.298840500000040)",Unfall 160670 (2017) Kat:3, Licht: 0,160670,3,3,5,05,18,4,0,0,1,1,0,0,,0
"POINT (12.338797815000021 51.332390410000073)",Unfall 160671 (2017) Kat:3, Licht: 0,160671,3,7,0,05,14,4,0,0,1,0,0,0,,0
"POINT (12.452959056000054 51.281242110000051)",Unfall 160672 (2017) Kat:3, Licht: 0,160672,3,3,5,05,10,4,0,0,0,1,0,0,,1
"POINT (12.437792671000068 51.327519295000059)",Unfall 160673 (2017) Kat:3, Licht: 0,160673,3,2,4,05,09,4,0,0,0,1,0,0,,0
"POINT (12.424848491000034 51.304724828000076)",Unfall 160674 (2017) Kat:3, Licht: 2,160674,3,4,6,05,23,4,0,2,0,1,1,0,,0
"POINT (12.327179461000071 51.329639111000063)",Unfall 160675 (2017) Kat:2, Licht: 0,160675,2,3,5,05,14,4,0,0,0,1,0,0,,0
"POINT (12.371289062000073 51.329946156000062)",Unfall 160676 (2017) Kat:3, Licht: 0,160676,3,3,5,05,16,4,0,0,1,1,0,0,,0
"POINT (12.355313681000041 51.348966811000082)",Unfall 160695 (2017) Kat:3, Licht: 0,160695,3,2,4,05,17,3,0,0,1,1,0,0,,0
"POINT (12.405690839000044 51.331805636000070)",Unfall 160696 (2017) Kat:2, Licht: 0,160696,2,7,0,05,11,3,0,0,1,1,0,0,,0
"POINT (12.320943159000024 51.302711518000081)",Unfall 160697 (2017) Kat:3, Licht: 0,160697,3,6,4,05,16,3,0,0,1,1,0,0,,0
"POINT (12.325412117000042 51.316362397000034)",Unfall 160698 (2017) Kat:3, Licht: 0,160698,3,6,2,05,17,3,0,0,1,1,0,0,,0
"POINT (12.338347175000024 51.327301540000065)",Unfall 160699 (2017) Kat:3, Licht: 0,160699,3,6,2,05,14,3,0,0,1,1,0,0,,0
"POINT (12.444963026000039 51.339409511000042)",Unfall 160700 (2017) Kat:3, Licht: 0,160700,3,6,2,05,15,3,0,0,0,1,0,0,,0
"POINT (12.321261880000066 51.328610895000054)",Unfall 160701 (2017) Kat:3, Licht: 0,160701,3,2,3,05,07,3,0,0,1,1,0,0,,0
"POINT (12.394371877000026 51.292242111000064)",Unfall 160702 (2017) Kat:3, Licht: 0,160702,3,1,0,05,17,3,0,0,1,0,0,0,,0
"POINT (12.373493238000037 51.323483152000051)",Unfall 160703 (2017) Kat:3, Licht: 0,160703,3,5,1,05,19,3,0,0,1,1,0,0,,0
"POINT (12.307170113000041 51.346485042000040)",Unfall 160704 (2017) Kat:3, Licht: 0,160704,3,2,3,05,17,3,0,0,1,1,0,0,,0
"POINT (12.469507356000065 51.345311470000070)",Unfall 160705 (2017) Kat:3, Licht: 0,160705,3,6,2,05,10,3,0,0,0,1,0,0,,0
"POINT (12.407953877000068 51.335628658000076)",Unfall 160706 (2017) Kat:3, Licht: 0,160706,3,2,2,05,11,3,0,0,1,1,0,0,,0
"POINT (12.266225661000021 51.248830665000071)",Unfall 160735 (2017) Kat:2, Licht: 0,160735,2,1,8,05,17,2,0,0,0,0,0,1,,0
"POINT (12.408016250000060 51.318041391000065)",Unfall 160736 (2017) Kat:3, Licht: 0,160736,3,2,5,05,13,2,0,0,1,1,0,0,,0
"POINT (12.373717992000024 51.305612215000053)",Unfall 160737 (2017) Kat:3, Licht: 0,160737,3,3,5,05,08,2,0,0,1,0,0,0,,1
"POINT (12.369240878000028 51.356592118000037)",Unfall 160738 (2017) Kat:3, Licht: 0,160738,3,3,5,05,10,2,0,0,1,1,0,0,,0
"POINT (12.370667033000075 51.397248031000061)",Unfall 160739 (2017) Kat:3, Licht: 0,160739,3,2,5,05,15,2,0,0,0,0,0,1,,1
"POINT (12.368316593000031 51.315947325000081)",Unfall 160740 (2017) Kat:3, Licht: 0,160740,3,3,5,05,15,2,0,0,0,1,0,1,,0
"POINT (12.381068676000041 51.304186028000061)",Unfall 160741 (2017) Kat:3, Licht: 0,160741,3,3,5,05,12,2,0,0,0,1,0,0,,0
"POINT (12.462945875000059 51.295409703000075)",Unfall 160753 (2017) Kat:2, Licht: 0,160753,2,4,6,05,20,1,0,0,0,0,1,0,,1
"POINT (12.365817876000051 51.331639092000046)",Unfall 160760 (2017) Kat:3, Licht: 2,160760,3,7,1,05,21,7,0,2,0,1,0,0,,0
"POINT (12.417474676000040 51.311108839000042)",Unfall 160762 (2017) Kat:3, Licht: 0,160762,3,2,5,05,15,7,0,0,1,1,0,0,,0
"POINT (12.389435178000042 51.334807011000066)",Unfall 160774 (2017) Kat:3, Licht: 0,160774,3,5,3,05,17,6,0,0,1,1,0,0,,0
"POINT (12.385973596000042 51.363476251000066)",Unfall 160775 (2017) Kat:3, Licht: 0,160775,3,6,3,05,11,6,0,0,1,1,0,0,,0
"POINT (12.300838607000060 51.314031102000058)",Unfall 160776 (2017) Kat:3, Licht: 2,160776,3,2,5,05,21,6,1,2,0,0,0,0,,1
"POINT (12.343277379000028 51.328744705000076)",Unfall 160777 (2017) Kat:3, Licht: 0,160777,3,2,4,05,15,6,0,0,1,1,0,0,,0
"POINT (12.429483944000026 51.335541209000041)",Unfall 160779 (2017) Kat:3, Licht: 0,160779,3,6,4,05,15,6,0,0,1,0,0,0,,0
"POINT (12.373669522000057 51.324216324000076)",Unfall 160780 (2017) Kat:3, Licht: 0,160780,3,2,3,05,14,6,0,0,0,1,0,0,,1
"POINT (12.384581959000059 51.337247108000042)",Unfall 160781 (2017) Kat:3, Licht: 0,160781,3,3,5,05,13,6,0,0,0,1,0,0,,0
"POINT (12.370823629000029 51.336352873000067)",Unfall 160801 (2017) Kat:2, Licht: 0,160801,2,2,3,05,15,5,0,0,1,1,0,0,,0
"POINT (12.316948000000025 51.300538249000056)",Unfall 160802 (2017) Kat:3, Licht: 0,160802,3,2,3,05,10,5,0,0,1,1,0,0,,0
"POINT (12.414209518000064 51.339176489000067)",Unfall 160803 (2017) Kat:3, Licht: 0,160803,3,4,6,05,07,5,0,0,0,1,1,0,,0
"POINT (12.419453689000022 51.333044379000057)",Unfall 160805 (2017) Kat:3, Licht: 0,160805,3,2,4,05,18,5,0,0,1,1,0,0,,0
"POINT (12.328276981000045 51.372671416000060)",Unfall 160806 (2017) Kat:3, Licht: 0,160806,3,3,5,05,14,5,0,0,1,1,0,0,,0
"POINT (12.380204745000071 51.305273172000057)",Unfall 160807 (2017) Kat:3, Licht: 0,160807,3,3,5,05,16,5,0,0,1,1,0,0,,0
"POINT (12.367514335000067 51.388466665000067)",Unfall 160808 (2017) Kat:2, Licht: 0,160808,2,3,5,05,12,5,0,0,1,1,0,0,,0
"POINT (12.355584526000030 51.337976378000064)",Unfall 160809 (2017) Kat:3, Licht: 0,160809,3,3,5,05,17,5,0,0,1,0,0,1,,0
"POINT (12.307204342000034 51.323128116000078)",Unfall 160848 (2017) Kat:3, Licht: 0,160848,3,3,5,06,16,3,0,0,0,1,0,0,,0
"POINT (12.341178334000062 51.332336987000076)",Unfall 160851 (2017) Kat:3, Licht: 0,160851,3,2,5,06,08,3,0,0,1,1,0,0,,0
"POINT (12.378993164000065 51.343516599000054)",Unfall 160852 (2017) Kat:3, Licht: 0,160852,3,5,1,06,18,3,0,0,1,1,0,0,,0
"POINT (12.273974789000022 51.309633276000056)",Unfall 160853 (2017) Kat:3, Licht: 0,160853,3,6,2,06,10,3,0,0,0,1,0,0,,0
"POINT (12.323789026000043 51.374583594000057)",Unfall 160854 (2017) Kat:2, Licht: 0,160854,2,4,6,06,06,3,0,0,0,1,1,0,,0
"POINT (12.378291245000071 51.342732048000073)",Unfall 160855 (2017) Kat:3, Licht: 0,160855,3,4,6,06,16,3,0,0,1,0,1,0,,0
"POINT (12.402427169000077 51.338954365000063)",Unfall 160871 (2017) Kat:3, Licht: 0,160871,3,2,2,06,18,2,0,0,0,1,0,0,,0
"POINT (12.396301009000069 51.339141768000047)",Unfall 160872 (2017) Kat:3, Licht: 0,160872,3,4,6,06,06,2,0,0,0,1,1,0,,0
"POINT (12.320694721000052 51.335801378000042)",Unfall 160873 (2017) Kat:3, Licht: 0,160873,3,4,6,06,11,2,0,0,0,1,0,0,,1
"POINT (12.406445842000039 51.339679565000040)",Unfall 160874 (2017) Kat:3, Licht: 0,160874,3,3,5,06,16,2,0,0,1,1,0,0,,0
"POINT (12.395157451000046 51.363610190000031)",Unfall 160875 (2017) Kat:2, Licht: 0,160875,2,4,6,06,16,2,0,0,0,0,1,1,,0
"POINT (12.386040603000026 51.367743321000034)",Unfall 160876 (2017) Kat:3, Licht: 0,160876,3,6,2,06,15,2,0,0,0,1,0,1,,0
"POINT (12.307199588000060 51.346502655000052)",Unfall 160891 (2017) Kat:3, Licht: 0,160891,3,2,3,06,18,1,0,0,1,1,0,0,,0
"POINT (12.262892492000049 51.344657785000038)",Unfall 160892 (2017) Kat:2, Licht: 0,160892,2,3,5,06,17,1,0,0,1,1,0,0,,0
"POINT (12.349139719000050 51.348655051000037)",Unfall 160901 (2017) Kat:3, Licht: 0,160901,3,3,5,06,09,7,0,0,0,1,0,0,,0
"POINT (12.389377214000035 51.299405998000054)",Unfall 160902 (2017) Kat:3, Licht: 0,160902,3,6,4,06,18,7,0,0,0,1,0,1,,0
"POINT (12.298081454000055 51.325086598000041)",Unfall 160903 (2017) Kat:2, Licht: 0,160903,2,4,6,06,10,7,0,0,0,0,1,0,,1
"POINT (12.452853260000040 51.305004598000039)",Unfall 160904 (2017) Kat:3, Licht: 0,160904,3,3,5,06,14,7,0,0,0,1,0,0,,0
"POINT (12.417342822000023 51.385298347000059)",Unfall 160905 (2017) Kat:3, Licht: 0,160905,3,4,6,06,15,7,0,0,0,1,1,0,,0
"POINT (12.418508531000043 51.357332018000079)",Unfall 160906 (2017) Kat:3, Licht: 0,160906,3,3,5,06,20,7,0,0,0,1,0,0,,0
"POINT (12.425937302000023 51.320672065000053)",Unfall 160924 (2017) Kat:3, Licht: 0,160924,3,3,5,06,08,6,0,0,0,1,0,1,,0
"POINT (12.462245575000054 51.366152460000080)",Unfall 160926 (2017) Kat:3, Licht: 0,160926,3,2,5,06,07,6,0,0,0,1,0,0,,0
"POINT (12.367495938000047 51.320740103000048)",Unfall 160945 (2017) Kat:3, Licht: 0,160945,3,7,3,06,06,5,0,0,1,1,0,0,,0
"POINT (12.407310432000031 51.345454973000074)",Unfall 160948 (2017) Kat:2, Licht: 0,160948,2,2,4,06,16,5,0,0,1,1,0,0,,0
"POINT (12.389461185000073 51.335872268000060)",Unfall 160971 (2017) Kat:3, Licht: 0,160971,3,2,2,06,12,4,0,0,0,1,0,0,,0
"POINT (12.370112395000035 51.343182050000053)",Unfall 160972 (2017) Kat:3, Licht: 0,160972,3,3,5,06,17,4,0,0,1,1,0,0,,0
"POINT (12.307207273000074 51.346507248000080)",Unfall 160974 (2017) Kat:3, Licht: 0,160974,3,3,5,06,17,4,0,0,0,1,0,0,,0
"POINT (12.356671709000068 51.364534569000057)",Unfall 160975 (2017) Kat:3, Licht: 0,160975,3,3,5,06,19,4,0,0,0,1,0,1,,0
"POINT (12.361809115000028 51.332571768000037)",Unfall 160978 (2017) Kat:3, Licht: 0,160978,3,3,5,06,11,4,0,0,1,1,0,0,,0
"POINT (12.390478402000042 51.329064866000067)",Unfall 160979 (2017) Kat:3, Licht: 0,160979,3,3,5,06,17,4,0,0,0,1,0,1,,0
"POINT (12.359718409000038 51.358331856000063)",Unfall 160980 (2017) Kat:3, Licht: 0,160980,3,3,5,06,18,4,0,0,1,1,0,0,,0
"POINT (12.355397802000027 51.348814549000053)",Unfall 160997 (2017) Kat:3, Licht: 0,160997,3,4,6,06,16,3,1,0,0,1,1,0,,0
"POINT (12.373149829000056 51.311726050000061)",Unfall 160998 (2017) Kat:3, Licht: 0,160998,3,6,2,06,16,3,1,0,0,1,0,0,,0
"POINT (12.296955788000048 51.313549987000044)",Unfall 160999 (2017) Kat:3, Licht: 0,160999,3,3,5,06,08,3,0,0,0,1,0,0,,1
"POINT (12.325698594000073 51.313181218000068)",Unfall 161000 (2017) Kat:3, Licht: 0,161000,3,7,0,06,17,3,0,0,1,0,0,0,,0
"POINT (12.493551758000024 51.349826974000052)",Unfall 161001 (2017) Kat:3, Licht: 0,161001,3,1,1,06,09,3,0,0,0,1,0,0,,1
"POINT (12.381689832000063 51.362359872000070)",Unfall 161002 (2017) Kat:3, Licht: 0,161002,3,2,3,06,07,3,0,0,1,0,0,0,,1
"POINT (12.385115446000043 51.365690646000076)",Unfall 161003 (2017) Kat:3, Licht: 2,161003,3,1,0,06,23,3,0,2,0,0,0,1,,0
"POINT (12.373321497000063 51.311654914000030)",Unfall 161004 (2017) Kat:3, Licht: 0,161004,3,2,3,06,13,3,0,0,1,1,0,0,,0
"POINT (12.372795919000055 51.350496846000055)",Unfall 161005 (2017) Kat:2, Licht: 0,161005,2,2,3,06,16,3,0,0,0,1,0,0,,1
"POINT (12.263154695000026 51.344626105000032)",Unfall 161007 (2017) Kat:3, Licht: 0,161007,3,1,0,06,09,3,0,0,1,0,0,0,,0
"POINT (12.393630629000029 51.285945395000056)",Unfall 161008 (2017) Kat:3, Licht: 0,161008,3,6,2,06,12,3,0,0,0,1,0,0,,0
"POINT (12.268135741000037 51.384983994000038)",Unfall 161027 (2017) Kat:3, Licht: 0,161027,3,2,2,06,14,2,0,0,1,1,0,0,,0
"POINT (12.318665504000023 51.345428981000055)",Unfall 161034 (2017) Kat:3, Licht: 0,161034,3,1,0,06,14,1,1,0,0,0,0,1,,0
"POINT (12.364460177000069 51.326831665000043)",Unfall 161044 (2017) Kat:3, Licht: 0,161044,3,5,1,06,18,7,1,0,0,1,0,0,,0
"POINT (12.407331220000060 51.345486500000050)",Unfall 161045 (2017) Kat:3, Licht: 0,161045,3,7,1,06,10,7,0,0,0,1,0,0,,1
"POINT (12.316518208000048 51.347937413000068)",Unfall 161046 (2017) Kat:3, Licht: 0,161046,3,1,0,06,13,7,0,0,1,0,0,0,,0
"POINT (12.407940296000049 51.335612947000072)",Unfall 161053 (2017) Kat:3, Licht: 0,161053,3,6,2,06,11,6,0,0,1,1,0,0,,0
"POINT (12.371031135000067 51.333686060000048)",Unfall 161054 (2017) Kat:3, Licht: 0,161054,3,7,3,06,17,6,0,0,1,1,0,0,,0
"POINT (12.366583498000068 51.329669768000031)",Unfall 161055 (2017) Kat:3, Licht: 0,161055,3,3,5,06,07,6,0,0,1,1,0,0,,0
"POINT (12.381327191000025 51.332775298000058)",Unfall 161056 (2017) Kat:3, Licht: 0,161056,3,6,4,06,13,6,1,0,1,1,0,0,,0
"POINT (12.380018639000070 51.359490917000073)",Unfall 161080 (2017) Kat:3, Licht: 0,161080,3,6,2,06,14,5,0,0,0,1,0,0,,0
"POINT (12.329195363000053 51.321526795000068)",Unfall 161081 (2017) Kat:3, Licht: 0,161081,3,3,5,06,15,5,0,0,0,1,0,0,,0
"POINT (12.326633671000025 51.323158091000039)",Unfall 161082 (2017) Kat:3, Licht: 0,161082,3,2,4,06,17,5,0,0,1,1,0,0,,0
"POINT (12.324873550000063 51.340882864000037)",Unfall 161083 (2017) Kat:3, Licht: 0,161083,3,3,5,06,10,5,0,0,0,1,0,0,,0
"POINT (12.374857719000033 51.335693356000036)",Unfall 161109 (2017) Kat:3, Licht: 0,161109,3,6,6,05,17,4,0,0,1,0,1,0,,0
"POINT (12.379595077000033 51.344469628000070)",Unfall 161110 (2017) Kat:3, Licht: 1,161110,3,6,2,05,20,4,0,1,0,1,0,0,,0
"POINT (12.405822567000030 51.345535550000079)",Unfall 161111 (2017) Kat:3, Licht: 0,161111,3,1,2,05,06,4,0,0,1,1,0,0,,0
"POINT (12.381926183000076 51.304465709000056)",Unfall 161112 (2017) Kat:3, Licht: 0,161112,3,4,6,05,18,4,0,0,1,0,1,0,,0
"POINT (12.365272051000034 51.323643575000062)",Unfall 161113 (2017) Kat:3, Licht: 0,161113,3,3,5,05,11,4,0,0,1,1,0,0,,0
"POINT (12.371285635000049 51.331585894000057)",Unfall 161114 (2017) Kat:3, Licht: 0,161114,3,6,3,05,12,4,0,0,1,1,0,0,,0
"POINT (12.384336275000067 51.394057154000052)",Unfall 161115 (2017) Kat:2, Licht: 0,161115,2,3,5,05,15,4,0,0,0,1,0,0,,0