WKT,Name,OBJECTID,UKATEGORIE,UTYP1,UART,UMONAT,USTUNDE,UWOCHENTAG,STRZUSTAND,ULICHTVERH,ISTRAD,ISTPKW,ISTFUSS,ISTKRAD,ISTGKFZ,ISTSONSTIG
"POINT (12.396491562000051 51.320848317000070)",Unfall 162421 (2017) Kat:3, Licht: 0,162421,3,5,1,08,15,2,0,0,1,1,0,0,,0
"POINT (12.286030894000021 51.322067114000049)",Unfall 162437 (2017) Kat:2, Licht: 2,162437,2,1,0,08,21,1,0,2,1,0,0,0,,0
"POINT (12.377231308000034 51.305202114000053)",Unfall 162438 (2017) Kat:2, Licht: 0,162438,2,4,6,08,20,1,0,0,1,0,1,0,,0
"POINT (12.374904402000027 51.359985798000082)",Unfall 162439 (2017) Kat:2, Licht: 1,162439,2,3,5,08,20,1,0,1,0,1,0,1,,0
"POINT (12.404309585000021 51.322146170000053)",Unfall 162440 (2017) Kat:3, Licht: 2,162440,3,3,5,08,23,1,1,2,0,1,0,0,,0
"POINT (12.327169913000034 51.329636576000041)",Unfall 162441 (2017) Kat:3, Licht: 0,162441,3,3,5,08,18,1,0,0,0,1,0,0,,0
"POINT (12.388309808000031 51.327679686000067)",Unfall 162460 (2017) Kat:3, Licht: 0,162460,3,5,5,08,11,6,0,0,1,1,0,0,,0
"POINT (12.373478151000029 51.351689313000065)",Unfall 162461 (2017) Kat:3, Licht: 2,162461,3,3,5,08,00,6,1,2,1,1,0,0,,0
"POINT (12.369998716000055 51.340080365000063)",Unfall 162462 (2017) Kat:3, Licht: 0,162462,3,4,6,08,11,6,0,0,1,0,1,0,,0
"POINT (12.340264431000037 51.337502552000046)",Unfall 162463 (2017) Kat:3, Licht: 0,162463,3,6,2,08,07,6,0,0,0,1,0,0,,0
"POINT (12.412475862000065 51.333690632000071)",Unfall 162464 (2017) Kat:3, Licht: 0,162464,3,4,6,08,15,6,0,0,0,1,1,0,,0
"POINT (12.373642705000066 51.333250431000067)",Unfall 162465 (2017) Kat:3, Licht: 0,162465,3,7,1,08,15,6,0,0,1,1,0,0,,0
"POINT (12.414426296000045 51.345093022000071)",Unfall 162466 (2017) Kat:2, Licht: 2,162466,2,3,5,08,21,6,0,2,0,1,0,0,,0
"POINT (12.382067398000061 51.332605873000034)",Unfall 162467 (2017) Kat:2, Licht: 0,162467,2,2,4,08,17,6,0,0,1,1,0,0,,0
"POINT (12.377047875000073 51.342999405000057)",Unfall 162468 (2017) Kat:3, Licht: 2,162468,3,6,4,08,19,6,1,2,1,1,0,0,,0
"POINT (12.386271111000042 51.295201497000050)",Unfall 162487 (2017) Kat:3, Licht: 0,162487,3,1,3,08,14,5,0,0,1,1,0,0,,0
"POINT (12.368833911000024 51.320895132000032)",Unfall 162488 (2017) Kat:3, Licht: 0,162488,3,2,3,08,11,5,0,0,1,0,0,0,,1
"POINT (12.361153639000065 51.373998192000045)",Unfall 162504 (2017) Kat:3, Licht: 0,162504,3,5,1,08,17,4,0,0,1,1,0,0,,0
"POINT (12.418069049000053 51.344899556000030)",Unfall 162505 (2017) Kat:3, Licht: 0,162505,3,4,6,08,10,4,1,0,0,0,1,1,,0
"POINT (12.357858311000030 51.363141000000041)",Unfall 162506 (2017) Kat:3, Licht: 0,162506,3,3,5,08,14,4,0,0,1,1,0,0,,0
"POINT (12.382872955000039 51.320475056000078)",Unfall 162507 (2017) Kat:3, Licht: 0,162507,3,2,5,08,18,4,0,0,0,1,0,0,,0
"POINT (12.420050910000043 51.379154063000044)",Unfall 162508 (2017) Kat:2, Licht: 0,162508,2,3,5,08,09,4,1,0,0,1,0,1,,0
"POINT (12.413937503000056 51.345846781000034)",Unfall 162529 (2017) Kat:3, Licht: 0,162529,3,3,5,09,13,4,0,0,1,1,0,0,,0
"POINT (12.331933266000021 51.340290094000068)",Unfall 162530 (2017) Kat:2, Licht: 0,162530,2,3,5,09,15,4,0,0,1,1,0,0,,0
"POINT (12.421422758000062 51.379249487000038)",Unfall 162543 (2017) Kat:3, Licht: 0,162543,3,3,5,09,09,3,0,0,0,1,0,0,,0
"POINT (12.326006285000062 51.373808439000072)",Unfall 162544 (2017) Kat:2, Licht: 0,162544,2,3,5,09,17,3,0,0,1,1,0,0,,0
"POINT (12.430815290000055 51.362814107000077)",Unfall 162545 (2017) Kat:3, Licht: 1,162545,3,3,5,09,06,3,0,1,1,1,0,0,,0
"POINT (12.420421437000073 51.319255837000071)",Unfall 162546 (2017) Kat:3, Licht: 0,162546,3,2,6,09,15,3,0,0,0,1,1,0,,0
"POINT (12.394750198000054 51.316796879000037)",Unfall 162567 (2017) Kat:3, Licht: 0,162567,3,3,6,09,06,2,0,0,0,1,1,0,,0
"POINT (12.336536763000026 51.328785506000031)",Unfall 162568 (2017) Kat:3, Licht: 0,162568,3,7,0,09,17,2,0,0,1,0,0,0,,0
"POINT (12.387268160000076 51.371339601000045)",Unfall 162570 (2017) Kat:3, Licht: 0,162570,3,3,5,09,07,2,0,0,0,1,0,1,,0
"POINT (12.364972192000039 51.406872774000078)",Unfall 162584 (2017) Kat:3, Licht: 0,162584,3,3,5,09,13,1,0,0,0,1,0,0,,0
"POINT (12.370869409000022 51.396073111000078)",Unfall 162585 (2017) Kat:2, Licht: 0,162585,2,1,6,09,14,1,0,0,0,1,1,0,,0
"POINT (12.413717124000073 51.320000511000046)",Unfall 162594 (2017) Kat:3, Licht: 1,162594,3,3,5,09,06,7,0,1,0,1,0,0,,0
"POINT (12.293925375000072 51.302381070000081)",Unfall 162603 (2017) Kat:3, Licht: 0,162603,3,3,5,09,16,6,0,0,0,1,0,0,,0
"POINT (12.385115446000043 51.365690646000076)",Unfall 162604 (2017) Kat:2, Licht: 2,162604,2,2,4,09,22,6,1,2,0,1,0,1,,0
"POINT (12.301193560000058 51.348219573000051)",Unfall 162605 (2017) Kat:3, Licht: 0,162605,3,7,4,09,10,6,0,0,0,1,0,0,,0
"POINT (12.371205362000069 51.346933660000047)",Unfall 162606 (2017) Kat:2, Licht: 0,162606,2,2,3,09,16,6,0,0,1,1,0,0,,0
"POINT (12.379956171000060 51.336188521000054)",Unfall 162607 (2017) Kat:1, Licht: 0,162607,1,1,8,09,12,6,0,0,0,0,0,1,,0
"POINT (12.383038421000037 51.342671171000063)",Unfall 162621 (2017) Kat:3, Licht: 0,162621,3,6,4,09,07,5,0,0,1,0,0,0,,0
"POINT (12.369317264000074 51.356509183000071)",Unfall 162622 (2017) Kat:3, Licht: 0,162622,3,5,0,09,15,5,0,0,1,1,0,0,,0
"POINT (12.412218757000062 51.343244095000045)",Unfall 162623 (2017) Kat:3, Licht: 0,162623,3,7,0,09,09,5,0,0,1,0,0,0,,0
"POINT (12.372386914000060 51.349627509000072)",Unfall 162624 (2017) Kat:3, Licht: 0,162624,3,3,5,09,08,5,1,0,1,1,0,0,,0
"POINT (12.370895244000053 51.292175115000077)",Unfall 162625 (2017) Kat:3, Licht: 0,162625,3,3,5,09,16,5,0,0,1,1,0,0,,0
"POINT (12.428934709000032 51.358692862000055)",Unfall 162626 (2017) Kat:3, Licht: 0,162626,3,3,0,09,07,5,0,0,0,1,0,0,,1
"POINT (12.360517385000037 51.358743718000028)",Unfall 162627 (2017) Kat:3, Licht: 1,162627,3,6,2,09,17,5,0,1,0,1,0,0,,0
"POINT (12.396121723000022 51.341088495000065)",Unfall 162628 (2017) Kat:2, Licht: 0,162628,2,3,5,09,08,5,1,0,1,1,0,0,,0
"POINT (12.371588773000042 51.354552433000038)",Unfall 162629 (2017) Kat:3, Licht: 0,162629,3,7,0,09,17,5,0,0,1,0,0,0,,0
"POINT (12.371267643000067 51.332589259000031)",Unfall 162630 (2017) Kat:3, Licht: 2,162630,3,2,6,09,05,5,0,2,0,1,1,0,,0
"POINT (12.284712875000025 51.312185133000071)",Unfall 162632 (2017) Kat:3, Licht: 0,162632,3,2,3,09,09,5,0,0,0,1,0,0,,1
"POINT (12.361771466000050 51.332604183000058)",Unfall 162646 (2017) Kat:3, Licht: 0,162646,3,7,0,09,13,4,1,0,1,0,0,0,,0
"POINT (12.356486711000059 51.346913928000049)",Unfall 162647 (2017) Kat:3, Licht: 0,162647,3,2,3,09,17,4,0,0,1,1,0,0,,0
"POINT (12.375050783000063 51.318661971000040)",Unfall 162648 (2017) Kat:3, Licht: 0,162648,3,3,5,09,09,4,0,0,0,1,0,1,,0
"POINT (12.398638635000054 51.358251837000068)",Unfall 162649 (2017) Kat:3, Licht: 0,162649,3,6,4,09,16,4,1,0,1,0,0,0,,0
"POINT (12.291082943000049 51.324038629000029)",Unfall 162650 (2017) Kat:3, Licht: 0,162650,3,2,2,09,15,4,1,0,0,1,0,0,,0
"POINT (12.404495392000058 51.338244547000045)",Unfall 162651 (2017) Kat:3, Licht: 0,162651,3,4,6,09,09,4,0,0,0,0,1,0,,1
"POINT (12.411292653000032 51.342064446000052)",Unfall 162652 (2017) Kat:3, Licht: 0,162652,3,2,4,09,11,4,0,0,1,1,0,0,,0
"POINT (12.408220107000034 51.345407941000076)",Unfall 162671 (2017) Kat:3, Licht: 0,162671,3,5,3,09,08,3,0,0,1,1,0,0,,0
"POINT (12.413230792000036 51.323253615000056)",Unfall 162672 (2017) Kat:3, Licht: 0,162672,3,3,5,09,15,3,0,0,1,0,0,0,,0
"POINT (12.318563004000055 51.375689424000029)",Unfall 162673 (2017) Kat:3, Licht: 0,162673,3,5,2,09,09,3,0,0,1,0,0,0,,1
"POINT (12.463206303000050 51.333890582000038)",Unfall 162674 (2017) Kat:3, Licht: 2,162674,3,2,2,09,05,3,0,2,0,1,0,1,,0
"POINT (12.367116857000042 51.387834578000081)",Unfall 162675 (2017) Kat:3, Licht: 0,162675,3,5,3,09,16,3,0,0,1,1,0,0,,0
"POINT (12.383923745000061 51.336203350000062)",Unfall 162676 (2017) Kat:3, Licht: 0,162676,3,5,1,09,11,3,0,0,1,1,0,0,,0
"POINT (12.399441259000071 51.376404133000051)",Unfall 162678 (2017) Kat:3, Licht: 0,162678,3,3,5,09,17,3,0,0,0,1,0,1,,0
"POINT (12.376971167000022 51.344800050000060)",Unfall 162692 (2017) Kat:3, Licht: 0,162692,3,6,2,09,14,2,0,0,0,1,0,0,,1
"POINT (12.366079957000068 51.362409546000038)",Unfall 162693 (2017) Kat:3, Licht: 0,162693,3,7,0,09,17,2,0,0,0,0,1,0,,1
"POINT (12.393238253000050 51.336942847000046)",Unfall 162713 (2017) Kat:3, Licht: 2,162713,3,3,5,09,19,1,0,2,1,1,0,0,,0
"POINT (12.335448127000063 51.392789849000053)",Unfall 162714 (2017) Kat:3, Licht: 0,162714,3,6,3,09,14,1,0,0,1,1,0,0,,0
"POINT (12.377705070000047 51.396301445000063)",Unfall 162715 (2017) Kat:3, Licht: 0,162715,3,3,5,09,19,1,0,0,0,1,0,0,,0
"POINT (12.382627542000023 51.340353996000033)",Unfall 162719 (2017) Kat:3, Licht: 0,162719,3,4,6,09,11,7,0,0,0,0,1,0,,1
"POINT (12.369162947000063 51.356678390000070)",Unfall 162729 (2017) Kat:3, Licht: 2,162729,3,6,2,09,05,6,0,2,0,1,0,0,,0
"POINT (12.389388336000025 51.335831761000065)",Unfall 162730 (2017) Kat:3, Licht: 0,162730,3,3,5,09,14,6,0,0,1,1,0,0,,0
"POINT (12.369360198000038 51.344177052000077)",Unfall 162731 (2017) Kat:3, Licht: 1,162731,3,3,5,09,05,6,0,1,1,1,0,0,,0
"POINT (12.263130186000069 51.344628949000025)",Unfall 162732 (2017) Kat:3, Licht: 0,162732,3,3,5,09,11,6,0,0,1,1,0,0,,0
"POINT (12.375142241000049 51.322041148000039)",Unfall 162733 (2017) Kat:3, Licht: 0,162733,3,7,6,09,09,6,0,0,0,1,1,0,,0
"POINT (12.376485829000046 51.348377329000073)",Unfall 162734 (2017) Kat:3, Licht: 0,162734,3,3,5,09,14,6,0,0,1,1,0,0,,0
"POINT (12.361608943000022 51.363343624000038)",Unfall 162736 (2017) Kat:3, Licht: 0,162736,3,2,2,09,09,6,0,0,0,1,0,0,,0
"POINT (12.428779355000074 51.295143229000075)",Unfall 162737 (2017) Kat:3, Licht: 0,162737,3,2,6,09,08,6,0,0,0,1,1,0,,0
"POINT (12.380660862000070 51.330745623000041)",Unfall 162751 (2017) Kat:3, Licht: 0,162751,3,2,3,08,08,5,0,0,0,1,0,0,,1
"POINT (12.402077294000037 51.321653712000057)",Unfall 162752 (2017) Kat:2, Licht: 0,162752,2,3,5,08,08,5,0,0,1,1,0,0,,0
"POINT (12.363444287000050 51.329260888000078)",Unfall 162753 (2017) Kat:3, Licht: 0,162753,3,6,2,08,07,5,0,0,0,1,0,0,,1
"POINT (12.413191113000039 51.323516361000031)",Unfall 162754 (2017) Kat:3, Licht: 0,162754,3,6,3,08,17,5,1,0,1,0,0,1,,0
"POINT (12.409933431000070 51.325343927000063)",Unfall 162755 (2017) Kat:2, Licht: 2,162755,2,4,6,08,01,5,0,2,0,1,1,0,,0
"POINT (12.326229084000033 51.321702142000049)",Unfall 162756 (2017) Kat:3, Licht: 0,162756,3,3,5,08,11,5,1,0,0,1,0,0,,0
"POINT (12.392733673000066 51.337162746000047)",Unfall 162757 (2017) Kat:3, Licht: 0,162757,3,5,1,08,07,5,0,0,1,1,0,0,,0
"POINT (12.365458338000053 51.336718865000080)",Unfall 162758 (2017) Kat:3, Licht: 0,162758,3,3,5,08,09,5,0,0,1,1,0,0,,0
"POINT (12.331918917000053 51.340304869000079)",Unfall 162777 (2017) Kat:3, Licht: 0,162777,3,3,5,08,14,4,0,0,1,1,0,0,,0
"POINT (12.361326862000055 51.343844224000065)",Unfall 162778 (2017) Kat:3, Licht: 0,162778,3,3,1,08,08,4,0,0,1,1,0,0,,0
"POINT (12.333158737000076 51.392444903000069)",Unfall 162779 (2017) Kat:3, Licht: 0,162779,3,3,0,08,18,4,0,0,1,0,0,0,,1
"POINT (12.453161218000048 51.346519441000055)",Unfall 162780 (2017) Kat:3, Licht: 0,162780,3,3,5,08,08,4,0,0,1,1,0,0,,0
"POINT (12.396415726000043 51.301188918000037)",Unfall 162781 (2017) Kat:2, Licht: 0,162781,2,2,4,08,13,4,0,0,0,1,0,0,,1
"POINT (12.367548295000063 51.341223866000064)",Unfall 162783 (2017) Kat:3, Licht: 0,162783,3,6,5,08,19,4,0,0,1,1,0,0,,0
"POINT (12.376229796000075 51.337705845000073)",Unfall 162808 (2017) Kat:3, Licht: 0,162808,3,5,1,09,13,5,0,0,1,1,0,0,,0
"POINT (12.433079418000034 51.339984055000059)",Unfall 162819 (2017) Kat:3, Licht: 1,162819,3,3,5,09,07,5,0,1,0,1,0,0,,0
"POINT (12.430172976000051 51.377557412000044)",Unfall 162820 (2017) Kat:2, Licht: 1,162820,2,4,6,09,06,5,1,1,0,1,1,0,,0
"POINT (12.406433840000034 51.338099358000079)",Unfall 162821 (2017) Kat:3, Licht: 0,162821,3,7,3,09,18,5,0,0,0,1,0,0,,1
"POINT (12.394069066000043 51.344203366000045)",Unfall 162834 (2017) Kat:3, Licht: 0,162834,3,3,5,09,09,4,0,0,0,1,0,0,,1
"POINT (12.361972039000023 51.364788440000041)",Unfall 162835 (2017) Kat:3, Licht: 1,162835,3,4,6,09,19,4,0,1,0,1,1,0,,0
"POINT (12.398778081000046 51.373170296000069)",Unfall 162837 (2017) Kat:2, Licht: 0,162837,2,6,4,09,07,4,0,0,0,1,0,1,,0
"POINT (12.375114720000056 51.359727749000058)",Unfall 162838 (2017) Kat:2, Licht: 0,162838,2,2,6,09,14,4,0,0,0,1,1,0,,1
"POINT (12.370841987000063 51.336349675000065)",Unfall 162849 (2017) Kat:3, Licht: 1,162849,3,2,5,09,19,3,0,1,1,1,0,0,,0
"POINT (12.394353245000048 51.368557371000065)",Unfall 162850 (2017) Kat:2, Licht: 0,162850,2,2,5,09,17,3,0,0,1,0,0,0,,1
"POINT (12.374413688000061 51.335524581000072)",Unfall 162851 (2017) Kat:3, Licht: 0,162851,3,6,2,09,09,3,0,0,1,1,0,1,,0
"POINT (12.492326274000050 51.345593960000031)",Unfall 162863 (2017) Kat:3, Licht: 0,162863,3,3,5,09,07,2,1,0,1,1,0,0,,0
"POINT (12.368036945000028 51.326160677000075)",Unfall 162864 (2017) Kat:3, Licht: 0,162864,3,2,4,09,17,2,0,0,0,1,0,0,,0
"POINT (12.418069048000064 51.343902641000057)",Unfall 162865 (2017) Kat:3, Licht: 0,162865,3,1,9,09,09,2,1,0,0,1,0,0,,0
"POINT (12.366721789000053 51.325193629000069)",Unfall 162866 (2017) Kat:3, Licht: 0,162866,3,2,2,09,18,2,0,0,0,1,0,0,,0
"POINT (12.360115126000039 51.363908774000038)",Unfall 162880 (2017) Kat:3, Licht: 0,162880,3,7,6,09,13,1,1,0,0,1,1,0,,0
"POINT (12.360571520000065 51.331931259000044)",Unfall 162882 (2017) Kat:3, Licht: 2,162882,3,7,0,09,00,1,1,2,1,0,0,0,,0
"POINT (12.411058771000057 51.341992659000027)",Unfall 162883 (2017) Kat:3, Licht: 2,162883,3,1,0,09,02,1,1,2,1,0,0,0,,0
"POINT (12.407331386000067 51.345474429000035)",Unfall 162884 (2017) Kat:3, Licht: 2,162884,3,3,5,09,20,1,0,2,0,1,0,0,,0
"POINT (12.362675864000039 51.338964267000051)",Unfall 162885 (2017) Kat:3, Licht: 0,162885,3,2,2,09,10,1,0,0,0,1,0,0,,0
"POINT (12.353155962000073 51.353035461000047)",Unfall 162892 (2017) Kat:3, Licht: 2,162892,3,1,4,09,23,7,1,2,0,1,0,0,,0
"POINT (12.382022922000033 51.330053291000070)",Unfall 162894 (2017) Kat:3, Licht: 2,162894,3,7,6,09,01,7,0,2,0,1,1,0,,0
"POINT (12.372976536000067 51.301372692000029)",Unfall 162895 (2017) Kat:3, Licht: 0,162895,3,3,5,09,09,7,0,0,1,1,0,0,,0
"POINT (12.375732003000053 51.322032714000045)",Unfall 162908 (2017) Kat:3, Licht: 0,162908,3,1,9,09,18,6,0,0,1,1,0,0,,0
"POINT (12.384894447000022 51.358806940000079)",Unfall 162909 (2017) Kat:3, Licht: 0,162909,3,7,6,09,07,6,0,0,0,1,1,0,,0
"POINT (12.365464843000041 51.362567593000051)",Unfall 162910 (2017) Kat:3, Licht: 1,162910,3,2,5,09,18,6,0,1,1,1,0,0,,0
"POINT (12.396414624000045 51.299878487000058)",Unfall 162911 (2017) Kat:3, Licht: 2,162911,3,3,5,09,21,6,0,2,1,1,0,0,,0
"POINT (12.335529267000027 51.321720093000067)",Unfall 162933 (2017) Kat:3, Licht: 0,162933,3,3,5,09,11,5,0,0,1,1,0,0,,0
"POINT (12.392933371000026 51.400250982000045)",Unfall 162934 (2017) Kat:3, Licht: 1,162934,3,2,4,09,19,5,0,1,0,1,0,0,,0
"POINT (12.319011449000072 51.390156773000058)",Unfall 162935 (2017) Kat:3, Licht: 1,162935,3,1,2,09,18,5,0,1,1,0,0,0,,1
"POINT (12.380460736000032 51.396946148000040)",Unfall 162936 (2017) Kat:3, Licht: 0,162936,3,3,5,09,06,5,0,0,0,1,0,0,,0
"POINT (12.397483297000065 51.305454702000077)",Unfall 162937 (2017) Kat:2, Licht: 0,162937,2,6,4,09,14,5,0,0,1,1,0,0,,0
"POINT (12.343283188000044 51.324554068000054)",Unfall 162938 (2017) Kat:3, Licht: 0,162938,3,4,6,09,14,5,0,0,0,1,1,0,,0
"POINT (12.385384066000029 51.343540623000081)",Unfall 162952 (2017) Kat:3, Licht: 0,162952,3,3,5,09,07,4,1,0,1,1,0,0,,0
"POINT (12.391861862000042 51.347957629000064)",Unfall 162953 (2017) Kat:3, Licht: 0,162953,3,6,3,09,08,4,1,0,1,0,0,0,,0
"POINT (12.268044940000038 51.344843425000079)",Unfall 162954 (2017) Kat:3, Licht: 0,162954,3,2,5,09,16,4,0,0,1,1,0,0,,0
"POINT (12.376418953000041 51.391592179000043)",Unfall 162956 (2017) Kat:3, Licht: 0,162956,3,2,2,09,17,4,0,0,0,1,0,0,,0
"POINT (12.329935868000064 51.299199189000035)",Unfall 162957 (2017) Kat:3, Licht: 0,162957,3,3,5,09,17,4,0,0,1,1,0,0,,0
"POINT (12.379802192000056 51.330341145000034)",Unfall 162973 (2017) Kat:3, Licht: 2,162973,3,6,3,09,05,3,0,2,1,0,0,0,,0
"POINT (12.347382070000037 51.350561105000054)",Unfall 162974 (2017) Kat:3, Licht: 0,162974,3,6,2,09,13,3,0,0,0,1,0,0,,0
"POINT (12.335812974000021 51.327635738000026)",Unfall 162975 (2017) Kat:3, Licht: 0,162975,3,3,5,09,18,3,0,0,0,1,0,0,,0
"POINT (12.344248105000077 51.367035892000047)",Unfall 162976 (2017) Kat:3, Licht: 2,162976,3,5,1,09,22,3,0,2,1,1,0,0,,0
"POINT (12.341070174000038 51.318448705000037)",Unfall 162977 (2017) Kat:3, Licht: 0,162977,3,6,2,09,18,3,0,0,0,1,1,1,,0
"POINT (12.369206418000033 51.320761321000077)",Unfall 162978 (2017) Kat:3, Licht: 0,162978,3,4,6,09,13,3,0,0,0,0,1,0,,1
"POINT (12.291963312000064 51.321342258000072)",Unfall 162979 (2017) Kat:3, Licht: 0,162979,3,6,3,09,12,3,0,0,0,0,0,1,,1
"POINT (12.476326026000038 51.345196495000039)",Unfall 162980 (2017) Kat:2, Licht: 0,162980,2,3,5,09,16,3,0,0,0,1,0,1,,0
"POINT (12.400608325000064 51.323978797000052)",Unfall 162981 (2017) Kat:3, Licht: 0,162981,3,3,5,09,08,3,0,0,1,1,0,0,,0
"POINT (12.479194317000065 51.345780998000066)",Unfall 162982 (2017) Kat:3, Licht: 0,162982,3,2,5,09,09,3,0,0,1,1,0,0,,0
"POINT (12.407458288000043 51.345447217000071)",Unfall 162997 (2017) Kat:3, Licht: 0,162997,3,4,6,09,06,2,0,0,0,0,1,0,,1
"POINT (12.473494843000026 51.346595966000052)",Unfall 162999 (2017) Kat:2, Licht: 0,162999,2,3,5,09,09,2,0,0,1,1,0,0,,0
"POINT (12.382690257000036 51.340641554000058)",Unfall 163000 (2017) Kat:3, Licht: 0,163000,3,4,6,09,14,2,0,0,1,0,1,0,,0
"POINT (12.479263455000023 51.347679205000077)",Unfall 163001 (2017) Kat:3, Licht: 0,163001,3,6,2,09,16,2,0,0,0,1,0,0,,0
"POINT (12.374106351000023 51.303305481000052)",Unfall 163002 (2017) Kat:3, Licht: 0,163002,3,2,3,09,17,2,0,0,1,0,0,0,,1
"POINT (12.428815686000064 51.297988843000041)",Unfall 163003 (2017) Kat:3, Licht: 0,163003,3,4,6,09,09,2,0,0,0,1,1,0,,0
"POINT (12.432554938000067 51.379567809000037)",Unfall 163004 (2017) Kat:3, Licht: 0,163004,3,3,5,09,17,2,0,0,1,1,0,0,,0
"POINT (12.396871946000033 51.376591838000081)",Unfall 163016 (2017) Kat:3, Licht: 1,163016,3,1,8,09,19,1,1,1,0,1,0,0,,0
"POINT (12.403881492000039 51.321753996000041)",Unfall 163017 (2017) Kat:3, Licht: 0,163017,3,6,3,09,14,1,0,0,0,1,0,0,,0
"POINT (12.272811987000068 51.324658367000040)",Unfall 163018 (2017) Kat:2, Licht: 0,163018,2,3,5,09,09,1,0,0,0,1,0,0,,0
"POINT (12.318608383000026 51.331498949000036)",Unfall 163019 (2017) Kat:3, Licht: 2,163019,3,3,5,09,02,1,0,2,0,1,0,0,,0
"POINT (12.325447420000046 51.340437252000072)",Unfall 163027 (2017) Kat:2, Licht: 1,163027,2,3,5,09,19,7,0,1,0,1,0,0,,0
"POINT (12.368835557000068 51.320895057000030)",Unfall 163028 (2017) Kat:3, Licht: 1,163028,3,2,2,09,21,7,0,1,1,0,0,0,,0
"POINT (12.457856629000048 51.345617253000057)",Unfall 163030 (2017) Kat:3, Licht: 0,163030,3,6,2,09,07,7,0,0,0,0,0,0,,1
"POINT (12.388684985000054 51.335288211000034)",Unfall 163040 (2017) Kat:3, Licht: 0,163040,3,3,5,09,07,6,0,0,1,1,0,0,,0
"POINT (12.349841956000034 51.329099734000067)",Unfall 163041 (2017) Kat:3, Licht: 0,163041,3,5,1,09,13,6,0,0,1,1,0,0,,0
"POINT (12.348059340000077 51.328771168000060)",Unfall 163042 (2017) Kat:3, Licht: 0,163042,3,6,2,09,10,6,0,0,1,1,0,0,,0
"POINT (12.465231130000063 51.345856143000049)",Unfall 163043 (2017) Kat:2, Licht: 0,163043,2,1,9,09,14,6,0,0,0,1,0,0,,0
"POINT (12.469584525000073 51.284017777000031)",Unfall 163044 (2017) Kat:3, Licht: 0,163044,3,7,0,09,08,6,0,0,1,1,0,0,,0
"POINT (12.384311001000071 51.300519218000034)",Unfall 163045 (2017) Kat:2, Licht: 0,163045,2,3,5,09,11,6,0,0,1,1,0,0,,0
"POINT (12.420414838000056 51.319255051000027)",Unfall 163046 (2017) Kat:2, Licht: 0,163046,2,2,3,09,15,6,0,0,0,0,0,1,,0
"POINT (12.371608131000073 51.320775372000071)",Unfall 163047 (2017) Kat:3, Licht: 0,163047,3,2,3,09,17,6,0,0,1,1,0,0,,0
"POINT (12.374656525000034 51.341155143000037)",Unfall 163048 (2017) Kat:2, Licht: 1,163048,2,4,0,09,20,6,0,1,1,0,1,0,,0
"POINT (12.362654225000028 51.344031477000044)",Unfall 163063 (2017) Kat:3, Licht: 0,163063,3,6,2,09,15,5,1,0,0,1,0,0,,0
"POINT (12.369234244000040 51.356599463000066)",Unfall 163064 (2017) Kat:3, Licht: 0,163064,3,3,5,09,08,5,1,0,1,1,0,0,,0
"POINT (12.389612940000063 51.321738346000075)",Unfall 163065 (2017) Kat:3, Licht: 0,163065,3,2,4,09,11,5,0,0,0,1,0,0,,0
"POINT (12.368245965000028 51.329996748000042)",Unfall 163066 (2017) Kat:3, Licht: 0,163066,3,4,6,09,18,5,1,0,1,0,1,0,,0
"POINT (12.376946968000027 51.344844383000066)",Unfall 163067 (2017) Kat:2, Licht: 2,163067,2,3,5,09,22,5,1,2,1,1,0,0,,0
"POINT (12.374801799000068 51.393045882000081)",Unfall 163068 (2017) Kat:3, Licht: 0,163068,3,6,2,09,14,5,1,0,0,1,0,0,,0
"POINT (12.339386162000039 51.334502569000051)",Unfall 163069 (2017) Kat:3, Licht: 0,163069,3,6,1,09,14,5,0,0,0,1,0,0,,0
"POINT (12.350506161000055 51.332631103000040)",Unfall 163070 (2017) Kat:3, Licht: 0,163070,3,6,2,09,16,5,1,0,0,1,0,0,,0
"POINT (12.315447890000030 51.346922803000041)",Unfall 163071 (2017) Kat:2, Licht: 0,163071,2,5,1,09,11,5,0,0,1,1,0,0,,0
"POINT (12.385625679000043 51.374383534000060)",Unfall 163072 (2017) Kat:3, Licht: 0,163072,3,6,2,09,15,5,0,0,0,1,0,0,,0
"POINT (12.365945524000040 51.364478600000041)",Unfall 163089 (2017) Kat:3, Licht: 1,163089,3,2,5,10,17,3,0,1,1,1,0,0,,0
"POINT (12.338807814000063 51.332409165000058)",Unfall 163090 (2017) Kat:3, Licht: 0,163090,3,6,2,10,15,3,0,0,1,1,0,0,,0
"POINT (12.372852270000067 51.399940322000077)",Unfall 163091 (2017) Kat:2, Licht: 0,163091,2,3,5,10,13,3,0,0,1,1,0,0,,0
"POINT (12.368526058000043 51.334803893000071)",Unfall 163097 (2017) Kat:3, Licht: 0,163097,3,3,5,10,16,3,0,0,1,1,0,0,,0
"POINT (12.443183211000076 51.336693747000027)",Unfall 163098 (2017) Kat:2, Licht: 0,163098,2,6,2,10,14,3,0,0,0,1,0,1,,0
"POINT (12.385465082000053 51.376081862000035)",Unfall 163099 (2017) Kat:3, Licht: 0,163099,3,6,3,10,07,3,0,0,1,0,0,0,,0