WKT,Name,OBJECTID,UKATEGORIE,UTYP1,UART,UMONAT,USTUNDE,UWOCHENTAG,STRZUSTAND,ULICHTVERH,ISTRAD,ISTPKW,ISTFUSS,ISTKRAD,ISTGKFZ,ISTSONSTIG
"POINT (12.379764393000073 51.342250737000029)",Unfall 163109 (2017) Kat:3, Licht: 0,163109,3,7,0,10,11,2,0,0,1,0,0,0,,0
"POINT (12.369880850000072 51.355937054000037)",Unfall 163110 (2017) Kat:3, Licht: 0,163110,3,5,1,10,12,2,0,0,1,0,0,0,,1
"POINT (12.316235136000046 51.349605716000042)",Unfall 163111 (2017) Kat:3, Licht: 0,163111,3,3,5,10,12,2,0,0,0,1,0,0,,0
"POINT (12.361790860000042 51.332513275000053)",Unfall 163112 (2017) Kat:3, Licht: 0,163112,3,3,5,10,10,2,0,0,1,1,0,0,,0
"POINT (12.373192219000032 51.347516658000075)",Unfall 163113 (2017) Kat:3, Licht: 0,163113,3,2,4,10,08,2,0,0,1,1,0,0,,0
"POINT (12.412715677000051 51.342026606000047)",Unfall 163115 (2017) Kat:3, Licht: 0,163115,3,6,6,10,16,2,0,0,0,1,1,0,,0
"POINT (12.310270946000060 51.251269828000034)",Unfall 163132 (2017) Kat:3, Licht: 1,163132,3,4,6,10,17,1,0,1,1,0,1,0,,0
"POINT (12.386960507000026 51.289699047000056)",Unfall 163133 (2017) Kat:2, Licht: 0,163133,2,1,0,10,14,1,0,0,1,0,0,0,,0
"POINT (12.315365355000040 51.379948342000034)",Unfall 163134 (2017) Kat:3, Licht: 0,163134,3,3,5,10,13,1,0,0,0,1,0,0,,0
"POINT (12.327154219000022 51.329632409000055)",Unfall 163150 (2017) Kat:3, Licht: 0,163150,3,2,5,10,16,7,0,0,1,1,0,0,,0
"POINT (12.386756928000068 51.331523934000074)",Unfall 163159 (2017) Kat:3, Licht: 0,163159,3,5,1,10,16,6,0,0,1,1,0,0,,0
"POINT (12.294533897000065 51.354262607000067)",Unfall 163160 (2017) Kat:3, Licht: 2,163160,3,1,1,10,20,6,0,2,1,1,0,0,,0
"POINT (12.373691428000029 51.332447123000065)",Unfall 163161 (2017) Kat:3, Licht: 0,163161,3,1,8,10,13,6,0,0,1,0,0,0,,0
"POINT (12.341315038000062 51.370863071000031)",Unfall 163162 (2017) Kat:3, Licht: 2,163162,3,3,5,10,18,6,0,2,1,1,0,0,,0
"POINT (12.416083211000057 51.346058812000081)",Unfall 163178 (2017) Kat:3, Licht: 0,163178,3,6,2,10,14,5,0,0,0,1,0,0,,0
"POINT (12.408129338000037 51.342639274000078)",Unfall 163179 (2017) Kat:3, Licht: 0,163179,3,7,6,10,15,5,0,0,0,1,1,0,,0
"POINT (12.396321533000048 51.310228559000052)",Unfall 163180 (2017) Kat:3, Licht: 2,163180,3,3,5,10,21,5,0,2,0,1,0,0,,0
"POINT (12.382690868000054 51.340645279000057)",Unfall 163181 (2017) Kat:2, Licht: 0,163181,2,3,5,10,12,5,0,0,1,0,0,0,,1
"POINT (12.356962941000063 51.336131950000038)",Unfall 163193 (2017) Kat:2, Licht: 0,163193,2,2,3,10,12,4,0,0,1,1,0,0,,0
"POINT (12.313679949000061 51.376404595000054)",Unfall 163194 (2017) Kat:3, Licht: 0,163194,3,6,2,10,09,4,1,0,0,1,0,0,,1
"POINT (12.338570202000028 51.396471060000067)",Unfall 163196 (2017) Kat:3, Licht: 0,163196,3,2,4,10,11,4,0,0,0,1,0,0,,0
"POINT (12.388157130000025 51.338176406000059)",Unfall 163213 (2017) Kat:3, Licht: 0,163213,3,6,1,10,16,3,1,0,0,1,0,0,,1
"POINT (12.409024239000075 51.344519746000060)",Unfall 163214 (2017) Kat:3, Licht: 0,163214,3,3,5,10,16,3,1,0,0,1,0,0,,0
"POINT (12.400810782000065 51.311599677000061)",Unfall 163215 (2017) Kat:3, Licht: 0,163215,3,3,5,10,15,3,1,0,1,1,0,0,,0
"POINT (12.373413199000026 51.363090622000072)",Unfall 163216 (2017) Kat:3, Licht: 0,163216,3,3,5,10,09,3,1,0,1,1,0,0,,0
"POINT (12.368538596000064 51.340602218000072)",Unfall 163217 (2017) Kat:3, Licht: 2,163217,3,5,3,10,23,3,1,2,1,1,0,0,,0
"POINT (12.376418953000041 51.391592179000043)",Unfall 163218 (2017) Kat:3, Licht: 2,163218,3,3,5,10,06,3,1,2,0,1,0,0,,0
"POINT (12.363477896000063 51.362854311000035)",Unfall 163219 (2017) Kat:2, Licht: 0,163219,2,3,5,10,15,3,1,0,1,1,0,0,,0
"POINT (12.378215390000037 51.358430562000080)",Unfall 163220 (2017) Kat:3, Licht: 0,163220,3,2,3,10,08,3,0,0,1,1,0,0,,0
"POINT (12.324560204000022 51.374313696000058)",Unfall 163228 (2017) Kat:3, Licht: 2,163228,3,1,0,10,21,2,1,2,0,1,1,0,,0
"POINT (12.349908721000077 51.366045716000031)",Unfall 163229 (2017) Kat:3, Licht: 0,163229,3,3,5,10,16,2,0,0,0,1,0,1,,0
"POINT (12.400584294000055 51.336224685000047)",Unfall 163244 (2017) Kat:3, Licht: 0,163244,3,3,5,10,13,1,1,0,1,1,0,0,,0
"POINT (12.353274745000022 51.330060986000035)",Unfall 163245 (2017) Kat:3, Licht: 0,163245,3,6,6,10,17,1,1,0,1,0,1,0,,0
"POINT (12.388050125000063 51.338171727000031)",Unfall 163256 (2017) Kat:3, Licht: 2,163256,3,2,4,10,19,6,0,2,1,1,0,0,,0
"POINT (12.324250664000033 51.333556198000053)",Unfall 163257 (2017) Kat:3, Licht: 0,163257,3,4,6,10,12,6,0,0,0,1,1,0,,0
"POINT (12.350675831000046 51.364574662000052)",Unfall 163258 (2017) Kat:2, Licht: 2,163258,2,4,6,10,19,6,1,2,0,1,1,0,,0
"POINT (12.377855109000052 51.337524083000062)",Unfall 163259 (2017) Kat:3, Licht: 0,163259,3,2,3,10,17,6,1,0,1,1,0,0,,0
"POINT (12.370531563000043 51.335061430000053)",Unfall 163260 (2017) Kat:2, Licht: 0,163260,2,1,9,10,09,6,0,0,0,1,1,0,,1
"POINT (12.413109776000056 51.341183221000051)",Unfall 163261 (2017) Kat:3, Licht: 0,163261,3,7,6,10,12,6,0,0,0,1,0,0,,1
"POINT (12.356967062000024 51.336128172000031)",Unfall 163273 (2017) Kat:3, Licht: 0,163273,3,3,5,10,11,5,1,0,0,1,0,0,,1
"POINT (12.358009315000061 51.344113699000047)",Unfall 163274 (2017) Kat:3, Licht: 2,163274,3,3,5,10,20,5,0,2,0,1,0,1,,0
"POINT (12.370247283000026 51.306530339000062)",Unfall 163275 (2017) Kat:3, Licht: 0,163275,3,7,6,10,12,5,0,0,0,1,1,0,,0
"POINT (12.379084838000040 51.387445683000067)",Unfall 163276 (2017) Kat:3, Licht: 0,163276,3,3,5,10,16,5,1,0,0,1,0,0,,1
"POINT (12.411328649000041 51.373699581000039)",Unfall 163277 (2017) Kat:3, Licht: 0,163277,3,6,6,10,15,5,1,0,0,1,0,0,,1
"POINT (12.333961246000058 51.319328881000047)",Unfall 163278 (2017) Kat:2, Licht: 0,163278,2,6,1,10,16,5,1,0,1,1,0,0,,0
"POINT (12.390437131000056 51.346960797000065)",Unfall 163290 (2017) Kat:3, Licht: 0,163290,3,2,3,10,11,4,0,0,1,1,0,0,,0
"POINT (12.368105575000072 51.358037770000067)",Unfall 163291 (2017) Kat:3, Licht: 1,163291,3,3,5,10,07,4,0,1,1,1,0,0,,0
"POINT (12.399305231000028 51.376417966000076)",Unfall 163292 (2017) Kat:2, Licht: 1,163292,2,3,5,10,06,4,0,1,1,1,0,0,,0
"POINT (12.385910005000028 51.346531458000072)",Unfall 163301 (2017) Kat:3, Licht: 0,163301,3,3,5,10,10,3,1,0,1,1,0,0,,0
"POINT (12.370686062000061 51.361254312000028)",Unfall 163302 (2017) Kat:2, Licht: 2,163302,2,4,6,10,23,3,1,2,0,1,1,0,,0
"POINT (12.365446289000033 51.362459379000029)",Unfall 163312 (2017) Kat:3, Licht: 0,163312,3,3,5,10,16,2,1,0,0,1,0,0,,0
"POINT (12.479380422000077 51.350603894000074)",Unfall 163313 (2017) Kat:3, Licht: 0,163313,3,3,5,10,19,2,1,0,0,1,0,0,,0
"POINT (12.437792671000068 51.327519295000059)",Unfall 163314 (2017) Kat:3, Licht: 0,163314,3,2,4,10,13,2,1,0,0,1,0,0,,0
"POINT (12.369279057000028 51.341668594000055)",Unfall 163315 (2017) Kat:3, Licht: 1,163315,3,3,5,10,18,2,1,1,1,1,0,0,,0
"POINT (12.381558028000029 51.336673161000078)",Unfall 163316 (2017) Kat:3, Licht: 0,163316,3,3,5,10,14,2,1,0,1,1,0,0,,0
"POINT (12.383601335000037 51.364194239000028)",Unfall 163317 (2017) Kat:3, Licht: 0,163317,3,6,2,10,15,2,1,0,0,1,0,0,,0
"POINT (12.313015451000069 51.329727789000060)",Unfall 163332 (2017) Kat:3, Licht: 0,163332,3,7,5,10,15,1,0,0,0,1,0,0,,0
"POINT (12.430139515000064 51.344045599000026)",Unfall 163342 (2017) Kat:3, Licht: 2,163342,3,4,6,09,21,7,0,2,0,1,1,0,,0
"POINT (12.412360371000034 51.393187416000046)",Unfall 163343 (2017) Kat:3, Licht: 0,163343,3,6,2,09,09,7,0,0,0,1,0,0,,0
"POINT (12.389395215000036 51.335836940000036)",Unfall 163353 (2017) Kat:3, Licht: 0,163353,3,3,5,09,14,6,0,0,1,1,0,0,,0
"POINT (12.295080351000024 51.311189277000040)",Unfall 163354 (2017) Kat:3, Licht: 0,163354,3,7,0,09,12,6,0,0,0,1,0,0,,0
"POINT (12.376729708000028 51.319647662000079)",Unfall 163355 (2017) Kat:2, Licht: 2,163355,2,2,4,09,19,6,0,2,1,1,0,0,,0
"POINT (12.432983920000027 51.306551264000063)",Unfall 163356 (2017) Kat:3, Licht: 0,163356,3,3,5,09,09,6,0,0,1,0,0,0,,0
"POINT (12.439139779000072 51.294855062000067)",Unfall 163357 (2017) Kat:3, Licht: 0,163357,3,3,5,09,16,6,0,0,0,1,0,0,,0
"POINT (12.295656449000035 51.413305249000075)",Unfall 163358 (2017) Kat:2, Licht: 0,163358,2,3,5,09,14,6,0,0,1,1,0,0,,0
"POINT (12.366726208000046 51.367261321000058)",Unfall 163359 (2017) Kat:3, Licht: 0,163359,3,6,1,09,12,6,0,0,0,1,0,0,,1
"POINT (12.338945973000023 51.332363924000049)",Unfall 163360 (2017) Kat:3, Licht: 0,163360,3,1,9,09,14,6,0,0,1,1,0,0,,0
"POINT (12.387117640000042 51.328254469000058)",Unfall 163361 (2017) Kat:3, Licht: 0,163361,3,3,5,09,08,6,0,0,1,1,0,0,,0
"POINT (12.476334863000034 51.345196348000059)",Unfall 163362 (2017) Kat:3, Licht: 0,163362,3,2,4,09,18,6,0,0,1,1,0,0,,0
"POINT (12.418749372000036 51.358422219000033)",Unfall 163363 (2017) Kat:2, Licht: 0,163363,2,3,4,09,09,6,0,0,1,1,0,0,,0
"POINT (12.438186072000065 51.380129158000045)",Unfall 163380 (2017) Kat:3, Licht: 0,163380,3,3,5,11,15,2,0,0,0,1,0,0,,0
"POINT (12.392956831000049 51.400167775000057)",Unfall 163382 (2017) Kat:2, Licht: 2,163382,2,3,5,11,17,2,0,2,0,1,0,0,,0
"POINT (12.387206470000024 51.326814708000029)",Unfall 163383 (2017) Kat:2, Licht: 0,163383,2,4,6,11,15,2,0,0,1,0,1,0,,0
"POINT (12.383390945000031 51.334893127000043)",Unfall 163384 (2017) Kat:3, Licht: 2,163384,3,2,5,11,18,2,0,2,1,1,0,0,,0
"POINT (12.301011830000050 51.354837630000077)",Unfall 163385 (2017) Kat:3, Licht: 0,163385,3,2,2,11,08,2,0,0,0,1,0,0,,0
"POINT (12.396329920000028 51.310231114000032)",Unfall 163396 (2017) Kat:3, Licht: 1,163396,3,2,4,11,17,1,1,1,0,1,0,0,,0
"POINT (12.374826911000071 51.334236565000026)",Unfall 163403 (2017) Kat:3, Licht: 0,163403,3,4,6,11,13,7,0,0,1,0,1,0,,0
"POINT (12.378436897000029 51.334533662000069)",Unfall 163404 (2017) Kat:3, Licht: 0,163404,3,7,6,11,12,7,0,0,0,1,1,0,,1
"POINT (12.380100424000034 51.339345935000040)",Unfall 163405 (2017) Kat:3, Licht: 0,163405,3,4,6,11,13,7,0,0,0,0,1,0,,1
"POINT (12.394347732000028 51.324293740000030)",Unfall 163412 (2017) Kat:3, Licht: 1,163412,3,7,0,11,16,6,0,1,1,0,0,0,,0
"POINT (12.418899040000042 51.356776072000059)",Unfall 163414 (2017) Kat:3, Licht: 1,163414,3,4,6,11,07,6,0,1,0,1,1,0,,0
"POINT (12.408262332000049 51.340068907000045)",Unfall 163415 (2017) Kat:3, Licht: 1,163415,3,2,4,11,05,6,0,1,0,1,0,0,,0
"POINT (12.369204580000030 51.342032822000078)",Unfall 163416 (2017) Kat:3, Licht: 2,163416,3,3,5,11,19,6,0,2,0,1,0,0,,0
"POINT (12.407419508000032 51.325973702000056)",Unfall 163417 (2017) Kat:3, Licht: 2,163417,3,3,5,11,22,6,0,2,0,1,0,0,,1
"POINT (12.378379875000064 51.332211086000029)",Unfall 163431 (2017) Kat:3, Licht: 2,163431,3,3,5,11,17,5,1,2,1,1,0,0,,0
"POINT (12.358017079000035 51.335359502000074)",Unfall 163432 (2017) Kat:3, Licht: 0,163432,3,3,5,11,13,5,0,0,0,1,0,0,,0
"POINT (12.381180132000054 51.342706139000029)",Unfall 163433 (2017) Kat:3, Licht: 0,163433,3,7,0,11,13,5,0,0,1,0,0,0,,0
"POINT (12.305149518000064 51.326880160000030)",Unfall 163434 (2017) Kat:3, Licht: 0,163434,3,2,3,11,11,5,0,0,0,1,0,0,,1
"POINT (12.439136842000039 51.294854048000047)",Unfall 163435 (2017) Kat:3, Licht: 2,163435,3,3,5,11,16,5,0,2,0,1,0,0,,0
"POINT (12.439121893000049 51.294848883000043)",Unfall 163436 (2017) Kat:3, Licht: 0,163436,3,3,5,11,12,5,0,0,0,1,0,0,,0
"POINT (12.352385440000035 51.387091289000068)",Unfall 163437 (2017) Kat:2, Licht: 0,163437,2,1,8,11,15,5,0,0,0,1,0,0,,0
"POINT (12.357666381000058 51.364267444000063)",Unfall 163438 (2017) Kat:3, Licht: 1,163438,3,2,3,11,16,5,0,1,1,1,0,0,,0
"POINT (12.322647833000076 51.374850820000063)",Unfall 163439 (2017) Kat:3, Licht: 0,163439,3,1,9,11,11,5,0,0,0,1,0,0,,0
"POINT (12.416186996000022 51.356734525000036)",Unfall 163440 (2017) Kat:2, Licht: 0,163440,2,3,5,11,10,5,0,0,1,1,0,0,,0
"POINT (12.371024783000053 51.335361895000062)",Unfall 163441 (2017) Kat:2, Licht: 2,163441,2,4,6,11,19,5,1,2,0,1,1,0,,0
"POINT (12.374140164000039 51.303448989000060)",Unfall 163443 (2017) Kat:3, Licht: 1,163443,3,2,4,11,07,5,1,1,1,1,0,0,,0
"POINT (12.475939480000022 51.348401049000074)",Unfall 163444 (2017) Kat:3, Licht: 0,163444,3,6,3,11,16,5,0,0,0,1,0,0,,0
"POINT (12.389012456000046 51.345499053000026)",Unfall 163459 (2017) Kat:3, Licht: 0,163459,3,6,2,11,07,4,1,0,0,1,0,0,,1
"POINT (12.376922865000040 51.345135706000065)",Unfall 163460 (2017) Kat:3, Licht: 0,163460,3,3,5,11,13,4,0,0,1,1,0,0,,0
"POINT (12.375120670000058 51.340900304000058)",Unfall 163461 (2017) Kat:3, Licht: 2,163461,3,7,0,11,05,4,1,2,1,0,0,0,,0
"POINT (12.335218747000056 51.329129474000069)",Unfall 163462 (2017) Kat:3, Licht: 2,163462,3,4,6,11,20,4,0,2,0,1,1,0,,0
"POINT (12.373699218000070 51.324294783000028)",Unfall 163463 (2017) Kat:2, Licht: 0,163463,2,4,6,11,08,4,1,0,1,0,1,0,,0
"POINT (12.385379714000067 51.341097931000036)",Unfall 163464 (2017) Kat:3, Licht: 0,163464,3,2,6,11,13,4,0,0,0,1,1,0,,0
"POINT (12.393341796000072 51.322879641000043)",Unfall 163477 (2017) Kat:3, Licht: 2,163477,3,3,5,10,02,3,0,2,1,1,0,0,,0
"POINT (12.378828264000049 51.343572822000056)",Unfall 163480 (2017) Kat:3, Licht: 0,163480,3,4,6,10,16,2,0,0,1,0,1,0,,0
"POINT (12.370700051000028 51.335202544000026)",Unfall 163481 (2017) Kat:3, Licht: 0,163481,3,2,2,10,13,2,0,0,0,1,0,0,,0
"POINT (12.389672880000035 51.321565835000058)",Unfall 163482 (2017) Kat:2, Licht: 0,163482,2,6,2,10,13,2,0,0,0,1,0,1,,0
"POINT (12.325680936000026 51.317483809000066)",Unfall 163483 (2017) Kat:3, Licht: 0,163483,3,1,1,10,13,2,0,0,1,1,0,0,,0
"POINT (12.407419508000032 51.325973702000056)",Unfall 163494 (2017) Kat:3, Licht: 2,163494,3,3,5,10,20,1,0,2,0,1,0,0,,0
"POINT (12.377682767000067 51.374075616000027)",Unfall 163495 (2017) Kat:3, Licht: 2,163495,3,7,0,10,20,1,0,2,0,1,0,0,,0
"POINT (12.338559975000067 51.396461675000069)",Unfall 163496 (2017) Kat:3, Licht: 2,163496,3,3,5,10,19,1,1,2,0,1,0,0,,0
"POINT (12.389633439000022 51.299435761000041)",Unfall 163500 (2017) Kat:3, Licht: 2,163500,3,2,3,10,23,7,1,2,0,1,0,0,,0
"POINT (12.373660090000044 51.327235378000069)",Unfall 163501 (2017) Kat:3, Licht: 2,163501,3,7,3,10,18,7,1,2,0,1,0,0,,1
"POINT (12.322818281000025 51.304543501000069)",Unfall 163502 (2017) Kat:3, Licht: 0,163502,3,7,6,10,14,7,0,0,0,1,1,0,,0
"POINT (12.381669977000058 51.331775299000071)",Unfall 163509 (2017) Kat:3, Licht: 2,163509,3,2,3,10,20,6,1,2,1,1,0,0,,0
"POINT (12.371070871000029 51.335807389000081)",Unfall 163510 (2017) Kat:3, Licht: 1,163510,3,3,5,10,07,6,1,1,1,1,0,0,,0
"POINT (12.376718024000070 51.356413569000040)",Unfall 163511 (2017) Kat:2, Licht: 0,163511,2,4,6,10,13,6,1,0,0,0,1,0,,1
"POINT (12.387183275000041 51.326830727000072)",Unfall 163512 (2017) Kat:3, Licht: 0,163512,3,3,6,10,12,6,0,0,1,0,1,0,,0
"POINT (12.352169385000025 51.319362155000078)",Unfall 163513 (2017) Kat:3, Licht: 0,163513,3,6,2,10,15,6,1,0,0,1,0,0,,0
"POINT (12.376194076000047 51.357922663000068)",Unfall 163514 (2017) Kat:3, Licht: 1,163514,3,2,4,10,07,6,1,1,1,1,0,0,,0
"POINT (12.325012670000035 51.338268760000062)",Unfall 163526 (2017) Kat:3, Licht: 0,163526,3,3,5,10,15,5,0,0,1,1,0,0,,0
"POINT (12.415792017000058 51.333737014000064)",Unfall 163527 (2017) Kat:3, Licht: 0,163527,3,3,5,10,16,5,0,0,1,1,0,0,,0
"POINT (12.380476351000027 51.341337385000031)",Unfall 163529 (2017) Kat:3, Licht: 0,163529,3,6,3,10,16,5,0,0,1,1,0,0,,0
"POINT (12.386645026000053 51.335671516000048)",Unfall 163530 (2017) Kat:3, Licht: 0,163530,3,7,1,10,15,5,0,0,1,1,0,0,,0
"POINT (12.359654902000045 51.358263169000054)",Unfall 163531 (2017) Kat:2, Licht: 2,163531,2,4,6,10,00,5,0,2,0,1,1,0,,0
"POINT (12.409564177000050 51.352496966000047)",Unfall 163540 (2017) Kat:3, Licht: 0,163540,3,5,1,10,08,4,0,0,1,1,0,0,,0
"POINT (12.373037636000049 51.309767467000029)",Unfall 163541 (2017) Kat:3, Licht: 0,163541,3,3,5,10,16,4,0,0,1,1,0,0,,0
"POINT (12.355878264000069 51.347953004000033)",Unfall 163542 (2017) Kat:3, Licht: 0,163542,3,3,5,10,17,4,0,0,0,1,0,0,,1
"POINT (12.479927271000065 51.350543959000049)",Unfall 163543 (2017) Kat:3, Licht: 1,163543,3,4,6,10,06,4,0,1,0,1,1,0,,0
"POINT (12.325450485000033 51.332653932000028)",Unfall 163556 (2017) Kat:3, Licht: 2,163556,3,7,1,10,17,3,0,2,0,1,0,1,,0
"POINT (12.464884382000037 51.307821597000043)",Unfall 163558 (2017) Kat:3, Licht: 0,163558,3,2,2,10,13,3,0,0,0,1,0,1,,0
"POINT (12.420489271000065 51.319263921000072)",Unfall 163559 (2017) Kat:3, Licht: 0,163559,3,2,2,10,06,3,1,0,0,1,0,0,,0
"POINT (12.459201654000026 51.401999989000046)",Unfall 163560 (2017) Kat:3, Licht: 0,163560,3,6,2,10,15,3,0,0,0,1,0,0,,0
"POINT (12.384863435000057 51.378857740000058)",Unfall 163561 (2017) Kat:3, Licht: 2,163561,3,3,5,10,20,3,0,2,1,1,0,0,,0
"POINT (12.376508875000070 51.311586144000046)",Unfall 163562 (2017) Kat:2, Licht: 0,163562,2,3,5,10,15,3,0,0,0,1,0,0,,0
"POINT (12.373478614000021 51.323102225000071)",Unfall 163563 (2017) Kat:3, Licht: 2,163563,3,5,1,10,18,3,0,2,1,1,0,0,,0
"POINT (12.353996553000059 51.340333124000040)",Unfall 163578 (2017) Kat:3, Licht: 0,163578,3,2,5,10,11,2,1,0,1,1,0,0,,0
"POINT (12.369359181000050 51.344179062000080)",Unfall 163579 (2017) Kat:3, Licht: 1,163579,3,2,3,10,16,2,0,1,1,1,0,0,,0
"POINT (12.449901763000071 51.345549340000048)",Unfall 163580 (2017) Kat:3, Licht: 0,163580,3,3,5,10,13,2,1,0,1,1,0,0,,0
"POINT (12.433458720000033 51.355161962000068)",Unfall 163581 (2017) Kat:3, Licht: 0,163581,3,2,3,10,12,2,1,0,0,1,0,0,,1
"POINT (12.413036065000028 51.324543058000074)",Unfall 163582 (2017) Kat:3, Licht: 0,163582,3,6,3,10,08,2,0,0,0,1,0,1,,0
"POINT (12.373822314000051 51.350499147000050)",Unfall 163592 (2017) Kat:3, Licht: 0,163592,3,5,1,10,09,1,1,0,1,1,0,0,,0
"POINT (12.353979735000053 51.350941410000075)",Unfall 163597 (2017) Kat:3, Licht: 0,163597,3,6,2,10,11,7,0,0,0,1,0,0,,0
"POINT (12.368141327000046 51.334881775000042)",Unfall 163598 (2017) Kat:3, Licht: 0,163598,3,3,5,10,16,7,1,0,0,1,0,0,,0
"POINT (12.345652159000053 51.319415747000050)",Unfall 163599 (2017) Kat:3, Licht: 0,163599,3,1,0,10,14,7,0,0,1,0,0,0,,0
"POINT (12.339422718000037 51.334367813000028)",Unfall 163600 (2017) Kat:3, Licht: 0,163600,3,2,4,10,13,7,0,0,0,1,0,1,,0
"POINT (12.353617762000056 51.340873915000032)",Unfall 163602 (2017) Kat:3, Licht: 1,163602,3,4,6,10,17,7,1,1,1,0,1,0,,0
"POINT (12.390634670000054 51.337602720000064)",Unfall 163614 (2017) Kat:3, Licht: 0,163614,3,5,1,10,13,6,0,0,1,1,0,0,,0
"POINT (12.442966072000047 51.283265961000041)",Unfall 163615 (2017) Kat:3, Licht: 0,163615,3,1,9,10,16,6,0,0,0,1,0,0,,0
"POINT (12.420677322000074 51.376890102000061)",Unfall 163616 (2017) Kat:3, Licht: 2,163616,3,1,1,10,20,6,1,2,0,1,0,1,,0
"POINT (12.494060234000074 51.348167567000075)",Unfall 163617 (2017) Kat:3, Licht: 1,163617,3,1,8,10,17,6,1,1,0,1,0,0,,0
"POINT (12.406382890000032 51.345506324000041)",Unfall 163633 (2017) Kat:2, Licht: 2,163633,2,7,0,10,19,5,0,2,0,1,0,0,,0
"POINT (12.387094331000071 51.326889276000031)",Unfall 163634 (2017) Kat:3, Licht: 0,163634,3,2,5,10,17,5,0,0,1,1,0,0,,0
"POINT (12.285168204000058 51.357872222000026)",Unfall 163635 (2017) Kat:3, Licht: 0,163635,3,2,5,10,10,5,0,0,0,1,0,0,,0
"POINT (12.468533887000035 51.336145242000043)",Unfall 163636 (2017) Kat:3, Licht: 0,163636,3,3,5,10,10,5,0,0,1,0,0,0,,1
"POINT (12.419380669000077 51.319289519000051)",Unfall 163638 (2017) Kat:3, Licht: 0,163638,3,5,1,10,13,5,0,0,0,1,0,0,,1
"POINT (12.374501441000064 51.335803288000079)",Unfall 163639 (2017) Kat:2, Licht: 0,163639,2,3,5,10,12,5,0,0,1,1,0,0,,0
"POINT (12.374173337000059 51.335430890000055)",Unfall 163640 (2017) Kat:2, Licht: 0,163640,2,6,3,10,16,5,0,0,1,0,0,0,,0
"POINT (12.376617619000058 51.339810218000082)",Unfall 163641 (2017) Kat:2, Licht: 2,163641,2,4,6,10,19,5,0,2,1,0,1,0,,0
"POINT (12.291768340000033 51.413896099000056)",Unfall 163642 (2017) Kat:3, Licht: 1,163642,3,2,6,10,07,5,0,1,0,0,1,0,,1
"POINT (12.430815287000030 51.362812009000038)",Unfall 163643 (2017) Kat:3, Licht: 0,163643,3,3,5,10,16,5,0,0,1,1,0,0,,0
"POINT (12.327205672000048 51.329646070000081)",Unfall 163657 (2017) Kat:3, Licht: 0,163657,3,2,5,10,08,4,0,0,1,1,0,0,,0
"POINT (12.407870561000038 51.351420140000073)",Unfall 163659 (2017) Kat:3, Licht: 0,163659,3,3,5,10,11,4,0,0,1,1,0,0,,0
"POINT (12.364504119000060 51.371085576000041)",Unfall 163660 (2017) Kat:3, Licht: 0,163660,3,2,2,10,11,4,0,0,0,1,0,0,,1
"POINT (12.406182357000034 51.347494661000042)",Unfall 163680 (2017) Kat:3, Licht: 0,163680,3,3,5,10,07,3,0,0,0,1,0,0,,1
"POINT (12.371121507000055 51.347384123000040)",Unfall 163681 (2017) Kat:3, Licht: 2,163681,3,3,5,10,23,3,0,2,1,0,0,0,,1
"POINT (12.373146883000061 51.311643706000041)",Unfall 163682 (2017) Kat:2, Licht: 0,163682,2,4,6,10,15,3,0,0,0,0,1,0,,1
"POINT (12.307204896000030 51.323127034000038)",Unfall 163683 (2017) Kat:3, Licht: 0,163683,3,3,5,10,14,3,0,0,0,1,0,0,,0
"POINT (12.344881284000053 51.318968467000047)",Unfall 163684 (2017) Kat:3, Licht: 0,163684,3,6,3,10,15,3,0,0,0,1,0,0,,1
"POINT (12.379753382000047 51.320538978000059)",Unfall 163685 (2017) Kat:3, Licht: 0,163685,3,7,1,10,12,3,0,0,1,1,0,0,,0
"POINT (12.478765746000022 51.346818188000043)",Unfall 163686 (2017) Kat:2, Licht: 2,163686,2,1,8,10,20,3,0,2,0,1,0,0,,0
"POINT (12.433496365000053 51.383041222000031)",Unfall 163687 (2017) Kat:3, Licht: 2,163687,3,1,1,10,22,3,0,2,0,1,0,0,,0
"POINT (12.385083503000033 51.338127803000077)",Unfall 163688 (2017) Kat:3, Licht: 0,163688,3,2,5,10,08,3,0,0,1,1,0,0,,0
"POINT (12.313738597000054 51.363972979000039)",Unfall 163690 (2017) Kat:2, Licht: 2,163690,2,4,6,10,19,3,0,2,0,1,1,0,,0
"POINT (12.300424657000065 51.325548556000058)",Unfall 163691 (2017) Kat:3, Licht: 0,163691,3,2,5,11,13,2,0,0,1,0,0,0,,1
"POINT (12.361810940000055 51.332570196000063)",Unfall 163693 (2017) Kat:3, Licht: 2,163693,3,3,5,11,18,2,1,2,1,1,0,0,,0
"POINT (12.382869751000044 51.320521286000030)",Unfall 163694 (2017) Kat:3, Licht: 2,163694,3,2,2,11,19,2,1,2,0,1,0,0,,0
"POINT (12.453587997000056 51.383924599000068)",Unfall 163695 (2017) Kat:3, Licht: 0,163695,3,3,5,11,14,2,0,0,1,0,0,0,,1
"POINT (12.405853459000070 51.331776566000030)",Unfall 163702 (2017) Kat:3, Licht: 2,163702,3,3,5,11,06,1,0,2,0,1,0,0,,1