WKT,Name,OBJECTID,UKATEGORIE,UTYP1,UART,UMONAT,USTUNDE,UWOCHENTAG,STRZUSTAND,ULICHTVERH,ISTRAD,ISTPKW,ISTFUSS,ISTKRAD,ISTGKFZ,ISTSONSTIG
"POINT (12.469516067000029 51.345549900000037)",Unfall 163708 (2017) Kat:3, Licht: 2,163708,3,1,0,11,01,7,1,2,0,0,0,0,,1
"POINT (12.418345720000048 51.351108412000031)",Unfall 163709 (2017) Kat:3, Licht: 2,163709,3,1,8,11,16,7,1,2,0,1,0,0,,0
"POINT (12.355165758000055 51.338604803000067)",Unfall 163710 (2017) Kat:3, Licht: 2,163710,3,4,6,11,17,7,1,2,0,1,1,0,,0
"POINT (12.374198992000061 51.360428498000033)",Unfall 163711 (2017) Kat:2, Licht: 2,163711,2,1,8,11,22,7,1,2,0,1,0,0,,0
"POINT (12.376536940000051 51.348389981000082)",Unfall 163712 (2017) Kat:3, Licht: 0,163712,3,2,5,11,15,7,1,0,1,1,0,0,,0
"POINT (12.394291928000030 51.336783351000065)",Unfall 163713 (2017) Kat:3, Licht: 2,163713,3,3,5,11,00,7,1,2,0,1,0,0,,0
"POINT (12.370923231000063 51.336236055000029)",Unfall 163714 (2017) Kat:2, Licht: 2,163714,2,4,6,11,18,7,1,2,0,0,1,0,,1
"POINT (12.408901965000041 51.346711411000058)",Unfall 163725 (2017) Kat:3, Licht: 0,163725,3,7,0,11,09,6,0,0,0,1,0,1,,0
"POINT (12.380721996000034 51.330935078000039)",Unfall 163726 (2017) Kat:3, Licht: 2,163726,3,3,5,11,21,6,1,2,0,1,0,0,,0
"POINT (12.364185408000026 51.344447676000073)",Unfall 163727 (2017) Kat:3, Licht: 0,163727,3,3,4,11,08,6,0,0,1,1,0,0,,0
"POINT (12.357020545000069 51.320493162000048)",Unfall 163728 (2017) Kat:3, Licht: 0,163728,3,3,5,11,10,6,0,0,1,1,0,0,,0
"POINT (12.407941713000071 51.335614585000030)",Unfall 163729 (2017) Kat:3, Licht: 2,163729,3,6,2,11,17,6,1,2,0,1,0,0,,0
"POINT (12.408660033000046 51.359991499000046)",Unfall 163730 (2017) Kat:3, Licht: 1,163730,3,3,5,11,06,6,0,1,1,1,0,0,,0
"POINT (12.391969496000058 51.289082874000030)",Unfall 163732 (2017) Kat:2, Licht: 0,163732,2,2,5,11,09,6,0,0,1,1,0,0,,0
"POINT (12.423414296000033 51.357462998000074)",Unfall 163733 (2017) Kat:3, Licht: 2,163733,3,2,4,11,16,6,1,2,1,1,0,0,,0
"POINT (12.373456884000063 51.328521823000074)",Unfall 163751 (2017) Kat:3, Licht: 0,163751,3,2,5,11,08,5,0,0,1,1,0,0,,0
"POINT (12.376871585000060 51.355992241000081)",Unfall 163752 (2017) Kat:3, Licht: 1,163752,3,4,6,11,16,5,0,1,0,0,1,1,,0
"POINT (12.364452632000052 51.371170864000078)",Unfall 163753 (2017) Kat:2, Licht: 2,163753,2,4,6,11,18,5,0,2,0,1,1,0,,0
"POINT (12.400574791000054 51.347179429000050)",Unfall 163754 (2017) Kat:3, Licht: 0,163754,3,3,5,11,15,5,0,0,1,1,0,0,,0
"POINT (12.423674114000050 51.321529798000029)",Unfall 163755 (2017) Kat:3, Licht: 0,163755,3,3,5,11,11,5,0,0,0,1,0,0,,0
"POINT (12.373365516000035 51.353061823000075)",Unfall 163756 (2017) Kat:3, Licht: 0,163756,3,3,5,11,11,5,0,0,1,1,0,0,,0
"POINT (12.458384874000046 51.351820529000065)",Unfall 163764 (2017) Kat:2, Licht: 0,163764,2,3,5,11,13,4,0,0,1,1,0,0,,0
"POINT (12.373415361000070 51.320824065000068)",Unfall 163775 (2017) Kat:3, Licht: 0,163775,3,3,6,11,12,3,1,0,1,0,1,0,,0
"POINT (12.371331470000030 51.335554095000077)",Unfall 163776 (2017) Kat:3, Licht: 0,163776,3,7,6,11,17,3,0,0,0,1,1,0,,0
"POINT (12.324882872000046 51.323763356000029)",Unfall 163777 (2017) Kat:3, Licht: 0,163777,3,5,1,11,12,3,1,0,1,1,0,0,,0
"POINT (12.401158262000024 51.303343776000077)",Unfall 163778 (2017) Kat:3, Licht: 2,163778,3,3,5,11,16,3,1,2,0,1,0,0,,0
"POINT (12.371575150000069 51.339656830000081)",Unfall 163779 (2017) Kat:3, Licht: 1,163779,3,7,5,11,19,3,1,1,1,1,0,0,,0
"POINT (12.344386747000044 51.332228967000049)",Unfall 163780 (2017) Kat:3, Licht: 2,163780,3,3,5,11,18,3,1,2,1,1,0,0,,0
"POINT (12.343149757000049 51.318778590000079)",Unfall 163781 (2017) Kat:3, Licht: 2,163781,3,6,1,11,17,3,1,2,0,1,0,0,,0
"POINT (12.396283060000030 51.310281736000036)",Unfall 163782 (2017) Kat:3, Licht: 2,163782,3,2,6,11,17,3,1,2,0,1,1,0,,0
"POINT (12.371337191000066 51.337736006000057)",Unfall 163783 (2017) Kat:3, Licht: 2,163783,3,3,5,11,20,3,1,2,1,1,0,0,,0
"POINT (12.405912498000077 51.343116480000049)",Unfall 163803 (2017) Kat:3, Licht: 2,163803,3,6,2,11,16,2,1,2,0,1,0,0,,0
"POINT (12.285449367000069 51.360371992000069)",Unfall 163804 (2017) Kat:3, Licht: 2,163804,3,3,5,11,19,2,1,2,1,1,0,0,,0
"POINT (12.308129107000070 51.311728527000071)",Unfall 163806 (2017) Kat:3, Licht: 0,163806,3,2,5,11,15,2,1,0,0,1,0,0,,1
"POINT (12.381393526000068 51.338889143000074)",Unfall 163807 (2017) Kat:3, Licht: 0,163807,3,4,6,11,13,2,1,0,0,1,1,0,,0
"POINT (12.411189148000062 51.382294346000037)",Unfall 163809 (2017) Kat:3, Licht: 1,163809,3,3,5,11,06,2,1,1,1,1,0,0,,0
"POINT (12.407419508000032 51.325973702000056)",Unfall 163817 (2017) Kat:3, Licht: 2,163817,3,3,5,11,22,1,1,2,0,1,0,0,,0
"POINT (12.428385120000030 51.302503908000062)",Unfall 163818 (2017) Kat:3, Licht: 0,163818,3,6,3,11,11,1,0,0,0,1,0,0,,0
"POINT (12.284613150000041 51.321471744000064)",Unfall 163819 (2017) Kat:3, Licht: 1,163819,3,1,9,11,17,1,1,1,0,1,0,0,,0
"POINT (12.298965616000032 51.413287284000035)",Unfall 163820 (2017) Kat:2, Licht: 2,163820,2,3,5,11,23,1,1,2,0,1,0,0,,1
"POINT (12.389701667000054 51.321626452000032)",Unfall 163821 (2017) Kat:3, Licht: 0,163821,3,3,5,11,13,1,1,0,0,1,0,0,,0
"POINT (12.406838970000024 51.338154716000076)",Unfall 163824 (2017) Kat:3, Licht: 0,163824,3,3,5,11,15,7,1,0,1,1,0,0,,0
"POINT (12.372427316000028 51.342758285000059)",Unfall 163825 (2017) Kat:3, Licht: 2,163825,3,1,0,11,00,7,0,2,1,0,0,0,,0
"POINT (12.419453689000022 51.333044379000057)",Unfall 163826 (2017) Kat:3, Licht: 2,163826,3,7,6,11,18,7,0,2,0,1,1,0,,0
"POINT (12.363452315000075 51.329241663000062)",Unfall 163838 (2017) Kat:3, Licht: 0,163838,3,6,1,11,16,6,0,0,0,1,0,0,,0
"POINT (12.406546788000071 51.324885831000074)",Unfall 163856 (2017) Kat:3, Licht: 0,163856,3,6,5,11,07,5,1,0,0,1,0,1,,0
"POINT (12.387472267000021 51.356973893000031)",Unfall 163857 (2017) Kat:3, Licht: 0,163857,3,2,6,11,14,5,0,0,0,1,1,0,,0
"POINT (12.407978431000060 51.335657064000031)",Unfall 163858 (2017) Kat:3, Licht: 2,163858,3,3,5,11,22,5,0,2,0,1,0,0,,0
"POINT (12.309881654000037 51.347455192000041)",Unfall 163859 (2017) Kat:2, Licht: 0,163859,2,6,2,11,15,5,0,0,0,1,0,0,,0
"POINT (12.325805110000033 51.320368759000075)",Unfall 163860 (2017) Kat:2, Licht: 2,163860,2,2,4,11,17,5,0,2,1,1,0,0,,0
"POINT (12.323096621000047 51.334946035000030)",Unfall 163874 (2017) Kat:3, Licht: 0,163874,3,7,0,11,07,4,0,0,1,1,0,0,,0
"POINT (12.365664020000054 51.321016491000080)",Unfall 163875 (2017) Kat:3, Licht: 0,163875,3,2,4,11,09,4,1,0,0,1,0,0,,0
"POINT (12.363443855000071 51.329261923000047)",Unfall 163876 (2017) Kat:3, Licht: 0,163876,3,6,2,11,11,4,0,0,0,1,0,0,,0
"POINT (12.394546410000032 51.394594491000078)",Unfall 163877 (2017) Kat:3, Licht: 0,163877,3,2,5,11,09,4,0,0,1,1,0,0,,0
"POINT (12.373967066000034 51.334156156000063)",Unfall 163887 (2017) Kat:3, Licht: 0,163887,3,6,2,11,08,3,0,0,0,1,0,0,,0
"POINT (12.376504323000063 51.357428491000064)",Unfall 163890 (2017) Kat:3, Licht: 2,163890,3,6,2,11,17,3,0,2,0,1,0,0,,0
"POINT (12.343127703000050 51.322697829000049)",Unfall 163891 (2017) Kat:3, Licht: 0,163891,3,3,5,11,09,3,0,0,0,1,0,0,,1
"POINT (12.359647846000030 51.361884168000074)",Unfall 163892 (2017) Kat:3, Licht: 0,163892,3,6,3,11,08,3,0,0,1,1,0,0,,0
"POINT (12.373934193000025 51.334061220000081)",Unfall 163893 (2017) Kat:3, Licht: 2,163893,3,1,8,11,02,3,0,2,0,1,0,0,,0
"POINT (12.417622120000033 51.359311447000039)",Unfall 163894 (2017) Kat:2, Licht: 0,163894,2,2,6,11,15,3,0,0,0,1,1,0,,0
"POINT (12.420678031000023 51.353955437000081)",Unfall 163906 (2017) Kat:3, Licht: 0,163906,3,3,5,11,08,2,0,0,1,1,0,0,,0
"POINT (12.385075539000070 51.365745016000062)",Unfall 163907 (2017) Kat:3, Licht: 0,163907,3,6,3,11,08,2,1,0,1,0,0,0,,0
"POINT (12.371270324000022 51.344469246000074)",Unfall 163911 (2017) Kat:3, Licht: 1,163911,3,6,2,11,07,2,1,1,0,1,0,0,,0
"POINT (12.325695813000038 51.313162905000070)",Unfall 163912 (2017) Kat:3, Licht: 0,163912,3,2,2,11,11,2,1,0,0,1,0,0,,0
"POINT (12.378959884000039 51.311485047000076)",Unfall 163913 (2017) Kat:3, Licht: 2,163913,3,3,5,11,17,2,0,2,0,1,0,0,,0
"POINT (12.368335613000056 51.315420517000064)",Unfall 163914 (2017) Kat:3, Licht: 0,163914,3,5,0,11,11,2,0,0,1,1,0,0,,0
"POINT (12.314013335000027 51.413926870000068)",Unfall 163915 (2017) Kat:2, Licht: 2,163915,2,6,4,11,06,2,1,2,0,1,0,0,,1
"POINT (12.376565842000048 51.348397136000074)",Unfall 163926 (2017) Kat:3, Licht: 0,163926,3,2,2,11,08,1,0,0,0,1,0,0,,0
"POINT (12.391845587000034 51.360678496000048)",Unfall 163927 (2017) Kat:3, Licht: 2,163927,3,3,5,11,16,1,1,2,0,1,0,0,,0
"POINT (12.394780745000048 51.301206780000030)",Unfall 163931 (2017) Kat:3, Licht: 0,163931,3,7,1,11,11,7,0,0,0,1,0,0,,0
"POINT (12.322195510000029 51.344607393000047)",Unfall 163933 (2017) Kat:3, Licht: 0,163933,3,2,5,11,11,7,1,0,0,1,0,1,,0
"POINT (12.480858345000058 51.334876039000051)",Unfall 163940 (2017) Kat:3, Licht: 0,163940,3,4,6,11,07,6,1,0,0,1,1,0,,0
"POINT (12.402693175000024 51.338864303000037)",Unfall 163941 (2017) Kat:3, Licht: 1,163941,3,4,6,11,17,6,1,1,1,0,1,0,,0
"POINT (12.417006899000057 51.336700096000072)",Unfall 163942 (2017) Kat:3, Licht: 1,163942,3,3,5,11,16,6,1,1,0,1,0,0,,0
"POINT (12.378318195000077 51.320657717000074)",Unfall 163943 (2017) Kat:3, Licht: 0,163943,3,1,0,11,14,6,1,0,1,0,0,0,,0
"POINT (12.403057629000045 51.363925526000060)",Unfall 163944 (2017) Kat:3, Licht: 1,163944,3,6,3,11,06,6,1,1,0,1,0,1,,0
"POINT (12.413373334000028 51.359511530000077)",Unfall 163945 (2017) Kat:3, Licht: 0,163945,3,3,5,11,15,6,1,0,0,1,0,1,,0
"POINT (12.428502231000039 51.343947466000031)",Unfall 163946 (2017) Kat:2, Licht: 0,163946,2,7,0,11,16,6,0,0,0,0,1,0,,1
"POINT (12.374475413000027 51.335760370000060)",Unfall 163966 (2017) Kat:3, Licht: 1,163966,3,3,5,11,16,4,0,1,1,0,0,0,,1
"POINT (12.376960267000072 51.344678164000072)",Unfall 163967 (2017) Kat:2, Licht: 2,163967,2,2,4,11,18,4,0,2,0,1,0,0,,0
"POINT (12.430307970000058 51.344044704000055)",Unfall 163968 (2017) Kat:3, Licht: 2,163968,3,7,1,11,16,4,1,2,0,1,0,1,,0
"POINT (12.359142011000074 51.341482699000039)",Unfall 163979 (2017) Kat:3, Licht: 2,163979,3,3,5,11,17,3,0,2,1,1,0,0,,0
"POINT (12.409535081000058 51.340961695000033)",Unfall 163980 (2017) Kat:3, Licht: 1,163980,3,6,2,11,17,3,0,1,0,1,0,0,,0
"POINT (12.335817283000040 51.327641845000073)",Unfall 163981 (2017) Kat:3, Licht: 2,163981,3,2,4,11,17,3,0,2,1,1,0,0,,0
"POINT (12.333529833000057 51.337796296000079)",Unfall 163982 (2017) Kat:3, Licht: 0,163982,3,4,6,11,09,3,0,0,0,0,1,0,,1
"POINT (12.360857757000076 51.360673965000046)",Unfall 163983 (2017) Kat:3, Licht: 2,163983,3,2,3,11,21,3,0,2,1,1,0,0,,0
"POINT (12.381336769000029 51.366033564000077)",Unfall 163984 (2017) Kat:3, Licht: 0,163984,3,6,2,11,07,3,0,0,0,1,0,0,,0
"POINT (12.371649847000072 51.321308386000055)",Unfall 163985 (2017) Kat:3, Licht: 0,163985,3,7,6,11,13,3,0,0,0,1,1,0,,0
"POINT (12.358488012000066 51.364116266000053)",Unfall 163986 (2017) Kat:2, Licht: 0,163986,2,2,4,11,07,3,0,0,0,1,0,0,,0
"POINT (12.372737445000041 51.353632344000061)",Unfall 163987 (2017) Kat:3, Licht: 0,163987,3,2,4,11,10,3,0,0,1,1,0,0,,0
"POINT (12.361796250000054 51.332514724000077)",Unfall 163988 (2017) Kat:3, Licht: 0,163988,3,3,5,11,12,3,0,0,1,1,0,0,,0
"POINT (12.458413003000032 51.351870701000053)",Unfall 163989 (2017) Kat:3, Licht: 2,163989,3,3,5,11,18,3,0,2,1,1,0,0,,0
"POINT (12.384672536000039 51.328451833000031)",Unfall 164001 (2017) Kat:2, Licht: 0,164001,2,4,6,11,12,2,0,0,1,0,1,0,,0
"POINT (12.377909200000033 51.334014538000076)",Unfall 164002 (2017) Kat:3, Licht: 0,164002,3,3,5,11,08,2,1,0,1,1,0,0,,0
"POINT (12.435179705000053 51.325564079000060)",Unfall 164003 (2017) Kat:3, Licht: 2,164003,3,3,5,11,17,2,0,2,0,0,0,1,,0
"POINT (12.368695028000047 51.357270665000044)",Unfall 164005 (2017) Kat:3, Licht: 0,164005,3,2,4,11,12,2,0,0,1,1,0,0,,0
"POINT (12.439143522000052 51.294856355000036)",Unfall 164012 (2017) Kat:3, Licht: 0,164012,3,3,5,12,11,7,1,0,0,1,0,0,,0
"POINT (12.406748889000028 51.338110718000053)",Unfall 164013 (2017) Kat:3, Licht: 2,164013,3,7,5,12,21,7,1,2,0,0,0,0,,1
"POINT (12.291129841000043 51.324257767000063)",Unfall 164014 (2017) Kat:3, Licht: 2,164014,3,6,2,12,20,6,1,2,0,1,0,0,,0
"POINT (12.369894303000024 51.325186476000056)",Unfall 164015 (2017) Kat:3, Licht: 0,164015,3,7,1,12,12,6,0,0,1,1,0,0,,0
"POINT (12.401763852000045 51.363886710000031)",Unfall 164016 (2017) Kat:2, Licht: 2,164016,2,4,6,12,18,6,0,2,0,1,1,0,,0
"POINT (12.385381183000050 51.365517150000073)",Unfall 164017 (2017) Kat:2, Licht: 2,164017,2,4,6,12,07,6,1,2,0,1,1,0,,0
"POINT (12.325529693000021 51.340467913000055)",Unfall 164036 (2017) Kat:3, Licht: 1,164036,3,2,6,12,07,5,1,1,0,1,1,0,,0
"POINT (12.321236202000023 51.381487235000066)",Unfall 164037 (2017) Kat:2, Licht: 1,164037,2,4,6,12,07,5,1,1,0,1,1,0,,0
"POINT (12.321025769000073 51.302855699000077)",Unfall 164039 (2017) Kat:3, Licht: 2,164039,3,2,3,12,18,5,1,2,1,1,0,0,,0
"POINT (12.378988123000056 51.343518318000065)",Unfall 164040 (2017) Kat:3, Licht: 0,164040,3,4,6,12,16,5,0,0,1,0,1,0,,0
"POINT (12.385678983000048 51.333670599000072)",Unfall 164053 (2017) Kat:3, Licht: 0,164053,3,2,3,12,11,4,0,0,0,1,0,1,,0
"POINT (12.407419508000032 51.325973702000056)",Unfall 164054 (2017) Kat:2, Licht: 0,164054,2,2,6,12,09,4,0,0,0,1,1,0,,0
"POINT (12.365446623000025 51.362462371000049)",Unfall 164055 (2017) Kat:3, Licht: 0,164055,3,2,4,12,10,4,0,0,1,1,0,0,,0
"POINT (12.361801885000034 51.332577994000076)",Unfall 164056 (2017) Kat:3, Licht: 2,164056,3,3,5,12,18,4,0,2,1,1,0,0,,0
"POINT (12.340857416000063 51.337801678000062)",Unfall 164057 (2017) Kat:3, Licht: 0,164057,3,6,3,12,15,4,0,0,1,1,0,0,,0
"POINT (12.405261219000067 51.374840942000048)",Unfall 164073 (2017) Kat:3, Licht: 0,164073,3,1,8,12,16,3,0,0,0,0,0,1,,0
"POINT (12.396449157000063 51.309073853000029)",Unfall 164074 (2017) Kat:3, Licht: 0,164074,3,4,6,12,07,3,0,0,0,1,1,0,,0
"POINT (12.393547947000059 51.322800479000080)",Unfall 164075 (2017) Kat:3, Licht: 0,164075,3,2,4,12,11,3,0,0,0,1,0,0,,0
"POINT (12.370995794000066 51.344135784000059)",Unfall 164084 (2017) Kat:3, Licht: 1,164084,3,2,6,12,16,2,1,1,0,1,1,0,,0
"POINT (12.356724922000069 51.343174774000033)",Unfall 164085 (2017) Kat:3, Licht: 2,164085,3,4,6,12,17,2,1,2,0,1,1,0,,0
"POINT (12.362646404000031 51.338985888000082)",Unfall 164086 (2017) Kat:3, Licht: 2,164086,3,3,5,12,16,2,1,2,0,1,0,0,,0
"POINT (12.448867113000063 51.325789204000046)",Unfall 164087 (2017) Kat:3, Licht: 2,164087,3,2,6,12,16,2,1,2,0,1,1,0,,0
"POINT (12.373689767000030 51.332490145000065)",Unfall 164088 (2017) Kat:3, Licht: 1,164088,3,1,7,12,17,2,1,1,1,0,0,0,,0
"POINT (12.405738569000050 51.331729743000039)",Unfall 164089 (2017) Kat:3, Licht: 2,164089,3,2,6,12,20,2,1,2,0,1,1,0,,0
"POINT (12.416105593000054 51.356719319000035)",Unfall 164090 (2017) Kat:3, Licht: 2,164090,3,7,6,12,18,2,1,2,0,1,1,0,,0
"POINT (12.402148833000069 51.336117562000027)",Unfall 164091 (2017) Kat:3, Licht: 1,164091,3,2,2,12,16,2,1,1,1,1,0,0,,0
"POINT (12.368034063000039 51.358041318000062)",Unfall 164092 (2017) Kat:3, Licht: 0,164092,3,3,5,12,13,2,1,0,1,1,0,0,,0
"POINT (12.363513365000074 51.329095736000056)",Unfall 164093 (2017) Kat:2, Licht: 2,164093,2,1,8,12,19,2,0,2,0,1,0,0,,1
"POINT (12.367097214000069 51.325469685000030)",Unfall 164105 (2017) Kat:3, Licht: 1,164105,3,2,2,12,16,1,2,1,0,1,0,0,,0
"POINT (12.309206556000049 51.328028844000073)",Unfall 164128 (2017) Kat:3, Licht: 2,164128,3,2,5,12,06,6,1,2,1,1,0,0,,0
"POINT (12.374081715000045 51.304077880000079)",Unfall 164129 (2017) Kat:3, Licht: 2,164129,3,3,5,12,07,6,1,2,0,1,0,0,,0
"POINT (12.282111487000066 51.273657842000034)",Unfall 164130 (2017) Kat:2, Licht: 2,164130,2,6,6,12,18,6,1,2,0,1,1,0,,0
"POINT (12.387452913000061 51.357080594000081)",Unfall 164131 (2017) Kat:3, Licht: 2,164131,3,4,6,12,22,6,0,2,0,1,1,0,,0
"POINT (12.378325982000035 51.335960624000052)",Unfall 164151 (2017) Kat:3, Licht: 0,164151,3,6,2,12,13,5,0,0,0,1,0,0,,0
"POINT (12.373397142000044 51.328747345000068)",Unfall 164152 (2017) Kat:3, Licht: 2,164152,3,6,3,12,16,5,0,2,1,1,0,0,,0
"POINT (12.360614009000074 51.328055690000042)",Unfall 164153 (2017) Kat:3, Licht: 0,164153,3,7,3,12,07,5,0,0,1,1,0,0,,0
"POINT (12.384340575000067 51.300517288000037)",Unfall 164155 (2017) Kat:3, Licht: 1,164155,3,3,5,12,07,5,0,1,1,1,0,0,,0
"POINT (12.418194383000071 51.360129976000053)",Unfall 164156 (2017) Kat:3, Licht: 0,164156,3,2,2,12,15,5,0,0,1,1,0,0,,0
"POINT (12.358001675000025 51.344127501000060)",Unfall 164157 (2017) Kat:3, Licht: 2,164157,3,3,5,12,17,5,0,2,0,1,0,0,,0
"POINT (12.373866696000050 51.333876497000062)",Unfall 164173 (2017) Kat:2, Licht: 2,164173,2,1,8,12,22,4,0,2,1,0,0,0,,0
"POINT (12.381775061000042 51.332672633000072)",Unfall 164174 (2017) Kat:3, Licht: 2,164174,3,5,1,12,18,4,0,2,1,1,0,0,,0
"POINT (12.353368612000054 51.341288910000060)",Unfall 164175 (2017) Kat:3, Licht: 2,164175,3,5,1,12,19,4,0,2,1,1,0,0,,0
"POINT (12.376607557000057 51.308473708000065)",Unfall 164176 (2017) Kat:3, Licht: 0,164176,3,4,6,12,09,4,0,0,0,1,1,0,,0
"POINT (12.365642805000050 51.339634772000068)",Unfall 164177 (2017) Kat:2, Licht: 2,164177,2,4,6,12,23,4,0,2,1,0,1,0,,0
"POINT (12.385294146000035 51.376188477000028)",Unfall 164178 (2017) Kat:2, Licht: 0,164178,2,4,6,12,14,4,0,0,0,1,1,0,,0
"POINT (12.315205334000041 51.357473373000062)",Unfall 164197 (2017) Kat:3, Licht: 1,164197,3,3,5,12,07,3,1,1,1,1,0,0,,0
"POINT (12.338904621000040 51.350052314000038)",Unfall 164198 (2017) Kat:2, Licht: 2,164198,2,1,0,12,23,3,0,2,1,0,0,0,,0
"POINT (12.396158970000045 51.301187514000048)",Unfall 164199 (2017) Kat:3, Licht: 1,164199,3,2,4,12,07,3,1,1,0,1,0,0,,1
"POINT (12.361609734000069 51.363338521000060)",Unfall 164200 (2017) Kat:3, Licht: 0,164200,3,2,2,12,07,3,1,0,0,1,0,0,,0
"POINT (12.469564637000076 51.277516278000064)",Unfall 164201 (2017) Kat:2, Licht: 2,164201,2,2,4,12,18,3,0,2,0,1,0,0,,0
"POINT (12.419474909000030 51.333077913000068)",Unfall 164202 (2017) Kat:3, Licht: 2,164202,3,3,5,12,07,3,1,2,1,1,0,0,,0
"POINT (12.267713795000077 51.307723155000076)",Unfall 164203 (2017) Kat:3, Licht: 2,164203,3,6,6,12,22,3,0,2,1,0,1,0,,0
"POINT (12.385772449000058 51.372637286000042)",Unfall 164221 (2017) Kat:2, Licht: 0,164221,2,3,5,12,13,2,1,0,1,1,0,0,,0
"POINT (12.419287280000049 51.343871954000065)",Unfall 164222 (2017) Kat:2, Licht: 1,164222,2,4,6,12,07,2,1,1,0,1,1,0,,0
"POINT (12.357294545000059 51.377092446000063)",Unfall 164223 (2017) Kat:3, Licht: 2,164223,3,5,1,12,07,2,1,2,1,1,0,0,,0
"POINT (12.277792916000067 51.310794712000074)",Unfall 164236 (2017) Kat:3, Licht: 1,164236,3,6,2,12,16,1,2,1,0,1,0,0,,0
"POINT (12.418240196000056 51.360155229000043)",Unfall 164237 (2017) Kat:3, Licht: 2,164237,3,7,9,12,03,1,1,2,0,1,0,0,,0
"POINT (12.369646760000023 51.324495737000063)",Unfall 164238 (2017) Kat:3, Licht: 2,164238,3,3,5,12,20,1,1,2,0,1,0,1,,0
"POINT (12.328011837000076 51.373098156000026)",Unfall 164247 (2017) Kat:3, Licht: 0,164247,3,2,6,12,11,7,0,0,0,1,1,0,,0
"POINT (12.396338431000061 51.303537208000080)",Unfall 164248 (2017) Kat:2, Licht: 0,164248,2,7,3,12,09,7,0,0,0,1,0,0,,1
"POINT (12.385337374000073 51.365686890000063)",Unfall 164254 (2017) Kat:3, Licht: 2,164254,3,2,6,12,17,6,0,2,0,1,1,0,,0
"POINT (12.405799148000028 51.350708156000053)",Unfall 164255 (2017) Kat:3, Licht: 0,164255,3,3,5,12,12,6,0,0,0,1,0,0,,1
"POINT (12.376089981000064 51.348280838000051)",Unfall 164266 (2017) Kat:3, Licht: 0,164266,3,6,1,11,09,5,0,0,0,1,0,0,,0
"POINT (12.371703066000066 51.335257678000062)",Unfall 164267 (2017) Kat:3, Licht: 0,164267,3,3,1,11,15,5,0,0,1,1,0,0,,0
"POINT (12.385998823000023 51.363084957000069)",Unfall 164268 (2017) Kat:3, Licht: 0,164268,3,3,5,11,09,5,0,0,1,1,0,0,,0
"POINT (12.358492037000076 51.343250978000071)",Unfall 164269 (2017) Kat:3, Licht: 2,164269,3,3,5,11,23,5,0,2,0,1,0,0,,0
"POINT (12.425751935000051 51.320084607000069)",Unfall 164270 (2017) Kat:3, Licht: 0,164270,3,6,2,11,11,5,0,0,0,1,0,0,,1
"POINT (12.353149923000046 51.332763875000069)",Unfall 164271 (2017) Kat:2, Licht: 0,164271,2,3,5,11,09,5,0,0,1,1,0,0,,0
"POINT (12.357965352000065 51.362078446000055)",Unfall 164272 (2017) Kat:3, Licht: 0,164272,3,3,5,11,15,5,0,0,1,1,0,0,,0
"POINT (12.385124038000072 51.338104071000032)",Unfall 164287 (2017) Kat:3, Licht: 0,164287,3,2,5,11,09,4,0,0,1,1,0,0,,0
"POINT (12.349895771000035 51.366048666000040)",Unfall 164288 (2017) Kat:3, Licht: 2,164288,3,3,5,11,16,4,0,2,1,1,0,0,,0
"POINT (12.374034913000060 51.363483479000081)",Unfall 164289 (2017) Kat:2, Licht: 0,164289,2,7,6,11,09,4,0,0,0,1,1,0,,0
"POINT (12.317575704000035 51.318821971000034)",Unfall 164290 (2017) Kat:2, Licht: 0,164290,2,2,3,11,14,4,0,0,0,1,0,0,,1
"POINT (12.378475831000060 51.321995001000062)",Unfall 164291 (2017) Kat:3, Licht: 0,164291,3,3,5,11,13,4,0,0,1,1,0,0,,0
"POINT (12.407121178000068 51.342831516000047)",Unfall 164292 (2017) Kat:2, Licht: 2,164292,2,4,6,11,16,4,0,2,0,1,1,0,,0
"POINT (12.365617403000044 51.332069103000038)",Unfall 164312 (2017) Kat:3, Licht: 0,164312,3,3,5,11,15,3,1,0,1,1,0,0,,0
"POINT (12.403222421000066 51.327131550000047)",Unfall 164314 (2017) Kat:3, Licht: 0,164314,3,6,2,11,14,3,0,0,0,1,0,0,,0
"POINT (12.320962856000051 51.343677549000063)",Unfall 164315 (2017) Kat:3, Licht: 0,164315,3,4,6,11,14,3,0,0,1,0,1,0,,0
"POINT (12.387302021000039 51.309252523000055)",Unfall 164316 (2017) Kat:2, Licht: 0,164316,2,3,5,11,10,3,0,0,1,1,0,0,,0
"POINT (12.297739922000062 51.357382460000053)",Unfall 164317 (2017) Kat:3, Licht: 2,164317,3,3,5,11,06,3,0,2,1,1,0,0,,0
"POINT (12.369453331000045 51.323315750000063)",Unfall 164329 (2017) Kat:3, Licht: 0,164329,3,3,5,11,15,2,0,0,1,1,0,0,,0
"POINT (12.493018467000070 51.346931948000076)",Unfall 164344 (2017) Kat:3, Licht: 0,164344,3,3,5,12,15,1,1,0,0,1,0,0,,0
"POINT (12.326356172000033 51.326825741000050)",Unfall 164345 (2017) Kat:3, Licht: 0,164345,3,5,3,12,14,1,1,0,0,1,0,1,,0