WKT,Name,OBJECTID,UKATEGORIE,UTYP1,UART,UMONAT,USTUNDE,UWOCHENTAG,STRZUSTAND,ULICHTVERH,ISTRAD,ISTPKW,ISTFUSS,ISTKRAD,ISTGKFZ,ISTSONSTIG
"POINT (12.330034681000029 51.335687794000080)",Unfall 164447 (2017) Kat:3, Licht: 1,164447,3,6,2,12,16,1,1,1,0,1,0,0,,0
"POINT (12.305467901000043 51.254466288000060)",Unfall 164448 (2017) Kat:3, Licht: 1,164448,3,1,8,12,16,1,0,1,1,0,0,0,,0
"POINT (12.390240070000061 51.290974706000043)",Unfall 164451 (2017) Kat:3, Licht: 0,164451,3,7,6,12,15,7,1,0,0,1,1,0,,0
"POINT (12.338835762000031 51.332461580000029)",Unfall 164452 (2017) Kat:3, Licht: 2,164452,3,4,6,12,00,7,0,2,0,1,1,0,,0
"POINT (12.324099175000072 51.374476805000029)",Unfall 164462 (2017) Kat:3, Licht: 2,164462,3,4,6,12,04,5,1,2,0,0,1,0,,1
"POINT (12.271807083000056 51.309139219000031)",Unfall 164463 (2017) Kat:2, Licht: 0,164463,2,4,6,12,10,5,0,0,0,1,1,0,,0
"POINT (12.365639226000042 51.332055800000035)",Unfall 164473 (2017) Kat:3, Licht: 0,164473,3,3,5,12,09,4,0,0,0,1,0,0,,0
"POINT (12.303168899000070 51.255478629000038)",Unfall 164480 (2017) Kat:3, Licht: 0,164480,3,4,6,12,10,3,0,0,1,0,1,0,,0
"POINT (12.358499695000035 51.343237291000037)",Unfall 164483 (2017) Kat:3, Licht: 0,164483,3,6,2,12,14,2,0,0,0,1,0,0,,0
"POINT (12.385305938000045 51.297770241000080)",Unfall 164484 (2017) Kat:3, Licht: 2,164484,3,3,5,12,23,2,0,2,1,1,0,0,,0
"POINT (12.367159015000027 51.325510423000026)",Unfall 164494 (2017) Kat:3, Licht: 1,164494,3,6,2,12,17,7,0,1,0,1,0,0,,0
"POINT (12.400905863000048 51.336896189000072)",Unfall 164501 (2017) Kat:3, Licht: 0,164501,3,5,5,12,15,6,0,0,1,1,0,0,,0
"POINT (12.303022360000057 51.353190179000080)",Unfall 164502 (2017) Kat:2, Licht: 2,164502,2,3,5,12,23,6,0,2,0,1,0,0,,0
"POINT (12.388446049000038 51.301100152000060)",Unfall 164511 (2017) Kat:3, Licht: 2,164511,3,5,3,12,18,5,1,2,1,1,0,0,,0
"POINT (12.399444606000031 51.376403816000050)",Unfall 164512 (2017) Kat:3, Licht: 0,164512,3,3,5,12,15,5,1,0,0,1,0,0,,0
"POINT (12.408661146000043 51.359995057000049)",Unfall 164513 (2017) Kat:2, Licht: 2,164513,2,3,5,12,17,5,1,2,1,1,0,0,,0
"POINT (12.270981292000045 51.305195702000049)",Unfall 164525 (2017) Kat:3, Licht: 1,164525,3,6,6,12,17,4,1,1,0,1,1,0,,0
"POINT (12.302162994000071 51.339764093000042)",Unfall 164526 (2017) Kat:3, Licht: 2,164526,3,6,0,12,07,4,1,2,0,1,0,1,,0
"POINT (12.281453527000053 51.311575585000071)",Unfall 164527 (2017) Kat:2, Licht: 0,164527,2,2,5,12,14,4,0,0,0,1,0,0,,0
"POINT (12.376424967000048 51.310396265000065)",Unfall 164528 (2017) Kat:3, Licht: 0,164528,3,2,4,12,11,4,0,0,1,1,0,0,,0
"POINT (12.386538031000043 51.337208254000075)",Unfall 164529 (2017) Kat:3, Licht: 1,164529,3,4,6,12,16,4,1,1,0,0,1,0,,1
"POINT (12.393417228000033 51.331116980000047)",Unfall 164536 (2017) Kat:3, Licht: 2,164536,3,3,5,12,16,3,1,2,0,1,0,0,,0
"POINT (12.395074018000059 51.342747337000048)",Unfall 164537 (2017) Kat:2, Licht: 2,164537,2,2,6,12,17,3,1,2,0,1,1,0,,0
"POINT (12.371366148000050 51.346276838000051)",Unfall 164538 (2017) Kat:3, Licht: 2,164538,3,2,4,12,16,3,1,2,1,1,0,0,,0
"POINT (12.373732563000033 51.326879924000082)",Unfall 164539 (2017) Kat:3, Licht: 0,164539,3,3,5,12,12,3,1,0,1,0,0,0,,1
"POINT (12.458230571000058 51.356719932000033)",Unfall 164540 (2017) Kat:3, Licht: 2,164540,3,7,6,12,19,3,1,2,0,1,1,0,,0
"POINT (12.380803708000030 51.306333120000033)",Unfall 164541 (2017) Kat:3, Licht: 0,164541,3,5,1,12,07,3,0,0,1,1,0,0,,0
"POINT (12.334205695000037 51.319361359000027)",Unfall 164542 (2017) Kat:3, Licht: 2,164542,3,2,5,12,18,3,1,2,1,1,0,0,,0
"POINT (12.440662711000073 51.333378776000075)",Unfall 164543 (2017) Kat:2, Licht: 2,164543,2,4,6,12,18,3,1,2,0,1,1,0,,0
"POINT (12.301967878000028 51.354049041000053)",Unfall 164544 (2017) Kat:3, Licht: 0,164544,3,6,1,12,11,3,1,0,0,1,0,0,,0
"POINT (12.365661688000046 51.321030553000071)",Unfall 164545 (2017) Kat:3, Licht: 2,164545,3,3,1,12,16,3,0,2,1,0,0,0,,1
"POINT (12.371360429000049 51.339695664000033)",Unfall 164556 (2017) Kat:3, Licht: 2,164556,3,6,1,12,17,2,0,2,1,1,0,0,,0
"POINT (12.368335908000063 51.331509762000053)",Unfall 164562 (2017) Kat:3, Licht: 0,164562,3,5,0,12,10,2,0,0,1,1,0,0,,0
"POINT (12.381561114000021 51.331687787000078)",Unfall 164563 (2017) Kat:3, Licht: 0,164563,3,6,3,12,09,2,1,0,1,0,0,0,,1
"POINT (12.411662966000051 51.342639064000082)",Unfall 164564 (2017) Kat:2, Licht: 1,164564,2,2,4,12,07,2,0,1,1,0,0,0,,0
"POINT (12.410805002000075 51.335004775000073)",Unfall 164565 (2017) Kat:3, Licht: 1,164565,3,6,2,12,16,2,0,1,0,1,0,0,,0
"POINT (12.384343683000054 51.394039967000026)",Unfall 164566 (2017) Kat:3, Licht: 0,164566,3,3,5,12,08,2,0,0,0,1,0,0,,0
"POINT (12.406004682000059 51.313952255000061)",Unfall 164567 (2017) Kat:3, Licht: 2,164567,3,2,2,12,06,2,1,2,1,1,0,0,,0
"POINT (12.367836193000073 51.345439885000076)",Unfall 164569 (2017) Kat:3, Licht: 2,164569,3,3,5,12,17,2,0,2,1,1,0,0,,0
"POINT (12.263083978000054 51.344634310000060)",Unfall 164570 (2017) Kat:3, Licht: 0,164570,3,2,4,12,10,2,0,0,1,1,0,0,,0
"POINT (12.405978015000073 51.335982041000079)",Unfall 164571 (2017) Kat:3, Licht: 0,164571,3,3,5,12,07,2,0,0,0,1,0,0,,0
"POINT (12.307200117000036 51.323136370000043)",Unfall 164572 (2017) Kat:2, Licht: 2,164572,2,3,5,12,17,2,1,2,1,1,0,0,,0
"POINT (12.412473051000063 51.354330905000040)",Unfall 164583 (2017) Kat:3, Licht: 2,164583,3,3,5,12,20,1,0,2,0,1,0,0,,0
"POINT (12.371278164000046 51.344445945000075)",Unfall 64350 (2018) Kat:3, Licht: 0,64350,3,3,5,01,13,7,0,0,0,1,0,0,0,0
"POINT (12.424938117000067 51.304625530000067)",Unfall 64362 (2018) Kat:2, Licht: 0,64362,2,4,6,01,15,4,0,0,0,0,1,0,1,0
"POINT (12.395217495000054 51.332161234000068)",Unfall 64554 (2018) Kat:3, Licht: 0,64554,3,6,4,01,08,3,0,0,1,0,0,0,0,0
"POINT (12.361367111000050 51.375609993000069)",Unfall 64824 (2018) Kat:3, Licht: 2,64824,3,2,3,01,17,3,0,2,1,1,0,0,0,0
"POINT (12.439265246000048 51.350840190000042)",Unfall 64907 (2018) Kat:2, Licht: 2,64907,2,6,6,01,17,7,0,2,1,0,1,0,0,0
"POINT (12.401749020000068 51.324169506000032)",Unfall 64926 (2018) Kat:2, Licht: 2,64926,2,4,6,01,06,4,1,2,0,1,1,0,0,0
"POINT (12.403108350000025 51.425299112000062)",Unfall 65306 (2018) Kat:3, Licht: 0,65306,3,3,5,01,14,6,0,0,0,1,0,0,0,0
"POINT (12.371440181000025 51.344459027000028)",Unfall 65658 (2018) Kat:3, Licht: 0,65658,3,3,5,01,14,3,0,0,1,1,0,0,0,0
"POINT (12.512101205000022 51.331967932000055)",Unfall 65699 (2018) Kat:3, Licht: 0,65699,3,7,8,01,15,5,0,0,0,0,0,0,1,0
"POINT (12.273795567000036 51.396989571000063)",Unfall 65751 (2018) Kat:3, Licht: 2,65751,3,6,1,01,17,4,0,2,0,1,0,0,0,0
"POINT (12.370996810000065 51.344097552000051)",Unfall 65761 (2018) Kat:3, Licht: 2,65761,3,3,5,01,18,4,1,2,0,1,0,0,0,0
"POINT (12.394425902000023 51.336781185000063)",Unfall 65763 (2018) Kat:2, Licht: 2,65763,2,2,4,01,18,4,1,2,0,1,0,0,0,0
"POINT (12.254619153000021 51.281179342000030)",Unfall 65765 (2018) Kat:3, Licht: 0,65765,3,3,5,01,14,4,0,0,0,1,0,0,0,0
"POINT (12.368367280000029 51.314546499000073)",Unfall 65806 (2018) Kat:3, Licht: 1,65806,3,3,5,02,07,5,1,1,0,1,0,0,0,0
"POINT (12.380397930000072 51.344137552000063)",Unfall 65808 (2018) Kat:3, Licht: 2,65808,3,3,5,01,22,3,0,2,1,1,0,0,0,0
"POINT (12.394430363000026 51.336792283000079)",Unfall 65820 (2018) Kat:3, Licht: 0,65820,3,2,4,01,09,3,1,0,0,1,0,0,0,0
"POINT (12.273814841000046 51.255036818000065)",Unfall 65856 (2018) Kat:2, Licht: 0,65856,2,6,2,02,12,6,0,0,0,1,0,0,0,0
"POINT (12.358646940000028 51.341974846000028)",Unfall 65864 (2018) Kat:3, Licht: 0,65864,3,3,5,01,13,7,0,0,0,1,0,0,0,1
"POINT (12.353599673000076 51.340905751000037)",Unfall 65873 (2018) Kat:3, Licht: 0,65873,3,2,5,01,10,7,1,0,0,1,0,0,0,0
"POINT (12.452250002000028 51.350337068000044)",Unfall 65877 (2018) Kat:3, Licht: 2,65877,3,2,4,01,18,7,0,2,0,1,0,0,0,0
"POINT (12.290141127000027 51.392794064000043)",Unfall 65879 (2018) Kat:3, Licht: 0,65879,3,6,2,01,10,2,0,0,0,1,0,0,0,0
"POINT (12.482710552000071 51.361729568000044)",Unfall 65883 (2018) Kat:2, Licht: 2,65883,2,4,6,01,20,7,0,2,0,1,1,0,0,0
"POINT (12.297523883000054 51.337342974000080)",Unfall 65886 (2018) Kat:2, Licht: 0,65886,2,1,8,01,09,5,0,0,0,0,0,1,0,0
"POINT (12.393030752000072 51.334485578000056)",Unfall 65889 (2018) Kat:3, Licht: 2,65889,3,2,6,01,18,3,0,2,0,1,1,0,0,0
"POINT (12.434225498000046 51.393714791000036)",Unfall 65913 (2018) Kat:2, Licht: 0,65913,2,1,9,01,13,6,1,0,0,1,0,0,0,0
"POINT (12.404957185000058 51.418396474000076)",Unfall 65916 (2018) Kat:3, Licht: 2,65916,3,1,9,01,20,1,0,2,0,1,0,0,0,0
"POINT (12.323685434000026 51.379466212000068)",Unfall 65950 (2018) Kat:3, Licht: 1,65950,3,2,6,01,05,7,1,1,0,0,1,0,0,1
"POINT (12.256231250000042 51.346785944000032)",Unfall 65976 (2018) Kat:3, Licht: 0,65976,3,1,9,01,07,1,1,0,0,1,0,0,0,0
"POINT (12.353435944000069 51.341158609000047)",Unfall 65982 (2018) Kat:3, Licht: 1,65982,3,2,3,01,08,6,1,1,1,1,0,0,0,0
"POINT (12.262588102000052 51.346227877000047)",Unfall 65985 (2018) Kat:3, Licht: 0,65985,3,3,5,01,16,6,1,0,0,1,0,0,0,0
"POINT (12.364966815000059 51.343249706000051)",Unfall 66028 (2018) Kat:2, Licht: 0,66028,2,4,6,01,16,7,0,0,0,0,1,0,0,1
"POINT (12.383676331000061 51.343867489000047)",Unfall 66078 (2018) Kat:3, Licht: 2,66078,3,3,5,01,22,6,1,2,1,1,0,0,0,0
"POINT (12.303885908000041 51.342485765000049)",Unfall 66113 (2018) Kat:2, Licht: 0,66113,2,4,6,02,12,2,0,0,0,1,1,0,0,0
"POINT (12.503323352000052 51.327466310000034)",Unfall 66124 (2018) Kat:2, Licht: 2,66124,2,1,9,02,23,2,1,2,0,1,0,0,0,0
"POINT (12.495608175000029 51.354628493000064)",Unfall 66129 (2018) Kat:3, Licht: 2,66129,3,1,9,03,23,2,1,2,0,1,0,0,0,0
"POINT (12.384486165000055 51.394068230000073)",Unfall 66140 (2018) Kat:3, Licht: 2,66140,3,7,3,03,18,2,0,2,0,1,0,0,0,0
"POINT (12.327811488000066 51.404705434000050)",Unfall 66153 (2018) Kat:3, Licht: 2,66153,3,1,8,03,20,3,2,2,0,0,0,0,1,0
"POINT (12.393029287000047 51.334483604000070)",Unfall 66212 (2018) Kat:3, Licht: 0,66212,3,3,5,02,08,3,0,0,1,1,0,0,0,0
"POINT (12.376492430000042 51.314830825000058)",Unfall 66219 (2018) Kat:3, Licht: 0,66219,3,3,5,02,11,2,0,0,0,1,0,0,0,0
"POINT (12.448332889000028 51.280602168000030)",Unfall 66220 (2018) Kat:3, Licht: 0,66220,3,6,2,02,11,5,0,0,0,1,0,0,0,0
"POINT (12.456178035000050 51.377339580000069)",Unfall 66229 (2018) Kat:3, Licht: 0,66229,3,6,2,02,10,4,0,0,0,0,0,0,1,0
"POINT (12.376999224000031 51.344503909000082)",Unfall 66266 (2018) Kat:3, Licht: 0,66266,3,3,5,02,13,1,0,0,1,1,0,0,0,0
"POINT (12.391968487000042 51.346410401000071)",Unfall 66273 (2018) Kat:3, Licht: 0,66273,3,6,2,03,16,5,0,0,0,1,0,0,0,0
"POINT (12.381630696000059 51.343356115000063)",Unfall 66280 (2018) Kat:2, Licht: 2,66280,2,3,5,02,02,1,0,2,1,1,0,0,0,0
"POINT (12.495769185000029 51.355705032000060)",Unfall 66321 (2018) Kat:3, Licht: 0,66321,3,6,2,02,12,6,0,0,0,1,0,0,1,0
"POINT (12.406827393000071 51.401315377000060)",Unfall 66336 (2018) Kat:2, Licht: 0,66336,2,6,2,02,10,4,0,0,0,1,0,0,0,0
"POINT (12.401605297000060 51.324331490000077)",Unfall 66354 (2018) Kat:3, Licht: 0,66354,3,2,3,02,13,7,0,0,0,1,0,0,0,0
"POINT (12.475515733000066 51.300992342000029)",Unfall 66372 (2018) Kat:3, Licht: 0,66372,3,1,8,03,13,6,0,0,0,1,0,0,0,0
"POINT (12.311691076000045 51.414670849000061)",Unfall 66396 (2018) Kat:3, Licht: 2,66396,3,2,5,02,23,3,0,2,0,1,0,0,0,0
"POINT (12.399671425000065 51.362272095000037)",Unfall 66442 (2018) Kat:3, Licht: 0,66442,3,6,2,02,15,2,0,0,0,1,0,0,0,0
"POINT (12.393859524000050 51.333148251000068)",Unfall 66482 (2018) Kat:3, Licht: 0,66482,3,6,2,02,15,3,0,0,0,1,0,0,0,1
"POINT (12.365407334000054 51.314389484000060)",Unfall 66483 (2018) Kat:3, Licht: 2,66483,3,6,4,02,20,3,0,2,0,1,0,0,0,0
"POINT (12.393791722000060 51.351305275000072)",Unfall 66515 (2018) Kat:3, Licht: 1,66515,3,1,8,02,06,6,1,1,0,1,0,0,0,0
"POINT (12.344866648000050 51.339188817000036)",Unfall 66526 (2018) Kat:3, Licht: 0,66526,3,3,5,02,07,4,0,0,1,1,0,0,0,0
"POINT (12.290348109000035 51.392842487000053)",Unfall 66530 (2018) Kat:3, Licht: 0,66530,3,2,5,02,14,5,0,0,1,0,0,0,1,0
"POINT (12.395131675000073 51.339156427000034)",Unfall 66543 (2018) Kat:3, Licht: 1,66543,3,6,2,03,18,6,0,1,0,1,0,0,0,0
"POINT (12.357422728000074 51.341761298000051)",Unfall 66548 (2018) Kat:2, Licht: 2,66548,2,4,6,02,18,3,0,2,0,0,1,0,0,1
"POINT (12.426450548000048 51.351811398000052)",Unfall 66558 (2018) Kat:3, Licht: 2,66558,3,3,5,03,05,7,1,2,0,1,0,0,0,0
"POINT (12.346026250000023 51.339323152000077)",Unfall 66560 (2018) Kat:2, Licht: 2,66560,2,4,6,02,22,7,0,2,1,0,1,0,0,0
"POINT (12.448690293000027 51.383800953000048)",Unfall 66564 (2018) Kat:3, Licht: 0,66564,3,6,2,02,12,4,0,0,0,1,0,0,1,0
"POINT (12.338435550000042 51.396413988000063)",Unfall 66589 (2018) Kat:3, Licht: 0,66589,3,1,0,02,06,5,2,0,0,1,0,0,0,0
"POINT (12.441624717000025 51.350823717000026)",Unfall 66612 (2018) Kat:3, Licht: 0,66612,3,6,2,02,10,1,0,0,0,1,0,0,0,0
"POINT (12.460782603000041 51.367342784000073)",Unfall 66619 (2018) Kat:3, Licht: 0,66619,3,2,4,02,14,3,0,0,0,1,0,0,0,0
"POINT (12.401503592000040 51.324201748000064)",Unfall 66625 (2018) Kat:3, Licht: 2,66625,3,3,5,03,21,7,0,2,0,1,0,0,0,0
"POINT (12.380969976000074 51.343901223000046)",Unfall 66639 (2018) Kat:2, Licht: 2,66639,2,3,5,02,05,4,0,2,1,1,0,0,0,0
"POINT (12.247296564000067 51.318148514000029)",Unfall 66649 (2018) Kat:3, Licht: 0,66649,3,2,2,03,06,4,1,0,0,1,0,0,0,0
"POINT (12.391774432000034 51.346352524000054)",Unfall 66654 (2018) Kat:3, Licht: 0,66654,3,6,2,04,18,5,0,0,0,1,0,0,0,0
"POINT (12.443925727000021 51.360026549000054)",Unfall 66663 (2018) Kat:3, Licht: 0,66663,3,2,3,04,14,4,0,0,1,0,0,0,0,1
"POINT (12.395371504000025 51.341269479000061)",Unfall 66668 (2018) Kat:3, Licht: 0,66668,3,7,8,03,12,7,0,0,0,1,0,0,0,0
"POINT (12.273866363000025 51.396968292000054)",Unfall 66678 (2018) Kat:3, Licht: 2,66678,3,6,2,03,05,5,1,2,0,1,0,0,0,0
"POINT (12.330260278000026 51.335713976000079)",Unfall 66693 (2018) Kat:3, Licht: 2,66693,3,2,2,04,00,1,0,2,0,1,0,0,0,0
"POINT (12.361369645000025 51.375610418000065)",Unfall 66736 (2018) Kat:3, Licht: 2,66736,3,4,6,03,23,6,0,2,0,1,1,0,0,0
"POINT (12.344863273000044 51.339188087000082)",Unfall 66739 (2018) Kat:3, Licht: 0,66739,3,3,5,04,08,6,0,0,1,1,0,0,0,0
"POINT (12.437835799000027 51.327502580000044)",Unfall 66766 (2018) Kat:3, Licht: 0,66766,3,2,6,03,13,3,1,0,0,1,1,0,0,0
"POINT (12.378669017000050 51.344642872000065)",Unfall 66772 (2018) Kat:2, Licht: 0,66772,2,6,6,04,13,6,0,0,1,0,1,0,0,0
"POINT (12.381164361000060 51.375788531000069)",Unfall 66787 (2018) Kat:3, Licht: 0,66787,3,6,3,04,10,4,0,0,0,1,0,1,0,0
"POINT (12.269206849000057 51.263065189000031)",Unfall 66796 (2018) Kat:3, Licht: 0,66796,3,6,3,04,12,3,0,0,0,1,0,0,0,0
"POINT (12.448438637000038 51.383727455000042)",Unfall 66835 (2018) Kat:2, Licht: 0,66835,2,6,3,04,13,4,0,0,0,0,0,0,1,1
"POINT (12.441693621000070 51.350823740000067)",Unfall 66858 (2018) Kat:3, Licht: 0,66858,3,6,2,04,12,7,0,0,0,1,0,0,0,0
"POINT (12.380970055000034 51.343901191000043)",Unfall 66866 (2018) Kat:3, Licht: 0,66866,3,3,5,03,09,3,0,0,1,1,0,0,0,0
"POINT (12.396155748000069 51.415503804000082)",Unfall 66876 (2018) Kat:2, Licht: 0,66876,2,3,5,03,16,2,0,0,0,1,0,0,1,0
"POINT (12.291346875000045 51.392554355000073)",Unfall 66896 (2018) Kat:3, Licht: 0,66896,3,6,2,03,07,2,2,0,0,1,0,0,0,1
"POINT (12.359321640000076 51.342092736000041)",Unfall 66904 (2018) Kat:3, Licht: 0,66904,3,6,2,04,11,4,0,0,0,1,0,0,0,0
"POINT (12.378188702000045 51.375846394000064)",Unfall 66943 (2018) Kat:3, Licht: 0,66943,3,2,5,04,18,7,0,0,1,1,0,0,0,0
"POINT (12.263610189000076 51.275857758000029)",Unfall 66978 (2018) Kat:3, Licht: 2,66978,3,2,4,04,23,3,0,2,0,1,0,0,0,0
"POINT (12.430637474000036 51.351357645000064)",Unfall 66979 (2018) Kat:3, Licht: 0,66979,3,4,6,04,14,1,0,0,1,0,1,0,0,0
"POINT (12.511362303000055 51.333323127000028)",Unfall 67006 (2018) Kat:3, Licht: 0,67006,3,1,9,03,10,1,2,0,0,1,0,0,0,0
"POINT (12.520842582000057 51.319370112000058)",Unfall 67007 (2018) Kat:3, Licht: 0,67007,3,1,9,03,08,1,2,0,0,1,0,0,0,0
"POINT (12.300261252000041 51.340472973000033)",Unfall 67016 (2018) Kat:3, Licht: 0,67016,3,2,2,04,15,3,0,0,0,1,0,0,0,0
"POINT (12.377217804000054 51.344527559000028)",Unfall 67061 (2018) Kat:3, Licht: 2,67061,3,2,3,04,20,4,1,2,0,1,0,0,0,0
"POINT (12.431510956000068 51.300147532000040)",Unfall 67079 (2018) Kat:3, Licht: 0,67079,3,6,2,04,16,5,0,0,0,1,0,0,0,0
"POINT (12.396210072000031 51.415439459000027)",Unfall 67105 (2018) Kat:3, Licht: 1,67105,3,6,1,04,04,3,0,1,0,1,0,0,1,0
"POINT (12.374818933000029 51.375943746000075)",Unfall 67108 (2018) Kat:3, Licht: 0,67108,3,2,2,04,11,7,0,0,0,1,0,0,0,0
"POINT (12.455765118000045 51.268414969000048)",Unfall 67110 (2018) Kat:3, Licht: 2,67110,3,1,9,03,04,7,2,2,0,1,0,0,0,0
"POINT (12.402929422000057 51.402385023000079)",Unfall 67119 (2018) Kat:2, Licht: 0,67119,2,6,2,03,12,7,1,0,0,1,0,0,0,0
"POINT (12.300230588000034 51.386265764000029)",Unfall 67123 (2018) Kat:2, Licht: 0,67123,2,2,4,04,12,2,1,0,0,1,0,0,0,0
"POINT (12.403888766000023 51.321744095000042)",Unfall 67133 (2018) Kat:3, Licht: 0,67133,3,2,5,04,09,2,1,0,1,0,0,0,0,1
"POINT (12.381601475000025 51.314846158000080)",Unfall 67149 (2018) Kat:3, Licht: 0,67149,3,6,3,04,17,4,1,0,1,1,0,0,0,0
"POINT (12.451631554000073 51.279161512000030)",Unfall 67163 (2018) Kat:3, Licht: 0,67163,3,6,2,04,18,7,0,0,0,1,0,0,0,0
"POINT (12.457922944000074 51.350464816000056)",Unfall 67199 (2018) Kat:3, Licht: 0,67199,3,6,2,04,16,4,0,0,0,1,0,0,0,0
"POINT (12.344841994000035 51.339183485000035)",Unfall 67258 (2018) Kat:3, Licht: 0,67258,3,3,5,04,17,5,0,0,1,1,0,0,0,0
"POINT (12.384969555000055 51.344358640000053)",Unfall 67265 (2018) Kat:3, Licht: 0,67265,3,6,2,04,14,2,1,0,0,1,0,0,0,0
"POINT (12.378443229000027 51.314939864000053)",Unfall 67269 (2018) Kat:3, Licht: 0,67269,3,6,2,04,15,6,0,0,1,1,0,0,0,0
"POINT (12.498392954000053 51.332565430000045)",Unfall 67315 (2018) Kat:3, Licht: 0,67315,3,7,8,04,07,2,0,0,0,1,0,0,0,0
"POINT (12.331927871000062 51.335911999000075)",Unfall 67331 (2018) Kat:3, Licht: 0,67331,3,2,5,04,14,6,0,0,1,1,0,0,0,0
"POINT (12.377013301000034 51.344505432000062)",Unfall 67363 (2018) Kat:3, Licht: 2,67363,3,3,5,04,21,1,0,2,0,1,0,0,0,0
"POINT (12.422216879000075 51.351669161000075)",Unfall 67367 (2018) Kat:3, Licht: 0,67367,3,3,5,04,08,5,0,0,1,1,0,0,0,0
"POINT (12.394529669000065 51.410380917000055)",Unfall 67387 (2018) Kat:3, Licht: 0,67387,3,6,2,04,15,1,0,0,0,1,0,1,0,0
"POINT (12.274649398000065 51.318333810000070)",Unfall 67389 (2018) Kat:3, Licht: 0,67389,3,2,5,03,16,5,0,0,1,1,0,0,0,0
"POINT (12.328501935000077 51.336752172000047)",Unfall 67422 (2018) Kat:3, Licht: 0,67422,3,6,2,04,16,3,0,0,0,1,0,0,0,0
"POINT (12.325313280000046 51.338196283000059)",Unfall 67444 (2018) Kat:3, Licht: 0,67444,3,3,5,04,18,4,0,0,1,1,0,0,0,0
"POINT (12.358728155000051 51.342061715000057)",Unfall 67460 (2018) Kat:3, Licht: 0,67460,3,4,6,03,07,6,0,0,0,1,1,0,0,0
"POINT (12.300122063000060 51.340313883000078)",Unfall 67468 (2018) Kat:3, Licht: 0,67468,3,7,0,04,09,3,0,0,1,1,0,0,0,0
"POINT (12.446162997000044 51.361097360000031)",Unfall 67482 (2018) Kat:3, Licht: 0,67482,3,7,1,04,10,7,0,0,0,1,0,1,0,0
"POINT (12.435022120000042 51.351120977000051)",Unfall 67500 (2018) Kat:3, Licht: 2,67500,3,6,3,04,17,6,0,2,1,0,0,0,0,0
"POINT (12.395129561000033 51.332063891000075)",Unfall 67516 (2018) Kat:3, Licht: 0,67516,3,6,3,03,09,3,0,0,1,1,0,0,0,0
"POINT (12.411764841000036 51.314593417000026)",Unfall 67524 (2018) Kat:3, Licht: 0,67524,3,2,5,03,09,3,0,0,1,1,0,0,0,0
"POINT (12.381579282000075 51.283579570000029)",Unfall 67541 (2018) Kat:3, Licht: 0,67541,3,7,1,05,14,2,0,0,0,1,0,0,0,0
"POINT (12.342583021000053 51.338655481000046)",Unfall 67551 (2018) Kat:3, Licht: 0,67551,3,2,2,05,17,2,0,0,1,0,0,0,0,0
"POINT (12.373743146000038 51.344394109000064)",Unfall 67559 (2018) Kat:3, Licht: 0,67559,3,3,5,05,09,4,0,0,1,1,0,0,0,0
"POINT (12.298828476000040 51.338834777000045)",Unfall 67580 (2018) Kat:3, Licht: 0,67580,3,6,2,05,15,2,0,0,0,1,0,1,0,0
"POINT (12.381475252000030 51.343692475000068)",Unfall 67581 (2018) Kat:3, Licht: 0,67581,3,6,3,06,08,2,0,0,0,0,0,1,1,0
"POINT (12.396256993000065 51.353480296000043)",Unfall 67603 (2018) Kat:3, Licht: 0,67603,3,6,4,06,20,5,0,0,1,0,0,0,0,0
"POINT (12.436837129000025 51.351021102000061)",Unfall 67614 (2018) Kat:2, Licht: 0,67614,2,6,3,06,12,6,0,0,1,0,0,0,0,0
"POINT (12.353437159000066 51.341158882000059)",Unfall 67623 (2018) Kat:3, Licht: 0,67623,3,3,5,05,13,5,0,0,1,1,0,0,0,0
"POINT (12.373400869000022 51.314810485000066)",Unfall 67624 (2018) Kat:3, Licht: 0,67624,3,2,4,05,17,3,0,0,1,1,0,0,0,0
"POINT (12.520337563000055 51.316608402000043)",Unfall 67627 (2018) Kat:2, Licht: 0,67627,2,7,1,05,15,1,0,0,0,1,0,1,0,0
"POINT (12.471034011000029 51.370916549000071)",Unfall 67631 (2018) Kat:3, Licht: 0,67631,3,2,2,05,06,5,0,0,0,1,0,0,0,0
"POINT (12.376505186000031 51.314830881000034)",Unfall 67652 (2018) Kat:3, Licht: 0,67652,3,2,4,05,09,2,0,0,0,1,0,0,0,1
"POINT (12.307436468000049 51.341827370000033)",Unfall 67666 (2018) Kat:3, Licht: 0,67666,3,2,3,06,06,3,0,0,1,1,0,0,0,0
"POINT (12.358638777000067 51.341973451000058)",Unfall 67667 (2018) Kat:3, Licht: 0,67667,3,3,5,05,12,5,0,0,1,1,0,0,0,0
"POINT (12.407328672000062 51.318345707000049)",Unfall 67670 (2018) Kat:2, Licht: 0,67670,2,2,2,05,14,1,0,0,0,1,0,0,0,0
"POINT (12.394494284000075 51.410312849000036)",Unfall 67752 (2018) Kat:3, Licht: 0,67752,3,7,5,05,18,6,0,0,0,1,0,0,0,1
"POINT (12.331939732000023 51.335913443000038)",Unfall 67762 (2018) Kat:3, Licht: 0,67762,3,2,4,05,07,2,0,0,1,1,0,0,0,0
"POINT (12.343529098000033 51.394009879000066)",Unfall 67767 (2018) Kat:3, Licht: 0,67767,3,3,5,06,13,1,0,0,0,1,0,0,0,0
"POINT (12.399490287000049 51.363492395000037)",Unfall 67783 (2018) Kat:2, Licht: 0,67783,2,2,4,05,07,3,0,0,1,1,0,0,0,0
"POINT (12.358897269000067 51.375195433000044)",Unfall 67790 (2018) Kat:3, Licht: 0,67790,3,2,3,06,09,6,0,0,1,0,0,0,0,1