WKT,Name,OBJECTID,UKATEGORIE,UTYP1,UART,UMONAT,USTUNDE,UWOCHENTAG,STRZUSTAND,ULICHTVERH,ISTRAD,ISTPKW,ISTFUSS,ISTKRAD,ISTGKFZ,ISTSONSTIG
"POINT (12.391406477000032 51.347439595000026)",Unfall 67791 (2018) Kat:2, Licht: 0,67791,2,2,3,05,07,2,0,0,1,0,0,0,1,0
"POINT (12.461535699000024 51.281891252000037)",Unfall 67802 (2018) Kat:3, Licht: 0,67802,3,3,5,05,18,4,0,0,1,1,0,0,0,0
"POINT (12.275943731000041 51.321930488000078)",Unfall 67809 (2018) Kat:3, Licht: 0,67809,3,3,5,05,16,4,0,0,1,1,0,0,0,0
"POINT (12.359173080000062 51.375238328000080)",Unfall 67811 (2018) Kat:2, Licht: 0,67811,2,2,4,05,11,5,0,0,0,1,0,1,0,0
"POINT (12.269348750000063 51.262297772000068)",Unfall 67838 (2018) Kat:3, Licht: 0,67838,3,3,5,05,11,1,0,0,0,1,0,0,0,0
"POINT (12.417007896000030 51.350378464000073)",Unfall 67851 (2018) Kat:2, Licht: 2,67851,2,6,2,06,03,3,0,2,0,1,0,0,0,0
"POINT (12.338336747000028 51.335386862000064)",Unfall 67874 (2018) Kat:3, Licht: 0,67874,3,2,5,05,17,4,0,0,1,1,0,0,0,0
"POINT (12.381753874000026 51.343583452000075)",Unfall 67883 (2018) Kat:3, Licht: 0,67883,3,6,2,06,15,3,0,0,0,1,0,0,0,0
"POINT (12.396151136000071 51.415502452000055)",Unfall 67905 (2018) Kat:2, Licht: 0,67905,2,2,4,05,15,3,0,0,0,1,0,0,0,1
"POINT (12.333031294000023 51.336051805000068)",Unfall 67909 (2018) Kat:3, Licht: 0,67909,3,2,3,05,07,3,0,0,1,1,0,0,0,0
"POINT (12.436321015000033 51.328239253000049)",Unfall 67913 (2018) Kat:2, Licht: 0,67913,2,4,6,05,16,7,0,0,0,1,1,0,0,0
"POINT (12.479467616000022 51.352032909000059)",Unfall 67926 (2018) Kat:3, Licht: 1,67926,3,2,4,05,20,4,0,1,0,1,0,0,0,0
"POINT (12.403907063000077 51.321719186000053)",Unfall 67929 (2018) Kat:2, Licht: 0,67929,2,2,2,05,10,2,0,0,0,1,0,0,0,1
"POINT (12.393660245000035 51.344264083000041)",Unfall 67943 (2018) Kat:3, Licht: 0,67943,3,7,0,05,17,4,0,0,1,0,0,0,0,0
"POINT (12.335467294000068 51.335623773000066)",Unfall 67949 (2018) Kat:3, Licht: 0,67949,3,2,5,06,16,4,0,0,1,1,0,0,0,0
"POINT (12.433411423000052 51.355138598000053)",Unfall 67974 (2018) Kat:3, Licht: 0,67974,3,6,2,05,16,2,0,0,0,1,0,0,0,1
"POINT (12.355858327000021 51.341414253000039)",Unfall 67981 (2018) Kat:2, Licht: 0,67981,2,4,6,05,12,4,0,0,0,0,1,0,0,1
"POINT (12.377050653000026 51.344509474000063)",Unfall 67984 (2018) Kat:3, Licht: 0,67984,3,6,2,06,09,2,0,0,0,1,0,0,0,0
"POINT (12.304794995000066 51.252366305000066)",Unfall 67996 (2018) Kat:3, Licht: 0,67996,3,1,8,06,20,1,0,0,0,1,0,0,0,0
"POINT (12.449153566000064 51.280703543000072)",Unfall 67999 (2018) Kat:2, Licht: 0,67999,2,3,5,05,17,4,1,0,0,1,0,0,0,0
"POINT (12.263064864000057 51.344589886000051)",Unfall 68004 (2018) Kat:3, Licht: 0,68004,3,3,5,06,16,4,0,0,1,1,0,0,0,0
"POINT (12.405534197000065 51.401843191000069)",Unfall 68012 (2018) Kat:2, Licht: 0,68012,2,1,8,06,13,1,0,0,0,1,0,0,0,0
"POINT (12.362142463000055 51.342544183000030)",Unfall 68058 (2018) Kat:3, Licht: 0,68058,3,6,2,04,20,2,0,0,1,1,0,0,0,0
"POINT (12.395141025000044 51.339164085000050)",Unfall 68065 (2018) Kat:3, Licht: 0,68065,3,2,2,05,16,3,0,0,0,1,0,0,0,0
"POINT (12.344872435000070 51.339190069000040)",Unfall 68078 (2018) Kat:3, Licht: 0,68078,3,3,5,04,11,2,0,0,1,1,0,0,0,0
"POINT (12.479552591000072 51.352039697000066)",Unfall 68079 (2018) Kat:3, Licht: 0,68079,3,4,6,05,17,6,0,0,0,1,1,0,0,0
"POINT (12.389903411000034 51.346562422000034)",Unfall 68081 (2018) Kat:3, Licht: 0,68081,3,2,1,05,14,7,0,0,0,1,0,0,0,0
"POINT (12.384432661000062 51.394057617000044)",Unfall 68088 (2018) Kat:2, Licht: 0,68088,2,2,4,05,13,4,0,0,0,1,0,0,0,0
"POINT (12.332979862000059 51.336048582000046)",Unfall 68094 (2018) Kat:2, Licht: 0,68094,2,2,5,05,11,2,0,0,1,1,0,0,0,0
"POINT (12.394974324000032 51.339009786000076)",Unfall 68133 (2018) Kat:2, Licht: 2,68133,2,2,5,06,03,7,0,2,1,1,0,0,0,0
"POINT (12.331935622000060 51.335912943000039)",Unfall 68162 (2018) Kat:3, Licht: 0,68162,3,2,4,05,17,4,1,0,1,1,0,0,0,0
"POINT (12.397391687000038 51.369645987000069)",Unfall 68196 (2018) Kat:3, Licht: 0,68196,3,3,5,05,18,2,0,0,1,1,0,0,0,0
"POINT (12.344870900000046 51.339189737000027)",Unfall 68206 (2018) Kat:3, Licht: 0,68206,3,3,5,05,11,2,0,0,1,1,0,0,0,0
"POINT (12.281356416000051 51.344539339000050)",Unfall 68237 (2018) Kat:3, Licht: 0,68237,3,6,2,06,10,6,0,0,0,1,0,0,1,0
"POINT (12.371307071000047 51.344448699000054)",Unfall 68238 (2018) Kat:3, Licht: 0,68238,3,2,2,05,15,2,0,0,0,1,0,0,0,0
"POINT (12.300387443000034 51.386372164000079)",Unfall 68265 (2018) Kat:3, Licht: 0,68265,3,6,2,06,15,5,0,0,0,1,0,0,0,0
"POINT (12.391820456000062 51.346347085000048)",Unfall 68272 (2018) Kat:3, Licht: 0,68272,3,6,2,06,17,2,0,0,0,1,0,0,0,0
"POINT (12.362651668000069 51.342662025000038)",Unfall 68289 (2018) Kat:2, Licht: 0,68289,2,1,4,05,19,1,0,0,1,0,0,0,0,1
"POINT (12.403795809000030 51.321604738000076)",Unfall 68318 (2018) Kat:2, Licht: 0,68318,2,2,6,05,13,2,0,0,0,1,1,0,0,0
"POINT (12.333951042000024 51.335993479000081)",Unfall 68363 (2018) Kat:2, Licht: 0,68363,2,2,3,05,17,7,0,0,1,1,0,0,0,0
"POINT (12.400640231000068 51.421800882000070)",Unfall 68376 (2018) Kat:3, Licht: 0,68376,3,7,2,05,16,2,0,0,0,1,0,0,0,1
"POINT (12.392686830000059 51.333995144000028)",Unfall 68381 (2018) Kat:3, Licht: 0,68381,3,6,2,06,15,1,0,0,0,1,0,0,0,0
"POINT (12.395866348000027 51.353166517000034)",Unfall 68395 (2018) Kat:3, Licht: 0,68395,3,1,4,05,19,4,1,0,0,1,0,0,0,0
"POINT (12.394290723000040 51.336780173000079)",Unfall 68427 (2018) Kat:3, Licht: 0,68427,3,2,4,05,14,2,0,0,1,1,0,0,0,0
"POINT (12.441574606000074 51.350823631000026)",Unfall 68429 (2018) Kat:3, Licht: 0,68429,3,2,2,05,13,7,0,0,0,1,0,0,0,0
"POINT (12.373709558000030 51.344395555000062)",Unfall 68430 (2018) Kat:3, Licht: 0,68430,3,3,5,06,08,5,0,0,1,1,0,0,0,0
"POINT (12.339795487000060 51.335326374000033)",Unfall 68433 (2018) Kat:3, Licht: 2,68433,3,4,6,04,22,7,0,2,0,1,1,0,0,0
"POINT (12.303867828000023 51.300754605000066)",Unfall 68448 (2018) Kat:3, Licht: 0,68448,3,6,2,05,16,3,0,0,0,1,0,0,0,0
"POINT (12.399907457000040 51.327003226000045)",Unfall 68450 (2018) Kat:3, Licht: 0,68450,3,3,5,05,07,4,1,0,1,1,0,0,0,0
"POINT (12.384995350000054 51.344375731000071)",Unfall 68476 (2018) Kat:3, Licht: 0,68476,3,3,5,05,15,5,0,0,0,1,0,0,0,0
"POINT (12.344875807000051 51.339190798000061)",Unfall 68499 (2018) Kat:3, Licht: 0,68499,3,3,5,05,07,5,0,0,1,1,0,0,0,0
"POINT (12.433548902000041 51.355204516000072)",Unfall 68502 (2018) Kat:2, Licht: 0,68502,2,6,2,05,12,1,0,0,0,1,0,1,0,0
"POINT (12.344859567000071 51.339187285000037)",Unfall 68518 (2018) Kat:3, Licht: 0,68518,3,3,5,06,18,6,0,0,1,1,0,0,0,0
"POINT (12.253552700000057 51.403188204000060)",Unfall 68521 (2018) Kat:3, Licht: 2,68521,3,1,8,05,04,5,0,2,0,1,0,0,0,0
"POINT (12.338539989000026 51.396485732000031)",Unfall 68535 (2018) Kat:2, Licht: 0,68535,2,3,5,05,06,4,0,0,0,1,0,0,0,0
"POINT (12.380884507000076 51.343936533000033)",Unfall 68541 (2018) Kat:3, Licht: 0,68541,3,5,3,05,18,2,0,0,1,1,0,0,0,0
"POINT (12.396152592000021 51.415502879000030)",Unfall 68542 (2018) Kat:3, Licht: 2,68542,3,2,4,06,22,7,1,2,0,1,0,0,0,0
"POINT (12.318253618000028 51.381136996000066)",Unfall 68544 (2018) Kat:2, Licht: 0,68544,2,1,1,06,15,3,0,0,0,1,0,0,0,0
"POINT (12.339496402000066 51.335312117000058)",Unfall 68575 (2018) Kat:2, Licht: 1,68575,2,3,5,06,04,3,0,1,0,1,0,0,0,1
"POINT (12.393965223000066 51.333071719000031)",Unfall 68579 (2018) Kat:3, Licht: 0,68579,3,3,5,06,12,7,0,0,1,1,0,0,0,0
"POINT (12.397573548000025 51.368281142000058)",Unfall 68580 (2018) Kat:3, Licht: 0,68580,3,3,1,04,15,6,0,0,0,1,0,1,0,0
"POINT (12.375073779000047 51.375934749000066)",Unfall 68588 (2018) Kat:3, Licht: 0,68588,3,7,3,05,14,4,0,0,0,1,0,0,0,0
"POINT (12.396532091000040 51.353578038000080)",Unfall 68589 (2018) Kat:3, Licht: 0,68589,3,2,3,04,12,6,0,0,1,1,0,0,0,0
"POINT (12.261605692000046 51.316161111000042)",Unfall 68614 (2018) Kat:2, Licht: 1,68614,2,3,5,05,20,5,0,1,0,1,0,0,0,0
"POINT (12.479617155000028 51.352141919000076)",Unfall 68635 (2018) Kat:3, Licht: 0,68635,3,6,1,05,07,2,0,0,0,1,0,0,0,1
"POINT (12.461134022000067 51.367357060000074)",Unfall 68675 (2018) Kat:3, Licht: 0,68675,3,3,5,06,15,3,0,0,1,1,0,0,0,0
"POINT (12.366790477000052 51.314550781000037)",Unfall 68692 (2018) Kat:3, Licht: 0,68692,3,3,5,06,12,3,0,0,0,1,0,0,1,0
"POINT (12.464418844000022 51.350540691000049)",Unfall 68715 (2018) Kat:3, Licht: 0,68715,3,3,5,06,06,2,0,0,1,0,0,1,0,0
"POINT (12.433514635000051 51.355188082000041)",Unfall 68747 (2018) Kat:2, Licht: 0,68747,2,2,4,06,12,4,0,0,0,0,0,0,1,1
"POINT (12.370862646000035 51.344101430000080)",Unfall 68839 (2018) Kat:3, Licht: 0,68839,3,3,5,06,14,6,0,0,1,1,0,0,0,0
"POINT (12.443574192000028 51.359980851000046)",Unfall 68869 (2018) Kat:3, Licht: 0,68869,3,3,5,06,19,4,0,0,1,1,0,0,0,0
"POINT (12.428867949000050 51.351490018000050)",Unfall 68877 (2018) Kat:2, Licht: 0,68877,2,6,3,06,06,4,0,0,1,0,0,0,0,0
"POINT (12.394430363000026 51.336792283000079)",Unfall 68910 (2018) Kat:3, Licht: 0,68910,3,2,3,06,15,5,0,0,1,1,0,0,0,0
"POINT (12.344865577000064 51.339188585000045)",Unfall 68923 (2018) Kat:3, Licht: 0,68923,3,3,5,06,07,6,0,0,1,1,0,0,0,0
"POINT (12.285815897000077 51.330937252000069)",Unfall 68943 (2018) Kat:3, Licht: 0,68943,3,3,5,06,14,4,0,0,1,1,0,0,0,0
"POINT (12.388210015000027 51.405881300000033)",Unfall 69022 (2018) Kat:3, Licht: 0,69022,3,6,2,07,14,3,0,0,0,1,0,1,0,1
"POINT (12.311552431000052 51.414637644000038)",Unfall 69026 (2018) Kat:3, Licht: 0,69026,3,6,2,07,16,7,0,0,0,1,0,0,0,0
"POINT (12.343796682000061 51.393193951000057)",Unfall 69050 (2018) Kat:3, Licht: 0,69050,3,1,0,07,16,1,0,0,0,0,0,1,0,0
"POINT (12.326207113000066 51.378316504000054)",Unfall 69052 (2018) Kat:3, Licht: 0,69052,3,1,8,07,06,3,0,0,0,1,0,0,0,0
"POINT (12.391533461000051 51.347418239000035)",Unfall 69056 (2018) Kat:3, Licht: 0,69056,3,1,0,07,09,1,0,0,1,0,0,0,0,0
"POINT (12.377017882000075 51.344505927000057)",Unfall 69060 (2018) Kat:3, Licht: 2,69060,3,3,5,06,23,5,0,2,1,1,0,0,0,0
"POINT (12.353403373000049 51.341151307000075)",Unfall 69087 (2018) Kat:3, Licht: 0,69087,3,1,0,07,06,6,0,0,1,1,0,0,0,0
"POINT (12.378150354000070 51.375847517000068)",Unfall 69120 (2018) Kat:3, Licht: 0,69120,3,3,5,07,16,2,0,0,1,0,0,0,0,0
"POINT (12.487312341000063 51.359313045000079)",Unfall 69124 (2018) Kat:3, Licht: 0,69124,3,6,3,07,14,2,0,0,0,1,0,0,1,0
"POINT (12.394916127000045 51.332376667000062)",Unfall 69170 (2018) Kat:3, Licht: 0,69170,3,6,2,07,12,2,0,0,0,1,0,1,0,0
"POINT (12.339790543000049 51.335325864000026)",Unfall 69271 (2018) Kat:3, Licht: 0,69271,3,3,5,07,18,4,0,0,1,0,0,0,0,0
"POINT (12.301777438000045 51.342661324000062)",Unfall 69279 (2018) Kat:3, Licht: 0,69279,3,6,3,07,07,3,1,0,0,1,0,1,0,0
"POINT (12.395344287000057 51.339213375000043)",Unfall 69283 (2018) Kat:3, Licht: 0,69283,3,6,2,07,14,6,0,0,0,1,0,0,0,0
"POINT (12.370861452000042 51.344101469000066)",Unfall 69284 (2018) Kat:3, Licht: 2,69284,3,3,5,06,23,7,0,2,1,1,0,0,0,0
"POINT (12.395374542000070 51.341141998000069)",Unfall 69336 (2018) Kat:3, Licht: 0,69336,3,3,5,06,12,6,0,0,1,1,0,0,0,0
"POINT (12.529526300000043 51.327609863000077)",Unfall 69351 (2018) Kat:3, Licht: 0,69351,3,1,5,07,10,4,0,0,0,1,0,1,0,0
"POINT (12.353599673000076 51.340905751000037)",Unfall 69360 (2018) Kat:3, Licht: 0,69360,3,2,2,06,13,6,0,0,1,1,0,0,0,0
"POINT (12.347181777000060 51.375188220000041)",Unfall 69365 (2018) Kat:3, Licht: 0,69365,3,6,2,07,16,4,0,0,0,1,0,0,0,0
"POINT (12.433628010000064 51.355244225000035)",Unfall 69369 (2018) Kat:3, Licht: 0,69369,3,3,5,07,09,4,0,0,1,0,0,0,0,1
"POINT (12.268496578000054 51.317175477000035)",Unfall 69371 (2018) Kat:3, Licht: 0,69371,3,6,2,06,08,6,0,0,0,1,0,0,0,0
"POINT (12.394281904000024 51.336756912000055)",Unfall 69379 (2018) Kat:3, Licht: 0,69379,3,2,4,07,19,6,0,0,1,1,0,0,0,0
"POINT (12.467986566000036 51.278319962000069)",Unfall 69381 (2018) Kat:3, Licht: 0,69381,3,5,1,07,15,4,0,0,1,1,0,0,0,0
"POINT (12.403108350000025 51.425299112000062)",Unfall 69412 (2018) Kat:3, Licht: 0,69412,3,3,5,07,10,7,0,0,0,1,0,0,0,0
"POINT (12.340391939000028 51.414068670000063)",Unfall 69455 (2018) Kat:3, Licht: 0,69455,3,6,0,08,15,1,0,0,0,1,0,0,0,0
"POINT (12.392684475000067 51.334030673000029)",Unfall 69483 (2018) Kat:3, Licht: 0,69483,3,3,5,08,12,3,0,0,1,1,0,0,0,0
"POINT (12.392666855000073 51.334009569000045)",Unfall 69503 (2018) Kat:3, Licht: 0,69503,3,2,3,07,16,3,0,0,0,1,0,0,0,1
"POINT (12.460793306000028 51.367346545000032)",Unfall 69531 (2018) Kat:3, Licht: 0,69531,3,2,4,07,08,4,0,0,0,1,0,0,0,0
"POINT (12.433536684000046 51.355198382000026)",Unfall 69534 (2018) Kat:3, Licht: 0,69534,3,6,2,07,19,4,0,0,0,1,0,0,0,0
"POINT (12.364115013000060 51.410513969000078)",Unfall 69542 (2018) Kat:3, Licht: 0,69542,3,6,2,08,09,5,0,0,0,1,0,0,0,0
"POINT (12.254987122000045 51.346872249000057)",Unfall 69562 (2018) Kat:3, Licht: 2,69562,3,1,9,07,00,1,0,2,0,1,0,0,0,0
"POINT (12.361093060000030 51.375573662000079)",Unfall 69599 (2018) Kat:3, Licht: 0,69599,3,2,3,08,08,5,0,0,1,1,0,0,0,0
"POINT (12.399759451000023 51.361968646000037)",Unfall 69613 (2018) Kat:3, Licht: 0,69613,3,6,2,08,09,6,0,0,0,1,0,0,1,0
"POINT (12.470995639000023 51.370902884000031)",Unfall 69633 (2018) Kat:3, Licht: 0,69633,3,3,5,08,14,3,0,0,1,1,0,0,0,0
"POINT (12.395314953000025 51.339181081000049)",Unfall 69641 (2018) Kat:3, Licht: 0,69641,3,3,6,07,07,7,0,0,0,1,1,0,0,0
"POINT (12.311474817000033 51.414689659000032)",Unfall 69667 (2018) Kat:3, Licht: 2,69667,3,3,5,07,23,3,0,2,0,1,0,0,0,0
"POINT (12.391725981000036 51.351762976000032)",Unfall 69674 (2018) Kat:2, Licht: 0,69674,2,3,5,08,09,7,0,0,0,1,0,0,0,0
"POINT (12.396819208000068 51.330924001000028)",Unfall 69733 (2018) Kat:2, Licht: 0,69733,2,6,3,07,15,2,0,0,0,1,0,1,0,0
"POINT (12.472566738000069 51.367555143000061)",Unfall 69739 (2018) Kat:2, Licht: 0,69739,2,1,8,07,14,7,0,0,0,1,0,0,0,0
"POINT (12.391971196000043 51.346397164000052)",Unfall 69761 (2018) Kat:3, Licht: 0,69761,3,1,0,07,17,2,0,0,0,0,0,1,0,0
"POINT (12.275041003000069 51.318416865000074)",Unfall 69773 (2018) Kat:3, Licht: 0,69773,3,6,2,08,15,4,0,0,0,1,0,1,0,0
"POINT (12.285845737000045 51.330950093000070)",Unfall 69790 (2018) Kat:3, Licht: 0,69790,3,3,5,08,15,4,0,0,1,1,0,0,0,0
"POINT (12.380596994000030 51.421450662000041)",Unfall 69802 (2018) Kat:3, Licht: 0,69802,3,3,5,08,20,1,0,0,0,1,0,0,0,0
"POINT (12.383843041000034 51.343913593000082)",Unfall 69805 (2018) Kat:2, Licht: 0,69805,2,1,0,08,09,5,0,0,0,0,0,1,0,0
"POINT (12.275124543000061 51.323155629000041)",Unfall 69853 (2018) Kat:3, Licht: 0,69853,3,3,5,07,06,3,0,0,1,0,0,0,0,0
"POINT (12.363311646000056 51.342811747000042)",Unfall 69878 (2018) Kat:3, Licht: 0,69878,3,2,4,08,13,2,0,0,1,1,0,0,0,0
"POINT (12.373709558000030 51.344395555000062)",Unfall 69884 (2018) Kat:3, Licht: 0,69884,3,3,5,07,17,3,0,0,1,1,0,0,0,0
"POINT (12.323781548000056 51.379432629000064)",Unfall 69911 (2018) Kat:3, Licht: 0,69911,3,2,4,08,18,4,0,0,0,1,0,0,0,0
"POINT (12.381766357000060 51.343578997000066)",Unfall 69922 (2018) Kat:3, Licht: 0,69922,3,3,5,08,14,1,0,0,1,1,0,0,0,0
"POINT (12.343533959000069 51.394003921000035)",Unfall 70000 (2018) Kat:3, Licht: 2,70000,3,3,5,07,23,7,1,2,0,1,0,0,0,0
"POINT (12.466756082000074 51.369372430000055)",Unfall 70017 (2018) Kat:3, Licht: 0,70017,3,2,2,07,18,3,0,0,0,1,0,0,0,0
"POINT (12.344841994000035 51.339183485000035)",Unfall 70040 (2018) Kat:3, Licht: 0,70040,3,3,5,07,17,5,0,0,1,1,0,0,0,0
"POINT (12.331936135000035 51.335913005000066)",Unfall 70050 (2018) Kat:2, Licht: 0,70050,2,2,5,08,17,4,0,0,1,1,0,0,0,0
"POINT (12.376525877000063 51.314830971000049)",Unfall 70064 (2018) Kat:3, Licht: 2,70064,3,3,5,08,21,5,1,2,1,1,0,0,0,0
"POINT (12.486055263000026 51.359890424000071)",Unfall 70098 (2018) Kat:2, Licht: 0,70098,2,6,2,09,16,6,0,0,0,1,0,0,0,0
"POINT (12.353661852000073 51.340919751000058)",Unfall 70114 (2018) Kat:3, Licht: 0,70114,3,2,3,09,17,2,0,0,1,1,0,0,0,0
"POINT (12.395376069000065 51.341077924000047)",Unfall 70117 (2018) Kat:3, Licht: 0,70117,3,1,0,08,17,5,1,0,0,0,0,1,0,0
"POINT (12.328190425000059 51.391790924000077)",Unfall 70121 (2018) Kat:2, Licht: 0,70121,2,4,6,09,14,6,0,0,0,1,1,0,0,0
"POINT (12.368719293000026 51.344034904000068)",Unfall 70126 (2018) Kat:3, Licht: 0,70126,3,6,3,08,15,5,0,0,0,1,0,1,0,0
"POINT (12.366155411000022 51.343394644000057)",Unfall 70146 (2018) Kat:3, Licht: 1,70146,3,1,0,09,17,7,0,1,1,0,0,0,0,0
"POINT (12.391078041000071 51.376456421000057)",Unfall 70153 (2018) Kat:3, Licht: 0,70153,3,6,2,09,06,6,1,0,0,1,0,0,0,0
"POINT (12.396914749000075 51.331017996000071)",Unfall 70219 (2018) Kat:2, Licht: 0,70219,2,6,3,09,06,4,0,0,0,1,0,1,0,0
"POINT (12.457715769000060 51.350357008000060)",Unfall 70225 (2018) Kat:3, Licht: 2,70225,3,3,5,09,00,7,0,2,0,1,0,0,0,1
"POINT (12.368380732000048 51.314635852000038)",Unfall 70233 (2018) Kat:3, Licht: 0,70233,3,2,4,09,16,4,0,0,1,1,0,0,0,0
"POINT (12.358861540000021 51.342048327000043)",Unfall 70235 (2018) Kat:3, Licht: 0,70235,3,6,3,09,17,1,0,0,1,1,0,0,0,0
"POINT (12.427877358000046 51.395590271000060)",Unfall 70256 (2018) Kat:3, Licht: 0,70256,3,1,8,08,20,4,0,0,0,1,0,0,0,0
"POINT (12.343525794000072 51.394013928000049)",Unfall 70267 (2018) Kat:2, Licht: 0,70267,2,2,4,09,15,3,0,0,0,1,0,1,0,0
"POINT (12.344872435000070 51.339190069000040)",Unfall 70289 (2018) Kat:3, Licht: 0,70289,3,3,4,08,07,6,1,0,1,1,0,0,0,0
"POINT (12.268522273000031 51.317179454000041)",Unfall 70291 (2018) Kat:3, Licht: 0,70291,3,6,2,08,16,4,0,0,0,1,0,0,0,0
"POINT (12.380104795000022 51.344258720000028)",Unfall 70299 (2018) Kat:3, Licht: 0,70299,3,7,0,09,16,6,1,0,0,0,1,0,0,1
"POINT (12.380698270000039 51.344013473000075)",Unfall 70302 (2018) Kat:2, Licht: 0,70302,2,7,6,08,12,6,0,0,0,0,1,0,0,1
"POINT (12.391457523000042 51.347258963000058)",Unfall 70315 (2018) Kat:3, Licht: 0,70315,3,1,9,09,12,1,1,0,0,1,0,0,0,0
"POINT (12.372993589000032 51.301803547000077)",Unfall 70316 (2018) Kat:3, Licht: 0,70316,3,1,0,08,09,6,1,0,1,0,0,0,0,0
"POINT (12.391407980000054 51.347430616000054)",Unfall 70358 (2018) Kat:2, Licht: 0,70358,2,3,5,09,10,6,0,0,1,1,0,0,0,0
"POINT (12.394147891000046 51.314564123000082)",Unfall 70379 (2018) Kat:3, Licht: 0,70379,3,2,4,09,15,7,0,0,0,1,0,0,0,0
"POINT (12.312506638000059 51.413966184000060)",Unfall 70387 (2018) Kat:3, Licht: 0,70387,3,6,2,09,14,4,0,0,0,1,0,0,0,0
"POINT (12.452227613000048 51.363985119000063)",Unfall 70453 (2018) Kat:3, Licht: 0,70453,3,6,2,09,16,4,0,0,0,1,0,0,0,0
"POINT (12.399492416000044 51.363469386000077)",Unfall 70474 (2018) Kat:3, Licht: 0,70474,3,2,2,09,15,4,0,0,0,0,0,1,1,0
"POINT (12.452972684000031 51.364331542000059)",Unfall 70480 (2018) Kat:3, Licht: 0,70480,3,7,4,08,14,5,1,0,0,0,0,1,1,0
"POINT (12.301295640000035 51.342716719000066)",Unfall 70491 (2018) Kat:3, Licht: 0,70491,3,6,4,09,14,2,0,0,1,0,0,0,0,0
"POINT (12.316856362000067 51.414832934000060)",Unfall 70506 (2018) Kat:3, Licht: 0,70506,3,6,3,08,12,6,0,0,0,1,0,0,0,0
"POINT (12.394540922000033 51.410402564000037)",Unfall 70511 (2018) Kat:3, Licht: 0,70511,3,7,0,09,10,6,1,0,0,0,0,1,0,0
"POINT (12.345072987000037 51.375192953000067)",Unfall 70542 (2018) Kat:2, Licht: 1,70542,2,2,3,09,07,6,0,1,1,0,0,0,1,0
"POINT (12.262757208000039 51.346213712000065)",Unfall 70600 (2018) Kat:3, Licht: 0,70600,3,3,5,09,14,2,0,0,0,1,0,0,0,0
"POINT (12.273959390000073 51.396940330000064)",Unfall 70618 (2018) Kat:3, Licht: 0,70618,3,6,1,09,15,3,0,0,0,1,0,0,0,1
"POINT (12.385109007000040 51.344453014000067)",Unfall 70643 (2018) Kat:3, Licht: 0,70643,3,6,2,08,09,2,0,0,0,1,0,0,0,0
"POINT (12.247286845000076 51.318146475000049)",Unfall 70653 (2018) Kat:3, Licht: 0,70653,3,3,5,08,17,2,0,0,1,1,0,0,0,0
"POINT (12.337494644000060 51.335376536000069)",Unfall 70661 (2018) Kat:3, Licht: 0,70661,3,2,4,09,06,4,0,0,1,1,0,0,0,0
"POINT (12.443822558000022 51.360089548000076)",Unfall 70682 (2018) Kat:3, Licht: 1,70682,3,2,0,09,19,4,0,1,1,1,0,0,0,0
"POINT (12.266555669000070 51.399346967000042)",Unfall 70706 (2018) Kat:3, Licht: 0,70706,3,6,1,09,15,3,0,0,0,1,0,0,0,1
"POINT (12.343428404000065 51.378818943000056)",Unfall 70743 (2018) Kat:2, Licht: 0,70743,2,1,8,09,10,1,1,0,0,1,0,0,0,0
"POINT (12.331924860000072 51.335911633000080)",Unfall 70745 (2018) Kat:3, Licht: 0,70745,3,2,4,09,12,2,0,0,1,1,0,0,0,0
"POINT (12.393115022000075 51.348792936000052)",Unfall 70753 (2018) Kat:3, Licht: 0,70753,3,7,0,09,13,6,0,0,1,0,0,0,0,0
"POINT (12.370988832000023 51.344097703000045)",Unfall 70761 (2018) Kat:3, Licht: 0,70761,3,3,5,09,14,3,0,0,1,0,0,0,0,0
"POINT (12.440209813000024 51.350816819000045)",Unfall 70776 (2018) Kat:3, Licht: 0,70776,3,6,2,09,16,7,0,0,0,1,0,0,0,0
"POINT (12.399355443000047 51.363539674000037)",Unfall 70777 (2018) Kat:3, Licht: 0,70777,3,6,2,08,13,2,0,0,0,1,0,0,0,0
"POINT (12.465770481000050 51.312598678000029)",Unfall 70816 (2018) Kat:3, Licht: 0,70816,3,3,5,09,16,4,0,0,1,1,0,0,0,0
"POINT (12.405991890000053 51.313914648000036)",Unfall 70904 (2018) Kat:3, Licht: 0,70904,3,3,5,09,14,4,0,0,1,1,0,0,0,0
"POINT (12.332925710000040 51.336041206000061)",Unfall 70910 (2018) Kat:3, Licht: 0,70910,3,2,3,08,14,5,1,0,1,1,0,0,0,0
"POINT (12.392166116000055 51.405039094000074)",Unfall 70912 (2018) Kat:3, Licht: 0,70912,3,6,2,09,14,3,0,0,0,1,0,1,0,0
"POINT (12.370115068000075 51.344306101000029)",Unfall 70921 (2018) Kat:3, Licht: 1,70921,3,1,8,09,19,2,0,1,0,0,0,1,0,0
"POINT (12.366775963000066 51.314550061000034)",Unfall 70927 (2018) Kat:3, Licht: 0,70927,3,3,5,08,17,7,0,0,1,1,0,0,0,0
"POINT (12.460761723000076 51.367229056000042)",Unfall 70933 (2018) Kat:3, Licht: 0,70933,3,6,2,09,12,6,0,0,0,1,0,0,1,0
"POINT (12.422535296000035 51.306302688000073)",Unfall 70936 (2018) Kat:2, Licht: 2,70936,2,1,0,08,22,6,0,2,1,0,0,0,0,0
"POINT (12.392467127000032 51.345401539000079)",Unfall 70941 (2018) Kat:3, Licht: 0,70941,3,6,2,09,10,6,1,0,0,1,0,0,0,0
"POINT (12.389633771000035 51.386953803000040)",Unfall 70949 (2018) Kat:3, Licht: 0,70949,3,1,8,09,10,1,1,0,0,1,0,0,0,0
"POINT (12.475579160000052 51.263148247000061)",Unfall 70969 (2018) Kat:3, Licht: 0,70969,3,6,3,08,12,4,0,0,0,1,0,0,1,0