WKT,Name,OBJECTID,UKATEGORIE,UTYP1,UART,UMONAT,USTUNDE,UWOCHENTAG,STRZUSTAND,ULICHTVERH,ISTRAD,ISTPKW,ISTFUSS,ISTKRAD,ISTGKFZ,ISTSONSTIG
"POINT (12.520440229000030 51.316834689000075)",Unfall 70981 (2018) Kat:3, Licht: 0,70981,3,3,2,09,13,7,0,0,0,1,0,0,0,0
"POINT (12.446260326000072 51.361278273000039)",Unfall 70988 (2018) Kat:3, Licht: 1,70988,3,6,2,09,19,2,0,1,0,1,0,0,0,1
"POINT (12.395680048000031 51.331849342000055)",Unfall 70990 (2018) Kat:3, Licht: 0,70990,3,6,2,09,16,6,0,0,0,1,0,0,0,0
"POINT (12.378498107000041 51.375837284000056)",Unfall 70991 (2018) Kat:3, Licht: 0,70991,3,6,1,08,13,7,1,0,0,0,0,1,0,1
"POINT (12.395194006000054 51.339071380000064)",Unfall 71023 (2018) Kat:3, Licht: 0,71023,3,2,5,09,13,2,0,0,1,1,0,0,0,0
"POINT (12.378191109000056 51.375846324000065)",Unfall 71058 (2018) Kat:2, Licht: 2,71058,2,2,5,08,22,6,1,2,0,1,0,1,0,0
"POINT (12.344865612000035 51.339188593000074)",Unfall 71064 (2018) Kat:3, Licht: 0,71064,3,3,5,09,16,5,0,0,1,1,0,0,0,0
"POINT (12.371758122000074 51.344081861000063)",Unfall 71111 (2018) Kat:3, Licht: 2,71111,3,1,9,08,23,5,1,2,0,1,0,0,0,0
"POINT (12.395317020000050 51.332094841000071)",Unfall 71142 (2018) Kat:3, Licht: 0,71142,3,6,2,11,10,7,0,0,0,1,0,1,0,0
"POINT (12.313873451000063 51.413150978000033)",Unfall 71184 (2018) Kat:3, Licht: 2,71184,3,6,2,11,07,2,0,2,0,1,0,0,0,0
"POINT (12.328560162000031 51.336722465000037)",Unfall 71186 (2018) Kat:2, Licht: 0,71186,2,3,5,11,15,2,0,0,0,1,0,0,0,0
"POINT (12.455634391000046 51.365479810000068)",Unfall 71197 (2018) Kat:3, Licht: 0,71197,3,6,2,10,12,6,0,0,0,1,0,0,0,0
"POINT (12.394194995000021 51.336217699000031)",Unfall 71203 (2018) Kat:3, Licht: 0,71203,3,3,5,10,15,4,0,0,1,1,0,0,0,0
"POINT (12.393523746000028 51.371847064000065)",Unfall 71217 (2018) Kat:3, Licht: 0,71217,3,1,8,11,14,3,1,0,0,1,0,0,0,0
"POINT (12.399494575000062 51.362392283000077)",Unfall 71237 (2018) Kat:3, Licht: 0,71237,3,2,2,11,11,3,1,0,0,1,0,0,0,0
"POINT (12.389101165000056 51.399632760000031)",Unfall 71243 (2018) Kat:3, Licht: 0,71243,3,2,3,10,11,3,0,0,0,0,0,0,1,1
"POINT (12.267574206000063 51.345767269000078)",Unfall 71251 (2018) Kat:2, Licht: 2,71251,2,4,6,11,19,6,1,2,0,1,1,0,0,0
"POINT (12.300232129000051 51.340439713000080)",Unfall 71257 (2018) Kat:3, Licht: 0,71257,3,2,4,11,12,6,0,0,0,1,0,0,0,0
"POINT (12.397743081000044 51.353182206000042)",Unfall 71279 (2018) Kat:2, Licht: 0,71279,2,6,4,10,17,5,1,0,1,0,0,0,0,0
"POINT (12.394295894000038 51.336793811000064)",Unfall 71291 (2018) Kat:2, Licht: 0,71291,2,2,5,10,13,4,0,0,0,1,1,0,0,0
"POINT (12.353599673000076 51.340905751000037)",Unfall 71311 (2018) Kat:3, Licht: 0,71311,3,2,5,11,08,6,0,0,1,0,0,0,0,1
"POINT (12.399501849000046 51.363367482000058)",Unfall 71336 (2018) Kat:3, Licht: 0,71336,3,6,2,10,09,7,0,0,0,1,0,0,0,0
"POINT (12.395334606000063 51.339202717000035)",Unfall 71364 (2018) Kat:3, Licht: 1,71364,3,2,5,11,16,4,0,1,1,1,0,0,0,0
"POINT (12.391963595000050 51.346434311000053)",Unfall 71369 (2018) Kat:3, Licht: 0,71369,3,6,2,11,08,4,1,0,0,0,0,1,0,1
"POINT (12.473506707000070 51.351416462000032)",Unfall 71371 (2018) Kat:2, Licht: 0,71371,2,6,2,10,08,2,0,0,0,1,0,0,1,0
"POINT (12.406561242000066 51.314095015000078)",Unfall 71384 (2018) Kat:3, Licht: 0,71384,3,3,5,10,08,3,0,0,1,1,0,0,0,0
"POINT (12.299353415000041 51.342930195000065)",Unfall 71398 (2018) Kat:3, Licht: 0,71398,3,6,3,12,19,3,0,0,0,1,0,0,1,0
"POINT (12.262588102000052 51.346227877000047)",Unfall 71426 (2018) Kat:2, Licht: 0,71426,2,3,5,11,08,6,0,0,0,1,0,0,0,0
"POINT (12.269346763000044 51.262302835000071)",Unfall 71452 (2018) Kat:3, Licht: 2,71452,3,2,2,11,18,6,1,2,0,1,0,0,0,0
"POINT (12.461447675000045 51.420437797000034)",Unfall 71473 (2018) Kat:2, Licht: 0,71473,2,1,4,12,14,2,1,0,0,1,0,0,0,0
"POINT (12.362180216000070 51.342553408000072)",Unfall 71477 (2018) Kat:3, Licht: 0,71477,3,2,6,11,15,1,0,0,0,1,1,0,0,0
"POINT (12.392353956000022 51.345356585000047)",Unfall 71478 (2018) Kat:3, Licht: 2,71478,3,4,6,11,16,5,0,2,0,1,1,0,0,0
"POINT (12.400729097000067 51.351900495000052)",Unfall 71485 (2018) Kat:3, Licht: 1,71485,3,2,3,10,06,4,0,1,1,1,0,0,0,0
"POINT (12.347182832000044 51.413336862000051)",Unfall 71500 (2018) Kat:2, Licht: 2,71500,2,6,7,11,23,3,0,2,0,1,0,0,0,1
"POINT (12.394471158000044 51.314545745000032)",Unfall 71507 (2018) Kat:3, Licht: 0,71507,3,2,4,10,08,6,0,0,0,1,0,0,0,1
"POINT (12.423869892000027 51.352043707000064)",Unfall 71515 (2018) Kat:3, Licht: 0,71515,3,6,2,11,12,6,0,0,0,1,0,0,0,1
"POINT (12.301736750000032 51.342666002000044)",Unfall 71519 (2018) Kat:3, Licht: 0,71519,3,2,3,11,07,6,0,0,1,1,0,0,0,0
"POINT (12.529735467000023 51.327726959000074)",Unfall 71520 (2018) Kat:3, Licht: 1,71520,3,3,5,10,17,3,1,1,0,1,0,0,0,0
"POINT (12.393974694000065 51.351124976000051)",Unfall 71541 (2018) Kat:3, Licht: 0,71541,3,2,5,11,09,5,0,0,1,1,0,0,0,0
"POINT (12.344841994000035 51.339183485000035)",Unfall 71560 (2018) Kat:3, Licht: 0,71560,3,3,5,10,07,2,0,0,1,1,0,0,0,0
"POINT (12.380744953000033 51.343994186000032)",Unfall 71570 (2018) Kat:3, Licht: 0,71570,3,7,1,10,12,4,0,0,0,0,1,0,0,1
"POINT (12.297888611000076 51.255581830000040)",Unfall 71590 (2018) Kat:1, Licht: 2,71590,1,6,2,10,06,6,1,2,0,1,0,1,1,0
"POINT (12.434787013000062 51.351128237000069)",Unfall 71594 (2018) Kat:3, Licht: 0,71594,3,6,2,10,14,3,0,0,0,1,0,0,0,0
"POINT (12.399492340000052 51.363470219000078)",Unfall 71595 (2018) Kat:3, Licht: 1,71595,3,2,2,11,16,5,0,1,0,1,0,0,0,0
"POINT (12.529469979000055 51.327625989000069)",Unfall 71720 (2018) Kat:2, Licht: 0,71720,2,3,5,11,11,4,0,0,0,1,0,0,0,1
"POINT (12.409793185000069 51.314683096000067)",Unfall 71721 (2018) Kat:1, Licht: 2,71721,1,1,4,10,20,3,1,2,0,1,0,1,0,0
"POINT (12.385263462000069 51.376138289000039)",Unfall 71743 (2018) Kat:2, Licht: 0,71743,2,4,6,12,10,2,1,0,0,1,1,0,0,0
"POINT (12.396175445000040 51.415509581000038)",Unfall 71744 (2018) Kat:3, Licht: 0,71744,3,2,5,10,10,5,0,0,0,1,0,0,0,0
"POINT (12.405972256000041 51.313914834000059)",Unfall 71749 (2018) Kat:3, Licht: 0,71749,3,3,5,10,08,3,0,0,1,1,0,0,0,0
"POINT (12.369339620000062 51.344157498000072)",Unfall 71751 (2018) Kat:3, Licht: 2,71751,3,2,5,11,20,5,0,2,1,1,0,0,0,0
"POINT (12.485804258000030 51.353499434000071)",Unfall 71752 (2018) Kat:2, Licht: 2,71752,2,1,8,10,19,3,1,2,0,1,0,0,0,0
"POINT (12.392739881000068 51.404934142000059)",Unfall 71780 (2018) Kat:3, Licht: 0,71780,3,6,2,10,17,6,0,0,0,1,0,0,1,0
"POINT (12.443828783000072 51.350824428000067)",Unfall 71784 (2018) Kat:3, Licht: 2,71784,3,6,2,11,18,6,1,2,0,1,0,0,0,0
"POINT (12.337914389000048 51.396789525000031)",Unfall 71804 (2018) Kat:3, Licht: 0,71804,3,1,9,11,13,6,1,0,0,1,0,0,0,0
"POINT (12.273094014000037 51.326976168000044)",Unfall 71819 (2018) Kat:3, Licht: 0,71819,3,6,2,10,17,7,0,0,0,1,0,0,0,0
"POINT (12.298374545000058 51.343023949000042)",Unfall 71834 (2018) Kat:3, Licht: 2,71834,3,3,5,10,18,5,0,2,0,1,0,0,0,0
"POINT (12.426428878000024 51.351817731000040)",Unfall 71846 (2018) Kat:3, Licht: 0,71846,3,3,5,10,11,4,0,0,0,1,0,0,0,0
"POINT (12.359188957000072 51.375240607000080)",Unfall 71861 (2018) Kat:3, Licht: 0,71861,3,3,5,10,15,3,0,0,0,1,0,0,0,0
"POINT (12.460773495000069 51.367339583000046)",Unfall 71865 (2018) Kat:3, Licht: 1,71865,3,6,2,11,17,6,0,1,0,1,0,0,0,0
"POINT (12.368401176000077 51.314636811000071)",Unfall 71890 (2018) Kat:3, Licht: 0,71890,3,2,5,10,15,7,0,0,1,1,0,0,0,0
"POINT (12.466477109000039 51.369385670000042)",Unfall 71892 (2018) Kat:3, Licht: 0,71892,3,6,1,10,12,1,0,0,0,1,0,0,0,0
"POINT (12.311550412000031 51.414639085000033)",Unfall 71896 (2018) Kat:2, Licht: 1,71896,2,7,4,11,19,3,0,1,0,1,0,0,0,0
"POINT (12.399356124000064 51.363535980000051)",Unfall 71917 (2018) Kat:2, Licht: 0,71917,2,1,9,11,15,4,0,0,0,0,0,1,0,0
"POINT (12.322886112000049 51.414656154000056)",Unfall 71935 (2018) Kat:2, Licht: 2,71935,2,6,3,12,05,3,1,2,0,1,0,0,1,1
"POINT (12.331936135000035 51.335913005000066)",Unfall 71975 (2018) Kat:3, Licht: 0,71975,3,2,4,10,13,2,0,0,1,1,0,0,0,0
"POINT (12.274112346000038 51.397005418000049)",Unfall 71979 (2018) Kat:3, Licht: 0,71979,3,6,1,10,16,7,0,0,0,1,0,0,0,1
"POINT (12.357672974000025 51.342071540000063)",Unfall 71984 (2018) Kat:3, Licht: 0,71984,3,4,6,11,16,6,0,0,1,0,1,0,0,0
"POINT (12.460835250000059 51.367256010000062)",Unfall 71999 (2018) Kat:3, Licht: 0,71999,3,2,5,11,07,4,1,0,1,1,0,0,0,0
"POINT (12.437437677000048 51.350977091000061)",Unfall 72008 (2018) Kat:3, Licht: 1,72008,3,2,4,11,06,2,0,1,1,1,0,0,0,0
"POINT (12.262530050000066 51.346232842000063)",Unfall 72023 (2018) Kat:3, Licht: 0,72023,3,6,2,11,07,5,0,0,0,1,0,0,0,0
"POINT (12.300235723000071 51.340443819000029)",Unfall 72030 (2018) Kat:3, Licht: 1,72030,3,2,5,12,07,2,1,1,0,1,0,0,0,0
"POINT (12.275433832000033 51.245852795000076)",Unfall 72032 (2018) Kat:2, Licht: 1,72032,2,7,9,11,07,7,0,1,0,1,0,0,0,0
"POINT (12.274879087000045 51.345117496000057)",Unfall 72042 (2018) Kat:3, Licht: 0,72042,3,2,2,12,14,1,1,0,0,1,0,0,0,0
"POINT (12.394691621000050 51.410300806000066)",Unfall 72063 (2018) Kat:3, Licht: 2,72063,3,7,0,10,06,3,1,2,0,0,0,0,0,1
"POINT (12.366211224000040 51.343407261000038)",Unfall 72065 (2018) Kat:2, Licht: 1,72065,2,1,0,10,07,6,1,1,1,0,0,0,0,0
"POINT (12.301794507000068 51.342659920000074)",Unfall 72078 (2018) Kat:3, Licht: 0,72078,3,2,3,11,14,6,0,0,1,1,0,0,0,0
"POINT (12.391966087000071 51.346422139000026)",Unfall 72132 (2018) Kat:3, Licht: 2,72132,3,3,5,10,06,4,1,2,1,1,0,0,0,0
"POINT (12.426513571000044 51.351792979000038)",Unfall 72160 (2018) Kat:2, Licht: 2,72160,2,4,6,10,19,4,0,2,0,1,1,0,0,0
"POINT (12.386816938000038 51.345661275000055)",Unfall 72163 (2018) Kat:3, Licht: 2,72163,3,7,0,09,20,1,0,2,0,0,0,1,0,0
"POINT (12.460835250000059 51.367256010000062)",Unfall 72195 (2018) Kat:3, Licht: 2,72195,3,2,5,10,19,4,0,2,0,1,0,0,0,0
"POINT (12.371278478000022 51.344445976000031)",Unfall 72210 (2018) Kat:3, Licht: 0,72210,3,3,5,10,11,3,0,0,0,1,0,0,0,0
"POINT (12.399777998000047 51.361942004000070)",Unfall 72219 (2018) Kat:3, Licht: 0,72219,3,6,2,10,10,3,0,0,0,1,0,0,0,0
"POINT (12.398081743000034 51.366848066000045)",Unfall 72225 (2018) Kat:3, Licht: 1,72225,3,6,2,12,16,3,0,1,0,1,0,0,0,0
"POINT (12.386885469000049 51.345677648000049)",Unfall 72281 (2018) Kat:3, Licht: 2,72281,3,6,2,11,17,4,0,2,0,1,0,0,0,0
"POINT (12.403791566000052 51.321610688000078)",Unfall 72303 (2018) Kat:2, Licht: 2,72303,2,4,2,12,17,2,1,2,0,1,1,0,0,0
"POINT (12.408843065000042 51.400768974000073)",Unfall 72307 (2018) Kat:3, Licht: 0,72307,3,7,0,11,11,1,1,0,0,1,0,0,0,1
"POINT (12.357965304000061 51.342081328000063)",Unfall 72316 (2018) Kat:3, Licht: 0,72316,3,2,6,11,08,5,0,0,0,1,1,0,0,0
"POINT (12.332600817000070 51.414361917000065)",Unfall 72329 (2018) Kat:2, Licht: 2,72329,2,1,8,11,04,3,0,2,0,1,0,0,0,0
"POINT (12.299391020000030 51.342926573000057)",Unfall 72359 (2018) Kat:3, Licht: 1,72359,3,6,2,11,16,6,1,1,0,1,0,0,0,0
"POINT (12.386887317000060 51.345677661000082)",Unfall 72366 (2018) Kat:3, Licht: 0,72366,3,6,3,10,13,3,0,0,0,1,0,0,0,0
"POINT (12.391885318000050 51.346429415000046)",Unfall 72369 (2018) Kat:3, Licht: 2,72369,3,3,5,09,05,7,0,2,0,1,0,0,0,0
"POINT (12.437795532000052 51.357271435000030)",Unfall 72372 (2018) Kat:3, Licht: 2,72372,3,2,2,09,04,7,0,2,0,1,0,0,0,0
"POINT (12.281939623000028 51.344487018000052)",Unfall 72422 (2018) Kat:3, Licht: 1,72422,3,6,2,12,17,7,0,1,0,1,0,0,0,0
"POINT (12.426451282000073 51.351828377000061)",Unfall 72424 (2018) Kat:3, Licht: 0,72424,3,2,4,10,11,3,0,0,0,1,0,0,0,0
"POINT (12.357198118000042 51.341715855000075)",Unfall 72438 (2018) Kat:3, Licht: 2,72438,3,1,9,10,01,6,1,2,0,1,0,0,0,0
"POINT (12.343422305000047 51.390917410000043)",Unfall 72462 (2018) Kat:3, Licht: 0,72462,3,2,4,11,14,1,0,0,0,1,0,0,0,0
"POINT (12.445170723000047 51.290683875000070)",Unfall 72475 (2018) Kat:3, Licht: 1,72475,3,3,4,11,06,4,0,1,0,1,0,0,0,0
"POINT (12.427009113000054 51.395840381000028)",Unfall 72508 (2018) Kat:3, Licht: 2,72508,3,7,3,11,19,7,0,2,0,1,0,0,0,0
"POINT (12.461066646000063 51.282229883000070)",Unfall 72514 (2018) Kat:2, Licht: 2,72514,2,2,6,12,07,5,1,2,0,1,1,0,0,0
"POINT (12.297498921000056 51.337314427000081)",Unfall 72552 (2018) Kat:3, Licht: 2,72552,3,2,2,12,18,5,0,2,0,1,0,0,0,0
"POINT (12.277821546000041 51.319005581000056)",Unfall 72582 (2018) Kat:3, Licht: 0,72582,3,2,5,12,13,1,1,0,0,1,0,0,0,0
"POINT (12.404898930000058 51.350359907000040)",Unfall 72595 (2018) Kat:3, Licht: 1,72595,3,6,2,12,08,4,1,1,0,1,0,0,0,0
"POINT (12.490957091000041 51.357339848000038)",Unfall 72604 (2018) Kat:3, Licht: 0,72604,3,1,9,12,13,4,1,0,0,1,0,0,0,0
"POINT (12.353455748000044 51.341163050000034)",Unfall 72620 (2018) Kat:3, Licht: 2,72620,3,3,5,12,16,3,0,2,0,1,0,0,0,0
"POINT (12.304003637000051 51.301585973000044)",Unfall 72622 (2018) Kat:3, Licht: 0,72622,3,6,2,12,07,3,1,0,0,1,0,0,0,0
"POINT (12.394512754000061 51.314543378000053)",Unfall 72653 (2018) Kat:3, Licht: 2,72653,3,3,5,12,06,4,1,2,0,1,0,0,0,0
"POINT (12.403791885000032 51.350515596000037)",Unfall 72654 (2018) Kat:2, Licht: 2,72654,2,6,4,12,18,7,0,2,0,1,0,0,0,0
"POINT (12.401668732000076 51.324258474000032)",Unfall 72694 (2018) Kat:3, Licht: 0,72694,3,6,2,12,13,3,0,0,0,1,0,0,0,0
"POINT (12.422265019000065 51.351680069000054)",Unfall 72700 (2018) Kat:3, Licht: 2,72700,3,2,2,12,17,7,1,2,0,1,0,0,0,0
"POINT (12.380968625000037 51.343901781000056)",Unfall 72746 (2018) Kat:3, Licht: 2,72746,3,4,6,12,19,2,1,2,0,1,1,0,0,0
"POINT (12.336261955000055 51.335437074000026)",Unfall 72751 (2018) Kat:2, Licht: 2,72751,2,4,6,12,18,2,1,2,0,1,1,0,0,0
"POINT (12.329598331000057 51.336067548000074)",Unfall 72766 (2018) Kat:3, Licht: 1,72766,3,2,5,12,19,7,1,1,1,1,0,0,0,0
"POINT (12.391084242000034 51.376248978000035)",Unfall 72789 (2018) Kat:2, Licht: 0,72789,2,2,4,12,15,3,0,0,0,1,0,0,0,0
"POINT (12.399943040000039 51.420104021000043)",Unfall 72856 (2018) Kat:3, Licht: 2,72856,3,2,5,12,05,3,0,2,1,1,0,0,0,0
"POINT (12.529757859000028 51.327731971000048)",Unfall 72884 (2018) Kat:3, Licht: 1,72884,3,3,5,12,18,5,1,1,0,1,0,0,0,1
"POINT (12.363992429000064 51.342967501000032)",Unfall 72885 (2018) Kat:3, Licht: 0,72885,3,3,5,12,14,1,0,0,1,1,0,0,0,0
"POINT (12.336325241000054 51.335424568000064)",Unfall 72918 (2018) Kat:3, Licht: 2,72918,3,2,5,12,16,7,0,2,1,1,0,0,0,0
"POINT (12.347936747000062 51.375199434000081)",Unfall 72922 (2018) Kat:2, Licht: 0,72922,2,7,3,12,10,7,0,0,0,1,0,0,0,0
"POINT (12.357457620000048 51.342048313000078)",Unfall 72931 (2018) Kat:3, Licht: 0,72931,3,3,5,12,09,7,0,0,1,1,0,0,0,0
"POINT (12.279320445000053 51.247823827000047)",Unfall 72943 (2018) Kat:2, Licht: 0,72943,2,6,2,12,15,5,0,0,0,1,0,0,0,0
"POINT (12.273087774000032 51.326951979000057)",Unfall 72956 (2018) Kat:3, Licht: 2,72956,3,1,8,12,00,6,0,2,0,1,0,0,0,0
"POINT (12.452256712000064 51.350337218000050)",Unfall 72986 (2018) Kat:3, Licht: 2,72986,3,3,5,12,17,4,1,2,0,1,0,0,0,0
"POINT (12.491012850000061 51.357309325000074)",Unfall 73007 (2018) Kat:3, Licht: 1,73007,3,6,3,12,16,6,1,1,0,1,0,0,0,0
"POINT (12.380071814000075 51.344272364000062)",Unfall 73009 (2018) Kat:2, Licht: 2,73009,2,4,6,12,01,1,1,2,0,1,1,0,0,0
"POINT (12.399896209000076 51.419987515000059)",Unfall 73011 (2018) Kat:2, Licht: 0,73011,2,6,2,12,10,6,1,0,0,1,0,0,1,0
"POINT (12.430590725000059 51.351360408000062)",Unfall 73014 (2018) Kat:3, Licht: 2,73014,3,2,6,12,17,6,1,2,0,1,1,0,0,0
"POINT (12.405917076000037 51.313915357000042)",Unfall 73132 (2018) Kat:3, Licht: 1,73132,3,3,5,12,07,6,0,1,1,0,0,0,0,1
"POINT (12.375051742000039 51.408560748000070)",Unfall 73157 (2018) Kat:3, Licht: 2,73157,3,6,2,12,01,7,1,2,0,1,0,0,0,1
"POINT (12.357654896000042 51.350498021000078)",Unfall 165357 (2018) Kat:3, Licht: 0,165357,3,2,3,01,15,5,0,0,1,1,0,0,0,0
"POINT (12.322653783000021 51.374896008000064)",Unfall 165359 (2018) Kat:3, Licht: 2,165359,3,6,2,01,18,5,1,2,0,1,0,0,0,1
"POINT (12.302452731000074 51.353660186000070)",Unfall 165360 (2018) Kat:3, Licht: 0,165360,3,2,2,01,12,5,0,0,0,1,0,0,0,0
"POINT (12.421706361000076 51.332563347000075)",Unfall 165362 (2018) Kat:3, Licht: 0,165362,3,4,6,01,11,5,0,0,0,1,1,0,0,0
"POINT (12.418783924000024 51.317521141000043)",Unfall 165364 (2018) Kat:3, Licht: 0,165364,3,2,6,01,07,5,0,0,0,1,1,0,0,0
"POINT (12.376409364000040 51.351130164000040)",Unfall 165384 (2018) Kat:2, Licht: 0,165384,2,4,6,01,13,4,0,0,0,1,1,0,0,0
"POINT (12.376312184000028 51.349761324000042)",Unfall 165390 (2018) Kat:3, Licht: 0,165390,3,2,3,01,11,4,0,0,1,0,0,0,0,1
"POINT (12.329125437000073 51.315941177000070)",Unfall 165392 (2018) Kat:3, Licht: 0,165392,3,2,2,01,09,4,0,0,1,0,0,0,0,0
"POINT (12.378491887000052 51.321422798000071)",Unfall 165394 (2018) Kat:3, Licht: 0,165394,3,5,1,01,10,4,0,0,1,1,0,0,0,0
"POINT (12.430560909000064 51.365111844000069)",Unfall 165397 (2018) Kat:2, Licht: 0,165397,2,7,6,01,13,4,0,0,0,0,1,0,0,1
"POINT (12.395676159000061 51.323664339000061)",Unfall 165399 (2018) Kat:3, Licht: 0,165399,3,2,4,01,12,4,0,0,0,1,0,0,0,0
"POINT (12.390614932000062 51.329160980000040)",Unfall 165401 (2018) Kat:2, Licht: 0,165401,2,4,6,01,10,4,0,0,0,1,1,0,0,0
"POINT (12.373644054000067 51.322903448000034)",Unfall 165433 (2018) Kat:3, Licht: 2,165433,3,4,6,01,00,2,0,2,0,1,1,0,0,0
"POINT (12.407481329000063 51.339066539000044)",Unfall 165437 (2018) Kat:3, Licht: 1,165437,3,5,1,01,08,3,0,1,1,1,0,0,0,0
"POINT (12.380697878000035 51.330950117000043)",Unfall 165456 (2018) Kat:3, Licht: 2,165456,3,2,2,01,16,2,0,2,0,1,0,0,0,0
"POINT (12.387251594000077 51.343716004000044)",Unfall 165458 (2018) Kat:3, Licht: 0,165458,3,7,6,01,15,2,0,0,0,1,1,0,0,0
"POINT (12.393210291000059 51.336946366000063)",Unfall 165460 (2018) Kat:3, Licht: 1,165460,3,3,5,01,07,2,0,1,1,0,0,0,1,0
"POINT (12.380146486000058 51.330237529000044)",Unfall 165462 (2018) Kat:3, Licht: 0,165462,3,2,3,01,15,2,0,0,1,1,0,0,0,0
"POINT (12.472505191000039 51.323858386000040)",Unfall 165466 (2018) Kat:3, Licht: 2,165466,3,3,5,01,07,2,0,2,0,1,0,1,0,0
"POINT (12.396244749000061 51.305377383000064)",Unfall 165468 (2018) Kat:3, Licht: 1,165468,3,2,3,01,16,2,0,1,1,1,0,0,0,0
"POINT (12.338858995000066 51.320027631000073)",Unfall 165473 (2018) Kat:3, Licht: 0,165473,3,2,5,01,07,2,0,0,1,1,0,0,0,0
"POINT (12.368389233000073 51.314389495000057)",Unfall 165476 (2018) Kat:3, Licht: 0,165476,3,5,1,01,15,2,0,0,1,1,0,0,0,0
"POINT (12.369369057000029 51.342302046000043)",Unfall 165492 (2018) Kat:3, Licht: 2,165492,3,6,2,01,00,1,0,2,0,1,0,0,0,0
"POINT (12.301696712000023 51.343487647000075)",Unfall 165495 (2018) Kat:3, Licht: 2,165495,3,3,5,01,19,1,0,2,0,1,0,0,0,0
"POINT (12.400306862000036 51.316285158000028)",Unfall 165500 (2018) Kat:2, Licht: 2,165500,2,4,6,01,03,1,1,2,0,1,1,0,0,0
"POINT (12.385490362000041 51.376140157000066)",Unfall 165503 (2018) Kat:2, Licht: 0,165503,2,3,5,01,11,1,1,0,0,1,0,0,0,0
"POINT (12.317839240000069 51.320387551000067)",Unfall 165507 (2018) Kat:3, Licht: 2,165507,3,6,2,01,18,7,0,2,0,1,0,0,0,0
"POINT (12.376468221000039 51.348372970000071)",Unfall 165509 (2018) Kat:3, Licht: 2,165509,3,3,5,01,18,7,0,2,0,1,0,0,0,0
"POINT (12.388591543000075 51.332491532000063)",Unfall 165519 (2018) Kat:3, Licht: 0,165519,3,7,6,01,13,6,1,0,0,1,1,0,0,0
"POINT (12.369314722000070 51.341655616000025)",Unfall 165522 (2018) Kat:3, Licht: 0,165522,3,3,5,01,07,6,0,0,1,0,0,0,1,0
"POINT (12.359176495000042 51.319623055000079)",Unfall 165543 (2018) Kat:3, Licht: 2,165543,3,6,3,01,21,5,0,2,1,0,0,0,0,0
"POINT (12.461008893000042 51.367419406000067)",Unfall 165545 (2018) Kat:3, Licht: 2,165545,3,2,5,01,16,5,1,2,1,1,0,0,0,0
"POINT (12.313933569000028 51.347603485000036)",Unfall 165547 (2018) Kat:3, Licht: 0,165547,3,4,6,01,15,5,1,0,0,1,1,0,0,0
"POINT (12.378324725000027 51.315338864000068)",Unfall 165551 (2018) Kat:3, Licht: 2,165551,3,4,6,01,16,5,0,2,0,1,1,0,0,0
"POINT (12.374018828000032 51.334245485000054)",Unfall 165579 (2018) Kat:3, Licht: 2,165579,3,2,5,01,07,4,1,2,1,1,0,0,0,0
"POINT (12.370495134000066 51.361199737000049)",Unfall 165584 (2018) Kat:2, Licht: 1,165584,2,2,6,01,07,4,1,1,0,1,1,0,0,0
"POINT (12.439167279000060 51.294864562000043)",Unfall 165585 (2018) Kat:3, Licht: 0,165585,3,6,1,01,15,4,1,0,0,1,0,0,0,0
"POINT (12.374082118000047 51.304075363000038)",Unfall 165605 (2018) Kat:3, Licht: 2,165605,3,3,5,01,06,3,1,2,1,1,0,0,0,0
"POINT (12.392025361000037 51.352153813000029)",Unfall 165607 (2018) Kat:3, Licht: 0,165607,3,1,4,01,08,3,1,0,0,1,0,0,0,0
"POINT (12.379513520000046 51.333492794000051)",Unfall 165617 (2018) Kat:3, Licht: 0,165617,3,7,0,01,16,2,1,0,0,0,0,1,0,0
"POINT (12.433492299000022 51.355244292000066)",Unfall 165618 (2018) Kat:2, Licht: 2,165618,2,2,5,01,23,2,1,2,1,1,0,0,0,0
"POINT (12.356968539000036 51.336126817000036)",Unfall 165619 (2018) Kat:2, Licht: 2,165619,2,2,5,01,06,2,1,2,0,1,0,0,0,0
"POINT (12.380346766000059 51.366218213000082)",Unfall 165620 (2018) Kat:3, Licht: 2,165620,3,3,5,01,17,2,1,2,1,1,0,0,0,0
"POINT (12.351653444000021 51.333247150000034)",Unfall 165629 (2018) Kat:2, Licht: 2,165629,2,1,0,02,05,1,1,2,1,0,0,0,0,0
"POINT (12.373312634000058 51.316760364000061)",Unfall 165632 (2018) Kat:3, Licht: 2,165632,3,1,8,01,06,1,1,2,1,1,0,0,0,0
"POINT (12.326630842000043 51.323155929000052)",Unfall 165635 (2018) Kat:3, Licht: 0,165635,3,3,5,01,11,1,0,0,0,1,0,0,0,0
"POINT (12.467451610000069 51.345814080000082)",Unfall 165642 (2018) Kat:3, Licht: 1,165642,3,1,8,02,07,7,0,1,0,1,0,0,0,0
"POINT (12.365596202000063 51.339593289000049)",Unfall 165644 (2018) Kat:3, Licht: 0,165644,3,3,5,02,09,7,0,0,1,1,0,0,0,0
"POINT (12.401760719000038 51.340269243000080)",Unfall 165645 (2018) Kat:3, Licht: 2,165645,3,1,0,01,03,7,1,2,1,0,0,0,0,0
"POINT (12.325784004000070 51.319312084000046)",Unfall 165646 (2018) Kat:3, Licht: 0,165646,3,3,5,02,15,7,1,0,0,1,0,0,0,0
"POINT (12.410593234000032 51.335042720000047)",Unfall 165647 (2018) Kat:3, Licht: 0,165647,3,3,5,01,08,7,1,0,0,1,0,0,0,0
"POINT (12.313545534000070 51.347776012000054)",Unfall 165652 (2018) Kat:3, Licht: 0,165652,3,6,3,02,15,6,0,0,1,1,0,0,0,0