WKT,Name,OBJECTID,UKATEGORIE,UTYP1,UART,UMONAT,USTUNDE,UWOCHENTAG,STRZUSTAND,ULICHTVERH,ISTRAD,ISTPKW,ISTFUSS,ISTKRAD,ISTGKFZ,ISTSONSTIG
"POINT (12.345819199000061 51.327777758000082)",Unfall 165655 (2018) Kat:3, Licht: 0,165655,3,2,6,02,12,6,1,0,1,0,1,0,0,0
"POINT (12.398320513000044 51.339217464000058)",Unfall 165657 (2018) Kat:2, Licht: 1,165657,2,3,5,01,07,6,0,1,1,1,0,0,0,0
"POINT (12.386696374000053 51.320802048000076)",Unfall 165658 (2018) Kat:3, Licht: 0,165658,3,4,6,02,07,6,0,0,0,1,1,0,0,0
"POINT (12.304215077000038 51.343125850000035)",Unfall 165659 (2018) Kat:2, Licht: 2,165659,2,4,6,01,22,6,0,2,0,1,1,0,0,0
"POINT (12.391318310000031 51.334888726000031)",Unfall 165660 (2018) Kat:3, Licht: 2,165660,3,2,4,02,22,6,0,2,0,1,0,0,0,0
"POINT (12.525611285000025 51.336957123000047)",Unfall 165661 (2018) Kat:2, Licht: 0,165661,2,1,8,02,08,6,2,0,0,1,0,0,0,0
"POINT (12.409082962000070 51.340734702000077)",Unfall 165662 (2018) Kat:3, Licht: 0,165662,3,3,5,02,15,6,0,0,0,1,0,0,0,0
"POINT (12.407713030000025 51.337907725000036)",Unfall 165676 (2018) Kat:3, Licht: 2,165676,3,3,5,02,18,5,0,2,1,1,0,0,0,0
"POINT (12.407635734000053 51.351304158000062)",Unfall 165678 (2018) Kat:3, Licht: 1,165678,3,3,5,02,06,5,1,1,1,0,0,0,0,1
"POINT (12.404288364000024 51.332844539000064)",Unfall 165683 (2018) Kat:3, Licht: 0,165683,3,3,5,02,15,5,0,0,1,1,0,0,0,0
"POINT (12.381605521000040 51.331759440000042)",Unfall 165685 (2018) Kat:2, Licht: 0,165685,2,3,5,02,15,5,0,0,1,1,0,0,0,0
"POINT (12.404385024000021 51.322238204000030)",Unfall 165687 (2018) Kat:3, Licht: 0,165687,3,3,5,02,08,5,1,0,0,1,0,0,0,1
"POINT (12.372524780000049 51.362533681000059)",Unfall 165700 (2018) Kat:3, Licht: 0,165700,3,7,0,01,07,4,0,0,1,0,0,0,0,0
"POINT (12.394716908000021 51.396881959000041)",Unfall 165705 (2018) Kat:3, Licht: 0,165705,3,7,9,01,08,4,0,0,0,1,0,0,0,0
"POINT (12.421466858000031 51.308300956000039)",Unfall 165706 (2018) Kat:3, Licht: 0,165706,3,3,5,01,15,4,0,0,0,1,0,0,0,1
"POINT (12.405816142000049 51.357451464000064)",Unfall 165708 (2018) Kat:3, Licht: 0,165708,3,7,6,01,18,4,0,0,0,1,1,0,0,0
"POINT (12.373615676000043 51.330545023000070)",Unfall 165716 (2018) Kat:2, Licht: 1,165716,2,3,5,01,07,4,1,1,0,1,0,0,0,0
"POINT (12.336357501000066 51.319064626000056)",Unfall 165718 (2018) Kat:2, Licht: 2,165718,2,6,4,01,16,4,1,2,1,0,0,0,0,0
"POINT (12.417093574000035 51.344981677000078)",Unfall 165719 (2018) Kat:3, Licht: 2,165719,3,3,5,01,23,4,0,2,1,1,0,0,0,0
"POINT (12.406927244000030 51.338107785000034)",Unfall 165731 (2018) Kat:3, Licht: 1,165731,3,4,6,01,16,3,0,1,1,0,1,0,0,0
"POINT (12.417436269000063 51.311091471000054)",Unfall 165733 (2018) Kat:3, Licht: 2,165733,3,2,3,01,18,3,0,2,1,1,0,0,0,0
"POINT (12.458422766000069 51.357039388000032)",Unfall 165750 (2018) Kat:2, Licht: 0,165750,2,7,6,01,10,2,0,0,0,0,1,0,0,1
"POINT (12.405955534000043 51.345528659000081)",Unfall 165751 (2018) Kat:3, Licht: 0,165751,3,2,4,01,13,3,1,0,1,1,0,0,0,0
"POINT (12.315152523000052 51.349353358000030)",Unfall 165753 (2018) Kat:3, Licht: 2,165753,3,2,5,01,19,3,1,2,0,1,0,0,0,0
"POINT (12.443896742000049 51.291497965000076)",Unfall 165757 (2018) Kat:3, Licht: 0,165757,3,3,5,01,10,1,0,0,1,1,0,0,0,0
"POINT (12.393122965000032 51.400242782000078)",Unfall 165758 (2018) Kat:3, Licht: 0,165758,3,6,2,01,09,3,1,0,0,1,0,0,0,0
"POINT (12.340062998000064 51.337418258000071)",Unfall 165759 (2018) Kat:3, Licht: 0,165759,3,6,3,01,11,7,1,0,1,1,0,0,0,0
"POINT (12.301010095000038 51.354836536000050)",Unfall 165760 (2018) Kat:3, Licht: 2,165760,3,2,4,01,07,3,1,2,0,1,0,0,0,0
"POINT (12.388678845000072 51.335282994000067)",Unfall 165761 (2018) Kat:3, Licht: 0,165761,3,2,4,01,15,3,1,0,1,1,0,0,0,0
"POINT (12.340855504000046 51.369946117000040)",Unfall 165762 (2018) Kat:3, Licht: 0,165762,3,5,1,01,14,7,1,0,0,1,0,0,0,1
"POINT (12.402573314000051 51.325942868000027)",Unfall 165764 (2018) Kat:3, Licht: 0,165764,3,6,2,01,14,7,0,0,0,1,0,0,0,0
"POINT (12.365044938000040 51.339244834000056)",Unfall 165776 (2018) Kat:3, Licht: 2,165776,3,4,6,01,06,6,1,2,0,1,1,0,0,0
"POINT (12.376474966000046 51.348374640000031)",Unfall 165779 (2018) Kat:3, Licht: 2,165779,3,3,5,01,17,6,0,2,0,1,0,0,0,0
"POINT (12.327335770000047 51.325451134000048)",Unfall 165781 (2018) Kat:2, Licht: 2,165781,2,3,5,01,19,6,1,2,1,1,0,0,0,0
"POINT (12.373262862000047 51.314978537000059)",Unfall 165782 (2018) Kat:3, Licht: 2,165782,3,4,6,01,17,6,1,2,0,1,1,0,0,0
"POINT (12.385087203000069 51.342736584000079)",Unfall 165790 (2018) Kat:3, Licht: 0,165790,3,3,5,01,09,2,0,0,1,1,0,0,0,0
"POINT (12.372047451000071 51.356867665000038)",Unfall 165791 (2018) Kat:3, Licht: 0,165791,3,3,5,01,15,2,0,0,0,1,0,0,0,0
"POINT (12.428328585000031 51.326196561000074)",Unfall 165793 (2018) Kat:2, Licht: 2,165793,2,1,8,01,22,2,1,2,1,0,0,0,0,0
"POINT (12.373343512000076 51.336672434000036)",Unfall 165795 (2018) Kat:3, Licht: 0,165795,3,6,1,01,11,2,0,0,1,1,0,0,0,0
"POINT (12.368692056000043 51.357278758000064)",Unfall 165798 (2018) Kat:3, Licht: 0,165798,3,3,5,01,10,2,0,0,0,1,0,0,0,0
"POINT (12.372383996000053 51.349622358000033)",Unfall 165800 (2018) Kat:3, Licht: 2,165800,3,3,5,01,18,2,0,2,1,1,0,0,0,0
"POINT (12.377664745000061 51.348864773000059)",Unfall 165802 (2018) Kat:2, Licht: 0,165802,2,2,5,01,13,2,0,0,0,1,0,0,0,0
"POINT (12.407267018000027 51.364477718000046)",Unfall 165806 (2018) Kat:3, Licht: 0,165806,3,6,2,01,11,5,0,0,0,1,0,0,0,0
"POINT (12.370714538000072 51.335205004000045)",Unfall 165808 (2018) Kat:3, Licht: 2,165808,3,2,5,01,18,5,1,2,1,1,0,0,0,0
"POINT (12.341591845000039 51.327829457000064)",Unfall 165810 (2018) Kat:2, Licht: 0,165810,2,3,5,01,16,5,1,0,1,1,0,0,0,0
"POINT (12.359206174000064 51.343325019000076)",Unfall 165812 (2018) Kat:3, Licht: 0,165812,3,5,1,01,16,5,1,0,1,1,0,0,0,0
"POINT (12.340828731000045 51.337787210000045)",Unfall 165826 (2018) Kat:3, Licht: 2,165826,3,7,5,01,20,4,0,2,1,0,0,0,0,0
"POINT (12.359318327000040 51.320944840000038)",Unfall 165827 (2018) Kat:3, Licht: 0,165827,3,7,2,01,12,4,0,0,0,1,0,0,0,0
"POINT (12.358398271000056 51.379188516000056)",Unfall 165829 (2018) Kat:3, Licht: 2,165829,3,2,5,01,06,4,1,2,0,1,0,0,0,0
"POINT (12.382235927000067 51.330145381000079)",Unfall 165830 (2018) Kat:3, Licht: 0,165830,3,6,2,01,09,4,0,0,0,1,0,0,1,0
"POINT (12.356967538000049 51.336127736000037)",Unfall 165831 (2018) Kat:2, Licht: 2,165831,2,3,5,01,05,1,0,2,1,1,0,0,0,0
"POINT (12.308381683000050 51.375234646000081)",Unfall 165832 (2018) Kat:3, Licht: 0,165832,3,3,5,01,11,4,0,0,0,1,0,0,0,0
"POINT (12.362671591000037 51.321169362000035)",Unfall 165835 (2018) Kat:3, Licht: 2,165835,3,2,5,01,21,4,0,2,1,1,0,0,0,0
"POINT (12.326111281000067 51.315630194000050)",Unfall 165848 (2018) Kat:2, Licht: 0,165848,2,4,6,01,15,6,1,0,0,1,1,0,0,0
"POINT (12.347766526000044 51.350631337000038)",Unfall 165849 (2018) Kat:3, Licht: 2,165849,3,3,5,01,19,6,0,2,0,1,0,0,0,0
"POINT (12.376678444000049 51.317603633000033)",Unfall 165851 (2018) Kat:3, Licht: 1,165851,3,4,6,01,16,6,1,1,0,1,1,0,0,0
"POINT (12.434942246000048 51.306298949000052)",Unfall 165853 (2018) Kat:3, Licht: 2,165853,3,4,6,01,05,6,1,2,0,1,1,0,0,0
"POINT (12.402078450000033 51.333154763000039)",Unfall 165872 (2018) Kat:3, Licht: 0,165872,3,1,0,03,13,3,1,0,0,0,0,1,0,0
"POINT (12.370765749000043 51.335100555000054)",Unfall 165874 (2018) Kat:3, Licht: 0,165874,3,6,2,03,09,3,1,0,0,1,0,0,0,0
"POINT (12.373694734000026 51.324170091000042)",Unfall 165877 (2018) Kat:3, Licht: 0,165877,3,2,2,03,07,3,0,0,0,1,0,0,0,0
"POINT (12.376371043000063 51.350475828000071)",Unfall 165878 (2018) Kat:3, Licht: 0,165878,3,6,2,02,11,6,0,0,0,1,0,0,0,0
"POINT (12.309360274000028 51.347395448000043)",Unfall 165880 (2018) Kat:3, Licht: 0,165880,3,3,5,03,06,3,0,0,0,1,0,0,0,0
"POINT (12.338301182000066 51.331605466000042)",Unfall 165881 (2018) Kat:3, Licht: 0,165881,3,6,2,02,09,6,0,0,0,1,0,0,0,0
"POINT (12.410788872000069 51.330285805000074)",Unfall 165882 (2018) Kat:2, Licht: 2,165882,2,4,6,03,19,3,2,2,0,1,1,0,0,0
"POINT (12.373702906000062 51.331780448000075)",Unfall 165884 (2018) Kat:3, Licht: 0,165884,3,3,5,02,09,6,0,0,1,1,0,0,0,0
"POINT (12.399441312000022 51.376403451000044)",Unfall 165885 (2018) Kat:2, Licht: 0,165885,2,3,5,02,07,6,1,0,0,1,0,0,0,1
"POINT (12.294468734000077 51.358859611000071)",Unfall 165886 (2018) Kat:3, Licht: 0,165886,3,6,2,02,08,6,1,0,0,1,0,0,0,0
"POINT (12.341171102000033 51.332347665000043)",Unfall 165888 (2018) Kat:3, Licht: 2,165888,3,3,5,02,03,6,0,2,1,1,0,0,0,0
"POINT (12.399430263000056 51.376404509000054)",Unfall 165889 (2018) Kat:3, Licht: 0,165889,3,3,5,02,11,6,0,0,0,1,0,0,0,0
"POINT (12.397024965000071 51.376607744000069)",Unfall 165891 (2018) Kat:2, Licht: 0,165891,2,1,0,02,12,6,1,0,0,0,0,1,0,0
"POINT (12.385151138000026 51.339454604000082)",Unfall 165918 (2018) Kat:3, Licht: 0,165918,3,5,0,02,15,5,0,0,1,0,0,0,1,0
"POINT (12.376693746000058 51.320518625000034)",Unfall 165919 (2018) Kat:3, Licht: 0,165919,3,2,3,03,09,2,1,0,1,0,0,0,0,1
"POINT (12.323025811000036 51.342216149000080)",Unfall 165920 (2018) Kat:3, Licht: 0,165920,3,3,5,02,09,5,1,0,1,1,0,0,0,0
"POINT (12.439138744000047 51.294854705000034)",Unfall 165921 (2018) Kat:3, Licht: 0,165921,3,3,5,02,11,5,0,0,0,1,0,0,0,0
"POINT (12.375625145000072 51.366923842000062)",Unfall 165922 (2018) Kat:3, Licht: 2,165922,3,4,6,03,19,2,0,2,0,1,1,0,0,0
"POINT (12.322514237000064 51.299839009000038)",Unfall 165923 (2018) Kat:3, Licht: 0,165923,3,3,5,02,16,5,1,0,0,1,0,0,0,0
"POINT (12.373633876000042 51.330664984000066)",Unfall 165924 (2018) Kat:2, Licht: 0,165924,2,5,3,03,10,2,0,0,1,1,0,0,0,0
"POINT (12.408661506000044 51.359996207000052)",Unfall 165925 (2018) Kat:3, Licht: 0,165925,3,3,5,02,07,5,0,0,1,1,0,0,0,0
"POINT (12.368905393000034 51.341886976000069)",Unfall 165934 (2018) Kat:3, Licht: 0,165934,3,6,2,02,10,4,0,0,0,1,0,0,1,0
"POINT (12.327170835000061 51.329607586000066)",Unfall 165936 (2018) Kat:3, Licht: 2,165936,3,3,5,02,06,4,0,2,1,1,0,0,0,0
"POINT (12.305522706000033 51.326446044000079)",Unfall 165937 (2018) Kat:3, Licht: 0,165937,3,2,4,02,15,4,0,0,0,1,0,0,0,0
"POINT (12.416522467000050 51.321862558000078)",Unfall 165938 (2018) Kat:3, Licht: 0,165938,3,3,5,03,08,1,0,0,0,1,0,0,0,0
"POINT (12.411881370000060 51.293573808000076)",Unfall 165939 (2018) Kat:3, Licht: 0,165939,3,7,0,02,15,4,0,0,1,0,0,0,0,0
"POINT (12.371510143000023 51.348513717000060)",Unfall 165942 (2018) Kat:3, Licht: 0,165942,3,2,3,03,08,7,0,0,1,1,0,0,0,0
"POINT (12.375171335000061 51.334243120000053)",Unfall 165943 (2018) Kat:2, Licht: 0,165943,2,4,6,02,11,4,0,0,0,1,1,0,0,0
"POINT (12.264400536000039 51.334705349000046)",Unfall 165944 (2018) Kat:2, Licht: 0,165944,2,3,5,03,10,7,0,0,0,1,0,0,0,0
"POINT (12.396121737000044 51.341099192000058)",Unfall 165945 (2018) Kat:3, Licht: 1,165945,3,3,5,02,06,4,1,1,0,1,0,0,0,0
"POINT (12.373325454000053 51.307836670000029)",Unfall 165948 (2018) Kat:2, Licht: 2,165948,2,4,6,02,20,4,0,2,0,1,1,0,0,0
"POINT (12.396357560000069 51.308918355000060)",Unfall 165949 (2018) Kat:3, Licht: 0,165949,3,2,3,03,15,6,0,0,0,1,0,0,0,1
"POINT (12.391617636000035 51.357979786000044)",Unfall 165950 (2018) Kat:3, Licht: 0,165950,3,3,5,02,15,4,0,0,0,1,0,0,0,0
"POINT (12.358486156000026 51.364109716000030)",Unfall 165952 (2018) Kat:3, Licht: 0,165952,3,2,4,03,16,6,0,0,0,1,0,0,0,1
"POINT (12.281030462000047 51.381238422000081)",Unfall 165954 (2018) Kat:3, Licht: 2,165954,3,1,1,03,03,6,0,2,0,1,0,0,0,0
"POINT (12.386304122000070 51.360553696000068)",Unfall 165956 (2018) Kat:3, Licht: 0,165956,3,3,5,03,13,6,0,0,0,1,0,0,0,0
"POINT (12.365076949000070 51.336996016000057)",Unfall 165962 (2018) Kat:3, Licht: 0,165962,3,7,3,02,07,3,0,0,0,1,0,0,0,1
"POINT (12.382947721000050 51.334247320000031)",Unfall 165964 (2018) Kat:3, Licht: 0,165964,3,2,5,02,12,3,0,0,1,1,0,0,0,0
"POINT (12.416559746000075 51.323753159000034)",Unfall 165966 (2018) Kat:3, Licht: 0,165966,3,3,5,02,09,3,1,0,0,1,0,0,0,0
"POINT (12.376183183000023 51.348303346000080)",Unfall 165969 (2018) Kat:3, Licht: 0,165969,3,2,5,03,07,5,0,0,1,1,0,0,0,0
"POINT (12.295063123000034 51.412994165000043)",Unfall 165971 (2018) Kat:3, Licht: 0,165971,3,6,1,03,14,5,0,0,0,1,0,0,0,0
"POINT (12.264400970000054 51.334705298000074)",Unfall 165982 (2018) Kat:3, Licht: 0,165982,3,3,5,02,11,2,0,0,0,1,0,0,0,0
"POINT (12.339516265000043 51.326723697000034)",Unfall 165984 (2018) Kat:2, Licht: 1,165984,2,3,5,02,07,2,1,1,0,1,0,0,0,0
"POINT (12.309694365000041 51.315302188000032)",Unfall 165988 (2018) Kat:3, Licht: 1,165988,3,2,6,02,17,4,0,1,0,1,1,0,0,0
"POINT (12.376516886000047 51.308514297000045)",Unfall 165989 (2018) Kat:3, Licht: 2,165989,3,7,9,02,19,4,0,2,0,1,0,0,0,0
"POINT (12.399427150000065 51.376404806000039)",Unfall 165991 (2018) Kat:3, Licht: 0,165991,3,3,5,02,15,4,0,0,0,1,0,0,0,0
"POINT (12.338820379000026 51.370383764000053)",Unfall 165994 (2018) Kat:3, Licht: 2,165994,3,3,5,02,21,4,0,2,0,1,0,1,0,0
"POINT (12.485929454000029 51.336165810000068)",Unfall 165997 (2018) Kat:2, Licht: 2,165997,2,4,6,02,18,4,0,2,0,1,1,0,0,0
"POINT (12.386787710000021 51.343566085000077)",Unfall 166011 (2018) Kat:3, Licht: 0,166011,3,7,0,02,10,3,0,0,0,0,0,0,0,1
"POINT (12.400700302000075 51.339284758000076)",Unfall 166012 (2018) Kat:3, Licht: 0,166012,3,2,5,02,14,1,0,0,0,1,0,0,0,0
"POINT (12.406027615000028 51.346145445000047)",Unfall 166013 (2018) Kat:3, Licht: 0,166013,3,6,2,02,13,3,0,0,0,1,0,0,0,0
"POINT (12.308380093000039 51.320960577000051)",Unfall 166014 (2018) Kat:3, Licht: 2,166014,3,2,2,02,20,1,0,2,0,1,0,0,0,0
"POINT (12.300694768000028 51.315630304000081)",Unfall 166015 (2018) Kat:3, Licht: 0,166015,3,3,5,02,13,3,0,0,0,1,0,0,0,0
"POINT (12.378362361000029 51.316646197000068)",Unfall 166017 (2018) Kat:3, Licht: 0,166017,3,3,5,02,07,3,0,0,1,1,0,0,0,0
"POINT (12.374118320000036 51.303343240000061)",Unfall 166018 (2018) Kat:3, Licht: 1,166018,3,3,5,02,06,3,0,1,0,1,0,0,0,0
"POINT (12.380612461000055 51.341320128000064)",Unfall 166029 (2018) Kat:3, Licht: 0,166029,3,7,3,02,12,6,0,0,1,1,0,0,0,0
"POINT (12.386303190000035 51.360560572000054)",Unfall 166030 (2018) Kat:3, Licht: 2,166030,3,3,5,02,22,2,0,2,0,1,0,0,0,0
"POINT (12.358508685000061 51.343221223000057)",Unfall 166031 (2018) Kat:3, Licht: 1,166031,3,2,3,02,07,6,0,1,1,1,0,0,0,0
"POINT (12.376480557000036 51.368740011000057)",Unfall 166032 (2018) Kat:3, Licht: 0,166032,3,4,6,02,11,2,0,0,0,1,1,0,0,0
"POINT (12.297753026000066 51.398114661000079)",Unfall 166033 (2018) Kat:3, Licht: 2,166033,3,6,6,02,20,6,0,2,0,0,1,0,1,0
"POINT (12.385296867000022 51.341178033000062)",Unfall 166036 (2018) Kat:3, Licht: 1,166036,3,3,5,02,07,6,1,1,1,0,0,0,0,0
"POINT (12.327127771000050 51.317117863000078)",Unfall 166038 (2018) Kat:3, Licht: 0,166038,3,5,1,02,08,6,0,0,0,1,0,0,0,0
"POINT (12.371120749000056 51.336437655000054)",Unfall 166044 (2018) Kat:3, Licht: 0,166044,3,6,2,02,13,1,0,0,0,1,0,0,0,0
"POINT (12.338755448000029 51.332368239000061)",Unfall 166047 (2018) Kat:3, Licht: 2,166047,3,2,3,02,18,1,0,2,1,1,0,0,0,0
"POINT (12.340656114000069 51.369727771000044)",Unfall 166055 (2018) Kat:2, Licht: 2,166055,2,7,6,02,23,5,0,2,0,0,1,0,0,1
"POINT (12.318654113000036 51.331515343000035)",Unfall 166057 (2018) Kat:3, Licht: 0,166057,3,6,1,02,14,5,0,0,0,1,0,0,0,0
"POINT (12.280547352000042 51.309343593000051)",Unfall 166058 (2018) Kat:3, Licht: 0,166058,3,3,5,02,12,5,0,0,0,1,0,0,0,0
"POINT (12.381583383000077 51.383780007000041)",Unfall 166061 (2018) Kat:3, Licht: 0,166061,3,6,2,02,12,6,0,0,0,1,0,0,0,0
"POINT (12.361551810000037 51.332763362000037)",Unfall 166075 (2018) Kat:3, Licht: 2,166075,3,6,2,02,17,4,0,2,0,1,0,0,0,0
"POINT (12.327168714000038 51.329610754000043)",Unfall 166077 (2018) Kat:3, Licht: 0,166077,3,2,5,02,13,5,0,0,1,1,0,0,0,0
"POINT (12.361790869000060 51.332565430000045)",Unfall 166078 (2018) Kat:3, Licht: 0,166078,3,3,5,02,11,4,0,0,1,1,0,0,0,0
"POINT (12.327190456000039 51.329642110000066)",Unfall 166080 (2018) Kat:3, Licht: 0,166080,3,3,5,02,09,4,0,0,0,1,0,0,0,0
"POINT (12.400583646000030 51.336223326000038)",Unfall 166082 (2018) Kat:3, Licht: 0,166082,3,2,5,02,08,4,0,0,0,1,0,0,0,0
"POINT (12.396041352000054 51.310144014000059)",Unfall 166086 (2018) Kat:3, Licht: 0,166086,3,2,5,02,16,4,0,0,1,0,0,0,0,1
"POINT (12.386452286000065 51.299103655000067)",Unfall 166088 (2018) Kat:3, Licht: 0,166088,3,3,5,02,09,4,0,0,0,1,0,0,0,0
"POINT (12.396103263000043 51.343174921000070)",Unfall 166103 (2018) Kat:3, Licht: 0,166103,3,2,4,02,09,3,2,0,0,1,0,0,0,0
"POINT (12.330271945000050 51.331997636000040)",Unfall 166105 (2018) Kat:3, Licht: 0,166105,3,2,6,02,12,3,0,0,0,1,1,0,0,0
"POINT (12.307690015000048 51.311975348000033)",Unfall 166106 (2018) Kat:3, Licht: 0,166106,3,3,4,02,09,3,2,0,1,1,0,0,0,0
"POINT (12.454147932000069 51.345485045000032)",Unfall 166108 (2018) Kat:3, Licht: 0,166108,3,3,5,02,08,3,0,0,0,1,0,0,0,0
"POINT (12.376849646000039 51.320516212000030)",Unfall 166111 (2018) Kat:3, Licht: 2,166111,3,2,6,02,17,3,0,2,0,1,1,0,0,0
"POINT (12.366340564000041 51.336299806000056)",Unfall 166112 (2018) Kat:2, Licht: 0,166112,2,3,5,02,14,3,0,0,1,1,0,0,0,0
"POINT (12.280252229000041 51.319732535000071)",Unfall 166113 (2018) Kat:3, Licht: 2,166113,3,2,5,02,05,3,0,2,1,1,0,0,0,0
"POINT (12.413891358000058 51.313345286000072)",Unfall 166118 (2018) Kat:3, Licht: 0,166118,3,3,5,02,11,3,0,0,1,1,0,0,0,0
"POINT (12.419497276000072 51.380747741000050)",Unfall 166120 (2018) Kat:3, Licht: 0,166120,3,7,6,02,11,3,0,0,0,0,1,0,1,0
"POINT (12.369140895000044 51.362801104000027)",Unfall 166122 (2018) Kat:3, Licht: 0,166122,3,4,6,02,08,3,0,0,0,1,1,0,0,0
"POINT (12.421729863000053 51.332568720000040)",Unfall 166124 (2018) Kat:3, Licht: 2,166124,3,3,5,02,19,3,0,2,1,1,0,0,0,0
"POINT (12.368139976000066 51.334882256000071)",Unfall 166125 (2018) Kat:3, Licht: 0,166125,3,3,5,02,15,3,0,0,0,1,0,0,0,0
"POINT (12.383331253000051 51.381584432000068)",Unfall 166133 (2018) Kat:3, Licht: 0,166133,3,6,2,02,08,2,0,0,0,1,0,0,0,0
"POINT (12.384769967000068 51.338142428000026)",Unfall 166143 (2018) Kat:3, Licht: 0,166143,3,2,2,02,15,2,0,0,0,1,0,0,0,0
"POINT (12.263854080000044 51.306933210000068)",Unfall 166144 (2018) Kat:2, Licht: 0,166144,2,7,5,02,16,2,0,0,0,1,0,0,0,1
"POINT (12.386457440000072 51.343447805000039)",Unfall 166148 (2018) Kat:3, Licht: 2,166148,3,3,5,02,00,1,0,2,1,1,0,0,0,0
"POINT (12.365464960000054 51.336714053000037)",Unfall 166150 (2018) Kat:3, Licht: 0,166150,3,3,5,03,08,2,2,0,1,1,0,0,0,0
"POINT (12.343904131000045 51.318845451000072)",Unfall 166151 (2018) Kat:3, Licht: 0,166151,3,6,4,03,13,2,0,0,0,1,0,0,0,0
"POINT (12.402407552000057 51.364715195000031)",Unfall 166152 (2018) Kat:3, Licht: 0,166152,3,6,2,03,15,2,0,0,0,1,0,0,0,1
"POINT (12.391484318000039 51.325681038000027)",Unfall 166161 (2018) Kat:3, Licht: 0,166161,3,7,0,04,13,3,0,0,0,1,0,0,0,1
"POINT (12.379383293000046 51.359419150000065)",Unfall 166163 (2018) Kat:2, Licht: 0,166163,2,3,5,04,06,3,1,0,0,1,0,0,0,0
"POINT (12.382973106000065 51.342530808000049)",Unfall 166164 (2018) Kat:3, Licht: 2,166164,3,4,6,03,21,7,1,2,0,1,1,0,0,0
"POINT (12.421422758000062 51.379249487000038)",Unfall 166165 (2018) Kat:3, Licht: 2,166165,3,3,5,03,21,7,2,2,0,1,0,0,0,0
"POINT (12.426680990000023 51.303547817000037)",Unfall 166166 (2018) Kat:3, Licht: 0,166166,3,3,5,04,15,3,0,0,0,1,0,0,0,1
"POINT (12.341178949000039 51.332336741000063)",Unfall 166182 (2018) Kat:3, Licht: 0,166182,3,2,5,04,18,2,0,0,1,1,0,0,0,0
"POINT (12.360383361000061 51.376805480000030)",Unfall 166184 (2018) Kat:3, Licht: 0,166184,3,4,6,03,14,6,2,0,0,1,1,0,0,0
"POINT (12.386532169000077 51.335635785000079)",Unfall 166185 (2018) Kat:3, Licht: 2,166185,3,3,5,04,00,2,0,2,0,1,0,0,0,0
"POINT (12.354175266000027 51.340104779000058)",Unfall 166186 (2018) Kat:3, Licht: 0,166186,3,2,2,03,13,6,1,0,0,1,0,0,0,1
"POINT (12.410048354000025 51.372407751000026)",Unfall 166189 (2018) Kat:2, Licht: 0,166189,2,4,6,03,10,6,1,0,0,1,1,0,0,0
"POINT (12.459220377000065 51.355535996000071)",Unfall 166193 (2018) Kat:3, Licht: 0,166193,3,3,5,04,14,1,0,0,1,1,0,0,0,0
"POINT (12.345957789000067 51.351004226000043)",Unfall 166195 (2018) Kat:3, Licht: 0,166195,3,2,5,03,10,7,1,0,0,1,0,0,0,0
"POINT (12.418511704000025 51.357327140000052)",Unfall 166197 (2018) Kat:2, Licht: 2,166197,2,3,5,03,21,7,0,2,0,1,0,0,0,0
"POINT (12.354141823000077 51.332131016000062)",Unfall 166210 (2018) Kat:3, Licht: 2,166210,3,7,3,03,17,5,0,2,1,1,0,0,0,0
"POINT (12.382768777000024 51.341136184000050)",Unfall 166211 (2018) Kat:3, Licht: 0,166211,3,3,5,03,07,5,0,0,1,0,0,0,0,0
"POINT (12.365723754000044 51.363511783000035)",Unfall 166212 (2018) Kat:2, Licht: 0,166212,2,2,6,03,14,5,0,0,0,1,1,0,0,0
"POINT (12.263094774000024 51.344633301000044)",Unfall 166214 (2018) Kat:3, Licht: 0,166214,3,3,5,03,13,5,0,0,0,1,0,0,0,0
"POINT (12.310220172000072 51.279930838000041)",Unfall 166215 (2018) Kat:3, Licht: 0,166215,3,6,5,03,19,6,0,0,0,1,0,0,0,0
"POINT (12.462220174000038 51.366175232000046)",Unfall 166216 (2018) Kat:3, Licht: 1,166216,3,2,5,03,06,5,0,1,1,1,0,0,0,0
"POINT (12.395653174000074 51.323675346000073)",Unfall 166231 (2018) Kat:3, Licht: 1,166231,3,2,5,03,07,4,1,1,1,0,0,0,0,1
"POINT (12.406168991000072 51.347359654000059)",Unfall 166232 (2018) Kat:3, Licht: 0,166232,3,2,5,03,18,5,0,0,1,1,0,0,0,0
"POINT (12.388095949000046 51.353417380000053)",Unfall 166233 (2018) Kat:3, Licht: 0,166233,3,2,5,03,19,5,1,0,0,1,0,0,0,1
"POINT (12.407957839000062 51.335633241000039)",Unfall 166234 (2018) Kat:3, Licht: 1,166234,3,6,2,03,17,4,0,1,1,1,0,0,0,0
"POINT (12.421077954000054 51.377483697000059)",Unfall 166235 (2018) Kat:2, Licht: 0,166235,2,4,6,03,16,5,0,0,0,1,1,0,0,0
"POINT (12.385602161000065 51.372652547000030)",Unfall 166236 (2018) Kat:3, Licht: 2,166236,3,1,0,03,06,4,1,2,1,0,0,0,0,0
"POINT (12.411761837000029 51.345224989000030)",Unfall 166252 (2018) Kat:3, Licht: 0,166252,3,3,3,03,17,4,1,0,0,1,0,0,0,0