WKT,Name,OBJECTID,UKATEGORIE,UTYP1,UART,UMONAT,USTUNDE,UWOCHENTAG,STRZUSTAND,ULICHTVERH,ISTRAD,ISTPKW,ISTFUSS,ISTKRAD,ISTGKFZ,ISTSONSTIG
"POINT (12.386303645000055 51.360557213000050)",Unfall 166255 (2018) Kat:3, Licht: 0,166255,3,2,4,03,11,4,0,0,0,1,0,0,0,1
"POINT (12.417451511000024 51.311099144000082)",Unfall 166256 (2018) Kat:1, Licht: 0,166256,1,2,5,03,13,4,0,0,1,0,0,0,1,0
"POINT (12.399430571000039 51.376404479000030)",Unfall 166266 (2018) Kat:3, Licht: 0,166266,3,3,5,03,11,3,0,0,0,1,0,0,0,1
"POINT (12.374559687000044 51.367083247000039)",Unfall 166270 (2018) Kat:3, Licht: 0,166270,3,3,5,03,16,3,1,0,0,1,0,0,0,0
"POINT (12.416148899000063 51.346097135000036)",Unfall 166273 (2018) Kat:3, Licht: 2,166273,3,4,6,03,19,3,1,2,0,1,1,0,0,0
"POINT (12.473587279000071 51.345687817000055)",Unfall 166276 (2018) Kat:3, Licht: 0,166276,3,7,8,03,10,3,0,0,0,1,0,0,0,0
"POINT (12.377541221000058 51.332888246000039)",Unfall 166283 (2018) Kat:2, Licht: 0,166283,2,4,6,03,15,3,1,0,0,0,1,0,0,1
"POINT (12.371313867000026 51.346382358000028)",Unfall 166284 (2018) Kat:3, Licht: 0,166284,3,3,5,03,14,3,0,0,1,0,0,0,0,1
"POINT (12.298955335000073 51.413208084000075)",Unfall 166286 (2018) Kat:3, Licht: 0,166286,3,2,4,03,09,3,0,0,0,1,0,0,0,1
"POINT (12.406344134000051 51.368679576000034)",Unfall 166287 (2018) Kat:3, Licht: 0,166287,3,3,5,03,16,3,0,0,0,1,0,0,0,0
"POINT (12.341174426000066 51.332343038000033)",Unfall 166289 (2018) Kat:3, Licht: 0,166289,3,3,5,03,08,3,0,0,1,1,0,0,0,0
"POINT (12.329492306000077 51.339884599000072)",Unfall 166291 (2018) Kat:3, Licht: 0,166291,3,3,5,03,16,3,0,0,0,1,0,0,0,1
"POINT (12.383234956000024 51.342997250000053)",Unfall 166292 (2018) Kat:3, Licht: 0,166292,3,6,2,03,15,2,0,0,0,1,0,0,0,0
"POINT (12.407990256000062 51.335673763000045)",Unfall 166294 (2018) Kat:3, Licht: 0,166294,3,2,2,03,12,2,1,0,0,1,0,0,0,1
"POINT (12.334378348000030 51.329707174000077)",Unfall 166295 (2018) Kat:3, Licht: 2,166295,3,7,4,03,20,2,1,2,0,1,0,1,0,0
"POINT (12.405879160000040 51.331770133000077)",Unfall 166296 (2018) Kat:2, Licht: 0,166296,2,4,6,03,17,3,1,0,0,0,1,0,0,1
"POINT (12.365052596000055 51.320990629000050)",Unfall 166298 (2018) Kat:3, Licht: 0,166298,3,6,3,03,16,2,1,0,1,0,0,0,0,0
"POINT (12.367313976000048 51.341071826000075)",Unfall 166301 (2018) Kat:3, Licht: 1,166301,3,4,6,03,18,2,1,1,0,0,1,0,0,1
"POINT (12.366080177000072 51.364799285000061)",Unfall 166303 (2018) Kat:3, Licht: 2,166303,3,7,1,03,20,2,1,2,0,1,0,0,0,0
"POINT (12.381129211000029 51.326192131000028)",Unfall 166313 (2018) Kat:3, Licht: 0,166313,3,5,0,03,07,2,0,0,1,1,0,0,0,0
"POINT (12.428743707000024 51.296729620000065)",Unfall 166328 (2018) Kat:3, Licht: 2,166328,3,4,6,03,19,1,0,2,0,0,1,1,0,0
"POINT (12.366702938000060 51.367133528000068)",Unfall 166329 (2018) Kat:3, Licht: 2,166329,3,6,2,03,18,1,0,2,0,1,0,0,0,0
"POINT (12.432845229000066 51.356145995000077)",Unfall 166330 (2018) Kat:3, Licht: 0,166330,3,3,5,03,11,1,0,0,0,1,0,1,0,0
"POINT (12.410931560000051 51.335847131000037)",Unfall 166335 (2018) Kat:3, Licht: 0,166335,3,4,1,03,15,1,0,0,0,1,1,0,0,0
"POINT (12.388845185000037 51.309210669000038)",Unfall 166337 (2018) Kat:3, Licht: 0,166337,3,2,3,03,14,1,0,0,1,1,0,0,0,0
"POINT (12.328070581000077 51.318511183000055)",Unfall 166348 (2018) Kat:3, Licht: 0,166348,3,3,5,03,09,7,0,0,0,1,0,0,0,0
"POINT (12.425941499000032 51.320673412000076)",Unfall 166350 (2018) Kat:3, Licht: 0,166350,3,3,5,03,07,7,0,0,0,1,0,0,0,1
"POINT (12.368119010000044 51.329924640000058)",Unfall 166357 (2018) Kat:3, Licht: 0,166357,3,3,5,03,09,6,0,0,0,1,0,0,0,0
"POINT (12.330378280000048 51.320216693000077)",Unfall 166359 (2018) Kat:3, Licht: 0,166359,3,4,6,03,09,6,0,0,0,1,1,0,0,0
"POINT (12.364388687000030 51.337669201000040)",Unfall 166362 (2018) Kat:3, Licht: 2,166362,3,3,5,03,03,6,0,2,1,1,0,0,0,0
"POINT (12.396292535000043 51.308125889000053)",Unfall 166368 (2018) Kat:3, Licht: 2,166368,3,6,2,03,19,6,0,2,0,1,0,0,0,0
"POINT (12.372900482000034 51.350532393000037)",Unfall 166370 (2018) Kat:3, Licht: 0,166370,3,7,6,03,16,6,0,0,0,0,1,0,0,1
"POINT (12.430353393000075 51.349951816000043)",Unfall 166373 (2018) Kat:3, Licht: 0,166373,3,3,5,03,15,6,0,0,1,1,0,0,0,0
"POINT (12.450770716000022 51.302477855000063)",Unfall 166375 (2018) Kat:3, Licht: 0,166375,3,4,6,03,15,6,0,0,0,0,1,0,0,1
"POINT (12.374511147000021 51.335814569000036)",Unfall 166389 (2018) Kat:3, Licht: 0,166389,3,4,2,03,17,5,0,0,0,1,1,0,0,0
"POINT (12.460359023000024 51.356766915000037)",Unfall 166391 (2018) Kat:2, Licht: 0,166391,2,4,6,03,10,5,1,0,0,0,1,0,0,1
"POINT (12.374634377000064 51.347985692000066)",Unfall 166395 (2018) Kat:3, Licht: 0,166395,3,3,5,03,08,5,1,0,0,1,0,0,0,0
"POINT (12.318649627000070 51.331513848000043)",Unfall 166396 (2018) Kat:3, Licht: 0,166396,3,4,6,03,17,5,0,0,0,1,1,0,0,0
"POINT (12.324120656000048 51.333495382000081)",Unfall 166398 (2018) Kat:3, Licht: 0,166398,3,2,6,03,10,5,0,0,0,1,1,0,0,0
"POINT (12.405916878000028 51.345336088000067)",Unfall 166399 (2018) Kat:2, Licht: 0,166399,2,4,6,03,12,5,1,0,0,1,1,0,0,0
"POINT (12.408016446000033 51.335710752000068)",Unfall 166403 (2018) Kat:3, Licht: 0,166403,3,6,3,03,16,5,1,0,0,1,0,0,0,1
"POINT (12.392791718000069 51.330687055000055)",Unfall 166413 (2018) Kat:3, Licht: 0,166413,3,4,6,03,17,4,1,0,0,1,1,0,0,0
"POINT (12.376883105000047 51.356228749000081)",Unfall 166416 (2018) Kat:3, Licht: 0,166416,3,7,6,03,07,4,2,0,0,0,1,0,0,1
"POINT (12.316761934000056 51.376022861000081)",Unfall 166417 (2018) Kat:3, Licht: 0,166417,3,3,5,03,05,4,2,0,0,1,0,0,0,1
"POINT (12.422834117000036 51.366515604000028)",Unfall 166418 (2018) Kat:3, Licht: 0,166418,3,4,0,03,08,4,1,0,0,0,1,0,0,1
"POINT (12.358484859000043 51.364105137000081)",Unfall 166419 (2018) Kat:3, Licht: 0,166419,3,2,5,03,07,4,2,0,0,1,0,0,0,1
"POINT (12.423276699000041 51.304613731000074)",Unfall 166420 (2018) Kat:3, Licht: 0,166420,3,6,0,03,15,4,0,0,1,1,0,0,0,0
"POINT (12.462534095000024 51.352322356000059)",Unfall 166421 (2018) Kat:3, Licht: 0,166421,3,4,6,03,07,4,1,0,0,1,1,0,0,0
"POINT (12.263866897000071 51.306935618000068)",Unfall 166424 (2018) Kat:3, Licht: 0,166424,3,2,5,03,16,4,0,0,0,1,0,0,0,1
"POINT (12.431584000000043 51.367286035000063)",Unfall 166435 (2018) Kat:3, Licht: 0,166435,3,3,5,04,17,3,0,0,1,1,0,0,0,0
"POINT (12.371341631000064 51.346242905000054)",Unfall 166444 (2018) Kat:3, Licht: 0,166444,3,6,2,04,13,3,0,0,0,1,0,0,0,0
"POINT (12.387213572000064 51.336876613000072)",Unfall 166447 (2018) Kat:3, Licht: 0,166447,3,3,5,04,15,6,0,0,1,1,0,0,0,0
"POINT (12.294350989000066 51.397173739000038)",Unfall 166449 (2018) Kat:2, Licht: 0,166449,2,3,5,04,14,6,0,0,1,0,0,0,1,0
"POINT (12.381956141000046 51.304418836000082)",Unfall 166455 (2018) Kat:3, Licht: 0,166455,3,2,4,04,17,4,0,0,1,1,0,0,0,0
"POINT (12.409089949000077 51.340730701000041)",Unfall 166459 (2018) Kat:2, Licht: 0,166459,2,4,6,04,06,4,0,0,0,1,1,0,0,0
"POINT (12.407526091000022 51.345443723000074)",Unfall 166460 (2018) Kat:3, Licht: 0,166460,3,6,2,04,17,1,0,0,0,1,0,0,0,0
"POINT (12.378501264000022 51.335877705000030)",Unfall 166462 (2018) Kat:2, Licht: 0,166462,2,3,5,04,18,4,1,0,0,1,0,0,0,0
"POINT (12.384663791000037 51.337416596000025)",Unfall 166466 (2018) Kat:2, Licht: 0,166466,2,1,0,04,16,2,1,0,1,0,0,0,0,0
"POINT (12.327724255000021 51.326779347000070)",Unfall 166472 (2018) Kat:3, Licht: 0,166472,3,3,5,04,09,4,0,0,0,1,0,1,0,0
"POINT (12.392916312000068 51.376351220000060)",Unfall 166474 (2018) Kat:3, Licht: 0,166474,3,3,5,04,15,2,1,0,0,1,0,0,0,0
"POINT (12.347840059000077 51.350635398000065)",Unfall 166476 (2018) Kat:3, Licht: 0,166476,3,3,5,04,07,6,0,0,1,1,0,0,0,0
"POINT (12.327722326000071 51.326770748000058)",Unfall 166481 (2018) Kat:3, Licht: 0,166481,3,3,5,04,07,6,1,0,1,1,0,0,0,0
"POINT (12.376837924000029 51.346196657000064)",Unfall 166483 (2018) Kat:3, Licht: 0,166483,3,2,5,04,17,6,0,0,1,1,0,0,0,0
"POINT (12.523389731000066 51.339094715000044)",Unfall 166485 (2018) Kat:3, Licht: 0,166485,3,6,3,04,10,1,0,0,1,0,0,0,0,0
"POINT (12.357063381000046 51.361719151000045)",Unfall 166496 (2018) Kat:3, Licht: 0,166496,3,6,2,04,14,6,1,0,1,1,0,0,0,0
"POINT (12.385362590000057 51.341181189000054)",Unfall 166505 (2018) Kat:3, Licht: 0,166505,3,3,5,04,15,3,0,0,1,1,0,0,0,0
"POINT (12.372400240000047 51.334112746000073)",Unfall 166506 (2018) Kat:3, Licht: 1,166506,3,6,3,04,20,3,0,1,1,1,0,0,0,0
"POINT (12.347385406000058 51.331059501000027)",Unfall 166507 (2018) Kat:3, Licht: 0,166507,3,5,1,04,17,3,0,0,1,1,0,0,0,0
"POINT (12.419524576000072 51.333156399000075)",Unfall 166509 (2018) Kat:3, Licht: 0,166509,3,6,6,04,13,3,0,0,0,1,1,0,0,0
"POINT (12.272796321000044 51.324655606000078)",Unfall 166510 (2018) Kat:3, Licht: 0,166510,3,3,5,04,10,1,0,0,1,1,0,0,0,0
"POINT (12.361040300000070 51.341678829000045)",Unfall 166511 (2018) Kat:3, Licht: 0,166511,3,5,3,04,19,7,0,0,1,1,0,0,0,0
"POINT (12.294714347000024 51.397895096000070)",Unfall 166512 (2018) Kat:3, Licht: 2,166512,3,3,5,04,22,3,0,2,0,1,0,1,0,0
"POINT (12.370941302000062 51.367153240000050)",Unfall 166513 (2018) Kat:3, Licht: 2,166513,3,4,6,04,21,3,0,2,1,0,1,0,0,0
"POINT (12.370852937000052 51.335403686000063)",Unfall 166514 (2018) Kat:2, Licht: 0,166514,2,6,6,04,17,3,0,0,1,0,1,0,0,0
"POINT (12.313167338000028 51.329725571000040)",Unfall 166517 (2018) Kat:3, Licht: 0,166517,3,6,2,04,06,2,1,0,0,1,0,0,0,0
"POINT (12.308714754000050 51.311401707000073)",Unfall 166518 (2018) Kat:3, Licht: 0,166518,3,6,2,04,08,3,0,0,0,1,0,0,1,0
"POINT (12.368981653000048 51.322248324000043)",Unfall 166521 (2018) Kat:3, Licht: 0,166521,3,3,5,04,18,3,0,0,1,1,0,0,0,0
"POINT (12.405895894000025 51.352602897000054)",Unfall 166525 (2018) Kat:3, Licht: 0,166525,3,2,2,04,16,2,1,0,1,1,0,0,0,0
"POINT (12.255213786000070 51.323350816000072)",Unfall 166527 (2018) Kat:3, Licht: 0,166527,3,3,5,04,07,6,0,0,1,1,0,0,0,0
"POINT (12.347672451000051 51.318729774000076)",Unfall 166547 (2018) Kat:2, Licht: 2,166547,2,6,3,04,01,1,0,2,1,1,0,0,0,0
"POINT (12.452023355000051 51.345528259000048)",Unfall 166552 (2018) Kat:3, Licht: 0,166552,3,2,4,04,10,1,0,0,1,1,0,0,0,0
"POINT (12.376208147000057 51.348309374000053)",Unfall 166553 (2018) Kat:3, Licht: 0,166553,3,2,5,04,12,2,0,0,1,1,0,0,0,0
"POINT (12.376744595000048 51.343123266000077)",Unfall 166554 (2018) Kat:3, Licht: 0,166554,3,7,3,04,09,2,0,0,1,1,0,0,0,0
"POINT (12.386452375000033 51.299093582000069)",Unfall 166555 (2018) Kat:3, Licht: 0,166555,3,2,5,04,07,2,0,0,1,1,0,0,0,0
"POINT (12.373122906000049 51.367116501000055)",Unfall 166556 (2018) Kat:3, Licht: 0,166556,3,4,6,04,15,2,0,0,0,1,1,0,0,0
"POINT (12.362750065000057 51.373415920000070)",Unfall 166557 (2018) Kat:3, Licht: 0,166557,3,7,1,04,16,2,0,0,0,1,0,0,0,0
"POINT (12.485967282000047 51.346326551000061)",Unfall 166561 (2018) Kat:3, Licht: 0,166561,3,6,4,04,16,1,0,0,0,1,0,0,0,0
"POINT (12.430133398000066 51.347053193000079)",Unfall 166562 (2018) Kat:3, Licht: 2,166562,3,1,1,04,21,7,0,2,1,1,0,0,0,0
"POINT (12.383913977000077 51.380597602000080)",Unfall 166576 (2018) Kat:3, Licht: 0,166576,3,2,5,04,10,2,1,0,0,1,0,0,0,1
"POINT (12.373711682000021 51.305634551000026)",Unfall 166580 (2018) Kat:2, Licht: 0,166580,2,3,5,04,18,2,1,0,1,1,0,0,0,0
"POINT (12.382051329000035 51.332609542000057)",Unfall 166589 (2018) Kat:3, Licht: 0,166589,3,2,5,04,07,6,1,0,1,1,0,0,0,0
"POINT (12.421825989000070 51.343696929000032)",Unfall 166592 (2018) Kat:2, Licht: 2,166592,2,1,0,04,01,1,0,2,1,0,0,0,0,0
"POINT (12.458901977000039 51.281263328000080)",Unfall 166600 (2018) Kat:3, Licht: 0,166600,3,6,4,04,08,5,0,0,1,1,0,0,0,0
"POINT (12.354828959000031 51.344531059000076)",Unfall 166608 (2018) Kat:3, Licht: 0,166608,3,3,5,04,18,7,0,0,1,1,0,0,0,0
"POINT (12.395892135000054 51.323672274000046)",Unfall 166609 (2018) Kat:3, Licht: 0,166609,3,3,5,04,18,7,0,0,1,1,0,0,0,0
"POINT (12.324445529000059 51.374355103000028)",Unfall 166610 (2018) Kat:2, Licht: 0,166610,2,4,6,04,18,7,0,0,0,1,1,0,0,0
"POINT (12.309123577000037 51.332693782000035)",Unfall 166618 (2018) Kat:3, Licht: 0,166618,3,3,5,04,17,1,0,0,0,1,0,0,0,0
"POINT (12.403290518000063 51.338661383000044)",Unfall 166619 (2018) Kat:3, Licht: 2,166619,3,4,6,04,23,7,0,2,0,0,1,1,0,0
"POINT (12.370570647000022 51.361393758000077)",Unfall 166624 (2018) Kat:3, Licht: 0,166624,3,3,5,04,10,5,0,0,1,1,0,0,0,0
"POINT (12.344098442000075 51.318865465000044)",Unfall 166625 (2018) Kat:3, Licht: 0,166625,3,6,3,04,10,2,1,0,0,1,0,0,0,1
"POINT (12.392702489000044 51.348398311000039)",Unfall 166631 (2018) Kat:3, Licht: 0,166631,3,2,2,04,11,6,0,0,0,1,0,0,0,0
"POINT (12.417453057000046 51.316098370000077)",Unfall 166632 (2018) Kat:2, Licht: 2,166632,2,3,5,04,05,6,0,2,1,1,0,0,0,0
"POINT (12.396430662000057 51.303562913000064)",Unfall 166633 (2018) Kat:3, Licht: 0,166633,3,3,5,04,06,6,0,0,1,1,0,0,0,0
"POINT (12.295577086000037 51.409942589000082)",Unfall 166635 (2018) Kat:3, Licht: 2,166635,3,7,6,04,05,2,1,2,0,1,1,0,0,0
"POINT (12.371121474000063 51.335274080000033)",Unfall 166636 (2018) Kat:3, Licht: 0,166636,3,3,5,04,10,6,0,0,0,1,0,0,0,0
"POINT (12.378669131000038 51.320713109000053)",Unfall 166637 (2018) Kat:3, Licht: 0,166637,3,6,2,04,08,6,0,0,0,1,0,0,1,0
"POINT (12.371085146000041 51.335743400000069)",Unfall 166646 (2018) Kat:3, Licht: 0,166646,3,3,5,04,12,1,0,0,0,1,0,0,0,0
"POINT (12.357679559000076 51.341810706000047)",Unfall 166661 (2018) Kat:3, Licht: 0,166661,3,3,5,04,08,5,0,0,1,0,0,0,1,0
"POINT (12.313117698000042 51.329704295000056)",Unfall 166662 (2018) Kat:3, Licht: 0,166662,3,3,5,04,11,5,0,0,1,1,0,0,0,0
"POINT (12.392626095000026 51.338912525000069)",Unfall 166663 (2018) Kat:2, Licht: 0,166663,2,1,4,04,15,5,1,0,1,1,0,0,0,0
"POINT (12.422625259000029 51.306610784000043)",Unfall 166667 (2018) Kat:3, Licht: 0,166667,3,2,3,04,18,1,0,0,1,1,0,0,0,0
"POINT (12.262837289000061 51.347868369000082)",Unfall 166668 (2018) Kat:2, Licht: 0,166668,2,3,5,04,15,7,0,0,0,1,0,1,0,0
"POINT (12.315966804000027 51.307737306000035)",Unfall 166673 (2018) Kat:3, Licht: 0,166673,3,7,0,04,19,2,1,0,0,1,0,0,0,1
"POINT (12.366819208000038 51.340654741000037)",Unfall 166679 (2018) Kat:3, Licht: 2,166679,3,5,1,04,20,4,0,2,1,1,0,0,0,0
"POINT (12.378542110000069 51.320701761000066)",Unfall 166680 (2018) Kat:3, Licht: 0,166680,3,2,1,04,16,3,0,0,1,1,0,0,0,0
"POINT (12.445193357000051 51.346244039000055)",Unfall 166681 (2018) Kat:3, Licht: 0,166681,3,6,2,04,11,2,1,0,0,1,0,0,0,0
"POINT (12.370556420000071 51.361264428000027)",Unfall 166682 (2018) Kat:3, Licht: 0,166682,3,3,5,04,18,4,0,0,0,1,0,0,0,1
"POINT (12.398938063000060 51.345909994000067)",Unfall 166685 (2018) Kat:3, Licht: 0,166685,3,1,0,04,16,3,0,0,1,1,0,0,0,0
"POINT (12.371494444000064 51.320631682000055)",Unfall 166695 (2018) Kat:3, Licht: 0,166695,3,3,5,04,15,4,1,0,1,1,0,0,0,0
"POINT (12.350877914000023 51.365823386000045)",Unfall 166697 (2018) Kat:3, Licht: 0,166697,3,6,2,04,18,4,1,0,0,1,0,0,0,0
"POINT (12.338799799000071 51.337180144000058)",Unfall 166698 (2018) Kat:3, Licht: 0,166698,3,3,5,04,11,4,0,0,0,1,0,0,0,1
"POINT (12.311167962000070 51.310067094000033)",Unfall 166700 (2018) Kat:3, Licht: 0,166700,3,2,2,04,08,4,0,0,0,1,0,0,0,0
"POINT (12.445294527000044 51.346125317000030)",Unfall 166701 (2018) Kat:3, Licht: 0,166701,3,6,2,04,13,4,0,0,0,1,0,1,0,0
"POINT (12.444962872000076 51.328051067000047)",Unfall 166703 (2018) Kat:3, Licht: 0,166703,3,1,0,04,16,4,1,0,0,1,0,0,0,0
"POINT (12.473506336000071 51.346881844000052)",Unfall 166707 (2018) Kat:2, Licht: 0,166707,2,4,6,04,05,4,0,0,0,1,1,0,0,0
"POINT (12.369133720000036 51.320786880000071)",Unfall 166709 (2018) Kat:3, Licht: 0,166709,3,6,3,04,08,4,0,0,1,1,0,0,0,0
"POINT (12.326614759000051 51.336099661000048)",Unfall 166715 (2018) Kat:3, Licht: 0,166715,3,3,5,05,15,4,0,0,0,1,0,0,0,0
"POINT (12.376736264000044 51.343088569000031)",Unfall 166719 (2018) Kat:3, Licht: 0,166719,3,2,6,05,13,4,0,0,1,0,1,0,0,0
"POINT (12.360650946000021 51.363530989000026)",Unfall 166721 (2018) Kat:3, Licht: 0,166721,3,7,3,04,11,2,0,0,1,1,0,0,0,0
"POINT (12.393870544000038 51.351281716000074)",Unfall 166730 (2018) Kat:3, Licht: 0,166730,3,2,5,04,17,3,1,0,1,1,0,0,0,0
"POINT (12.371797623000077 51.339624197000035)",Unfall 166731 (2018) Kat:3, Licht: 0,166731,3,2,5,04,10,3,0,0,1,0,0,0,0,1
"POINT (12.402125463000061 51.336104491000071)",Unfall 166733 (2018) Kat:3, Licht: 0,166733,3,6,3,04,12,3,0,0,1,0,0,0,0,0
"POINT (12.396090887000071 51.306155202000070)",Unfall 166735 (2018) Kat:3, Licht: 0,166735,3,7,5,04,15,3,1,0,1,1,0,0,0,0
"POINT (12.445698734000075 51.350695573000053)",Unfall 166736 (2018) Kat:3, Licht: 0,166736,3,2,2,04,11,3,0,0,0,1,0,0,0,0
"POINT (12.409127460000036 51.338598321000063)",Unfall 166738 (2018) Kat:2, Licht: 0,166738,2,3,5,04,08,3,0,0,1,1,0,0,0,0
"POINT (12.342747931000076 51.343025166000075)",Unfall 166740 (2018) Kat:3, Licht: 0,166740,3,6,2,04,14,1,0,0,0,1,0,0,0,0
"POINT (12.421459760000062 51.343675902000030)",Unfall 166750 (2018) Kat:3, Licht: 2,166750,3,1,8,05,22,3,0,2,0,1,0,0,0,0
"POINT (12.418851510000025 51.321669023000027)",Unfall 166760 (2018) Kat:3, Licht: 0,166760,3,4,6,04,14,2,0,0,0,1,1,0,0,0
"POINT (12.365881458000047 51.344798141000069)",Unfall 166762 (2018) Kat:3, Licht: 0,166762,3,3,5,04,10,7,0,0,1,1,0,0,0,0
"POINT (12.372318281000048 51.395038931000045)",Unfall 166763 (2018) Kat:3, Licht: 0,166763,3,3,5,04,18,2,0,0,1,1,0,0,0,0
"POINT (12.368083665000029 51.334902274000058)",Unfall 166767 (2018) Kat:3, Licht: 2,166767,3,1,9,04,05,7,0,2,0,0,0,1,0,0
"POINT (12.430545813000037 51.362787954000055)",Unfall 166770 (2018) Kat:3, Licht: 0,166770,3,2,4,04,13,7,0,0,0,1,0,1,0,0
"POINT (12.373556531000077 51.330165331000046)",Unfall 166772 (2018) Kat:3, Licht: 0,166772,3,5,1,05,07,4,0,0,1,1,0,0,0,0
"POINT (12.358840071000031 51.358890281000072)",Unfall 166774 (2018) Kat:3, Licht: 0,166774,3,4,6,04,17,2,0,0,1,0,1,0,0,0
"POINT (12.481014227000060 51.334552057000053)",Unfall 166776 (2018) Kat:3, Licht: 2,166776,3,6,3,04,23,7,0,2,1,1,0,0,0,0
"POINT (12.355505699000048 51.344620754000061)",Unfall 166784 (2018) Kat:3, Licht: 0,166784,3,5,1,04,14,1,0,0,1,1,0,0,0,0
"POINT (12.326663099000029 51.373578654000028)",Unfall 166785 (2018) Kat:3, Licht: 0,166785,3,6,3,04,12,7,0,0,1,1,0,0,0,0
"POINT (12.329556769000021 51.322715099000050)",Unfall 166787 (2018) Kat:3, Licht: 0,166787,3,3,5,04,19,1,0,0,0,1,0,0,0,0
"POINT (12.378700282000068 51.324538299000039)",Unfall 166788 (2018) Kat:3, Licht: 0,166788,3,5,1,05,11,3,0,0,1,1,0,0,0,0
"POINT (12.384065932000055 51.336213284000053)",Unfall 166801 (2018) Kat:3, Licht: 0,166801,3,3,5,04,16,7,0,0,0,1,0,0,0,0
"POINT (12.394210424000050 51.285255630000051)",Unfall 166802 (2018) Kat:2, Licht: 0,166802,2,6,2,04,18,7,0,0,1,0,0,0,0,0
"POINT (12.437876474000063 51.380170667000073)",Unfall 166804 (2018) Kat:3, Licht: 0,166804,3,3,5,04,09,7,0,0,1,1,0,0,0,0
"POINT (12.373592334000023 51.320723553000050)",Unfall 166807 (2018) Kat:2, Licht: 0,166807,2,2,4,04,09,7,0,0,0,1,0,1,0,0
"POINT (12.405980447000047 51.342077945000028)",Unfall 166808 (2018) Kat:2, Licht: 0,166808,2,1,0,05,07,4,0,0,0,0,0,1,0,0
"POINT (12.368120275000024 51.346957187000044)",Unfall 166818 (2018) Kat:3, Licht: 0,166818,3,3,5,04,19,6,0,0,1,1,0,0,0,0
"POINT (12.397896117000073 51.345966030000056)",Unfall 166820 (2018) Kat:3, Licht: 0,166820,3,5,1,04,14,6,0,0,1,1,0,0,0,0
"POINT (12.376418678000050 51.310396818000072)",Unfall 166821 (2018) Kat:3, Licht: 0,166821,3,3,5,04,15,6,0,0,0,1,0,0,0,1
"POINT (12.376615895000043 51.316627373000074)",Unfall 166823 (2018) Kat:3, Licht: 0,166823,3,3,5,05,17,4,0,0,0,1,0,0,0,0
"POINT (12.395494603000031 51.309967279000034)",Unfall 166824 (2018) Kat:3, Licht: 0,166824,3,2,3,04,13,6,0,0,1,1,0,0,0,0
"POINT (12.374507099000027 51.335808429000053)",Unfall 166825 (2018) Kat:1, Licht: 0,166825,1,2,5,04,07,2,0,0,1,0,0,0,1,0
"POINT (12.334287586000073 51.349820285000078)",Unfall 166826 (2018) Kat:3, Licht: 0,166826,3,2,2,04,13,6,0,0,0,1,0,0,0,1
"POINT (12.381055195000044 51.337491454000030)",Unfall 166827 (2018) Kat:2, Licht: 0,166827,2,3,1,04,10,2,0,0,1,1,0,0,0,0
"POINT (12.263756068000077 51.320935599000052)",Unfall 166828 (2018) Kat:3, Licht: 1,166828,3,3,5,04,05,6,0,1,1,1,0,0,0,0
"POINT (12.421813766000071 51.357119983000075)",Unfall 166830 (2018) Kat:2, Licht: 0,166830,2,3,5,04,17,6,0,0,0,1,0,1,0,0
"POINT (12.456351457000039 51.309759621000069)",Unfall 166831 (2018) Kat:3, Licht: 0,166831,3,3,5,04,14,6,0,0,1,1,0,0,0,0
"POINT (12.384949560000052 51.338459614000044)",Unfall 166832 (2018) Kat:3, Licht: 0,166832,3,6,1,04,08,6,0,0,1,0,0,0,0,1
"POINT (12.333720160000041 51.324700757000073)",Unfall 166833 (2018) Kat:2, Licht: 2,166833,2,2,6,04,21,6,0,2,0,1,1,0,0,0
"POINT (12.370837921000032 51.307418207000069)",Unfall 166857 (2018) Kat:3, Licht: 0,166857,3,6,6,05,15,3,0,0,1,0,1,0,0,0
"POINT (12.331413750000024 51.349657320000063)",Unfall 166859 (2018) Kat:3, Licht: 0,166859,3,2,5,04,18,5,0,0,1,1,0,0,0,0
"POINT (12.378987104000032 51.359219068000073)",Unfall 166861 (2018) Kat:3, Licht: 0,166861,3,2,6,04,08,5,0,0,0,1,1,0,0,0
"POINT (12.376478401000043 51.310348891000046)",Unfall 166865 (2018) Kat:3, Licht: 0,166865,3,2,3,04,19,5,0,0,1,1,0,0,0,0
"POINT (12.376962807000041 51.343912942000031)",Unfall 166868 (2018) Kat:3, Licht: 0,166868,3,2,5,04,18,5,0,0,1,1,0,0,0,0
"POINT (12.414580152000042 51.324088553000081)",Unfall 166870 (2018) Kat:3, Licht: 0,166870,3,4,6,04,16,5,0,0,0,1,1,0,0,0
"POINT (12.305011732000025 51.344341575000044)",Unfall 166872 (2018) Kat:3, Licht: 0,166872,3,2,3,04,14,5,0,0,1,1,0,0,0,0
"POINT (12.318497751000052 51.301449300000058)",Unfall 166875 (2018) Kat:2, Licht: 0,166875,2,7,5,04,16,5,0,0,1,1,0,0,0,0
"POINT (12.376392665000026 51.357612363000044)",Unfall 166876 (2018) Kat:3, Licht: 0,166876,3,6,2,05,17,4,0,0,0,1,0,0,0,0
"POINT (12.379681127000026 51.327746170000069)",Unfall 166887 (2018) Kat:3, Licht: 0,166887,3,4,6,04,18,5,0,0,0,1,1,0,0,0
"POINT (12.308202411000025 51.327771115000075)",Unfall 166893 (2018) Kat:3, Licht: 0,166893,3,2,5,04,08,5,0,0,1,1,0,0,0,0