WKT,Name,OBJECTID,UKATEGORIE,UTYP1,UART,UMONAT,USTUNDE,UWOCHENTAG,STRZUSTAND,ULICHTVERH,ISTRAD,ISTPKW,ISTFUSS,ISTKRAD,ISTGKFZ,ISTSONSTIG
"POINT (12.421422758000062 51.379249487000038)",Unfall 167603 (2018) Kat:3, Licht: 0,167603,3,3,5,06,16,2,0,0,0,1,0,0,0,0
"POINT (12.421329470000046 51.323059324000042)",Unfall 167605 (2018) Kat:3, Licht: 0,167605,3,6,2,06,08,2,0,0,1,1,0,0,0,0
"POINT (12.364380059000041 51.344010810000043)",Unfall 167606 (2018) Kat:3, Licht: 0,167606,3,7,1,06,12,1,0,0,1,1,0,0,0,0
"POINT (12.303788579000070 51.352766231000032)",Unfall 167608 (2018) Kat:3, Licht: 0,167608,3,6,2,06,12,1,0,0,1,1,0,0,0,0
"POINT (12.383253209000031 51.303110081000057)",Unfall 167610 (2018) Kat:3, Licht: 0,167610,3,1,9,06,18,1,1,0,0,1,0,0,0,0
"POINT (12.373666905000050 51.332839678000028)",Unfall 167636 (2018) Kat:3, Licht: 0,167636,3,3,5,06,13,7,0,0,1,1,0,0,0,0
"POINT (12.401030573000071 51.346547166000050)",Unfall 167645 (2018) Kat:3, Licht: 0,167645,3,5,1,06,12,1,0,0,1,1,0,0,0,0
"POINT (12.316948000000025 51.300538249000056)",Unfall 167648 (2018) Kat:3, Licht: 0,167648,3,3,5,06,17,1,0,0,0,1,0,0,0,0
"POINT (12.334828799000036 51.372892069000045)",Unfall 167650 (2018) Kat:3, Licht: 0,167650,3,3,5,06,11,1,0,0,0,1,0,0,0,0
"POINT (12.393876025000054 51.339110123000069)",Unfall 167656 (2018) Kat:3, Licht: 0,167656,3,1,2,06,07,6,0,0,0,1,0,0,0,0
"POINT (12.388125701000035 51.352318701000058)",Unfall 167658 (2018) Kat:3, Licht: 0,167658,3,6,2,06,14,6,0,0,0,1,0,1,0,0
"POINT (12.326589195000054 51.325533568000026)",Unfall 167659 (2018) Kat:3, Licht: 0,167659,3,7,0,06,09,6,0,0,1,0,0,0,0,0
"POINT (12.401062325000055 51.400042968000037)",Unfall 167663 (2018) Kat:3, Licht: 0,167663,3,3,5,06,12,6,0,0,1,1,0,0,0,0
"POINT (12.376039426000034 51.358191994000038)",Unfall 167668 (2018) Kat:3, Licht: 0,167668,3,7,0,06,13,7,1,0,0,0,0,1,0,0
"POINT (12.301821819000054 51.325949815000058)",Unfall 167670 (2018) Kat:3, Licht: 0,167670,3,6,4,06,14,7,0,0,1,0,0,0,0,0
"POINT (12.358611773000064 51.378952891000040)",Unfall 167672 (2018) Kat:3, Licht: 0,167672,3,4,6,06,20,7,0,0,0,0,1,0,0,1
"POINT (12.398777074000066 51.361430024000072)",Unfall 167674 (2018) Kat:3, Licht: 0,167674,3,1,0,06,18,7,0,0,1,0,0,0,0,0
"POINT (12.376974392000022 51.344501222000076)",Unfall 167686 (2018) Kat:3, Licht: 0,167686,3,6,2,06,15,6,0,0,0,1,0,1,0,0
"POINT (12.311153854000054 51.328900877000081)",Unfall 167696 (2018) Kat:3, Licht: 0,167696,3,1,7,06,09,6,0,0,1,0,0,0,0,0
"POINT (12.326306813000031 51.330956026000081)",Unfall 167698 (2018) Kat:3, Licht: 0,167698,3,7,1,06,18,6,1,0,0,1,0,1,0,0
"POINT (12.476708346000066 51.337202659000070)",Unfall 167699 (2018) Kat:3, Licht: 0,167699,3,2,2,06,14,6,0,0,0,1,0,0,0,0
"POINT (12.445145230000037 51.332487771000046)",Unfall 167701 (2018) Kat:3, Licht: 0,167701,3,3,5,06,11,6,0,0,1,1,0,0,0,0
"POINT (12.373649213000022 51.333009256000082)",Unfall 167706 (2018) Kat:3, Licht: 0,167706,3,2,3,06,11,5,0,0,1,1,0,0,0,0
"POINT (12.389781919000029 51.344566276000080)",Unfall 167708 (2018) Kat:3, Licht: 0,167708,3,2,4,06,11,5,0,0,1,1,0,0,0,0
"POINT (12.334561064000070 51.321909786000049)",Unfall 167710 (2018) Kat:3, Licht: 0,167710,3,5,1,06,07,5,0,0,1,1,0,0,0,0
"POINT (12.336660325000025 51.332176231000062)",Unfall 167713 (2018) Kat:3, Licht: 0,167713,3,7,0,06,12,5,0,0,1,0,0,0,0,0
"POINT (12.378026834000025 51.307963443000062)",Unfall 167715 (2018) Kat:3, Licht: 0,167715,3,5,1,06,14,5,0,0,1,1,0,0,0,0
"POINT (12.385063564000063 51.338139476000038)",Unfall 167716 (2018) Kat:3, Licht: 0,167716,3,2,5,06,16,5,0,0,1,1,0,0,0,0
"POINT (12.385933765000061 51.364192313000046)",Unfall 167718 (2018) Kat:2, Licht: 0,167718,2,1,9,06,06,5,0,0,0,0,0,1,0,0
"POINT (12.479293121000069 51.348804652000069)",Unfall 167720 (2018) Kat:3, Licht: 0,167720,3,3,5,06,13,5,0,0,1,0,0,0,0,1
"POINT (12.413804783000046 51.375045104000037)",Unfall 167722 (2018) Kat:3, Licht: 2,167722,3,6,3,06,22,5,0,2,1,0,0,0,0,1
"POINT (12.382756727000071 51.340480991000049)",Unfall 167756 (2018) Kat:3, Licht: 0,167756,3,3,3,05,07,5,0,0,1,1,0,0,0,0
"POINT (12.388036067000030 51.353322583000079)",Unfall 167758 (2018) Kat:3, Licht: 0,167758,3,3,5,05,14,5,0,0,0,1,0,1,0,0
"POINT (12.368952652000075 51.311412965000045)",Unfall 167759 (2018) Kat:3, Licht: 0,167759,3,3,5,05,18,5,0,0,1,1,0,0,0,0
"POINT (12.419801575000065 51.343815911000036)",Unfall 167761 (2018) Kat:2, Licht: 0,167761,2,6,3,05,17,5,0,0,1,1,0,0,0,0
"POINT (12.462600031000022 51.386041003000059)",Unfall 167764 (2018) Kat:3, Licht: 0,167764,3,5,0,05,09,5,0,0,0,1,0,0,0,0
"POINT (12.395311364000065 51.346588623000059)",Unfall 167766 (2018) Kat:1, Licht: 0,167766,1,3,5,05,14,5,0,0,1,0,0,0,1,0
"POINT (12.354041269000049 51.350912804000075)",Unfall 167768 (2018) Kat:3, Licht: 1,167768,3,3,5,05,21,5,0,1,1,1,0,0,0,0
"POINT (12.370456051000076 51.361158483000054)",Unfall 167770 (2018) Kat:3, Licht: 0,167770,3,6,2,05,15,5,0,0,1,1,0,0,0,0
"POINT (12.330957799000032 51.330708213000037)",Unfall 167775 (2018) Kat:3, Licht: 0,167775,3,3,5,06,20,4,0,0,1,1,0,0,0,0
"POINT (12.362911759000042 51.338621612000054)",Unfall 167779 (2018) Kat:3, Licht: 0,167779,3,7,8,06,17,4,0,0,1,0,0,0,0,0
"POINT (12.367402905000063 51.332021550000036)",Unfall 167780 (2018) Kat:3, Licht: 0,167780,3,2,5,06,14,4,0,0,1,1,0,0,0,0
"POINT (12.422150867000028 51.333743211000069)",Unfall 167793 (2018) Kat:3, Licht: 0,167793,3,6,2,06,17,3,0,0,1,1,0,0,0,0
"POINT (12.369079329000044 51.345396518000030)",Unfall 167795 (2018) Kat:3, Licht: 0,167795,3,5,3,06,09,3,0,0,1,1,0,0,0,0
"POINT (12.370748206000030 51.335097457000074)",Unfall 167797 (2018) Kat:3, Licht: 0,167797,3,6,2,06,18,3,0,0,0,1,0,0,0,0
"POINT (12.279996198000049 51.322233741000048)",Unfall 167798 (2018) Kat:3, Licht: 0,167798,3,2,4,06,16,2,0,0,1,1,0,0,0,0
"POINT (12.417417810000074 51.316062519000070)",Unfall 167799 (2018) Kat:3, Licht: 2,167799,3,3,5,06,22,3,0,2,0,1,0,0,0,0
"POINT (12.418622154000047 51.347567265000066)",Unfall 167800 (2018) Kat:3, Licht: 0,167800,3,6,2,06,16,2,0,0,0,1,0,0,0,0
"POINT (12.395796144000030 51.363288601000079)",Unfall 167801 (2018) Kat:3, Licht: 0,167801,3,3,5,06,07,2,0,0,1,1,0,0,0,0
"POINT (12.462027174000070 51.357975174000046)",Unfall 167802 (2018) Kat:3, Licht: 0,167802,3,3,5,06,07,3,0,0,1,1,0,0,0,0
"POINT (12.415840942000045 51.359327904000054)",Unfall 167803 (2018) Kat:3, Licht: 0,167803,3,2,2,06,10,2,0,0,0,1,0,0,0,0
"POINT (12.350943128000040 51.365808819000051)",Unfall 167804 (2018) Kat:3, Licht: 0,167804,3,2,6,06,08,3,0,0,0,1,1,0,0,0
"POINT (12.383920151000041 51.338284902000055)",Unfall 167805 (2018) Kat:3, Licht: 0,167805,3,6,4,06,15,2,0,0,1,0,0,0,0,0
"POINT (12.362595060000046 51.356628357000034)",Unfall 167806 (2018) Kat:3, Licht: 0,167806,3,6,2,06,10,3,0,0,1,1,0,0,0,0
"POINT (12.303770273000055 51.342497415000082)",Unfall 167807 (2018) Kat:3, Licht: 2,167807,3,2,4,06,22,3,0,2,0,1,0,0,0,0
"POINT (12.378732410000055 51.307717690000061)",Unfall 167808 (2018) Kat:3, Licht: 0,167808,3,5,1,06,19,2,0,0,1,1,0,0,0,0
"POINT (12.387224403000062 51.336884388000044)",Unfall 167810 (2018) Kat:2, Licht: 0,167810,2,2,6,06,12,2,0,0,0,1,1,0,0,0
"POINT (12.365452686000026 51.362503496000045)",Unfall 167812 (2018) Kat:3, Licht: 0,167812,3,6,4,06,10,2,0,0,0,0,0,0,0,1
"POINT (12.381691448000026 51.338806992000059)",Unfall 167813 (2018) Kat:3, Licht: 0,167813,3,3,5,06,18,2,0,0,1,1,0,0,0,0
"POINT (12.296583723000026 51.317921024000043)",Unfall 167835 (2018) Kat:3, Licht: 0,167835,3,3,5,06,20,2,0,0,0,1,0,0,0,0
"POINT (12.322233669000070 51.332720068000071)",Unfall 167837 (2018) Kat:3, Licht: 0,167837,3,2,3,06,09,2,0,0,1,0,0,0,0,0
"POINT (12.424859873000059 51.304727988000081)",Unfall 167838 (2018) Kat:3, Licht: 0,167838,3,3,5,06,05,2,1,0,1,1,0,0,0,0
"POINT (12.421110270000042 51.319389036000075)",Unfall 167843 (2018) Kat:3, Licht: 0,167843,3,7,0,06,05,2,1,0,1,0,0,0,0,0
"POINT (12.323812713000052 51.374575438000079)",Unfall 167845 (2018) Kat:3, Licht: 0,167845,3,1,0,06,06,2,1,0,1,0,0,0,0,0
"POINT (12.370549816000050 51.361257457000079)",Unfall 167847 (2018) Kat:3, Licht: 0,167847,3,2,5,06,19,2,0,0,1,1,0,0,0,0
"POINT (12.373706172000027 51.322056140000029)",Unfall 167849 (2018) Kat:2, Licht: 0,167849,2,2,5,06,10,2,0,0,1,0,1,0,0,1
"POINT (12.383997112000031 51.380452420000040)",Unfall 167850 (2018) Kat:3, Licht: 0,167850,3,2,5,06,16,2,0,0,1,1,0,0,0,0
"POINT (12.369051919000071 51.319760837000047)",Unfall 167852 (2018) Kat:3, Licht: 0,167852,3,2,5,06,07,2,1,0,1,1,0,0,0,0
"POINT (12.326495352000052 51.308396365000078)",Unfall 167858 (2018) Kat:2, Licht: 2,167858,2,6,6,06,03,1,0,2,0,1,1,0,0,0
"POINT (12.328808384000070 51.319221399000071)",Unfall 167871 (2018) Kat:2, Licht: 0,167871,2,3,5,06,20,1,1,0,0,1,0,1,0,0
"POINT (12.407231794000040 51.332302012000071)",Unfall 167875 (2018) Kat:3, Licht: 0,167875,3,1,0,06,18,1,1,0,0,1,0,1,0,0
"POINT (12.372196706000068 51.299921468000036)",Unfall 167876 (2018) Kat:1, Licht: 0,167876,1,3,5,06,17,7,0,0,1,0,0,1,0,0
"POINT (12.441637255000046 51.382473217000040)",Unfall 167877 (2018) Kat:3, Licht: 0,167877,3,7,1,06,12,1,1,0,0,1,0,0,0,0
"POINT (12.404933064000033 51.305914822000034)",Unfall 167878 (2018) Kat:3, Licht: 0,167878,3,7,5,06,12,7,0,0,0,1,0,1,0,0
"POINT (12.383602809000024 51.302690484000038)",Unfall 167879 (2018) Kat:2, Licht: 2,167879,2,1,9,06,03,1,1,2,0,1,0,0,0,0
"POINT (12.417602597000041 51.359138190000067)",Unfall 167893 (2018) Kat:3, Licht: 1,167893,3,6,3,06,05,6,0,1,1,1,0,0,0,0
"POINT (12.392102114000068 51.338825038000039)",Unfall 167895 (2018) Kat:3, Licht: 0,167895,3,3,5,06,14,6,0,0,0,1,0,1,0,0
"POINT (12.370823629000029 51.336352873000067)",Unfall 167897 (2018) Kat:3, Licht: 0,167897,3,3,5,06,12,7,1,0,1,1,0,0,0,0
"POINT (12.278351820000069 51.309451011000078)",Unfall 167898 (2018) Kat:3, Licht: 2,167898,3,1,9,06,00,6,0,2,0,1,0,0,0,0
"POINT (12.338818736000064 51.332429647000026)",Unfall 167899 (2018) Kat:3, Licht: 1,167899,3,2,2,06,19,7,0,1,0,1,0,0,0,0
"POINT (12.428665382000077 51.321093990000065)",Unfall 167900 (2018) Kat:2, Licht: 0,167900,2,3,5,06,15,6,0,0,0,1,0,1,0,0
"POINT (12.309855420000076 51.328402209000046)",Unfall 167901 (2018) Kat:3, Licht: 0,167901,3,3,5,06,15,7,0,0,1,1,0,0,0,0
"POINT (12.367389732000049 51.341149713000050)",Unfall 167902 (2018) Kat:3, Licht: 0,167902,3,4,6,06,18,7,0,0,1,0,1,0,0,0
"POINT (12.461580609000066 51.351841875000048)",Unfall 167903 (2018) Kat:3, Licht: 0,167903,3,7,0,06,15,6,0,0,0,1,0,0,0,0
"POINT (12.330099316000030 51.320282513000052)",Unfall 167904 (2018) Kat:3, Licht: 0,167904,3,6,3,06,19,7,0,0,0,1,0,1,0,0
"POINT (12.371124553000072 51.336491367000065)",Unfall 167905 (2018) Kat:3, Licht: 0,167905,3,3,5,06,16,6,0,0,1,1,0,0,0,0
"POINT (12.383924281000077 51.380579610000041)",Unfall 167906 (2018) Kat:3, Licht: 0,167906,3,3,5,06,10,7,1,0,0,1,0,0,0,1
"POINT (12.341645283000048 51.338201786000070)",Unfall 167907 (2018) Kat:1, Licht: 2,167907,1,7,0,06,01,7,0,2,0,0,1,0,0,1
"POINT (12.369624814000076 51.342604829000038)",Unfall 167909 (2018) Kat:3, Licht: 0,167909,3,6,2,06,14,7,1,0,0,1,0,0,0,0
"POINT (12.414667579000024 51.351671747000069)",Unfall 167927 (2018) Kat:2, Licht: 0,167927,2,3,5,06,14,6,0,0,1,0,0,0,0,0
"POINT (12.404171546000043 51.338353985000026)",Unfall 167929 (2018) Kat:3, Licht: 0,167929,3,7,3,06,14,6,0,0,0,1,0,0,0,1
"POINT (12.384953024000026 51.338054895000027)",Unfall 167932 (2018) Kat:3, Licht: 1,167932,3,3,5,06,04,6,0,1,1,0,0,0,0,1
"POINT (12.263108961000057 51.344631745000072)",Unfall 167947 (2018) Kat:3, Licht: 0,167947,3,3,5,06,15,5,0,0,1,1,0,0,0,0
"POINT (12.370823629000029 51.336352873000067)",Unfall 167949 (2018) Kat:3, Licht: 0,167949,3,3,5,06,15,5,0,0,1,1,0,0,0,0
"POINT (12.376752677000070 51.320542108000041)",Unfall 167951 (2018) Kat:3, Licht: 0,167951,3,3,5,06,16,5,0,0,1,1,0,0,0,0
"POINT (12.465759515000059 51.312614132000078)",Unfall 167953 (2018) Kat:3, Licht: 0,167953,3,2,5,06,06,5,0,0,1,1,0,0,0,0
"POINT (12.422652934000041 51.306611261000057)",Unfall 167955 (2018) Kat:3, Licht: 0,167955,3,3,5,06,11,5,0,0,1,1,0,0,0,0
"POINT (12.475413156000059 51.345194403000050)",Unfall 167957 (2018) Kat:3, Licht: 0,167957,3,3,5,06,07,5,0,0,1,1,0,0,0,0
"POINT (12.358485400000063 51.364107044000036)",Unfall 167962 (2018) Kat:3, Licht: 2,167962,3,3,5,06,22,5,0,2,0,1,0,0,0,0
"POINT (12.419721715000037 51.357443290000049)",Unfall 167964 (2018) Kat:2, Licht: 0,167964,2,2,3,06,12,5,0,0,1,1,0,0,0,0
"POINT (12.374407533000067 51.364457001000062)",Unfall 167967 (2018) Kat:3, Licht: 0,167967,3,5,1,06,15,5,0,0,1,1,0,0,0,0
"POINT (12.379746648000037 51.336103152000078)",Unfall 167971 (2018) Kat:3, Licht: 0,167971,3,6,2,06,20,5,0,0,0,1,0,0,0,0
"POINT (12.416731921000064 51.329802616000052)",Unfall 167972 (2018) Kat:3, Licht: 0,167972,3,3,5,06,13,5,0,0,1,1,0,0,0,0
"POINT (12.368900833000055 51.341884753000045)",Unfall 167973 (2018) Kat:3, Licht: 0,167973,3,2,4,06,12,5,0,0,1,0,0,0,0,0
"POINT (12.314382063000039 51.378249588000074)",Unfall 167974 (2018) Kat:3, Licht: 0,167974,3,3,5,06,07,5,0,0,1,1,0,0,0,0
"POINT (12.371314995000034 51.389409507000039)",Unfall 167975 (2018) Kat:3, Licht: 0,167975,3,6,4,06,10,5,0,0,1,0,0,0,0,0
"POINT (12.473542424000073 51.345689361000041)",Unfall 167978 (2018) Kat:3, Licht: 0,167978,3,2,4,06,15,5,1,0,1,1,0,0,0,0
"POINT (12.339973528000030 51.337301936000074)",Unfall 167983 (2018) Kat:3, Licht: 0,167983,3,3,5,06,07,5,0,0,1,1,0,0,0,0
"POINT (12.377893913000037 51.333990969000070)",Unfall 167985 (2018) Kat:3, Licht: 0,167985,3,2,5,06,08,5,0,0,1,1,0,0,0,0
"POINT (12.373325829000066 51.353058722000071)",Unfall 168017 (2018) Kat:3, Licht: 0,168017,3,3,5,06,16,4,0,0,1,1,0,0,0,0
"POINT (12.369222024000067 51.342048799000054)",Unfall 168018 (2018) Kat:3, Licht: 0,168018,3,3,5,06,20,4,0,0,0,1,0,0,0,0
"POINT (12.314197827000044 51.303005347000067)",Unfall 168019 (2018) Kat:3, Licht: 0,168019,3,6,2,06,11,4,0,0,0,1,0,0,0,0
"POINT (12.447205992000022 51.324106588000063)",Unfall 168021 (2018) Kat:3, Licht: 0,168021,3,2,5,06,18,4,0,0,1,1,0,0,0,0
"POINT (12.373447133000070 51.315583917000026)",Unfall 168022 (2018) Kat:3, Licht: 2,168022,3,6,3,06,23,4,0,2,1,1,0,0,0,0
"POINT (12.373301339000022 51.342483735000030)",Unfall 168023 (2018) Kat:3, Licht: 0,168023,3,7,0,06,08,4,0,0,1,1,0,0,0,0
"POINT (12.438222903000053 51.364359544000081)",Unfall 168024 (2018) Kat:2, Licht: 0,168024,2,3,5,06,16,4,0,0,1,1,0,0,0,0
"POINT (12.373343512000076 51.336672434000036)",Unfall 168025 (2018) Kat:3, Licht: 0,168025,3,5,5,06,09,4,0,0,1,0,0,0,0,0
"POINT (12.393775681000022 51.336875208000038)",Unfall 168026 (2018) Kat:3, Licht: 0,168026,3,4,6,06,07,4,0,0,0,1,1,0,0,0
"POINT (12.387293327000066 51.309253315000035)",Unfall 168029 (2018) Kat:3, Licht: 0,168029,3,3,5,06,09,4,0,0,1,1,0,0,0,0
"POINT (12.370090469000047 51.343156095000040)",Unfall 168032 (2018) Kat:3, Licht: 0,168032,3,3,5,06,13,4,0,0,0,1,0,0,0,0
"POINT (12.398596347000023 51.345927355000072)",Unfall 168064 (2018) Kat:3, Licht: 0,168064,3,6,3,06,17,3,0,0,1,0,0,0,0,1
"POINT (12.373390417000053 51.328560800000048)",Unfall 168066 (2018) Kat:2, Licht: 0,168066,2,7,5,06,07,3,0,0,1,1,0,0,0,0
"POINT (12.334501774000046 51.325555088000044)",Unfall 168068 (2018) Kat:3, Licht: 0,168068,3,4,6,06,15,3,0,0,0,1,1,0,0,0
"POINT (12.379847382000037 51.360159805000080)",Unfall 168069 (2018) Kat:3, Licht: 0,168069,3,7,0,06,08,3,0,0,1,0,0,0,0,0
"POINT (12.407396767000023 51.340506501000050)",Unfall 168071 (2018) Kat:3, Licht: 0,168071,3,1,4,06,08,3,0,0,0,1,0,0,0,0
"POINT (12.373053602000027 51.338868924000053)",Unfall 168072 (2018) Kat:2, Licht: 0,168072,2,6,6,06,13,3,0,0,1,0,1,0,0,0
"POINT (12.381590770000059 51.338834741000028)",Unfall 168073 (2018) Kat:3, Licht: 0,168073,3,4,6,06,16,3,0,0,0,0,1,0,0,1
"POINT (12.376183987000047 51.348303539000028)",Unfall 168074 (2018) Kat:3, Licht: 0,168074,3,2,5,06,10,3,0,0,1,0,0,0,0,1
"POINT (12.375531705000071 51.320529970000052)",Unfall 168075 (2018) Kat:2, Licht: 0,168075,2,3,5,06,07,3,0,0,1,0,0,0,0,0
"POINT (12.339275082000029 51.369170930000053)",Unfall 168077 (2018) Kat:3, Licht: 0,168077,3,5,1,06,09,3,0,0,1,1,0,0,0,0
"POINT (12.288604478000025 51.323357614000031)",Unfall 168078 (2018) Kat:3, Licht: 0,168078,3,6,6,06,13,3,0,0,1,0,1,0,0,0
"POINT (12.376536122000061 51.348389779000058)",Unfall 168096 (2018) Kat:3, Licht: 0,168096,3,6,2,07,07,5,1,0,0,1,0,0,0,0
"POINT (12.368572654000047 51.357602038000039)",Unfall 168099 (2018) Kat:3, Licht: 0,168099,3,6,3,07,11,5,1,0,1,1,0,0,0,0
"POINT (12.378293259000031 51.376059744000031)",Unfall 168101 (2018) Kat:3, Licht: 0,168101,3,3,5,07,07,5,0,0,1,1,0,0,0,0
"POINT (12.379338777000044 51.359371738000050)",Unfall 168115 (2018) Kat:3, Licht: 0,168115,3,6,2,07,10,2,0,0,0,1,0,0,0,0
"POINT (12.382073283000068 51.332563736000054)",Unfall 168118 (2018) Kat:3, Licht: 0,168118,3,2,3,07,09,2,0,0,1,1,0,0,0,0
"POINT (12.412036011000055 51.334776290000036)",Unfall 168120 (2018) Kat:3, Licht: 0,168120,3,2,4,07,18,2,0,0,1,1,0,0,0,0
"POINT (12.401071175000027 51.376224333000039)",Unfall 168121 (2018) Kat:3, Licht: 0,168121,3,3,5,07,05,2,0,0,1,1,0,0,0,0
"POINT (12.358331796000073 51.364114017000077)",Unfall 168123 (2018) Kat:3, Licht: 0,168123,3,4,0,07,11,2,0,0,0,0,1,0,0,1
"POINT (12.385197527000059 51.342095573000051)",Unfall 168124 (2018) Kat:3, Licht: 0,168124,3,6,2,07,05,4,0,0,1,1,0,0,0,0
"POINT (12.441541072000064 51.331142709000062)",Unfall 168125 (2018) Kat:2, Licht: 2,168125,2,1,0,07,00,4,0,2,0,0,0,1,0,0
"POINT (12.442033101000050 51.335190039000054)",Unfall 168126 (2018) Kat:2, Licht: 0,168126,2,6,3,07,08,4,0,0,0,1,0,1,0,0
"POINT (12.319236310000065 51.331709275000037)",Unfall 168127 (2018) Kat:1, Licht: 0,168127,1,4,6,07,10,2,0,0,0,1,1,0,0,0
"POINT (12.382882466000069 51.320639327000038)",Unfall 168147 (2018) Kat:3, Licht: 0,168147,3,3,5,07,18,3,0,0,1,0,0,0,0,0
"POINT (12.268253118000075 51.307909933000076)",Unfall 168149 (2018) Kat:3, Licht: 0,168149,3,2,4,07,09,3,0,0,0,1,0,0,0,0
"POINT (12.340991532000032 51.318434104000062)",Unfall 168150 (2018) Kat:3, Licht: 0,168150,3,6,3,07,19,3,0,0,0,1,0,0,0,1
"POINT (12.454706078000072 51.295596660000058)",Unfall 168152 (2018) Kat:3, Licht: 0,168152,3,3,5,07,17,3,0,0,0,1,0,0,0,0
"POINT (12.444318491000047 51.356946612000058)",Unfall 168156 (2018) Kat:3, Licht: 0,168156,3,6,2,07,14,3,0,0,1,0,0,0,0,1
"POINT (12.417449258000033 51.316076512000052)",Unfall 168158 (2018) Kat:3, Licht: 0,168158,3,3,5,07,11,3,1,0,1,1,0,0,0,0
"POINT (12.358494008000037 51.343247454000050)",Unfall 168171 (2018) Kat:3, Licht: 0,168171,3,3,5,07,12,1,0,0,0,1,0,0,0,0
"POINT (12.334012866000023 51.319340337000028)",Unfall 168173 (2018) Kat:2, Licht: 0,168173,2,2,4,07,19,1,0,0,1,1,0,0,0,0
"POINT (12.373325829000066 51.353058722000071)",Unfall 168175 (2018) Kat:2, Licht: 0,168175,2,3,5,07,18,1,0,0,1,1,0,0,0,0
"POINT (12.366697678000037 51.340550753000059)",Unfall 168177 (2018) Kat:3, Licht: 0,168177,3,3,5,07,10,3,0,0,0,1,0,0,0,1
"POINT (12.409424184000045 51.339163245000066)",Unfall 168178 (2018) Kat:3, Licht: 0,168178,3,3,0,07,13,1,0,0,1,0,0,0,0,0
"POINT (12.378499902000044 51.335889132000034)",Unfall 168179 (2018) Kat:3, Licht: 0,168179,3,2,2,07,18,2,0,0,0,1,0,0,0,0
"POINT (12.355269042000032 51.335199605000071)",Unfall 168180 (2018) Kat:3, Licht: 2,168180,3,1,8,07,04,1,0,2,0,1,0,0,0,0
"POINT (12.395379180000077 51.339114476000077)",Unfall 168181 (2018) Kat:3, Licht: 2,168181,3,7,0,07,22,2,0,2,1,0,0,0,0,0
"POINT (12.264167374000067 51.345102977000067)",Unfall 168184 (2018) Kat:3, Licht: 0,168184,3,4,6,07,06,2,0,0,0,1,1,0,0,0
"POINT (12.385881189000031 51.367779486000074)",Unfall 168186 (2018) Kat:2, Licht: 0,168186,2,4,6,07,13,2,0,0,1,0,1,0,0,0
"POINT (12.388007963000064 51.338179102000026)",Unfall 168188 (2018) Kat:3, Licht: 0,168188,3,4,6,07,07,2,0,0,1,0,1,0,0,0
"POINT (12.393320253000070 51.322871802000066)",Unfall 168189 (2018) Kat:3, Licht: 0,168189,3,3,5,07,19,3,0,0,1,1,0,0,0,0
"POINT (12.372268857000051 51.349608734000071)",Unfall 168191 (2018) Kat:3, Licht: 0,168191,3,3,5,07,19,2,0,0,1,1,0,0,0,0
"POINT (12.297726361000059 51.357368529000041)",Unfall 168193 (2018) Kat:3, Licht: 0,168193,3,3,5,07,05,2,0,0,1,1,0,0,0,0
"POINT (12.407454008000059 51.326017659000058)",Unfall 168195 (2018) Kat:3, Licht: 0,168195,3,7,6,07,14,2,0,0,0,0,1,1,0,0
"POINT (12.333249860000024 51.338216086000045)",Unfall 168203 (2018) Kat:3, Licht: 0,168203,3,7,5,07,12,3,0,0,1,1,0,0,0,0
"POINT (12.399454044000038 51.376402233000078)",Unfall 168206 (2018) Kat:3, Licht: 0,168206,3,3,5,06,11,7,0,0,0,1,0,0,0,0
"POINT (12.295573336000075 51.409958677000077)",Unfall 168209 (2018) Kat:3, Licht: 1,168209,3,7,0,06,05,7,0,1,0,1,0,0,0,0
"POINT (12.307684557000073 51.311978092000061)",Unfall 168212 (2018) Kat:3, Licht: 0,168212,3,3,5,07,16,3,0,0,1,0,0,0,1,0
"POINT (12.407872018000035 51.383986822000054)",Unfall 168213 (2018) Kat:3, Licht: 1,168213,3,6,3,06,21,7,0,1,0,1,0,0,0,0
"POINT (12.343436147000034 51.318801949000033)",Unfall 168216 (2018) Kat:3, Licht: 0,168216,3,6,3,07,06,3,0,0,0,1,0,0,1,0
"POINT (12.400080481000032 51.341883786000039)",Unfall 168219 (2018) Kat:3, Licht: 0,168219,3,3,5,07,14,1,0,0,1,1,0,0,0,0
"POINT (12.450606409000045 51.353295337000077)",Unfall 168221 (2018) Kat:3, Licht: 0,168221,3,3,5,07,17,1,0,0,0,1,0,0,0,0
"POINT (12.385433469000077 51.335912482000026)",Unfall 168224 (2018) Kat:2, Licht: 0,168224,2,7,0,07,19,1,0,0,0,1,0,1,0,0
"POINT (12.330147525000029 51.318234717000053)",Unfall 168226 (2018) Kat:3, Licht: 2,168226,3,1,8,07,04,1,0,2,0,0,0,0,0,1
"POINT (12.340271160000043 51.330358247000049)",Unfall 168227 (2018) Kat:3, Licht: 0,168227,3,3,5,07,11,1,0,0,0,1,0,0,0,1
"POINT (12.417441008000026 51.311093856000070)",Unfall 168231 (2018) Kat:3, Licht: 0,168231,3,2,5,07,08,3,0,0,1,1,0,0,0,0
"POINT (12.314693945000045 51.330282749000048)",Unfall 168236 (2018) Kat:3, Licht: 0,168236,3,1,9,07,19,7,0,0,0,0,0,1,0,0