WKT,Name,OBJECTID,UKATEGORIE,UTYP1,UART,UMONAT,USTUNDE,UWOCHENTAG,STRZUSTAND,ULICHTVERH,ISTRAD,ISTPKW,ISTFUSS,ISTKRAD,ISTGKFZ,ISTSONSTIG
"POINT (12.315513694000060 51.370911551000063)",Unfall 168238 (2018) Kat:2, Licht: 2,168238,2,1,8,07,00,7,0,2,0,0,0,1,0,0
"POINT (12.453715048000049 51.378746141000079)",Unfall 168242 (2018) Kat:3, Licht: 0,168242,3,5,1,07,13,7,0,0,0,1,0,0,0,1
"POINT (12.443896742000049 51.291497965000076)",Unfall 168243 (2018) Kat:3, Licht: 0,168243,3,6,2,07,18,7,0,0,0,1,0,0,0,0
"POINT (12.373701541000059 51.331892671000048)",Unfall 168245 (2018) Kat:3, Licht: 0,168245,3,2,5,06,09,6,0,0,1,0,0,1,0,0
"POINT (12.307897384000057 51.320510427000045)",Unfall 168247 (2018) Kat:3, Licht: 0,168247,3,1,1,06,20,6,0,0,0,1,0,0,0,0
"POINT (12.413035366000031 51.324547690000031)",Unfall 168248 (2018) Kat:3, Licht: 0,168248,3,3,5,06,14,6,0,0,1,1,0,0,0,0
"POINT (12.383866116000036 51.301989243000037)",Unfall 168249 (2018) Kat:2, Licht: 0,168249,2,4,6,07,17,7,0,0,1,0,1,0,0,0
"POINT (12.370961181000041 51.333997858000032)",Unfall 168250 (2018) Kat:3, Licht: 0,168250,3,3,5,06,10,6,0,0,0,1,0,0,0,0
"POINT (12.362133741000036 51.359830791000036)",Unfall 168257 (2018) Kat:3, Licht: 0,168257,3,1,1,06,11,6,0,0,1,1,0,0,0,0
"POINT (12.340346594000039 51.371042775000035)",Unfall 168259 (2018) Kat:3, Licht: 0,168259,3,2,6,07,09,3,0,0,0,1,1,0,0,0
"POINT (12.475382854000031 51.345625978000044)",Unfall 168260 (2018) Kat:3, Licht: 0,168260,3,3,5,06,10,6,0,0,1,1,0,0,0,0
"POINT (12.380637069000045 51.306559234000076)",Unfall 168262 (2018) Kat:2, Licht: 0,168262,2,3,5,06,17,6,0,0,0,1,0,0,0,0
"POINT (12.375681319000023 51.334031543000037)",Unfall 168264 (2018) Kat:3, Licht: 0,168264,3,5,3,06,11,6,0,0,0,1,0,0,0,0
"POINT (12.407590779000031 51.351294916000029)",Unfall 168266 (2018) Kat:3, Licht: 0,168266,3,2,3,07,08,3,0,0,1,1,0,0,0,0
"POINT (12.399505526000041 51.363293261000081)",Unfall 168269 (2018) Kat:2, Licht: 0,168269,2,6,2,07,15,3,0,0,0,1,0,1,0,0
"POINT (12.394156600000031 51.346064455000032)",Unfall 168274 (2018) Kat:3, Licht: 0,168274,3,6,3,07,20,6,0,0,0,1,0,0,0,1
"POINT (12.407452688000035 51.340472938000062)",Unfall 168276 (2018) Kat:3, Licht: 0,168276,3,3,3,07,18,6,0,0,0,1,0,1,0,0
"POINT (12.361339200000032 51.361689512000055)",Unfall 168277 (2018) Kat:3, Licht: 0,168277,3,4,6,07,07,6,0,0,0,1,1,0,0,0
"POINT (12.329555253000024 51.322710027000028)",Unfall 168278 (2018) Kat:3, Licht: 0,168278,3,3,5,07,16,3,0,0,0,1,0,0,0,0
"POINT (12.336824400000069 51.332220101000075)",Unfall 168284 (2018) Kat:3, Licht: 0,168284,3,6,0,07,16,3,0,0,1,0,0,0,0,0
"POINT (12.362424695000072 51.359141103000070)",Unfall 168288 (2018) Kat:3, Licht: 0,168288,3,3,5,07,18,3,0,0,1,1,0,0,0,0
"POINT (12.396338431000061 51.303537208000080)",Unfall 168297 (2018) Kat:2, Licht: 0,168297,2,2,3,07,06,3,0,0,0,1,0,0,0,1
"POINT (12.343905671000073 51.324159403000067)",Unfall 168308 (2018) Kat:3, Licht: 0,168308,3,6,3,07,20,5,0,0,1,1,0,0,0,0
"POINT (12.427219995000030 51.344077289000040)",Unfall 168310 (2018) Kat:3, Licht: 0,168310,3,5,1,07,16,5,0,0,1,1,0,0,0,0
"POINT (12.422331897000049 51.356412254000077)",Unfall 168312 (2018) Kat:2, Licht: 0,168312,2,6,4,07,18,5,0,0,1,0,0,0,0,0
"POINT (12.323689486000035 51.333317555000065)",Unfall 168313 (2018) Kat:3, Licht: 0,168313,3,6,2,07,13,5,0,0,0,1,0,0,0,0
"POINT (12.370481890000065 51.327980455000045)",Unfall 168318 (2018) Kat:3, Licht: 0,168318,3,3,5,06,17,5,0,0,1,1,0,0,0,0
"POINT (12.346272915000043 51.328644848000067)",Unfall 168320 (2018) Kat:2, Licht: 0,168320,2,3,5,06,08,5,0,0,1,1,0,0,0,0
"POINT (12.430346076000035 51.349951972000042)",Unfall 168322 (2018) Kat:3, Licht: 0,168322,3,3,5,06,17,5,0,0,1,0,0,0,0,1
"POINT (12.340268710000032 51.330358894000028)",Unfall 168324 (2018) Kat:3, Licht: 0,168324,3,3,5,06,09,5,0,0,0,1,0,1,0,0
"POINT (12.394586883000045 51.331938331000060)",Unfall 168335 (2018) Kat:3, Licht: 0,168335,3,6,4,07,11,4,0,0,1,0,0,0,0,0
"POINT (12.377741697000033 51.346236712000064)",Unfall 168338 (2018) Kat:2, Licht: 0,168338,2,7,6,07,11,4,0,0,0,0,1,0,0,1
"POINT (12.333854615000064 51.324695067000050)",Unfall 168342 (2018) Kat:3, Licht: 0,168342,3,2,3,07,07,4,0,0,0,1,0,0,0,0
"POINT (12.382076336000068 51.320650514000079)",Unfall 168344 (2018) Kat:3, Licht: 0,168344,3,6,2,07,11,4,0,0,0,1,0,1,0,0
"POINT (12.340224656000032 51.393045328000028)",Unfall 168346 (2018) Kat:3, Licht: 0,168346,3,3,5,07,07,4,0,0,1,1,0,0,0,0
"POINT (12.429737686000067 51.379593359000069)",Unfall 168347 (2018) Kat:3, Licht: 0,168347,3,2,3,07,15,4,0,0,1,1,0,0,0,0
"POINT (12.427393010000060 51.342841276000058)",Unfall 168349 (2018) Kat:3, Licht: 0,168349,3,6,4,07,14,4,0,0,0,1,0,1,0,0
"POINT (12.414706080000030 51.355792418000078)",Unfall 168350 (2018) Kat:2, Licht: 0,168350,2,2,5,07,09,4,0,0,0,1,0,1,0,0
"POINT (12.396742887000073 51.346022115000039)",Unfall 168352 (2018) Kat:3, Licht: 0,168352,3,2,6,07,16,4,0,0,0,1,1,0,0,0
"POINT (12.404068667000047 51.332122832000039)",Unfall 168368 (2018) Kat:3, Licht: 0,168368,3,3,5,06,07,4,0,0,1,1,0,0,0,0
"POINT (12.414585828000043 51.330574814000045)",Unfall 168369 (2018) Kat:3, Licht: 0,168369,3,2,1,06,15,4,0,0,1,0,0,0,0,0
"POINT (12.376453540000057 51.349853598000038)",Unfall 168371 (2018) Kat:3, Licht: 0,168371,3,6,2,06,13,4,0,0,0,1,0,0,0,0
"POINT (12.396430289000023 51.309599538000043)",Unfall 168373 (2018) Kat:3, Licht: 0,168373,3,4,5,06,16,4,0,0,0,1,1,0,0,0
"POINT (12.364923730000044 51.406869673000074)",Unfall 168375 (2018) Kat:3, Licht: 0,168375,3,2,2,06,11,4,0,0,0,1,0,0,0,0
"POINT (12.401204975000041 51.324109876000080)",Unfall 168378 (2018) Kat:3, Licht: 0,168378,3,4,6,06,13,4,0,0,0,1,1,0,0,0
"POINT (12.438044718000071 51.362107915000081)",Unfall 168380 (2018) Kat:2, Licht: 0,168380,2,2,5,06,07,4,0,0,0,1,0,0,0,0
"POINT (12.339479673000028 51.318302962000075)",Unfall 168381 (2018) Kat:2, Licht: 0,168381,2,6,4,06,17,4,0,0,1,0,0,0,0,0
"POINT (12.385937968000064 51.364096401000040)",Unfall 168383 (2018) Kat:3, Licht: 0,168383,3,5,1,06,16,4,0,0,1,1,0,0,0,0
"POINT (12.349684069000034 51.340038456000059)",Unfall 168384 (2018) Kat:3, Licht: 0,168384,3,2,3,07,16,3,0,0,1,1,0,0,0,0
"POINT (12.436344751000036 51.362590650000072)",Unfall 168385 (2018) Kat:1, Licht: 0,168385,1,1,9,06,15,4,0,0,0,0,0,1,0,0
"POINT (12.376321495000070 51.336905697000077)",Unfall 168410 (2018) Kat:3, Licht: 0,168410,3,3,5,07,13,7,0,0,1,0,0,0,0,0
"POINT (12.402174956000067 51.339840369000058)",Unfall 168414 (2018) Kat:3, Licht: 0,168414,3,3,5,07,15,2,0,0,1,1,0,0,0,0
"POINT (12.367402642000059 51.332022162000044)",Unfall 168416 (2018) Kat:3, Licht: 0,168416,3,3,5,07,17,2,0,0,1,1,0,0,0,0
"POINT (12.327034831000049 51.306166472000029)",Unfall 168418 (2018) Kat:3, Licht: 0,168418,3,3,5,07,17,2,0,0,0,1,0,1,0,0
"POINT (12.390782078000029 51.295089551000046)",Unfall 168419 (2018) Kat:3, Licht: 0,168419,3,3,5,07,09,2,0,0,1,1,0,0,0,0
"POINT (12.419555064000065 51.364661066000053)",Unfall 168420 (2018) Kat:3, Licht: 0,168420,3,3,5,07,09,2,0,0,1,1,0,0,0,0
"POINT (12.387195252000026 51.353026334000049)",Unfall 168422 (2018) Kat:3, Licht: 0,168422,3,2,2,07,14,2,0,0,0,1,0,0,0,0
"POINT (12.480158518000053 51.333055153000032)",Unfall 168424 (2018) Kat:3, Licht: 0,168424,3,4,6,07,20,2,0,0,0,0,1,0,0,1
"POINT (12.396407490000058 51.299878639000042)",Unfall 168425 (2018) Kat:3, Licht: 0,168425,3,3,5,07,07,6,0,0,1,1,0,0,0,0
"POINT (12.378378610000027 51.332210356000076)",Unfall 168426 (2018) Kat:3, Licht: 0,168426,3,3,5,07,17,6,0,0,1,1,0,0,0,0
"POINT (12.305002774000059 51.344327873000054)",Unfall 168428 (2018) Kat:3, Licht: 0,168428,3,6,2,07,16,6,0,0,0,1,0,0,0,1
"POINT (12.369181522000076 51.361600968000062)",Unfall 168434 (2018) Kat:3, Licht: 0,168434,3,6,2,07,10,6,0,0,0,1,0,0,0,1
"POINT (12.422308742000041 51.333803679000027)",Unfall 168455 (2018) Kat:3, Licht: 0,168455,3,1,0,07,16,1,0,0,0,0,0,1,0,0
"POINT (12.376529158000039 51.353303594000067)",Unfall 168457 (2018) Kat:3, Licht: 0,168457,3,2,3,07,14,1,0,0,0,1,0,0,0,1
"POINT (12.304639617000021 51.343772918000070)",Unfall 168459 (2018) Kat:2, Licht: 0,168459,2,2,5,07,15,5,0,0,1,1,0,0,0,0
"POINT (12.372967850000066 51.301355773000068)",Unfall 168460 (2018) Kat:3, Licht: 0,168460,3,3,5,07,10,1,0,0,1,1,0,0,0,0
"POINT (12.401099451000050 51.376221408000049)",Unfall 168461 (2018) Kat:2, Licht: 0,168461,2,4,6,07,09,5,0,0,0,1,1,0,0,0
"POINT (12.473452209000072 51.345837641000060)",Unfall 168462 (2018) Kat:3, Licht: 0,168462,3,6,6,07,15,5,0,0,1,0,1,0,0,0
"POINT (12.396121734000076 51.341096797000034)",Unfall 168465 (2018) Kat:3, Licht: 0,168465,3,3,5,07,16,5,0,0,1,1,0,0,0,0
"POINT (12.371123352000041 51.336474399000053)",Unfall 168469 (2018) Kat:2, Licht: 0,168469,2,2,5,07,10,5,0,0,0,1,0,0,0,1
"POINT (12.387234280000030 51.343710268000052)",Unfall 168471 (2018) Kat:3, Licht: 0,168471,3,5,0,07,18,5,0,0,1,0,0,0,0,1
"POINT (12.373356692000073 51.310659546000068)",Unfall 168483 (2018) Kat:3, Licht: 0,168483,3,2,5,07,19,7,0,0,1,1,0,0,0,0
"POINT (12.419337182000049 51.319187801000055)",Unfall 168484 (2018) Kat:3, Licht: 2,168484,3,2,5,07,23,7,0,2,0,1,0,0,0,0
"POINT (12.373587632000067 51.332956327000034)",Unfall 168501 (2018) Kat:2, Licht: 0,168501,2,2,3,07,16,4,0,0,1,1,0,0,0,0
"POINT (12.386239079000063 51.343261989000041)",Unfall 168503 (2018) Kat:3, Licht: 0,168503,3,3,5,07,19,6,1,0,1,1,0,0,0,0
"POINT (12.376768148000053 51.320517753000047)",Unfall 168504 (2018) Kat:2, Licht: 0,168504,2,3,5,07,14,4,0,0,1,0,0,0,0,1
"POINT (12.528459193000060 51.328872918000059)",Unfall 168505 (2018) Kat:3, Licht: 1,168505,3,1,8,07,20,6,1,1,0,1,0,0,0,0
"POINT (12.310172049000073 51.347487197000078)",Unfall 168507 (2018) Kat:3, Licht: 0,168507,3,1,4,07,09,4,0,0,0,1,0,0,0,0
"POINT (12.323329458000046 51.328431366000075)",Unfall 168508 (2018) Kat:3, Licht: 0,168508,3,6,2,07,08,6,0,0,0,1,0,0,0,1
"POINT (12.380708167000023 51.339079390000052)",Unfall 168509 (2018) Kat:3, Licht: 0,168509,3,4,3,07,14,4,0,0,1,1,1,0,0,0
"POINT (12.409914350000065 51.329178370000079)",Unfall 168511 (2018) Kat:3, Licht: 0,168511,3,7,1,08,11,4,0,0,0,1,0,0,0,0
"POINT (12.410788254000067 51.341795778000062)",Unfall 168512 (2018) Kat:3, Licht: 0,168512,3,4,6,07,18,6,1,0,0,1,1,0,0,0
"POINT (12.385105915000054 51.365739067000050)",Unfall 168514 (2018) Kat:2, Licht: 0,168514,2,6,2,07,16,6,0,0,0,1,0,1,0,0
"POINT (12.349146975000053 51.348646488000043)",Unfall 168517 (2018) Kat:2, Licht: 0,168517,2,1,8,08,06,4,0,0,0,1,0,0,0,0
"POINT (12.400578878000033 51.336213318000034)",Unfall 168518 (2018) Kat:3, Licht: 0,168518,3,2,5,07,07,6,0,0,0,1,0,0,0,1
"POINT (12.431014131000040 51.330789692000053)",Unfall 168546 (2018) Kat:3, Licht: 0,168546,3,6,2,07,16,5,0,0,1,0,0,0,0,0
"POINT (12.362636548000069 51.338993121000044)",Unfall 168547 (2018) Kat:3, Licht: 0,168547,3,2,2,07,09,3,0,0,0,1,0,0,0,0
"POINT (12.376939723000021 51.344931427000063)",Unfall 168548 (2018) Kat:3, Licht: 2,168548,3,3,5,07,22,5,0,2,1,1,0,0,0,0
"POINT (12.325629776000028 51.312180429000080)",Unfall 168549 (2018) Kat:3, Licht: 0,168549,3,2,2,07,20,5,0,0,0,1,0,0,0,0
"POINT (12.375947904000043 51.310437860000036)",Unfall 168550 (2018) Kat:3, Licht: 0,168550,3,5,3,07,18,3,0,0,1,1,0,0,0,0
"POINT (12.410304130000043 51.402486607000071)",Unfall 168551 (2018) Kat:3, Licht: 0,168551,3,6,4,07,15,5,0,0,1,0,0,0,0,0
"POINT (12.376401651000037 51.310398314000054)",Unfall 168552 (2018) Kat:2, Licht: 0,168552,2,2,4,07,07,3,0,0,1,1,0,0,0,0
"POINT (12.289310576000048 51.354069683000034)",Unfall 168553 (2018) Kat:3, Licht: 0,168553,3,3,5,07,08,5,0,0,0,1,0,0,0,0
"POINT (12.323525764000067 51.378457025000046)",Unfall 168555 (2018) Kat:3, Licht: 0,168555,3,6,2,07,11,5,0,0,0,1,0,0,0,0
"POINT (12.406046067000034 51.346286035000048)",Unfall 168559 (2018) Kat:3, Licht: 0,168559,3,2,4,07,11,5,0,0,1,1,0,0,0,0
"POINT (12.368859434000058 51.361643319000052)",Unfall 168561 (2018) Kat:3, Licht: 0,168561,3,2,6,07,15,5,0,0,0,1,1,0,0,0
"POINT (12.374083137000071 51.304069006000077)",Unfall 168564 (2018) Kat:3, Licht: 0,168564,3,2,2,07,07,5,0,0,0,1,0,1,0,0
"POINT (12.378382685000076 51.332212705000074)",Unfall 168588 (2018) Kat:3, Licht: 0,168588,3,3,5,07,16,2,0,0,1,1,0,0,0,0
"POINT (12.329442427000060 51.319705859000067)",Unfall 168590 (2018) Kat:3, Licht: 0,168590,3,4,6,07,14,2,0,0,0,1,1,0,0,0
"POINT (12.385467894000044 51.376050358000043)",Unfall 168591 (2018) Kat:3, Licht: 0,168591,3,4,6,07,18,2,0,0,0,1,1,0,0,0
"POINT (12.406555656000023 51.375692278000031)",Unfall 168594 (2018) Kat:3, Licht: 0,168594,3,6,2,07,10,2,0,0,0,1,0,1,0,0
"POINT (12.291767162000042 51.413896148000049)",Unfall 168596 (2018) Kat:3, Licht: 0,168596,3,3,5,07,20,2,0,0,1,1,0,0,0,0
"POINT (12.264773803000026 51.323420757000065)",Unfall 168597 (2018) Kat:3, Licht: 0,168597,3,6,2,07,15,2,0,0,0,1,0,1,0,0
"POINT (12.377005992000022 51.390180822000048)",Unfall 168600 (2018) Kat:3, Licht: 0,168600,3,3,5,07,06,2,0,0,1,1,0,0,0,0
"POINT (12.373617019000051 51.326018618000035)",Unfall 168602 (2018) Kat:3, Licht: 0,168602,3,7,6,07,09,3,0,0,0,0,1,0,1,0
"POINT (12.369705029000045 51.360375456000043)",Unfall 168611 (2018) Kat:3, Licht: 0,168611,3,4,6,07,15,3,0,0,1,0,1,0,0,0
"POINT (12.462275481000063 51.366167215000075)",Unfall 168614 (2018) Kat:3, Licht: 0,168614,3,3,5,07,18,4,0,0,1,1,0,0,0,0
"POINT (12.465149124000050 51.364499754000065)",Unfall 168615 (2018) Kat:3, Licht: 0,168615,3,6,2,07,08,3,0,0,0,1,0,0,0,0
"POINT (12.388418532000060 51.326014375000057)",Unfall 168616 (2018) Kat:2, Licht: 0,168616,2,2,5,07,08,4,0,0,1,1,0,0,0,0
"POINT (12.360214395000071 51.321116400000051)",Unfall 168618 (2018) Kat:2, Licht: 0,168618,2,6,2,07,08,4,0,0,0,0,0,1,0,1
"POINT (12.373492840000040 51.302284576000034)",Unfall 168620 (2018) Kat:3, Licht: 0,168620,3,2,9,07,19,4,0,0,1,1,0,0,0,0
"POINT (12.384847356000023 51.378895866000050)",Unfall 168628 (2018) Kat:3, Licht: 0,168628,3,4,6,07,07,3,0,0,0,0,1,1,0,0
"POINT (12.376554827000064 51.342351921000045)",Unfall 168633 (2018) Kat:2, Licht: 0,168633,2,5,1,07,19,1,0,0,1,1,0,0,0,0
"POINT (12.327941273000022 51.302357056000062)",Unfall 168635 (2018) Kat:2, Licht: 0,168635,2,2,5,07,14,1,0,0,1,1,0,0,0,0
"POINT (12.361654812000040 51.363414476000059)",Unfall 168637 (2018) Kat:3, Licht: 0,168637,3,6,2,07,11,1,0,0,0,1,0,0,0,0
"POINT (12.349315004000061 51.348508207000066)",Unfall 168642 (2018) Kat:2, Licht: 0,168642,2,2,5,07,14,3,0,0,0,1,0,1,0,0
"POINT (12.383784560000038 51.352082395000082)",Unfall 168654 (2018) Kat:3, Licht: 0,168654,3,3,5,07,06,3,0,0,0,1,0,1,0,0
"POINT (12.371123868000041 51.336481686000070)",Unfall 168655 (2018) Kat:3, Licht: 0,168655,3,2,5,07,11,3,0,0,0,1,0,0,0,0
"POINT (12.365094693000060 51.370113433000029)",Unfall 168659 (2018) Kat:3, Licht: 0,168659,3,5,1,07,10,3,0,0,1,1,0,0,0,0
"POINT (12.349949493000054 51.366516035000075)",Unfall 168662 (2018) Kat:3, Licht: 0,168662,3,2,6,07,15,3,0,0,0,1,1,0,0,0
"POINT (12.405936410000038 51.345510775000037)",Unfall 168663 (2018) Kat:3, Licht: 0,168663,3,2,4,07,11,7,0,0,1,1,0,0,0,0
"POINT (12.339762964000045 51.370029972000054)",Unfall 168664 (2018) Kat:3, Licht: 0,168664,3,5,1,07,11,7,0,0,1,1,0,0,0,0
"POINT (12.408252659000027 51.345406263000029)",Unfall 168665 (2018) Kat:3, Licht: 0,168665,3,5,3,07,18,3,0,0,1,1,0,0,0,0
"POINT (12.361611785000036 51.363325322000037)",Unfall 168666 (2018) Kat:2, Licht: 0,168666,2,3,5,07,06,7,0,0,0,1,0,0,0,1
"POINT (12.357014421000031 51.320490298000038)",Unfall 168667 (2018) Kat:2, Licht: 0,168667,2,3,5,07,06,3,0,0,1,0,0,0,0,1
"POINT (12.382033194000030 51.332613684000080)",Unfall 168687 (2018) Kat:3, Licht: 0,168687,3,1,5,07,17,2,0,0,1,1,0,0,0,0
"POINT (12.305140879000021 51.326878280000074)",Unfall 168690 (2018) Kat:3, Licht: 0,168690,3,2,2,07,10,2,0,0,0,1,0,0,0,0
"POINT (12.329739928000038 51.334459527000035)",Unfall 168692 (2018) Kat:3, Licht: 0,168692,3,3,5,07,13,6,0,0,1,1,0,0,0,0
"POINT (12.376575180000032 51.346006048000049)",Unfall 168693 (2018) Kat:3, Licht: 0,168693,3,3,5,07,20,2,0,0,1,1,0,0,0,0
"POINT (12.380427424000061 51.288541112000075)",Unfall 168694 (2018) Kat:3, Licht: 0,168694,3,6,4,07,18,6,0,0,0,1,0,1,0,0
"POINT (12.377245608000067 51.397272971000064)",Unfall 168695 (2018) Kat:3, Licht: 0,168695,3,3,5,07,18,2,0,0,0,1,0,1,0,0
"POINT (12.395075212000052 51.318575230000079)",Unfall 168697 (2018) Kat:3, Licht: 0,168697,3,2,0,07,09,6,0,0,1,1,0,0,0,0
"POINT (12.375820440000041 51.330954996000060)",Unfall 168699 (2018) Kat:3, Licht: 0,168699,3,6,1,07,10,6,0,0,1,1,0,0,0,0
"POINT (12.366697678000037 51.340550753000059)",Unfall 168708 (2018) Kat:3, Licht: 0,168708,3,3,5,08,06,5,0,0,1,1,0,0,0,0
"POINT (12.406281064000041 51.368616701000064)",Unfall 168710 (2018) Kat:3, Licht: 0,168710,3,6,2,08,12,5,0,0,0,1,0,0,0,0
"POINT (12.410535164000066 51.329944714000078)",Unfall 168711 (2018) Kat:3, Licht: 0,168711,3,2,6,08,06,5,0,0,0,1,1,0,0,0
"POINT (12.373227405000023 51.320601683000064)",Unfall 168717 (2018) Kat:3, Licht: 0,168717,3,6,2,08,18,7,0,0,0,1,0,1,0,0
"POINT (12.405903335000062 51.345214970000029)",Unfall 168734 (2018) Kat:3, Licht: 1,168734,3,4,6,08,20,3,0,1,1,0,1,0,0,0
"POINT (12.373127540000041 51.331299908000062)",Unfall 168736 (2018) Kat:2, Licht: 0,168736,2,7,6,08,11,3,0,0,0,1,1,0,0,0
"POINT (12.399457168000026 51.319383352000045)",Unfall 168738 (2018) Kat:3, Licht: 0,168738,3,3,5,08,09,3,0,0,0,1,0,0,0,0
"POINT (12.335819199000071 51.327644560000067)",Unfall 168739 (2018) Kat:3, Licht: 0,168739,3,2,3,08,13,4,0,0,1,1,0,0,0,0
"POINT (12.418966693000073 51.331891598000027)",Unfall 168740 (2018) Kat:3, Licht: 0,168740,3,7,7,08,07,4,0,0,1,0,0,0,0,0
"POINT (12.378158042000052 51.375762418000079)",Unfall 168741 (2018) Kat:3, Licht: 0,168741,3,6,0,08,08,3,0,0,1,0,0,0,0,0
"POINT (12.343424210000023 51.350907095000082)",Unfall 168742 (2018) Kat:3, Licht: 0,168742,3,6,2,08,15,4,0,0,0,1,0,0,0,0
"POINT (12.370879542000068 51.335077425000065)",Unfall 168743 (2018) Kat:3, Licht: 0,168743,3,2,4,08,16,3,0,0,1,1,0,0,0,0
"POINT (12.358025553000061 51.342151319000038)",Unfall 168745 (2018) Kat:3, Licht: 0,168745,3,3,1,08,17,4,0,0,1,0,0,0,0,1
"POINT (12.376470455000060 51.352385680000054)",Unfall 168761 (2018) Kat:3, Licht: 0,168761,3,1,8,08,09,7,0,0,0,0,0,0,0,1
"POINT (12.405852782000068 51.344691934000082)",Unfall 168776 (2018) Kat:3, Licht: 0,168776,3,3,5,08,09,3,0,0,1,1,0,0,0,0
"POINT (12.317730938000068 51.350115513000048)",Unfall 168779 (2018) Kat:3, Licht: 0,168779,3,3,5,08,17,3,0,0,1,1,0,0,0,0
"POINT (12.411390602000040 51.331017459000066)",Unfall 168781 (2018) Kat:3, Licht: 0,168781,3,2,5,08,08,2,0,0,1,1,0,0,0,0
"POINT (12.368605392000063 51.315937257000030)",Unfall 168782 (2018) Kat:3, Licht: 0,168782,3,2,3,08,14,2,0,0,1,1,0,0,0,0
"POINT (12.367554999000049 51.367207713000028)",Unfall 168783 (2018) Kat:3, Licht: 0,168783,3,2,3,08,17,3,0,0,1,1,0,0,0,0
"POINT (12.370859283000073 51.335024919000034)",Unfall 168784 (2018) Kat:2, Licht: 0,168784,2,3,5,08,11,2,0,0,1,1,0,0,0,0
"POINT (12.373408959000074 51.363087790000066)",Unfall 168785 (2018) Kat:2, Licht: 0,168785,2,6,1,08,11,3,0,0,0,1,0,0,0,0
"POINT (12.396634070000061 51.306186934000038)",Unfall 168786 (2018) Kat:3, Licht: 0,168786,3,4,6,08,09,2,0,0,0,1,1,0,0,0
"POINT (12.350815812000064 51.319140302000051)",Unfall 168787 (2018) Kat:3, Licht: 0,168787,3,6,1,08,16,3,0,0,0,1,0,0,0,0
"POINT (12.370759167000074 51.335099393000064)",Unfall 168788 (2018) Kat:2, Licht: 0,168788,2,4,6,08,19,3,0,0,0,0,1,0,0,1
"POINT (12.365257624000037 51.323630975000071)",Unfall 168789 (2018) Kat:3, Licht: 0,168789,3,3,5,08,06,2,0,0,0,1,0,0,0,1
"POINT (12.489787414000034 51.323257572000045)",Unfall 168791 (2018) Kat:2, Licht: 0,168791,2,3,5,08,18,2,0,0,0,1,0,1,0,0
"POINT (12.409051567000063 51.344499984000038)",Unfall 168794 (2018) Kat:3, Licht: 0,168794,3,3,5,08,15,2,0,0,1,1,0,0,0,0
"POINT (12.313820819000057 51.304615854000076)",Unfall 168835 (2018) Kat:3, Licht: 0,168835,3,2,2,08,11,2,0,0,0,0,0,1,1,0
"POINT (12.431020604000025 51.300492342000041)",Unfall 168836 (2018) Kat:3, Licht: 0,168836,3,6,2,08,11,2,0,0,0,1,0,0,0,0
"POINT (12.366025938000064 51.327137157000038)",Unfall 168838 (2018) Kat:3, Licht: 0,168838,3,2,2,08,11,2,0,0,1,1,0,0,0,0
"POINT (12.307056280000040 51.323130212000081)",Unfall 168839 (2018) Kat:2, Licht: 0,168839,2,2,4,08,12,2,0,0,0,1,0,0,0,0
"POINT (12.330264565000050 51.320244949000028)",Unfall 168842 (2018) Kat:3, Licht: 0,168842,3,4,6,08,08,2,0,0,0,1,1,0,0,0
"POINT (12.372837102000062 51.356275222000079)",Unfall 168846 (2018) Kat:3, Licht: 0,168846,3,3,5,08,20,1,0,0,1,1,0,0,0,0
"POINT (12.306998882000073 51.323243256000069)",Unfall 168847 (2018) Kat:3, Licht: 0,168847,3,6,3,08,12,2,0,0,0,1,0,0,1,0
"POINT (12.405932520000022 51.345475984000075)",Unfall 168848 (2018) Kat:2, Licht: 2,168848,2,3,5,08,22,1,0,2,0,0,1,1,0,0
"POINT (12.331933266000021 51.340290094000068)",Unfall 168849 (2018) Kat:3, Licht: 0,168849,3,3,5,08,12,2,0,0,0,1,0,0,0,0
"POINT (12.285448873000064 51.360367151000048)",Unfall 168868 (2018) Kat:2, Licht: 0,168868,2,3,5,08,18,1,0,0,1,1,0,0,0,0
"POINT (12.371311410000033 51.320787691000078)",Unfall 168870 (2018) Kat:3, Licht: 0,168870,3,6,2,08,13,1,0,0,0,1,0,0,0,1
"POINT (12.424300518000052 51.304482097000061)",Unfall 168876 (2018) Kat:3, Licht: 0,168876,3,3,5,08,18,7,0,0,1,1,0,0,0,0
"POINT (12.377030381000054 51.344507280000073)",Unfall 168878 (2018) Kat:3, Licht: 0,168878,3,3,5,08,15,7,0,0,1,1,0,0,0,0
"POINT (12.328545658000053 51.372908947000042)",Unfall 168882 (2018) Kat:3, Licht: 0,168882,3,3,5,08,07,6,0,0,1,1,0,0,0,0
"POINT (12.345766711000067 51.327679359000058)",Unfall 168887 (2018) Kat:3, Licht: 0,168887,3,2,3,08,14,6,0,0,1,1,0,0,0,0
"POINT (12.493019751000077 51.346932143000060)",Unfall 168891 (2018) Kat:2, Licht: 0,168891,2,2,4,08,17,7,0,0,0,1,0,1,0,0
"POINT (12.376798378000046 51.321436416000040)",Unfall 168894 (2018) Kat:3, Licht: 0,168894,3,3,5,08,15,6,0,0,1,1,0,0,0,0
"POINT (12.368010807000076 51.361865862000059)",Unfall 168896 (2018) Kat:2, Licht: 0,168896,2,5,1,08,15,7,0,0,1,1,0,0,0,0