WKT,Name,OBJECTID,UKATEGORIE,UTYP1,UART,UMONAT,USTUNDE,UWOCHENTAG,STRZUSTAND,ULICHTVERH,ISTRAD,ISTPKW,ISTFUSS,ISTKRAD,ISTGKFZ,ISTSONSTIG
"POINT (12.369279317000064 51.309692507000079)",Unfall 169639 (2018) Kat:3, Licht: 2,169639,3,5,1,09,23,4,0,2,1,1,0,0,0,0
"POINT (12.320971888000031 51.302776991000030)",Unfall 169640 (2018) Kat:3, Licht: 0,169640,3,3,5,09,13,4,0,0,1,0,0,0,0,1
"POINT (12.396667181000055 51.343038886000045)",Unfall 169641 (2018) Kat:3, Licht: 2,169641,3,3,5,09,22,4,0,2,1,0,0,0,0,1
"POINT (12.416727033000029 51.329791566000040)",Unfall 169642 (2018) Kat:3, Licht: 0,169642,3,3,5,09,09,4,0,0,1,1,0,0,0,0
"POINT (12.412312254000028 51.372058380000055)",Unfall 169643 (2018) Kat:3, Licht: 1,169643,3,6,6,09,19,4,0,1,0,1,1,0,0,0
"POINT (12.420467780000024 51.316442737000045)",Unfall 169644 (2018) Kat:3, Licht: 0,169644,3,3,5,09,12,4,0,0,0,1,0,0,0,0
"POINT (12.392159973000048 51.288787114000058)",Unfall 169645 (2018) Kat:2, Licht: 0,169645,2,2,6,09,11,4,0,0,0,1,1,0,0,0
"POINT (12.416013540000051 51.337172569000074)",Unfall 169646 (2018) Kat:3, Licht: 2,169646,3,3,5,09,20,4,0,2,0,1,0,0,0,0
"POINT (12.320751711000071 51.384718510000027)",Unfall 169647 (2018) Kat:2, Licht: 0,169647,2,3,5,09,09,4,0,0,1,1,0,0,0,0
"POINT (12.398577756000066 51.361035984000068)",Unfall 169648 (2018) Kat:3, Licht: 0,169648,3,6,2,09,07,4,0,0,1,1,0,0,0,0
"POINT (12.410504440000068 51.318614381000032)",Unfall 169672 (2018) Kat:3, Licht: 0,169672,3,7,4,09,15,3,0,0,0,1,0,0,0,0
"POINT (12.354132741000058 51.382103004000044)",Unfall 169674 (2018) Kat:3, Licht: 2,169674,3,3,2,09,04,3,0,2,1,1,0,0,0,0
"POINT (12.342630407000058 51.329078891000051)",Unfall 169676 (2018) Kat:2, Licht: 0,169676,2,3,5,09,17,3,0,0,1,0,0,0,0,0
"POINT (12.295916864000048 51.382875649000027)",Unfall 169679 (2018) Kat:2, Licht: 0,169679,2,5,1,09,17,3,0,0,1,1,0,0,0,0
"POINT (12.361614973000030 51.332715910000047)",Unfall 169680 (2018) Kat:3, Licht: 0,169680,3,2,2,09,10,3,0,0,0,1,0,0,0,0
"POINT (12.378209301000027 51.375815552000063)",Unfall 169681 (2018) Kat:3, Licht: 0,169681,3,2,1,09,09,3,0,0,1,1,0,0,0,0
"POINT (12.407730075000075 51.346770259000039)",Unfall 169683 (2018) Kat:3, Licht: 0,169683,3,5,1,09,08,3,0,0,1,1,0,0,0,0
"POINT (12.373477047000051 51.351684477000049)",Unfall 169685 (2018) Kat:2, Licht: 0,169685,2,2,5,09,16,3,0,0,1,1,0,0,0,0
"POINT (12.337357868000026 51.325665139000080)",Unfall 169687 (2018) Kat:3, Licht: 0,169687,3,4,6,09,09,3,0,0,1,0,1,0,0,0
"POINT (12.344237400000054 51.324807855000074)",Unfall 169689 (2018) Kat:3, Licht: 0,169689,3,2,3,09,09,3,0,0,1,1,0,0,0,0
"POINT (12.470407951000027 51.304338296000026)",Unfall 169692 (2018) Kat:3, Licht: 0,169692,3,3,5,09,16,3,0,0,1,1,0,0,0,0
"POINT (12.384981691000064 51.338635412000031)",Unfall 169694 (2018) Kat:3, Licht: 0,169694,3,2,6,09,09,3,0,0,0,1,1,0,0,0
"POINT (12.412359690000073 51.333298001000060)",Unfall 169714 (2018) Kat:3, Licht: 0,169714,3,4,6,09,10,2,0,0,0,0,1,0,0,1
"POINT (12.290122011000051 51.313108726000053)",Unfall 169716 (2018) Kat:3, Licht: 0,169716,3,2,5,09,10,2,1,0,0,1,0,0,0,1
"POINT (12.307101834000036 51.346444253000072)",Unfall 169718 (2018) Kat:3, Licht: 0,169718,3,6,2,09,15,2,1,0,0,1,0,0,0,0
"POINT (12.367397940000046 51.332033138000043)",Unfall 169720 (2018) Kat:3, Licht: 0,169720,3,3,5,09,10,2,0,0,1,1,0,0,0,0
"POINT (12.378243545000032 51.334529999000040)",Unfall 169722 (2018) Kat:3, Licht: 0,169722,3,6,2,09,16,2,0,0,0,1,0,0,0,0
"POINT (12.374036188000048 51.334244708000028)",Unfall 169740 (2018) Kat:3, Licht: 0,169740,3,2,1,09,15,2,0,0,1,0,0,0,0,1
"POINT (12.361459980000063 51.375166993000050)",Unfall 169742 (2018) Kat:3, Licht: 0,169742,3,6,2,09,15,2,0,0,0,1,0,0,0,0
"POINT (12.416726364000056 51.329790051000032)",Unfall 169745 (2018) Kat:3, Licht: 0,169745,3,3,5,09,07,2,0,0,1,1,0,0,0,0
"POINT (12.362365016000069 51.381478835000053)",Unfall 169747 (2018) Kat:3, Licht: 0,169747,3,6,3,09,18,2,0,0,0,1,0,1,0,0
"POINT (12.382927894000034 51.363183579000065)",Unfall 169751 (2018) Kat:3, Licht: 0,169751,3,5,1,09,08,2,0,0,1,1,0,0,0,0
"POINT (12.385918134000065 51.330016061000038)",Unfall 169753 (2018) Kat:2, Licht: 0,169753,2,2,5,09,07,2,0,0,1,1,0,0,0,0
"POINT (12.480772077000040 51.332988828000055)",Unfall 169766 (2018) Kat:3, Licht: 0,169766,3,6,3,09,11,1,1,0,0,1,0,1,0,0
"POINT (12.369144676000076 51.323382686000059)",Unfall 169784 (2018) Kat:2, Licht: 0,169784,2,3,5,09,16,7,0,0,0,1,0,1,0,0
"POINT (12.408001070000068 51.335689037000066)",Unfall 169785 (2018) Kat:3, Licht: 2,169785,3,2,5,09,20,1,0,2,1,1,0,0,0,0
"POINT (12.389843913000050 51.328624788000070)",Unfall 169796 (2018) Kat:3, Licht: 2,169796,3,1,1,09,04,7,1,2,1,1,0,0,0,0
"POINT (12.413277333000053 51.359424499000056)",Unfall 169798 (2018) Kat:3, Licht: 0,169798,3,5,1,09,15,7,0,0,1,1,0,0,0,0
"POINT (12.385076141000070 51.338301350000052)",Unfall 169800 (2018) Kat:2, Licht: 2,169800,2,3,5,09,20,7,0,2,1,1,0,0,0,0
"POINT (12.336531786000023 51.328777759000047)",Unfall 169803 (2018) Kat:3, Licht: 0,169803,3,6,0,09,16,6,0,0,1,0,0,0,0,1
"POINT (12.371222522000039 51.335291277000067)",Unfall 169804 (2018) Kat:3, Licht: 2,169804,3,6,1,09,21,6,1,2,0,1,0,1,0,0
"POINT (12.406024985000045 51.341832696000040)",Unfall 169806 (2018) Kat:3, Licht: 0,169806,3,7,3,09,17,6,1,0,1,1,0,0,0,0
"POINT (12.379100935000054 51.340559765000080)",Unfall 169816 (2018) Kat:2, Licht: 1,169816,2,5,3,10,18,1,0,1,1,0,0,0,0,1
"POINT (12.342571917000043 51.321620151000047)",Unfall 169817 (2018) Kat:3, Licht: 2,169817,3,2,2,10,05,1,0,2,0,1,0,0,0,0
"POINT (12.373729951000030 51.305538280000064)",Unfall 169821 (2018) Kat:3, Licht: 0,169821,3,6,4,10,11,7,0,0,1,0,0,0,0,0
"POINT (12.412712304000024 51.395151346000034)",Unfall 169822 (2018) Kat:2, Licht: 0,169822,2,4,6,10,18,7,0,0,0,1,1,0,0,0
"POINT (12.368857014000071 51.320955178000077)",Unfall 169823 (2018) Kat:3, Licht: 0,169823,3,3,5,10,10,7,0,0,1,0,0,0,0,0
"POINT (12.373701541000059 51.331892652000079)",Unfall 169848 (2018) Kat:3, Licht: 2,169848,3,5,3,10,01,1,0,2,1,1,0,0,0,0
"POINT (12.407506224000031 51.326084183000034)",Unfall 169849 (2018) Kat:3, Licht: 0,169849,3,3,5,10,07,6,0,0,1,1,0,0,0,0
"POINT (12.372834010000076 51.310347483000044)",Unfall 169850 (2018) Kat:3, Licht: 2,169850,3,4,6,10,02,1,0,2,0,1,1,0,0,0
"POINT (12.370729595000057 51.335207560000072)",Unfall 169851 (2018) Kat:3, Licht: 0,169851,3,2,1,10,17,6,0,0,1,1,0,0,0,0
"POINT (12.368475766000074 51.314682915000049)",Unfall 169854 (2018) Kat:3, Licht: 0,169854,3,2,2,10,14,6,0,0,1,1,0,0,1,0
"POINT (12.319637148000027 51.350083425000037)",Unfall 169858 (2018) Kat:2, Licht: 0,169858,2,6,4,10,11,6,0,0,0,1,0,0,0,0
"POINT (12.326193810000063 51.321674312000027)",Unfall 169860 (2018) Kat:2, Licht: 0,169860,2,2,6,10,17,6,0,0,0,1,1,0,0,0
"POINT (12.473888382000041 51.358803058000035)",Unfall 169872 (2018) Kat:2, Licht: 0,169872,2,2,5,10,08,7,0,0,1,1,0,0,0,0
"POINT (12.372617591000051 51.335400754000034)",Unfall 169874 (2018) Kat:3, Licht: 0,169874,3,6,6,10,14,7,0,0,1,0,1,0,0,0
"POINT (12.371517696000069 51.320847113000070)",Unfall 169876 (2018) Kat:3, Licht: 0,169876,3,6,3,10,13,7,0,0,1,0,0,0,0,1
"POINT (12.370703715000047 51.355270460000042)",Unfall 169895 (2018) Kat:3, Licht: 2,169895,3,2,2,10,20,5,0,2,1,1,0,0,0,0
"POINT (12.356927791000032 51.336086820000048)",Unfall 169896 (2018) Kat:3, Licht: 0,169896,3,2,3,10,07,6,0,0,1,1,0,0,0,0
"POINT (12.456674847000045 51.312080752000043)",Unfall 169897 (2018) Kat:2, Licht: 2,169897,2,6,6,10,04,5,0,2,1,0,1,0,0,0
"POINT (12.325453108000033 51.340439371000059)",Unfall 169898 (2018) Kat:3, Licht: 0,169898,3,3,5,10,10,6,0,0,0,1,0,1,0,0
"POINT (12.382070375000069 51.332558682000069)",Unfall 169899 (2018) Kat:3, Licht: 1,169899,3,2,3,10,06,6,0,1,1,1,0,0,0,0
"POINT (12.436108165000064 51.326277196000035)",Unfall 169900 (2018) Kat:3, Licht: 0,169900,3,3,5,10,10,5,0,0,1,1,0,0,0,0
"POINT (12.383921680000071 51.380584150000061)",Unfall 169902 (2018) Kat:3, Licht: 1,169902,3,2,4,10,18,5,0,1,0,1,0,0,0,0
"POINT (12.372658805000071 51.360870175000059)",Unfall 169905 (2018) Kat:3, Licht: 0,169905,3,6,2,10,13,5,0,0,0,1,0,0,0,0
"POINT (12.333783744000073 51.324693163000063)",Unfall 169907 (2018) Kat:3, Licht: 0,169907,3,3,5,10,16,5,0,0,0,1,0,0,0,0
"POINT (12.378525680000052 51.320699384000079)",Unfall 169909 (2018) Kat:2, Licht: 0,169909,2,2,5,10,15,5,0,0,1,1,0,0,0,0
"POINT (12.384316654000031 51.364894650000053)",Unfall 169911 (2018) Kat:3, Licht: 0,169911,3,4,6,10,07,5,0,0,0,0,1,1,0,0
"POINT (12.404097179000075 51.341603243000066)",Unfall 169928 (2018) Kat:3, Licht: 0,169928,3,4,6,10,16,5,0,0,0,1,1,0,0,0
"POINT (12.343454704000067 51.367691835000073)",Unfall 169930 (2018) Kat:2, Licht: 0,169930,2,2,6,10,15,5,0,0,0,1,1,0,0,0
"POINT (12.378551131000052 51.323147219000077)",Unfall 169933 (2018) Kat:2, Licht: 0,169933,2,6,4,10,15,5,0,0,1,1,0,0,0,0
"POINT (12.391480527000056 51.289497559000040)",Unfall 169935 (2018) Kat:3, Licht: 0,169935,3,2,4,10,10,5,0,0,0,1,0,0,0,0
"POINT (12.377117284000065 51.366692327000067)",Unfall 169948 (2018) Kat:3, Licht: 2,169948,3,7,5,10,20,4,0,2,0,1,0,0,0,0
"POINT (12.337698346000025 51.398901559000080)",Unfall 169950 (2018) Kat:3, Licht: 0,169950,3,6,6,10,18,4,0,0,0,1,1,0,0,0
"POINT (12.382982459000061 51.342958943000042)",Unfall 169958 (2018) Kat:3, Licht: 2,169958,3,1,9,10,20,3,1,2,0,1,0,0,0,0
"POINT (12.380945334000046 51.330789310000057)",Unfall 169960 (2018) Kat:2, Licht: 0,169960,2,3,5,10,18,3,1,0,0,1,0,0,0,0
"POINT (12.391940920000025 51.334486831000049)",Unfall 169962 (2018) Kat:2, Licht: 0,169962,2,7,0,10,15,3,1,0,1,0,0,0,0,0
"POINT (12.278196932000071 51.325584167000045)",Unfall 169964 (2018) Kat:3, Licht: 0,169964,3,6,1,10,13,3,1,0,1,1,0,0,0,0
"POINT (12.307185304000029 51.323140111000043)",Unfall 169967 (2018) Kat:3, Licht: 0,169967,3,3,5,10,11,3,0,0,0,1,0,0,0,0
"POINT (12.379452279000077 51.359404058000052)",Unfall 169969 (2018) Kat:3, Licht: 0,169969,3,1,5,10,17,3,1,0,0,1,0,0,0,0
"POINT (12.323799295000072 51.318590953000069)",Unfall 169972 (2018) Kat:3, Licht: 0,169972,3,3,5,10,17,3,0,0,0,1,0,0,0,0
"POINT (12.371829816000059 51.339625146000060)",Unfall 169978 (2018) Kat:3, Licht: 2,169978,3,1,7,10,03,4,0,2,1,0,0,0,0,0
"POINT (12.325783619000049 51.320369004000042)",Unfall 169980 (2018) Kat:3, Licht: 0,169980,3,4,6,10,15,4,0,0,0,1,1,0,0,0
"POINT (12.444458692000069 51.353563219000080)",Unfall 169982 (2018) Kat:3, Licht: 0,169982,3,6,2,10,16,4,0,0,0,0,0,1,0,1
"POINT (12.357013257000062 51.336131319000060)",Unfall 169984 (2018) Kat:3, Licht: 0,169984,3,2,4,10,17,4,0,0,1,1,0,0,0,0
"POINT (12.409545735000052 51.371902695000074)",Unfall 169986 (2018) Kat:3, Licht: 1,169986,3,4,6,10,17,4,0,1,0,1,1,0,0,0
"POINT (12.419453689000022 51.333044379000057)",Unfall 169989 (2018) Kat:3, Licht: 0,169989,3,2,5,10,13,4,0,0,1,1,0,0,0,0
"POINT (12.459130484000070 51.353151963000073)",Unfall 169991 (2018) Kat:3, Licht: 0,169991,3,3,5,10,15,4,0,0,0,1,0,1,0,0
"POINT (12.372048223000036 51.320644398000070)",Unfall 169993 (2018) Kat:2, Licht: 0,169993,2,6,2,10,17,4,0,0,0,1,0,0,0,1
"POINT (12.363713566000058 51.363654749000034)",Unfall 169995 (2018) Kat:2, Licht: 0,169995,2,3,5,10,08,4,0,0,1,1,0,0,0,0
"POINT (12.385400338000068 51.340588735000040)",Unfall 170004 (2018) Kat:3, Licht: 0,170004,3,1,0,10,19,2,0,0,0,0,0,1,0,0
"POINT (12.331650457000023 51.319934012000033)",Unfall 170006 (2018) Kat:3, Licht: 0,170006,3,2,6,10,12,2,1,0,0,1,1,0,0,0
"POINT (12.412932449000039 51.330874926000035)",Unfall 170008 (2018) Kat:3, Licht: 0,170008,3,2,2,10,17,2,0,0,1,1,0,0,0,0
"POINT (12.448378329000036 51.383038279000061)",Unfall 170010 (2018) Kat:2, Licht: 0,170010,2,3,5,10,12,2,0,0,1,1,0,0,0,0
"POINT (12.373713805000023 51.305623358000048)",Unfall 170024 (2018) Kat:3, Licht: 0,170024,3,2,2,10,11,3,0,0,0,1,0,1,0,0
"POINT (12.326580816000046 51.337673315000075)",Unfall 170026 (2018) Kat:3, Licht: 0,170026,3,3,5,10,12,3,0,0,1,1,0,0,0,0
"POINT (12.473616614000036 51.345686806000060)",Unfall 170028 (2018) Kat:3, Licht: 0,170028,3,6,2,10,09,3,0,0,0,1,0,0,0,0
"POINT (12.373245850000046 51.310119466000060)",Unfall 170030 (2018) Kat:3, Licht: 2,170030,3,3,5,09,21,1,0,2,0,0,0,1,0,1
"POINT (12.372268176000034 51.349608906000071)",Unfall 170032 (2018) Kat:3, Licht: 0,170032,3,2,5,09,15,1,0,0,0,1,0,0,0,1
"POINT (12.362677708000035 51.358471832000077)",Unfall 170033 (2018) Kat:3, Licht: 2,170033,3,6,2,09,21,1,0,2,0,1,0,0,0,0
"POINT (12.398269750000054 51.300143045000027)",Unfall 170052 (2018) Kat:3, Licht: 0,170052,3,7,6,09,11,7,0,0,0,0,1,0,0,1
"POINT (12.458771204000072 51.370866928000055)",Unfall 170053 (2018) Kat:3, Licht: 1,170053,3,6,0,09,19,7,0,1,1,0,0,0,0,1
"POINT (12.279549352000060 51.314801428000067)",Unfall 170066 (2018) Kat:3, Licht: 0,170066,3,3,5,10,11,2,0,0,0,1,0,0,0,0
"POINT (12.408259818000033 51.340014893000046)",Unfall 170067 (2018) Kat:3, Licht: 0,170067,3,6,2,09,13,6,0,0,0,1,0,0,0,0
"POINT (12.344465099000047 51.318910295000080)",Unfall 170068 (2018) Kat:3, Licht: 0,170068,3,6,3,10,17,2,0,0,1,0,0,0,0,1
"POINT (12.407722569000043 51.356181515000060)",Unfall 170070 (2018) Kat:3, Licht: 0,170070,3,3,5,09,08,6,0,0,1,1,0,0,0,0
"POINT (12.376530524000032 51.350279097000055)",Unfall 170071 (2018) Kat:2, Licht: 0,170071,2,6,4,10,16,2,0,0,1,0,0,0,0,0
"POINT (12.376934101000074 51.343718193000029)",Unfall 170072 (2018) Kat:3, Licht: 0,170072,3,3,5,09,16,6,0,0,1,1,0,0,0,0
"POINT (12.377872877000073 51.348938385000054)",Unfall 170073 (2018) Kat:3, Licht: 0,170073,3,6,2,10,11,2,0,0,0,1,0,0,1,1
"POINT (12.301507127000036 51.345402827000044)",Unfall 170074 (2018) Kat:2, Licht: 0,170074,2,3,5,09,09,6,0,0,1,1,0,0,0,0
"POINT (12.401487927000062 51.339270318000047)",Unfall 170079 (2018) Kat:3, Licht: 0,170079,3,5,1,09,12,6,1,0,1,0,0,0,1,0
"POINT (12.373717859000067 51.324920935000080)",Unfall 170081 (2018) Kat:3, Licht: 0,170081,3,5,1,09,17,6,0,0,1,0,0,0,1,0
"POINT (12.408264307000024 51.340067960000056)",Unfall 170093 (2018) Kat:2, Licht: 0,170093,2,2,4,11,11,7,0,0,1,1,0,0,0,0
"POINT (12.376532147000034 51.350295570000071)",Unfall 170095 (2018) Kat:2, Licht: 0,170095,2,4,6,11,12,7,0,0,0,0,1,0,0,1
"POINT (12.364738073000069 51.334257675000060)",Unfall 170097 (2018) Kat:3, Licht: 2,170097,3,3,5,11,16,7,0,2,1,1,0,0,0,0
"POINT (12.375226198000064 51.364677033000078)",Unfall 170100 (2018) Kat:3, Licht: 0,170100,3,5,1,11,16,7,0,0,1,1,0,0,0,0
"POINT (12.384895294000046 51.338137616000040)",Unfall 170104 (2018) Kat:3, Licht: 0,170104,3,2,6,10,17,4,0,0,1,0,1,0,0,0
"POINT (12.376847736000059 51.323213162000059)",Unfall 170106 (2018) Kat:3, Licht: 2,170106,3,3,5,10,18,4,0,2,1,1,0,0,0,0
"POINT (12.369222284000045 51.342049411000062)",Unfall 170108 (2018) Kat:3, Licht: 1,170108,3,3,5,10,17,4,0,1,0,1,0,0,0,0
"POINT (12.374801799000068 51.393045882000081)",Unfall 170110 (2018) Kat:3, Licht: 0,170110,3,6,2,10,11,4,0,0,0,1,0,0,0,0
"POINT (12.400818658000048 51.339289075000067)",Unfall 170115 (2018) Kat:3, Licht: 0,170115,3,5,3,11,07,6,0,0,1,1,0,0,0,0
"POINT (12.365447598000060 51.362471070000026)",Unfall 170116 (2018) Kat:2, Licht: 0,170116,2,7,0,11,16,6,0,0,0,1,0,0,0,1
"POINT (12.369141783000032 51.320955245000050)",Unfall 170118 (2018) Kat:3, Licht: 0,170118,3,4,6,11,08,6,0,0,1,0,1,0,0,0
"POINT (12.373549047000040 51.318690322000066)",Unfall 170120 (2018) Kat:2, Licht: 2,170120,2,3,5,11,21,6,0,2,1,0,0,0,0,1
"POINT (12.326754741000059 51.307309389000068)",Unfall 170122 (2018) Kat:3, Licht: 0,170122,3,6,3,11,11,6,0,0,1,1,0,0,0,0
"POINT (12.368846124000072 51.376565714000037)",Unfall 170130 (2018) Kat:3, Licht: 0,170130,3,1,8,10,12,3,0,0,0,1,0,0,0,0
"POINT (12.384553124000035 51.324904793000030)",Unfall 170136 (2018) Kat:3, Licht: 0,170136,3,6,3,10,07,3,0,0,1,0,0,0,0,0
"POINT (12.358709515000044 51.341889328000036)",Unfall 170137 (2018) Kat:3, Licht: 0,170137,3,3,1,10,17,3,0,0,1,1,0,0,0,0
"POINT (12.386452268000028 51.299105769000050)",Unfall 170139 (2018) Kat:3, Licht: 1,170139,3,3,5,10,17,3,0,1,0,1,0,0,0,0
"POINT (12.373717530000022 51.324909900000080)",Unfall 170141 (2018) Kat:3, Licht: 0,170141,3,6,1,10,11,3,0,0,0,1,0,0,0,0
"POINT (12.405963064000048 51.342287624000051)",Unfall 170143 (2018) Kat:3, Licht: 1,170143,3,6,1,11,06,5,0,1,0,1,0,1,0,0
"POINT (12.392649109000047 51.301238788000035)",Unfall 170147 (2018) Kat:3, Licht: 2,170147,3,7,0,11,05,5,0,2,1,0,0,0,0,0
"POINT (12.268256860000065 51.307911263000051)",Unfall 170149 (2018) Kat:3, Licht: 0,170149,3,3,5,11,08,5,0,0,0,1,0,0,0,1
"POINT (12.365693597000075 51.332062938000036)",Unfall 170151 (2018) Kat:3, Licht: 1,170151,3,2,3,11,16,5,0,1,1,1,0,0,0,0
"POINT (12.267370205000077 51.305262746000039)",Unfall 170153 (2018) Kat:3, Licht: 0,170153,3,3,5,11,11,5,0,0,1,1,0,0,0,0
"POINT (12.363406770000040 51.329350698000042)",Unfall 170177 (2018) Kat:3, Licht: 2,170177,3,3,5,10,06,2,0,2,1,0,0,0,0,0
"POINT (12.475382730000035 51.345625983000048)",Unfall 170179 (2018) Kat:3, Licht: 1,170179,3,3,5,10,07,2,0,1,1,1,0,0,0,0
"POINT (12.373458862000064 51.316120915000056)",Unfall 170180 (2018) Kat:2, Licht: 2,170180,2,5,1,10,07,2,0,2,1,1,0,0,0,0
"POINT (12.433737770000050 51.344310676000077)",Unfall 170191 (2018) Kat:3, Licht: 0,170191,3,1,8,10,10,4,0,0,0,0,0,1,0,0
"POINT (12.411588934000065 51.328449146000025)",Unfall 170196 (2018) Kat:3, Licht: 0,170196,3,3,5,10,14,4,0,0,0,1,0,0,0,0
"POINT (12.362774294000076 51.332295855000041)",Unfall 170198 (2018) Kat:3, Licht: 2,170198,3,2,4,10,01,4,0,2,1,1,0,0,0,0
"POINT (12.262829777000036 51.347868969000046)",Unfall 170204 (2018) Kat:3, Licht: 0,170204,3,3,5,10,17,1,0,0,1,1,0,0,0,0
"POINT (12.330259897000076 51.320334829000046)",Unfall 170206 (2018) Kat:3, Licht: 0,170206,3,6,3,10,16,1,0,0,0,1,0,0,0,0
"POINT (12.479401918000065 51.350604190000070)",Unfall 170207 (2018) Kat:3, Licht: 0,170207,3,3,5,10,09,1,0,0,1,1,0,0,0,0
"POINT (12.424641347000033 51.304635316000031)",Unfall 170216 (2018) Kat:3, Licht: 0,170216,3,2,5,10,07,3,0,0,1,1,0,0,0,0
"POINT (12.373269156000049 51.353179858000033)",Unfall 170218 (2018) Kat:3, Licht: 1,170218,3,3,3,10,06,3,1,1,1,1,0,0,0,0
"POINT (12.378300220000028 51.320500331000062)",Unfall 170220 (2018) Kat:2, Licht: 1,170220,2,6,2,10,06,3,1,1,0,1,0,0,0,0
"POINT (12.406838588000028 51.338155419000032)",Unfall 170221 (2018) Kat:3, Licht: 2,170221,3,2,2,10,18,3,1,2,0,1,0,0,0,0
"POINT (12.389881236000065 51.289370623000082)",Unfall 170224 (2018) Kat:3, Licht: 0,170224,3,3,5,10,17,7,0,0,1,1,0,0,0,0
"POINT (12.339887346000069 51.336974196000028)",Unfall 170226 (2018) Kat:3, Licht: 0,170226,3,4,6,10,13,7,0,0,0,1,1,0,0,0
"POINT (12.373020099000030 51.339760304000038)",Unfall 170229 (2018) Kat:3, Licht: 0,170229,3,7,6,10,13,7,0,0,1,0,1,0,0,0
"POINT (12.411385706000033 51.331017886000041)",Unfall 170232 (2018) Kat:2, Licht: 1,170232,2,3,5,10,20,7,0,1,0,1,0,0,0,0
"POINT (12.369221092000032 51.363095027000043)",Unfall 170246 (2018) Kat:3, Licht: 0,170246,3,3,5,10,08,6,0,0,1,1,0,0,0,0
"POINT (12.406831829000055 51.338139199000068)",Unfall 170248 (2018) Kat:3, Licht: 0,170248,3,7,5,10,15,6,0,0,0,1,0,0,0,1
"POINT (12.387203170000078 51.336914170000057)",Unfall 170249 (2018) Kat:3, Licht: 2,170249,3,3,5,10,19,2,0,2,1,1,0,0,0,0
"POINT (12.373504415000070 51.329842471000063)",Unfall 170250 (2018) Kat:3, Licht: 0,170250,3,3,3,10,12,6,0,0,0,1,0,0,0,1
"POINT (12.432403296000075 51.308149324000055)",Unfall 170251 (2018) Kat:3, Licht: 0,170251,3,3,5,10,07,2,1,0,1,1,0,0,0,0
"POINT (12.405232049000062 51.319799920000037)",Unfall 170252 (2018) Kat:3, Licht: 2,170252,3,7,6,10,00,6,0,2,0,1,1,0,0,0
"POINT (12.329498578000027 51.339877069000067)",Unfall 170269 (2018) Kat:3, Licht: 2,170269,3,3,5,10,06,5,0,2,0,1,0,1,0,0
"POINT (12.302919847000055 51.314443708000056)",Unfall 170271 (2018) Kat:2, Licht: 1,170271,2,4,6,10,18,5,0,1,0,1,1,0,0,0
"POINT (12.421597832000032 51.344776139000032)",Unfall 170273 (2018) Kat:3, Licht: 0,170273,3,2,3,10,16,5,0,0,1,1,0,0,0,0
"POINT (12.371386037000036 51.346277910000026)",Unfall 170275 (2018) Kat:3, Licht: 0,170275,3,2,5,10,08,5,0,0,1,1,0,0,0,0
"POINT (12.400660549000065 51.339283489000081)",Unfall 170288 (2018) Kat:2, Licht: 2,170288,2,4,6,10,17,1,1,2,0,1,1,0,0,0
"POINT (12.378472383000030 51.320507883000062)",Unfall 170301 (2018) Kat:3, Licht: 0,170301,3,2,4,10,10,7,0,0,0,1,0,1,0,0
"POINT (12.380701803000022 51.330947669000068)",Unfall 170302 (2018) Kat:3, Licht: 2,170302,3,2,2,10,19,4,0,2,0,1,0,0,0,0
"POINT (12.395786968000039 51.358889160000047)",Unfall 170305 (2018) Kat:3, Licht: 1,170305,3,2,4,10,06,4,0,1,1,1,0,0,0,0
"POINT (12.371528589000036 51.391353520000052)",Unfall 170307 (2018) Kat:3, Licht: 0,170307,3,1,0,10,10,4,0,0,1,0,0,0,0,0
"POINT (12.397560205000048 51.346713439000041)",Unfall 170308 (2018) Kat:3, Licht: 0,170308,3,3,5,10,17,4,0,0,1,1,0,0,0,0
"POINT (12.321906744000046 51.350028702000031)",Unfall 170310 (2018) Kat:3, Licht: 0,170310,3,3,5,10,15,4,0,0,1,1,0,0,0,0
"POINT (12.369824703000063 51.324458993000064)",Unfall 170312 (2018) Kat:3, Licht: 0,170312,3,7,6,10,10,4,0,0,0,1,1,0,0,0
"POINT (12.327351371000077 51.329685192000056)",Unfall 170316 (2018) Kat:2, Licht: 2,170316,2,7,7,10,00,6,1,2,1,0,0,0,0,0
"POINT (12.414814542000045 51.342839690000062)",Unfall 170319 (2018) Kat:3, Licht: 0,170319,3,3,5,10,08,6,1,0,1,1,0,0,0,0
"POINT (12.382068454000034 51.332605632000082)",Unfall 170321 (2018) Kat:3, Licht: 2,170321,3,2,4,10,05,6,1,2,1,1,0,0,0,0
"POINT (12.386521153000047 51.331543507000049)",Unfall 170322 (2018) Kat:3, Licht: 0,170322,3,5,1,10,16,6,0,0,1,1,0,0,0,0
"POINT (12.436371732000055 51.305650305000029)",Unfall 170325 (2018) Kat:3, Licht: 0,170325,3,3,5,10,07,6,1,0,0,1,0,0,0,0
"POINT (12.280882428000041 51.318416484000068)",Unfall 170327 (2018) Kat:2, Licht: 0,170327,2,3,1,10,12,6,0,0,1,1,0,0,0,0
"POINT (12.370739280000066 51.335209205000069)",Unfall 170330 (2018) Kat:3, Licht: 0,170330,3,6,2,10,08,6,0,0,0,1,0,0,1,0