WKT,Name,OBJECTID,UKATEGORIE,UTYP1,UART,UMONAT,USTUNDE,UWOCHENTAG,STRZUSTAND,ULICHTVERH,ISTRAD,ISTPKW,ISTFUSS,ISTKRAD,ISTGKFZ,ISTSONSTIG
"POINT (12.408323694000046 51.340079974000048)",Unfall 170331 (2018) Kat:2, Licht: 0,170331,2,2,4,10,17,3,0,0,1,1,0,0,0,0
"POINT (12.405979087000048 51.342094347000057)",Unfall 170332 (2018) Kat:3, Licht: 0,170332,3,2,5,10,08,6,0,0,1,1,0,0,0,0
"POINT (12.412746416000061 51.334435116000066)",Unfall 170333 (2018) Kat:3, Licht: 0,170333,3,2,3,10,08,3,0,0,1,1,0,0,0,0
"POINT (12.352235673000052 51.319380135000074)",Unfall 170335 (2018) Kat:3, Licht: 0,170335,3,3,5,10,16,3,0,0,1,0,0,0,0,0
"POINT (12.373074688000031 51.301563867000027)",Unfall 170352 (2018) Kat:3, Licht: 2,170352,3,1,0,10,05,5,1,2,1,0,0,0,0,0
"POINT (12.370402883000054 51.361320571000078)",Unfall 170354 (2018) Kat:3, Licht: 0,170354,3,6,2,10,08,5,1,0,0,1,0,0,0,0
"POINT (12.443896742000049 51.291497965000076)",Unfall 170359 (2018) Kat:3, Licht: 0,170359,3,3,5,10,14,5,0,0,0,1,0,0,0,0
"POINT (12.313542938000069 51.347777164000036)",Unfall 170361 (2018) Kat:2, Licht: 0,170361,2,4,6,10,10,5,0,0,0,0,1,0,0,1
"POINT (12.404626787000041 51.338210769000057)",Unfall 170362 (2018) Kat:3, Licht: 2,170362,3,6,2,10,19,2,0,2,0,1,0,0,0,0
"POINT (12.406317811000065 51.355256984000050)",Unfall 170364 (2018) Kat:3, Licht: 0,170364,3,5,1,10,14,2,0,0,0,1,0,0,0,0
"POINT (12.350727051000035 51.384148059000040)",Unfall 170366 (2018) Kat:3, Licht: 0,170366,3,3,5,10,12,2,0,0,1,1,0,0,0,0
"POINT (12.343449394000061 51.367641349000053)",Unfall 170367 (2018) Kat:3, Licht: 0,170367,3,2,5,10,10,2,0,0,1,1,0,0,0,0
"POINT (12.284771713000055 51.312136854000073)",Unfall 170369 (2018) Kat:2, Licht: 0,170369,2,2,5,10,11,2,0,0,0,1,0,0,0,1
"POINT (12.402538071000038 51.339044586000057)",Unfall 170380 (2018) Kat:3, Licht: 0,170380,3,6,6,11,10,3,0,0,0,1,1,0,0,0
"POINT (12.412372821000076 51.341420192000044)",Unfall 170385 (2018) Kat:3, Licht: 0,170385,3,7,0,11,07,2,0,0,1,0,0,0,0,0
"POINT (12.330433263000032 51.342098831000044)",Unfall 170387 (2018) Kat:3, Licht: 0,170387,3,6,2,11,15,2,0,0,1,1,0,0,0,0
"POINT (12.327722171000062 51.326770061000047)",Unfall 170390 (2018) Kat:3, Licht: 2,170390,3,3,5,11,20,2,0,2,1,1,0,0,0,0
"POINT (12.345190521000063 51.318965187000060)",Unfall 170392 (2018) Kat:2, Licht: 0,170392,2,4,6,11,14,2,0,0,0,0,1,0,0,1
"POINT (12.338827099000071 51.370387146000041)",Unfall 170393 (2018) Kat:3, Licht: 0,170393,3,3,5,11,07,2,1,0,1,1,0,0,0,0
"POINT (12.396066979000068 51.346055490000026)",Unfall 170395 (2018) Kat:3, Licht: 2,170395,3,5,1,11,22,2,0,2,0,1,0,0,0,0
"POINT (12.407426217000022 51.325982250000038)",Unfall 170397 (2018) Kat:3, Licht: 0,170397,3,2,5,11,15,2,0,0,1,1,0,0,0,0
"POINT (12.374189320000028 51.320545188000040)",Unfall 170399 (2018) Kat:3, Licht: 2,170399,3,3,5,11,18,2,0,2,0,1,0,0,0,0
"POINT (12.335389737000071 51.333180846000062)",Unfall 170401 (2018) Kat:3, Licht: 0,170401,3,6,3,11,07,2,0,0,1,0,0,0,0,0
"POINT (12.394157345000053 51.351389244000075)",Unfall 170404 (2018) Kat:3, Licht: 2,170404,3,1,0,11,06,2,1,2,0,0,0,1,0,0
"POINT (12.331961497000066 51.335916092000048)",Unfall 170407 (2018) Kat:3, Licht: 0,170407,3,2,5,11,08,2,1,0,1,1,0,0,0,0
"POINT (12.303081334000069 51.314412363000031)",Unfall 170409 (2018) Kat:3, Licht: 2,170409,3,6,2,11,17,2,1,2,0,1,0,0,0,0
"POINT (12.388805967000053 51.325763413000061)",Unfall 170430 (2018) Kat:3, Licht: 0,170430,3,7,2,11,11,1,1,0,0,1,0,0,0,0
"POINT (12.437801215000036 51.327527699000029)",Unfall 170433 (2018) Kat:3, Licht: 2,170433,3,3,5,11,19,1,0,2,0,1,0,0,1,0
"POINT (12.330417334000060 51.320206989000042)",Unfall 170436 (2018) Kat:2, Licht: 2,170436,2,4,6,11,17,7,0,2,0,1,1,0,0,0
"POINT (12.411973533000037 51.314646911000068)",Unfall 170437 (2018) Kat:3, Licht: 0,170437,3,2,5,11,13,1,1,0,1,1,0,0,0,0
"POINT (12.333040256000061 51.323706690000051)",Unfall 170439 (2018) Kat:2, Licht: 0,170439,2,5,6,11,16,1,0,0,0,0,1,0,0,1
"POINT (12.365713121000056 51.363473991000035)",Unfall 170441 (2018) Kat:3, Licht: 2,170441,3,2,3,11,17,1,0,2,1,0,0,0,0,1
"POINT (12.376931252000077 51.343707401000074)",Unfall 170455 (2018) Kat:3, Licht: 0,170455,3,2,3,11,11,6,0,0,1,1,0,0,0,0
"POINT (12.367501337000022 51.320792191000066)",Unfall 170457 (2018) Kat:2, Licht: 0,170457,2,3,5,11,07,6,1,0,0,1,0,1,0,0
"POINT (12.337427647000027 51.332447612000067)",Unfall 170458 (2018) Kat:3, Licht: 0,170458,3,3,5,11,11,7,1,0,1,1,0,0,0,0
"POINT (12.315798492000056 51.265498681000054)",Unfall 170459 (2018) Kat:3, Licht: 0,170459,3,7,8,11,14,7,1,0,1,0,0,0,0,0
"POINT (12.413946758000066 51.316968588000066)",Unfall 170460 (2018) Kat:3, Licht: 1,170460,3,7,0,11,07,6,0,1,1,0,0,0,0,0
"POINT (12.345400220000045 51.353112297000052)",Unfall 170461 (2018) Kat:2, Licht: 2,170461,2,6,6,11,05,7,1,2,0,1,1,0,0,0
"POINT (12.406097347000070 51.332401111000081)",Unfall 170462 (2018) Kat:3, Licht: 0,170462,3,6,3,11,14,7,0,0,0,1,0,0,0,1
"POINT (12.310251440000059 51.317722621000030)",Unfall 170463 (2018) Kat:2, Licht: 2,170463,2,3,5,11,05,6,0,2,1,1,0,0,0,0
"POINT (12.422472629000026 51.365778577000071)",Unfall 170467 (2018) Kat:3, Licht: 0,170467,3,6,1,11,09,6,0,0,0,1,0,0,0,1
"POINT (12.380176541000026 51.339911381000036)",Unfall 170473 (2018) Kat:3, Licht: 0,170473,3,4,6,11,14,6,0,0,0,1,1,0,0,0
"POINT (12.373840951000034 51.320549979000077)",Unfall 170474 (2018) Kat:3, Licht: 0,170474,3,6,3,11,15,6,0,0,1,1,0,0,0,1
"POINT (12.418459273000053 51.310402430000067)",Unfall 170476 (2018) Kat:3, Licht: 0,170476,3,3,1,11,11,6,1,0,1,1,0,0,0,0
"POINT (12.372242167000024 51.300078519000067)",Unfall 170479 (2018) Kat:3, Licht: 0,170479,3,2,4,11,14,6,0,0,1,1,0,0,0,0
"POINT (12.426749714000039 51.343471785000077)",Unfall 170481 (2018) Kat:2, Licht: 1,170481,2,6,6,11,19,6,0,1,0,1,1,0,0,0
"POINT (12.389272066000046 51.381617174000041)",Unfall 170484 (2018) Kat:2, Licht: 2,170484,2,4,6,11,17,6,0,2,0,1,1,0,0,0
"POINT (12.479261548000068 51.347603167000045)",Unfall 170486 (2018) Kat:2, Licht: 2,170486,2,1,0,11,17,6,0,2,1,0,0,0,0,0
"POINT (12.371761481000021 51.339623131000053)",Unfall 170496 (2018) Kat:3, Licht: 0,170496,3,3,5,11,09,5,0,0,1,1,0,0,0,0
"POINT (12.354070146000026 51.334554873000059)",Unfall 170497 (2018) Kat:3, Licht: 0,170497,3,2,2,11,15,5,0,0,0,1,0,0,0,0
"POINT (12.385423170000024 51.329009486000075)",Unfall 170499 (2018) Kat:3, Licht: 0,170499,3,7,1,11,09,5,0,0,1,1,0,0,0,0
"POINT (12.308762700000045 51.347283803000039)",Unfall 170501 (2018) Kat:3, Licht: 1,170501,3,2,3,11,05,5,0,1,1,1,0,0,0,0
"POINT (12.424538021000046 51.357465418000061)",Unfall 170504 (2018) Kat:3, Licht: 0,170504,3,4,6,11,14,5,0,0,0,1,1,0,0,0
"POINT (12.327332009000031 51.325438460000044)",Unfall 170507 (2018) Kat:3, Licht: 0,170507,3,3,5,11,09,5,0,0,0,1,0,0,0,1
"POINT (12.385324254000068 51.340134329000080)",Unfall 170509 (2018) Kat:3, Licht: 0,170509,3,2,5,11,11,5,0,0,1,1,0,0,0,0
"POINT (12.407850344000053 51.337872071000049)",Unfall 170510 (2018) Kat:3, Licht: 2,170510,3,3,5,11,20,5,0,2,1,1,0,0,0,0
"POINT (12.373479335000070 51.323130279000054)",Unfall 170511 (2018) Kat:3, Licht: 0,170511,3,5,1,11,14,5,0,0,1,1,0,0,0,0
"POINT (12.328434037000022 51.335362937000070)",Unfall 170512 (2018) Kat:2, Licht: 0,170512,2,4,6,11,15,5,0,0,0,1,1,0,0,0
"POINT (12.373496193000051 51.329791538000052)",Unfall 170513 (2018) Kat:3, Licht: 0,170513,3,5,1,11,09,5,0,0,1,1,0,0,0,0
"POINT (12.396382849000076 51.299879165000050)",Unfall 170515 (2018) Kat:3, Licht: 0,170515,3,2,2,11,07,5,0,0,0,1,0,0,0,0
"POINT (12.363490289000026 51.362997722000046)",Unfall 170517 (2018) Kat:2, Licht: 0,170517,2,3,5,11,09,5,0,0,0,1,0,1,0,0
"POINT (12.479259075000073 51.345820775000050)",Unfall 170518 (2018) Kat:3, Licht: 0,170518,3,3,5,11,12,5,0,0,0,1,0,0,0,1
"POINT (12.369751481000037 51.365114936000055)",Unfall 170520 (2018) Kat:3, Licht: 2,170520,3,4,6,11,06,5,0,2,0,1,1,0,0,0
"POINT (12.369676202000051 51.324538985000061)",Unfall 170537 (2018) Kat:3, Licht: 0,170537,3,5,1,11,11,4,0,0,1,1,0,0,0,0
"POINT (12.393148687000064 51.324887640000043)",Unfall 170539 (2018) Kat:3, Licht: 0,170539,3,2,3,11,08,4,0,0,1,1,0,0,0,0
"POINT (12.411400673000060 51.331016580000039)",Unfall 170541 (2018) Kat:3, Licht: 2,170541,3,3,5,11,22,4,0,2,0,1,0,0,0,0
"POINT (12.373517203000063 51.317811998000082)",Unfall 170543 (2018) Kat:3, Licht: 0,170543,3,6,3,11,10,4,0,0,1,0,0,0,0,0
"POINT (12.326991117000034 51.373463895000043)",Unfall 170546 (2018) Kat:3, Licht: 0,170546,3,2,3,11,13,4,0,0,1,1,0,0,0,0
"POINT (12.370511933000046 51.346184049000044)",Unfall 170547 (2018) Kat:3, Licht: 0,170547,3,5,3,11,13,4,0,0,1,1,0,0,0,0
"POINT (12.373272187000055 51.367082138000058)",Unfall 170548 (2018) Kat:3, Licht: 0,170548,3,2,3,11,07,4,0,0,1,1,0,0,0,0
"POINT (12.329209404000039 51.335565197000051)",Unfall 170549 (2018) Kat:3, Licht: 0,170549,3,2,4,11,08,4,0,0,1,1,0,0,0,0
"POINT (12.387286344000074 51.309253952000063)",Unfall 170550 (2018) Kat:3, Licht: 2,170550,3,3,5,11,06,4,1,2,1,1,0,0,0,0
"POINT (12.356919923000021 51.320474581000042)",Unfall 170551 (2018) Kat:2, Licht: 0,170551,2,7,0,11,06,4,0,0,0,0,0,0,0,1
"POINT (12.438956603000065 51.392877032000058)",Unfall 170552 (2018) Kat:3, Licht: 2,170552,3,3,5,11,05,4,0,2,1,1,0,0,0,0
"POINT (12.364189384000042 51.344438397000033)",Unfall 170554 (2018) Kat:3, Licht: 2,170554,3,2,5,11,18,4,0,2,1,1,0,0,0,0
"POINT (12.436493991000077 51.331414671000061)",Unfall 170555 (2018) Kat:3, Licht: 0,170555,3,5,1,11,10,4,0,0,0,1,0,0,0,0
"POINT (12.380461919000027 51.340753638000081)",Unfall 170580 (2018) Kat:3, Licht: 0,170580,3,5,3,11,15,3,0,0,1,1,0,0,0,0
"POINT (12.371129072000031 51.347323262000032)",Unfall 170581 (2018) Kat:3, Licht: 0,170581,3,6,2,11,06,3,0,0,0,1,0,0,0,0
"POINT (12.397029547000045 51.346758406000049)",Unfall 170583 (2018) Kat:3, Licht: 2,170583,3,7,1,11,05,3,0,2,1,1,0,0,0,0
"POINT (12.370877529000040 51.335072209000032)",Unfall 170586 (2018) Kat:3, Licht: 0,170586,3,2,5,11,18,3,0,0,1,1,0,0,0,0
"POINT (12.427304780000043 51.295025711000051)",Unfall 170587 (2018) Kat:3, Licht: 0,170587,3,2,4,11,12,3,0,0,1,1,0,0,0,0
"POINT (12.417521509000039 51.359274413000037)",Unfall 170589 (2018) Kat:3, Licht: 2,170589,3,2,6,11,05,3,0,2,0,1,1,0,0,0
"POINT (12.369748081000068 51.325263992000032)",Unfall 170593 (2018) Kat:3, Licht: 0,170593,3,6,4,11,14,3,0,0,0,1,0,1,0,0
"POINT (12.352206887000023 51.319375120000075)",Unfall 170597 (2018) Kat:3, Licht: 2,170597,3,6,2,11,18,3,1,2,0,1,0,0,0,0
"POINT (12.384765707000042 51.299363594000056)",Unfall 170600 (2018) Kat:3, Licht: 0,170600,3,1,0,11,07,3,1,0,0,0,0,1,0,0
"POINT (12.368407227000034 51.357782957000040)",Unfall 170602 (2018) Kat:3, Licht: 2,170602,3,5,1,11,19,3,1,2,1,1,0,0,0,0
"POINT (12.314131405000069 51.330032683000070)",Unfall 170603 (2018) Kat:3, Licht: 0,170603,3,2,3,11,15,3,1,0,1,1,0,0,0,0
"POINT (12.319904275000056 51.331930774000057)",Unfall 170605 (2018) Kat:3, Licht: 0,170605,3,7,5,11,11,3,1,0,0,1,0,0,0,1
"POINT (12.326631045000056 51.323156593000078)",Unfall 170608 (2018) Kat:3, Licht: 0,170608,3,3,5,11,07,3,1,0,0,1,0,0,0,0
"POINT (12.437242709000031 51.395773991000056)",Unfall 170609 (2018) Kat:3, Licht: 0,170609,3,2,5,11,14,3,1,0,0,1,0,0,0,1
"POINT (12.308746038000038 51.279395460000046)",Unfall 170612 (2018) Kat:2, Licht: 1,170612,2,6,6,11,18,3,1,1,0,1,1,0,0,0
"POINT (12.356732133000037 51.346411084000067)",Unfall 170630 (2018) Kat:3, Licht: 2,170630,3,6,2,11,17,2,0,2,0,1,0,0,0,0
"POINT (12.388128668000036 51.346578038000075)",Unfall 170631 (2018) Kat:3, Licht: 0,170631,3,7,0,11,16,2,0,0,1,0,0,0,0,0
"POINT (12.335819679000053 51.327645240000038)",Unfall 170633 (2018) Kat:3, Licht: 0,170633,3,7,0,11,12,2,0,0,1,1,0,0,0,0
"POINT (12.325781521000067 51.313775010000029)",Unfall 170634 (2018) Kat:3, Licht: 1,170634,3,1,0,11,07,2,1,1,1,0,0,0,0,0
"POINT (12.366036867000048 51.368567884000072)",Unfall 170636 (2018) Kat:3, Licht: 2,170636,3,5,1,11,17,2,0,2,1,1,0,0,0,0
"POINT (12.417668398000046 51.358575947000077)",Unfall 170638 (2018) Kat:3, Licht: 0,170638,3,4,6,11,15,2,0,0,0,1,1,0,0,0
"POINT (12.389703816000065 51.321792722000055)",Unfall 170655 (2018) Kat:2, Licht: 0,170655,2,6,3,11,15,1,0,0,1,0,0,0,0,0
"POINT (12.386147423000068 51.361785021000060)",Unfall 170662 (2018) Kat:3, Licht: 2,170662,3,4,6,12,07,2,1,2,0,1,1,0,0,0
"POINT (12.387447703000078 51.357045958000072)",Unfall 170663 (2018) Kat:3, Licht: 1,170663,3,3,5,12,16,2,1,1,1,1,0,0,0,0
"POINT (12.355777283000066 51.335472926000079)",Unfall 170665 (2018) Kat:3, Licht: 0,170665,3,3,5,12,15,2,0,0,0,1,0,0,0,0
"POINT (12.369037363000075 51.319761351000068)",Unfall 170666 (2018) Kat:3, Licht: 2,170666,3,2,5,12,16,2,1,2,1,1,0,0,0,0
"POINT (12.421940980000045 51.313828573000080)",Unfall 170668 (2018) Kat:3, Licht: 0,170668,3,2,2,12,13,2,0,0,0,1,0,0,0,0
"POINT (12.402107429000068 51.332697835000033)",Unfall 170670 (2018) Kat:2, Licht: 0,170670,2,1,0,12,15,2,1,0,1,1,0,0,0,0
"POINT (12.393451364000043 51.348972673000048)",Unfall 170697 (2018) Kat:3, Licht: 2,170697,3,1,9,12,22,1,1,2,0,1,0,0,0,0
"POINT (12.362461939000070 51.338937302000033)",Unfall 170699 (2018) Kat:3, Licht: 0,170699,3,2,3,12,08,3,1,0,1,1,0,0,0,0
"POINT (12.405773874000033 51.375772322000046)",Unfall 170700 (2018) Kat:2, Licht: 2,170700,2,2,6,12,16,1,1,2,0,1,1,0,0,0
"POINT (12.336556405000067 51.328816092000068)",Unfall 170701 (2018) Kat:3, Licht: 0,170701,3,3,5,12,08,3,1,0,0,1,0,0,0,0
"POINT (12.375032874000055 51.302892072000077)",Unfall 170703 (2018) Kat:3, Licht: 0,170703,3,3,5,12,10,3,1,0,0,1,0,0,0,0
"POINT (12.389450324000052 51.335878436000030)",Unfall 170705 (2018) Kat:3, Licht: 2,170705,3,7,3,12,20,3,1,2,0,1,0,0,0,1
"POINT (12.427296364000028 51.343768124000064)",Unfall 170707 (2018) Kat:3, Licht: 2,170707,3,4,6,12,16,3,1,2,0,1,1,0,0,0
"POINT (12.370614623000051 51.335188036000034)",Unfall 170708 (2018) Kat:3, Licht: 2,170708,3,2,6,12,22,3,1,2,0,0,1,0,0,1
"POINT (12.379647246000047 51.327623414000072)",Unfall 170710 (2018) Kat:2, Licht: 0,170710,2,2,2,12,09,3,1,0,1,1,0,0,0,0
"POINT (12.376745958000072 51.345285172000047)",Unfall 170717 (2018) Kat:3, Licht: 0,170717,3,6,3,12,10,7,1,0,0,1,0,1,0,0
"POINT (12.371337555000025 51.335550179000052)",Unfall 170720 (2018) Kat:3, Licht: 0,170720,3,1,2,12,12,7,1,0,0,1,0,1,0,0
"POINT (12.416197614000055 51.356734782000046)",Unfall 170726 (2018) Kat:2, Licht: 2,170726,2,3,5,12,16,4,1,2,0,1,0,0,0,1
"POINT (12.370614623000051 51.335188036000034)",Unfall 170732 (2018) Kat:3, Licht: 0,170732,3,2,5,12,07,4,1,0,1,0,0,0,0,1
"POINT (12.368141905000073 51.334881570000050)",Unfall 170739 (2018) Kat:3, Licht: 2,170739,3,3,5,12,05,4,1,2,0,1,0,0,0,0
"POINT (12.441196643000069 51.326834768000026)",Unfall 170741 (2018) Kat:3, Licht: 0,170741,3,4,6,11,15,6,1,0,0,1,1,0,0,0
"POINT (12.331499805000021 51.371872520000068)",Unfall 170743 (2018) Kat:3, Licht: 2,170743,3,4,6,11,06,6,0,2,0,1,1,0,0,0
"POINT (12.445684964000066 51.347411027000078)",Unfall 170746 (2018) Kat:3, Licht: 0,170746,3,3,5,11,13,6,1,0,0,1,0,0,0,0
"POINT (12.376673986000071 51.346169729000053)",Unfall 170748 (2018) Kat:2, Licht: 0,170748,2,4,6,11,14,6,1,0,0,1,1,0,0,0
"POINT (12.344841994000035 51.339183485000035)",Unfall 170751 (2018) Kat:3, Licht: 2,170751,3,3,5,12,06,2,1,2,1,1,0,0,0,0
"POINT (12.406589359000066 51.324939060000077)",Unfall 170753 (2018) Kat:3, Licht: 0,170753,3,2,2,12,14,2,1,0,0,1,0,0,0,0
"POINT (12.372402159000046 51.347911303000046)",Unfall 170755 (2018) Kat:3, Licht: 2,170755,3,7,6,12,17,2,0,2,0,1,1,0,0,0
"POINT (12.327175884000042 51.329638209000052)",Unfall 170756 (2018) Kat:2, Licht: 0,170756,2,3,5,12,09,2,0,0,0,1,0,1,0,0
"POINT (12.291561927000032 51.322502950000057)",Unfall 170764 (2018) Kat:3, Licht: 2,170764,3,2,5,12,16,4,1,2,0,1,0,0,0,0
"POINT (12.336575187000051 51.328845962000059)",Unfall 170774 (2018) Kat:3, Licht: 2,170774,3,4,6,11,17,5,0,2,0,1,1,0,0,0
"POINT (12.372312775000069 51.349505644000033)",Unfall 170776 (2018) Kat:3, Licht: 2,170776,3,7,3,11,19,5,0,2,0,1,0,1,0,0
"POINT (12.338923890000046 51.370328851000068)",Unfall 170782 (2018) Kat:2, Licht: 2,170782,2,2,6,11,19,5,0,2,0,1,1,0,0,0
"POINT (12.407331458000044 51.345469187000049)",Unfall 170783 (2018) Kat:2, Licht: 0,170783,2,3,5,11,09,5,0,0,0,1,0,0,0,0
"POINT (12.371358441000041 51.346276423000063)",Unfall 170785 (2018) Kat:3, Licht: 2,170785,3,2,5,11,17,5,0,2,1,1,0,0,0,0
"POINT (12.362676381000028 51.373767827000052)",Unfall 170788 (2018) Kat:3, Licht: 2,170788,3,7,7,11,06,5,0,2,1,0,0,0,0,0
"POINT (12.393207118000078 51.336946766000040)",Unfall 170805 (2018) Kat:3, Licht: 2,170805,3,2,4,12,20,1,0,2,1,1,0,0,0,0
"POINT (12.288848429000041 51.350193266000076)",Unfall 170807 (2018) Kat:3, Licht: 2,170807,3,1,3,12,23,1,0,2,0,1,0,1,0,0
"POINT (12.338062237000031 51.394411750000074)",Unfall 170821 (2018) Kat:3, Licht: 0,170821,3,2,2,11,14,4,0,0,0,1,0,0,0,0
"POINT (12.406248576000053 51.332527517000074)",Unfall 170824 (2018) Kat:3, Licht: 0,170824,3,6,2,11,07,4,0,0,0,1,0,0,0,0
"POINT (12.376226291000023 51.348313755000049)",Unfall 170827 (2018) Kat:3, Licht: 0,170827,3,6,2,11,11,4,0,0,0,1,0,0,0,0
"POINT (12.372970994000070 51.301361765000081)",Unfall 170829 (2018) Kat:3, Licht: 2,170829,3,3,5,11,18,4,0,2,1,1,0,0,0,0
"POINT (12.376673985000025 51.340820599000040)",Unfall 170838 (2018) Kat:3, Licht: 0,170838,3,7,6,12,16,6,0,0,0,1,1,0,0,0
"POINT (12.367457129000059 51.332017114000053)",Unfall 170840 (2018) Kat:3, Licht: 1,170840,3,4,6,12,06,6,1,1,0,1,1,0,0,0
"POINT (12.480993818000059 51.326964642000064)",Unfall 170844 (2018) Kat:2, Licht: 2,170844,2,2,4,12,17,6,1,2,0,1,0,0,0,0
"POINT (12.378025953000076 51.332456527000033)",Unfall 170846 (2018) Kat:3, Licht: 0,170846,3,4,6,12,13,6,1,0,1,0,1,0,0,0
"POINT (12.368210450000049 51.324692201000062)",Unfall 170849 (2018) Kat:3, Licht: 2,170849,3,3,1,12,19,6,1,2,1,0,0,0,0,0
"POINT (12.405872017000036 51.331771921000040)",Unfall 170853 (2018) Kat:3, Licht: 0,170853,3,6,2,11,09,3,0,0,0,1,0,0,0,1
"POINT (12.382087409000064 51.332588288000068)",Unfall 170854 (2018) Kat:3, Licht: 2,170854,3,2,5,12,19,6,1,2,1,1,0,0,0,0
"POINT (12.421871431000056 51.421381356000040)",Unfall 170855 (2018) Kat:3, Licht: 0,170855,3,3,5,11,14,3,0,0,0,1,0,0,0,0
"POINT (12.396238035000067 51.303554865000081)",Unfall 170857 (2018) Kat:3, Licht: 0,170857,3,3,5,12,11,6,1,0,0,1,0,0,1,0
"POINT (12.364205634000029 51.371089868000070)",Unfall 170858 (2018) Kat:3, Licht: 0,170858,3,4,6,11,08,3,1,0,0,1,1,0,0,0
"POINT (12.423649482000030 51.319912884000075)",Unfall 170859 (2018) Kat:3, Licht: 2,170859,3,4,2,11,17,3,0,2,1,1,1,0,0,0
"POINT (12.365468220000025 51.336876993000033)",Unfall 170860 (2018) Kat:3, Licht: 0,170860,3,3,5,12,14,2,1,0,1,1,0,0,0,0
"POINT (12.385765421000031 51.338266369000053)",Unfall 170861 (2018) Kat:3, Licht: 2,170861,3,4,6,12,16,6,1,2,0,1,1,0,0,0
"POINT (12.385971041000062 51.295912370000053)",Unfall 170862 (2018) Kat:3, Licht: 0,170862,3,3,5,11,13,3,0,0,0,1,0,0,0,0
"POINT (12.354429419000041 51.365030550000029)",Unfall 170863 (2018) Kat:3, Licht: 2,170863,3,2,4,12,17,4,1,2,1,1,0,0,0,0
"POINT (12.387282661000029 51.332417195000062)",Unfall 170865 (2018) Kat:2, Licht: 1,170865,2,5,1,11,16,3,0,1,1,1,0,0,0,0
"POINT (12.408268839000073 51.340065786000082)",Unfall 170868 (2018) Kat:3, Licht: 1,170868,3,2,2,12,06,2,1,1,0,1,0,0,0,0
"POINT (12.367445465000060 51.341169195000077)",Unfall 170872 (2018) Kat:3, Licht: 2,170872,3,2,5,12,06,2,1,2,1,1,0,0,0,0
"POINT (12.306142820000048 51.312753643000065)",Unfall 170877 (2018) Kat:3, Licht: 0,170877,3,6,2,12,11,2,1,0,0,1,0,0,0,0
"POINT (12.394735891000039 51.318558290000055)",Unfall 170879 (2018) Kat:2, Licht: 2,170879,2,3,5,11,17,2,0,2,1,1,0,0,0,0
"POINT (12.383774294000034 51.352091008000059)",Unfall 170882 (2018) Kat:3, Licht: 2,170882,3,3,5,11,18,2,0,2,0,1,0,0,0,0
"POINT (12.326703119000058 51.307541927000045)",Unfall 170884 (2018) Kat:3, Licht: 0,170884,3,6,2,11,07,2,0,0,0,1,0,0,0,1
"POINT (12.338810856000066 51.337160174000076)",Unfall 170889 (2018) Kat:3, Licht: 1,170889,3,3,5,12,08,5,1,1,1,1,0,0,0,0
"POINT (12.368863116000057 51.361789666000050)",Unfall 170891 (2018) Kat:3, Licht: 2,170891,3,3,5,12,17,5,0,2,1,1,0,0,0,0
"POINT (12.369436581000059 51.323315171000047)",Unfall 170894 (2018) Kat:3, Licht: 0,170894,3,3,5,12,13,5,0,0,0,1,0,0,0,0
"POINT (12.378384576000030 51.332213795000030)",Unfall 170895 (2018) Kat:3, Licht: 2,170895,3,3,5,12,22,5,0,2,1,0,0,0,0,1
"POINT (12.376517161000038 51.350151058000051)",Unfall 170911 (2018) Kat:3, Licht: 1,170911,3,4,6,11,17,7,0,1,0,0,1,0,0,1
"POINT (12.377237104000073 51.390276418000042)",Unfall 170915 (2018) Kat:3, Licht: 1,170915,3,2,4,12,16,4,0,1,1,1,0,0,0,0
"POINT (12.448986791000038 51.345615649000081)",Unfall 170917 (2018) Kat:3, Licht: 0,170917,3,2,6,11,11,6,0,0,0,1,1,0,0,0
"POINT (12.378503900000055 51.335834121000062)",Unfall 170918 (2018) Kat:2, Licht: 2,170918,2,3,5,12,18,4,0,2,1,1,0,0,0,0
"POINT (12.339111120000041 51.394004053000060)",Unfall 170919 (2018) Kat:3, Licht: 0,170919,3,3,5,11,11,6,0,0,1,1,0,0,0,0
"POINT (12.339426217000039 51.334366788000068)",Unfall 170920 (2018) Kat:3, Licht: 0,170920,3,2,2,12,10,2,1,0,0,1,0,0,0,0
"POINT (12.366674342000067 51.340561444000059)",Unfall 170921 (2018) Kat:3, Licht: 0,170921,3,2,6,12,09,4,0,0,0,1,1,0,0,0
"POINT (12.344638217000067 51.327453183000046)",Unfall 170922 (2018) Kat:3, Licht: 2,170922,3,7,6,11,17,6,0,2,0,1,1,0,0,0
"POINT (12.297897138000053 51.325091581000038)",Unfall 170923 (2018) Kat:3, Licht: 2,170923,3,1,7,11,20,6,0,2,0,0,0,1,0,0
"POINT (12.328432813000063 51.342113038000036)",Unfall 170926 (2018) Kat:3, Licht: 0,170926,3,4,6,11,11,6,0,0,1,0,1,0,0,0
"POINT (12.421751313000073 51.332573624000077)",Unfall 170927 (2018) Kat:3, Licht: 0,170927,3,2,2,12,15,4,0,0,0,1,0,0,0,0
"POINT (12.462047464000023 51.357979627000077)",Unfall 170928 (2018) Kat:3, Licht: 0,170928,3,3,5,12,14,4,0,0,0,1,0,0,0,0
"POINT (12.305036524000059 51.344379493000076)",Unfall 170960 (2018) Kat:3, Licht: 1,170960,3,2,3,12,07,3,1,1,1,0,0,0,0,1