WKT,Name,OBJECTID,UKATEGORIE,UTYP1,UART,UMONAT,USTUNDE,UWOCHENTAG,STRZUSTAND,ULICHTVERH,ISTRAD,ISTPKW,ISTFUSS,ISTKRAD,ISTGKFZ,ISTSONSTIG
"POINT (12.475690435000047 51.345620724000071)",Unfall 170962 (2018) Kat:2, Licht: 0,170962,2,4,6,12,11,4,1,0,0,1,1,0,0,0
"POINT (12.400159610000060 51.319011986000078)",Unfall 170963 (2018) Kat:3, Licht: 0,170963,3,2,6,12,11,3,1,0,0,1,1,0,0,0
"POINT (12.392690720000076 51.330618246000029)",Unfall 170965 (2018) Kat:3, Licht: 0,170965,3,3,5,11,16,5,0,0,1,1,0,0,0,0
"POINT (12.392262574000029 51.345357118000038)",Unfall 170966 (2018) Kat:2, Licht: 2,170966,2,4,6,12,05,3,1,2,0,1,1,0,0,0
"POINT (12.417911963000051 51.359974298000054)",Unfall 170967 (2018) Kat:3, Licht: 2,170967,3,3,5,11,20,5,0,2,1,1,0,0,0,0
"POINT (12.378503572000056 51.335829288000070)",Unfall 170968 (2018) Kat:3, Licht: 2,170968,3,2,6,12,19,3,0,2,0,1,1,0,0,0
"POINT (12.334479421000026 51.339251844000046)",Unfall 170969 (2018) Kat:3, Licht: 0,170969,3,2,5,11,08,5,1,0,1,1,0,0,0,0
"POINT (12.374690746000056 51.335784424000053)",Unfall 170971 (2018) Kat:3, Licht: 1,170971,3,4,6,11,16,5,0,1,0,1,1,0,0,0
"POINT (12.325552462000076 51.372911635000037)",Unfall 170975 (2018) Kat:2, Licht: 0,170975,2,2,6,12,09,2,0,0,0,0,1,0,0,1
"POINT (12.393310932000077 51.348920876000079)",Unfall 170980 (2018) Kat:3, Licht: 0,170980,3,1,8,12,08,1,1,0,0,1,0,0,0,0
"POINT (12.377126145000034 51.326777774000050)",Unfall 170987 (2018) Kat:3, Licht: 0,170987,3,2,3,12,14,7,1,0,0,1,0,0,0,0
"POINT (12.342507055000056 51.321575226000050)",Unfall 170989 (2018) Kat:3, Licht: 0,170989,3,6,2,12,11,7,1,0,0,1,0,0,0,0
"POINT (12.354026670000053 51.350897188000033)",Unfall 171001 (2018) Kat:3, Licht: 0,171001,3,3,5,12,15,6,1,0,0,1,0,0,0,0
"POINT (12.449536070000022 51.287206620000063)",Unfall 171005 (2018) Kat:3, Licht: 2,171005,3,2,5,12,18,6,1,2,0,1,0,0,0,0
"POINT (12.373595695000063 51.320902961000058)",Unfall 171008 (2018) Kat:3, Licht: 0,171008,3,5,1,12,11,6,1,0,1,1,0,0,0,0
"POINT (12.443720218000067 51.360147743000027)",Unfall 171010 (2018) Kat:3, Licht: 1,171010,3,2,5,12,07,6,1,1,1,1,0,0,0,0
"POINT (12.372348993000060 51.360961685000063)",Unfall 171012 (2018) Kat:3, Licht: 1,171012,3,6,2,12,16,6,0,1,0,1,0,0,0,0
"POINT (12.404842296000027 51.338158057000044)",Unfall 171014 (2018) Kat:3, Licht: 0,171014,3,5,3,12,15,6,1,0,0,1,0,0,0,1
"POINT (12.445027039000024 51.332494706000034)",Unfall 171017 (2018) Kat:3, Licht: 0,171017,3,7,0,12,13,6,0,0,0,0,1,0,0,1
"POINT (12.381908785000064 51.330128064000064)",Unfall 171036 (2018) Kat:3, Licht: 2,171036,3,6,3,12,19,5,1,2,0,1,0,1,0,0
"POINT (12.373624404000054 51.320576980000055)",Unfall 171037 (2018) Kat:3, Licht: 2,171037,3,2,4,12,16,5,1,2,0,1,0,0,0,0
"POINT (12.389247995000062 51.291898319000040)",Unfall 171039 (2018) Kat:3, Licht: 1,171039,3,3,5,12,08,5,1,1,0,1,0,0,0,0
"POINT (12.371123774000068 51.336480365000057)",Unfall 171041 (2018) Kat:3, Licht: 0,171041,3,2,5,12,15,5,0,0,0,1,0,0,0,0
"POINT (12.396103232000030 51.343159855000067)",Unfall 171066 (2018) Kat:3, Licht: 2,171066,3,3,5,12,16,4,1,2,1,1,0,0,0,0
"POINT (12.453325087000053 51.324584442000059)",Unfall 171068 (2018) Kat:3, Licht: 2,171068,3,2,6,12,16,4,1,2,0,1,1,0,0,0
"POINT (12.327164953000022 51.324865555000031)",Unfall 171098 (2018) Kat:3, Licht: 0,171098,3,2,2,12,13,3,0,0,1,1,0,0,0,0
"POINT (12.362764258000027 51.330889698000078)",Unfall 171100 (2018) Kat:3, Licht: 2,171100,3,6,2,12,16,3,0,2,0,1,0,0,0,0
"POINT (12.374085034000075 51.334242521000078)",Unfall 171102 (2018) Kat:3, Licht: 2,171102,3,1,0,12,16,3,0,2,1,0,0,0,0,0
"POINT (12.392932333000033 51.400255237000067)",Unfall 171105 (2018) Kat:3, Licht: 0,171105,3,3,5,12,07,3,1,0,0,1,0,0,0,0
"POINT (12.344038572000045 51.318836655000041)",Unfall 171108 (2018) Kat:3, Licht: 0,171108,3,3,5,12,13,3,0,0,1,1,0,0,0,0
"POINT (12.468008116000021 51.359837489000029)",Unfall 171110 (2018) Kat:3, Licht: 0,171110,3,6,2,12,15,3,0,0,0,1,0,0,0,0
"POINT (12.413972998000077 51.342740841000079)",Unfall 171113 (2018) Kat:2, Licht: 2,171113,2,2,5,12,16,3,0,2,0,1,0,1,0,0
"POINT (12.365639987000066 51.332054028000073)",Unfall 171146 (2018) Kat:3, Licht: 0,171146,3,3,5,12,09,2,1,0,0,1,0,0,0,0
"POINT (12.416562386000066 51.346338236000065)",Unfall 171148 (2018) Kat:3, Licht: 0,171148,3,6,2,12,13,2,0,0,0,0,0,0,1,1
"POINT (12.358046701000035 51.344124351000062)",Unfall 171150 (2018) Kat:3, Licht: 1,171150,3,2,5,12,07,2,0,1,1,1,0,0,0,0
"POINT (12.459622403000026 51.355534053000042)",Unfall 171155 (2018) Kat:3, Licht: 0,171155,3,4,6,12,11,2,0,0,0,1,1,0,0,0
"POINT (12.333988206000072 51.319419356000026)",Unfall 171156 (2018) Kat:3, Licht: 0,171156,3,6,2,12,12,1,0,0,0,1,0,0,0,0
"POINT (12.429957866000052 51.344048483000051)",Unfall 171157 (2018) Kat:2, Licht: 2,171157,2,1,1,12,19,2,1,2,1,1,0,0,0,0
"POINT (12.373843573000045 51.320549943000060)",Unfall 171158 (2018) Kat:3, Licht: 2,171158,3,6,3,12,18,2,1,2,1,0,0,0,0,1
"POINT (12.376633211000069 51.357203312000081)",Unfall 171159 (2018) Kat:3, Licht: 2,171159,3,4,6,12,02,1,1,2,0,1,1,0,0,0
"POINT (12.338335126000061 51.331659466000076)",Unfall 171160 (2018) Kat:3, Licht: 2,171160,3,6,3,12,18,2,1,2,1,1,0,0,0,0
"POINT (12.291849373000048 51.413892686000054)",Unfall 171162 (2018) Kat:1, Licht: 2,171162,1,2,6,12,18,2,1,2,0,0,1,0,1,0
"POINT (12.343924477000030 51.318847343000073)",Unfall 171167 (2018) Kat:3, Licht: 0,171167,3,6,2,12,12,7,1,0,0,1,0,0,0,0
"POINT (12.366375119000054 51.357537090000051)",Unfall 171177 (2018) Kat:3, Licht: 1,171177,3,3,5,12,17,1,1,1,1,1,0,0,0,0
"POINT (12.354751966000038 51.350929510000071)",Unfall 171179 (2018) Kat:3, Licht: 2,171179,3,3,5,12,18,6,1,2,0,1,0,0,0,0
"POINT (12.319901776000052 51.331929961000071)",Unfall 171180 (2018) Kat:2, Licht: 2,171180,2,7,3,12,18,1,1,2,0,1,0,0,0,1
"POINT (12.405941184000028 51.349657066000077)",Unfall 171181 (2018) Kat:3, Licht: 2,171181,3,6,2,12,16,6,1,2,0,1,0,0,0,0
"POINT (12.375796916000070 51.358614331000069)",Unfall 171182 (2018) Kat:3, Licht: 2,171182,3,2,3,12,20,6,1,2,1,1,0,0,0,0
"POINT (12.364896342000065 51.339251027000046)",Unfall 171183 (2018) Kat:3, Licht: 0,171183,3,6,2,12,15,1,1,0,0,1,0,0,0,0
"POINT (12.294129720000058 51.357329620000030)",Unfall 171184 (2018) Kat:3, Licht: 0,171184,3,3,5,12,09,6,1,0,0,1,0,0,0,0
"POINT (12.366787792000025 51.286846314000059)",Unfall 171185 (2018) Kat:3, Licht: 2,171185,3,6,9,12,22,1,1,2,0,1,0,0,0,0
"POINT (12.373934193000025 51.334061220000081)",Unfall 171196 (2018) Kat:3, Licht: 0,171196,3,6,2,12,14,7,0,0,0,1,0,0,0,0
"POINT (12.372074037000061 51.342311277000078)",Unfall 171198 (2018) Kat:3, Licht: 2,171198,3,7,5,12,16,7,0,2,1,1,0,0,0,0
"POINT (12.372807123000030 51.336869865000040)",Unfall 171199 (2018) Kat:3, Licht: 0,171199,3,1,0,12,12,7,1,0,1,0,0,0,0,0
"POINT (12.310301937000077 51.279948969000031)",Unfall 171201 (2018) Kat:3, Licht: 2,171201,3,1,4,12,20,7,0,2,0,1,0,0,0,1
"POINT (12.360632365000072 51.372112376000075)",Unfall 171203 (2018) Kat:3, Licht: 0,171203,3,3,5,12,14,7,0,0,0,1,0,0,0,0
"POINT (12.411863106000055 51.314609621000045)",Unfall 171208 (2018) Kat:3, Licht: 0,171208,3,2,5,12,13,6,0,0,1,1,0,0,0,0
"POINT (12.293107215000077 51.313404332000061)",Unfall 171209 (2018) Kat:3, Licht: 0,171209,3,6,2,12,09,6,0,0,0,1,0,0,0,0
"POINT (12.373267156000054 51.314772285000060)",Unfall 171210 (2018) Kat:3, Licht: 0,171210,3,2,4,12,14,5,0,0,0,1,0,0,0,0
"POINT (12.306007485000066 51.410347589000025)",Unfall 171212 (2018) Kat:3, Licht: 0,171212,3,3,5,12,14,5,0,0,0,1,0,0,0,0
"POINT (12.373749086000032 51.369535600000063)",Unfall 171213 (2018) Kat:3, Licht: 0,171213,3,3,5,12,11,5,0,0,0,1,0,0,0,1
"POINT (12.388158564000037 51.353487774000030)",Unfall 171214 (2018) Kat:3, Licht: 0,171214,3,2,3,12,15,6,0,0,1,1,0,0,0,0
"POINT (12.421485155000028 51.322501969000029)",Unfall 171238 (2018) Kat:3, Licht: 2,171238,3,3,5,12,06,5,1,2,1,1,0,0,0,0
"POINT (12.291733323000074 51.321307751000063)",Unfall 171241 (2018) Kat:3, Licht: 1,171241,3,2,5,12,17,5,1,1,0,1,0,0,0,1
"POINT (12.325881678000030 51.314451795000082)",Unfall 171243 (2018) Kat:3, Licht: 0,171243,3,1,4,12,15,4,1,0,0,1,0,0,0,1
"POINT (12.393350300000066 51.348935397000048)",Unfall 171256 (2018) Kat:3, Licht: 0,171256,3,1,9,12,08,2,1,0,0,1,0,0,0,0
"POINT (12.460123395000039 51.374235596000062)",Unfall 132715 (2019) Kat:3, Licht: 0,132715,3,6,3,01,07,6,1,0,0,1,0,0,0,0
"POINT (12.376511952000044 51.314942322000036)",Unfall 132862 (2019) Kat:2, Licht: 2,132862,2,2,4,01,07,5,0,2,1,1,0,0,0,0
"POINT (12.293109506000064 51.343488292000075)",Unfall 132999 (2019) Kat:3, Licht: 2,132999,3,6,2,01,18,3,1,2,0,1,0,0,0,0
"POINT (12.475465758000041 51.318398561000038)",Unfall 133070 (2019) Kat:3, Licht: 2,133070,3,2,2,01,19,5,2,2,1,1,0,0,0,0
"POINT (12.449539233000053 51.287254225000027)",Unfall 133092 (2019) Kat:2, Licht: 0,133092,2,2,4,01,08,7,1,0,0,1,0,0,0,0
"POINT (12.399937638000040 51.361894411000037)",Unfall 133106 (2019) Kat:3, Licht: 1,133106,3,3,5,01,17,1,0,1,0,1,0,0,0,0
"POINT (12.326466934000052 51.378198392000058)",Unfall 133147 (2019) Kat:3, Licht: 0,133147,3,1,9,01,15,6,1,0,0,1,0,0,0,0
"POINT (12.300342580000063 51.340565856000069)",Unfall 133175 (2019) Kat:3, Licht: 2,133175,3,1,8,01,07,2,1,2,0,1,0,0,0,0
"POINT (12.449907105000023 51.287246633000052)",Unfall 133305 (2019) Kat:2, Licht: 2,133305,2,1,8,01,00,1,1,2,0,1,0,0,0,0
"POINT (12.377012344000036 51.344505329000071)",Unfall 133381 (2019) Kat:3, Licht: 2,133381,3,3,5,01,17,2,1,2,1,1,0,0,0,0
"POINT (12.393643751000070 51.349253633000046)",Unfall 133421 (2019) Kat:3, Licht: 0,133421,3,1,8,01,10,3,1,0,0,1,0,0,0,0
"POINT (12.283836296000061 51.344317332000060)",Unfall 133618 (2019) Kat:3, Licht: 0,133618,3,2,2,01,11,2,1,0,0,1,0,0,1,0
"POINT (12.338266832000045 51.335387060000073)",Unfall 133672 (2019) Kat:3, Licht: 2,133672,3,3,5,01,06,4,0,2,1,1,0,0,0,0
"POINT (12.373183447000031 51.344409160000055)",Unfall 133685 (2019) Kat:3, Licht: 0,133685,3,4,6,01,16,3,0,0,0,0,1,0,0,1
"POINT (12.427745615000049 51.400142642000048)",Unfall 133687 (2019) Kat:3, Licht: 2,133687,3,3,5,01,04,3,0,2,0,1,0,0,0,0
"POINT (12.313799529000050 51.413199299000041)",Unfall 133689 (2019) Kat:3, Licht: 0,133689,3,1,9,01,16,3,1,0,0,1,0,0,1,0
"POINT (12.268817061000050 51.263834934000045)",Unfall 133702 (2019) Kat:3, Licht: 2,133702,3,2,2,01,18,2,1,2,0,1,0,0,0,0
"POINT (12.380367329000023 51.344150193000075)",Unfall 133730 (2019) Kat:3, Licht: 0,133730,3,4,0,01,14,7,0,0,0,0,1,0,0,1
"POINT (12.312822957000037 51.413742238000054)",Unfall 133744 (2019) Kat:2, Licht: 0,133744,2,6,2,01,09,6,0,0,0,1,0,0,0,0
"POINT (12.373227802000031 51.314914073000068)",Unfall 133775 (2019) Kat:3, Licht: 2,133775,3,3,5,01,17,5,0,2,0,1,0,0,0,0
"POINT (12.460794749000058 51.367347053000060)",Unfall 133795 (2019) Kat:3, Licht: 2,133795,3,2,4,01,16,4,0,2,0,1,0,0,0,0
"POINT (12.467641691000040 51.262106032000077)",Unfall 133797 (2019) Kat:2, Licht: 2,133797,2,6,3,01,19,4,0,2,0,1,0,0,0,0
"POINT (12.377004151000051 51.344504442000073)",Unfall 133798 (2019) Kat:3, Licht: 1,133798,3,3,5,01,16,4,0,1,1,1,0,0,0,0
"POINT (12.335320824000064 51.335659281000062)",Unfall 133807 (2019) Kat:3, Licht: 0,133807,3,6,2,01,14,3,1,0,0,1,0,0,0,0
"POINT (12.479336267000065 51.352116854000030)",Unfall 133841 (2019) Kat:3, Licht: 0,133841,3,3,5,01,11,4,0,0,0,1,0,0,0,0
"POINT (12.396636263000062 51.353596279000044)",Unfall 133843 (2019) Kat:3, Licht: 0,133843,3,2,5,01,08,2,0,0,1,1,0,0,0,0
"POINT (12.389262446000032 51.386102454000081)",Unfall 133852 (2019) Kat:2, Licht: 2,133852,2,1,8,01,22,2,2,2,0,1,0,0,0,0
"POINT (12.510659506000025 51.335550519000037)",Unfall 133871 (2019) Kat:2, Licht: 2,133871,2,1,9,01,02,3,2,2,0,0,0,0,1,0
"POINT (12.511185940000075 51.333761418000051)",Unfall 133873 (2019) Kat:2, Licht: 2,133873,2,1,8,01,05,3,2,2,0,1,0,0,1,0
"POINT (12.433841782000059 51.355351534000079)",Unfall 133875 (2019) Kat:3, Licht: 0,133875,3,4,6,01,15,3,1,0,0,0,1,0,0,1
"POINT (12.361500666000040 51.342398120000041)",Unfall 133901 (2019) Kat:3, Licht: 2,133901,3,4,6,01,20,2,1,2,0,1,1,0,0,0
"POINT (12.337878368000077 51.335382714000048)",Unfall 133904 (2019) Kat:3, Licht: 0,133904,3,2,5,01,11,2,0,0,0,1,0,1,0,0
"POINT (12.289924680000070 51.392852709000067)",Unfall 133906 (2019) Kat:3, Licht: 2,133906,3,6,3,01,16,2,1,2,0,1,0,0,0,0
"POINT (12.335402014000067 51.335639599000046)",Unfall 133908 (2019) Kat:3, Licht: 2,133908,3,6,2,01,18,2,1,2,0,1,0,0,0,0
"POINT (12.254664754000032 51.281149445000040)",Unfall 133925 (2019) Kat:3, Licht: 2,133925,3,2,2,01,19,6,1,2,0,1,0,0,0,0
"POINT (12.460835250000059 51.367256010000062)",Unfall 133973 (2019) Kat:3, Licht: 0,133973,3,2,4,01,15,7,1,0,0,1,0,0,0,0
"POINT (12.371554353000022 51.376036189000047)",Unfall 133983 (2019) Kat:3, Licht: 0,133983,3,3,5,01,09,5,1,0,1,0,0,0,0,1
"POINT (12.369206534000057 51.376104838000060)",Unfall 134014 (2019) Kat:3, Licht: 0,134014,3,2,6,01,10,4,1,0,0,1,1,0,0,0
"POINT (12.386947811000027 51.345678106000037)",Unfall 134024 (2019) Kat:3, Licht: 0,134024,3,6,2,01,12,6,0,0,0,1,0,0,0,0
"POINT (12.370067424000069 51.344298324000079)",Unfall 134074 (2019) Kat:3, Licht: 0,134074,3,6,2,03,17,3,0,0,0,1,0,0,0,0
"POINT (12.328591555000060 51.336701916000038)",Unfall 134076 (2019) Kat:3, Licht: 0,134076,3,2,6,03,11,3,0,0,0,1,1,0,0,0
"POINT (12.479645573000028 51.352144484000064)",Unfall 134083 (2019) Kat:3, Licht: 2,134083,3,6,2,03,19,3,0,2,0,1,0,0,0,0
"POINT (12.395374557000025 51.341141356000037)",Unfall 134100 (2019) Kat:3, Licht: 0,134100,3,3,5,03,13,1,1,0,1,1,0,0,0,0
"POINT (12.396208662000049 51.415442314000074)",Unfall 134107 (2019) Kat:3, Licht: 0,134107,3,2,2,02,13,7,0,0,0,1,0,0,0,0
"POINT (12.257844096000042 51.316159569000035)",Unfall 134112 (2019) Kat:3, Licht: 0,134112,3,2,2,02,13,7,0,0,0,1,0,0,0,0
"POINT (12.390791730000046 51.376244094000072)",Unfall 134113 (2019) Kat:3, Licht: 2,134113,3,2,2,02,18,7,0,2,0,1,0,0,0,0
"POINT (12.390419376000068 51.314787354000032)",Unfall 134129 (2019) Kat:3, Licht: 0,134129,3,6,2,03,09,2,0,0,0,1,0,0,0,0
"POINT (12.275261490000048 51.318463627000028)",Unfall 134132 (2019) Kat:2, Licht: 0,134132,2,4,6,03,13,2,0,0,0,1,1,0,0,0
"POINT (12.262588102000052 51.346227877000047)",Unfall 134155 (2019) Kat:3, Licht: 0,134155,3,3,5,02,10,6,0,0,0,1,0,0,0,0
"POINT (12.339574873000061 51.335309938000080)",Unfall 134206 (2019) Kat:3, Licht: 2,134206,3,6,2,03,19,1,1,2,0,1,0,0,1,0
"POINT (12.319075699000052 51.380245139000067)",Unfall 134216 (2019) Kat:3, Licht: 2,134216,3,3,5,03,06,6,0,2,0,1,0,0,0,0
"POINT (12.304733003000024 51.252442897000037)",Unfall 134219 (2019) Kat:2, Licht: 0,134219,2,1,8,03,11,6,1,0,0,1,0,0,0,0
"POINT (12.488206582000032 51.358706763000043)",Unfall 134220 (2019) Kat:3, Licht: 2,134220,3,6,3,02,03,5,0,2,0,1,0,0,1,0
"POINT (12.323521495000023 51.407591502000059)",Unfall 134221 (2019) Kat:3, Licht: 2,134221,3,6,2,03,22,6,0,2,0,1,0,1,0,0
"POINT (12.376543334000075 51.314942409000082)",Unfall 134275 (2019) Kat:2, Licht: 2,134275,2,3,5,02,06,3,1,2,0,1,0,0,0,0
"POINT (12.279303289000040 51.247802088000071)",Unfall 134302 (2019) Kat:3, Licht: 0,134302,3,2,5,02,14,4,0,0,0,1,0,0,0,0
"POINT (12.399626096000077 51.328217729000073)",Unfall 134345 (2019) Kat:2, Licht: 0,134345,2,6,2,02,11,3,0,0,0,1,0,1,0,0
"POINT (12.386952790000066 51.376159470000061)",Unfall 134371 (2019) Kat:3, Licht: 0,134371,3,6,3,02,09,6,0,0,1,1,0,0,0,0
"POINT (12.264040817000023 51.316523484000072)",Unfall 134386 (2019) Kat:3, Licht: 1,134386,3,2,5,02,06,2,0,1,1,1,0,0,0,0
"POINT (12.398214606000067 51.366920011000047)",Unfall 134388 (2019) Kat:3, Licht: 2,134388,3,6,2,02,05,2,0,2,0,1,0,0,0,0
"POINT (12.358648691000042 51.341975145000049)",Unfall 134405 (2019) Kat:3, Licht: 0,134405,3,3,5,03,15,6,0,0,1,1,0,0,0,0
"POINT (12.389890992000062 51.346562550000044)",Unfall 134413 (2019) Kat:3, Licht: 0,134413,3,2,2,02,13,5,0,0,0,1,0,0,0,0
"POINT (12.262539829000048 51.346232006000037)",Unfall 134415 (2019) Kat:3, Licht: 2,134415,3,6,2,02,21,5,0,2,0,1,0,0,0,0
"POINT (12.379327231000048 51.375812922000080)",Unfall 134424 (2019) Kat:3, Licht: 0,134424,3,7,0,02,14,1,0,0,0,0,0,0,0,1
"POINT (12.342184980000070 51.373693176000074)",Unfall 134427 (2019) Kat:3, Licht: 2,134427,3,1,9,02,06,1,0,2,0,1,0,0,0,0
"POINT (12.495186204000049 51.355635591000066)",Unfall 134451 (2019) Kat:3, Licht: 0,134451,3,6,2,02,15,6,0,0,0,1,0,0,0,0
"POINT (12.395559427000023 51.404388983000047)",Unfall 134454 (2019) Kat:2, Licht: 0,134454,2,3,5,02,08,4,0,0,0,1,0,0,0,0
"POINT (12.395143027000074 51.342123155000081)",Unfall 134456 (2019) Kat:2, Licht: 0,134456,2,6,3,02,07,4,1,0,1,0,0,0,0,0
"POINT (12.398832346000063 51.352657962000080)",Unfall 134467 (2019) Kat:3, Licht: 0,134467,3,3,5,02,15,5,0,0,1,1,0,0,0,0
"POINT (12.376508424000065 51.314942312000028)",Unfall 134489 (2019) Kat:3, Licht: 0,134489,3,3,0,02,10,4,0,0,0,1,0,0,0,0
"POINT (12.443598622000025 51.359991028000081)",Unfall 134495 (2019) Kat:2, Licht: 0,134495,2,1,5,02,14,3,0,0,0,1,0,0,0,0
"POINT (12.297523121000040 51.337342101000047)",Unfall 134516 (2019) Kat:3, Licht: 0,134516,3,2,2,02,15,2,1,0,0,1,0,0,0,0
"POINT (12.361796632000051 51.342464402000076)",Unfall 134518 (2019) Kat:3, Licht: 0,134518,3,6,2,02,16,3,0,0,0,1,0,0,0,0
"POINT (12.371219493000069 51.344440387000077)",Unfall 134520 (2019) Kat:3, Licht: 0,134520,3,2,5,02,16,3,0,0,1,1,0,0,0,0
"POINT (12.324365788000023 51.379237452000041)",Unfall 134558 (2019) Kat:3, Licht: 0,134558,3,6,2,02,07,2,0,0,0,1,0,0,0,0
"POINT (12.275409113000023 51.318494935000047)",Unfall 134562 (2019) Kat:2, Licht: 1,134562,2,4,6,02,07,2,0,1,0,1,1,0,0,0
"POINT (12.426428878000024 51.351817731000040)",Unfall 134576 (2019) Kat:2, Licht: 2,134576,2,3,5,03,21,4,0,2,0,1,0,0,0,0
"POINT (12.377320008000027 51.375871825000047)",Unfall 134596 (2019) Kat:3, Licht: 0,134596,3,2,3,03,12,6,0,0,0,1,0,0,0,0
"POINT (12.387819751000052 51.346083346000057)",Unfall 134655 (2019) Kat:3, Licht: 0,134655,3,6,2,04,15,2,0,0,0,1,0,1,0,0
"POINT (12.491089836000072 51.275274761000048)",Unfall 134658 (2019) Kat:2, Licht: 0,134658,2,6,3,04,17,2,0,0,0,1,0,0,0,0
"POINT (12.394163168000034 51.314563368000051)",Unfall 134661 (2019) Kat:3, Licht: 0,134661,3,2,5,04,15,2,0,0,0,1,0,0,0,0
"POINT (12.376412806000076 51.344446914000059)",Unfall 134662 (2019) Kat:3, Licht: 2,134662,3,6,4,04,20,2,0,2,1,0,0,0,0,0
"POINT (12.349905653000064 51.340366936000066)",Unfall 134711 (2019) Kat:1, Licht: 0,134711,1,4,6,03,09,7,0,0,0,0,1,1,0,0
"POINT (12.367659399000047 51.376149285000054)",Unfall 134712 (2019) Kat:3, Licht: 0,134712,3,4,6,03,14,7,0,0,0,1,1,0,0,0
"POINT (12.279303610000056 51.247802470000067)",Unfall 134725 (2019) Kat:3, Licht: 0,134725,3,2,4,04,17,2,0,0,0,1,0,0,0,0
"POINT (12.316229676000034 51.414852404000044)",Unfall 134760 (2019) Kat:2, Licht: 0,134760,2,6,2,04,15,7,0,0,0,1,0,1,0,0
"POINT (12.275427774000036 51.318498893000026)",Unfall 134784 (2019) Kat:3, Licht: 0,134784,3,6,2,03,14,6,0,0,0,1,0,0,0,0
"POINT (12.475193908000051 51.351680401000067)",Unfall 134808 (2019) Kat:3, Licht: 0,134808,3,6,2,04,10,7,0,0,0,1,0,0,0,0
"POINT (12.395428785000036 51.332019259000049)",Unfall 134864 (2019) Kat:3, Licht: 0,134864,3,6,2,04,08,6,0,0,0,1,0,0,0,0
"POINT (12.438700705000031 51.391640936000044)",Unfall 134868 (2019) Kat:3, Licht: 0,134868,3,6,2,04,13,6,0,0,0,1,0,0,0,1
"POINT (12.394486436000022 51.314625378000073)",Unfall 134869 (2019) Kat:2, Licht: 0,134869,2,2,5,04,09,6,0,0,0,1,0,0,0,0
"POINT (12.342491725000059 51.338465867000082)",Unfall 134895 (2019) Kat:3, Licht: 2,134895,3,3,5,04,21,6,0,2,1,1,0,0,0,0
"POINT (12.393580187000055 51.335424155000055)",Unfall 134917 (2019) Kat:3, Licht: 0,134917,3,3,5,04,15,5,0,0,1,1,0,0,0,0
"POINT (12.336458985000036 51.335406279000040)",Unfall 134948 (2019) Kat:3, Licht: 0,134948,3,4,6,04,18,5,0,0,0,1,1,0,0,0
"POINT (12.361123446000022 51.375578801000074)",Unfall 134949 (2019) Kat:3, Licht: 0,134949,3,2,6,04,07,5,0,0,0,1,1,0,0,0
"POINT (12.373399235000022 51.344081853000034)",Unfall 134950 (2019) Kat:3, Licht: 0,134950,3,6,3,03,09,4,0,0,0,1,0,0,0,0
"POINT (12.416656573000068 51.311563837000051)",Unfall 134951 (2019) Kat:3, Licht: 0,134951,3,6,2,03,16,4,0,0,0,1,0,0,0,0
"POINT (12.373781062000035 51.344392477000042)",Unfall 134994 (2019) Kat:2, Licht: 0,134994,2,3,1,04,07,4,0,0,1,0,0,0,0,1
"POINT (12.344841994000035 51.339183485000035)",Unfall 135007 (2019) Kat:3, Licht: 0,135007,3,3,5,03,13,3,0,0,1,1,0,0,0,0
"POINT (12.254619848000061 51.281178896000029)",Unfall 135018 (2019) Kat:2, Licht: 0,135018,2,2,2,03,15,3,0,0,0,1,0,1,0,0
"POINT (12.386799123000060 51.345654572000058)",Unfall 135037 (2019) Kat:3, Licht: 0,135037,3,6,2,04,11,4,0,0,0,1,0,0,0,0
"POINT (12.392667778000032 51.348375150000038)",Unfall 135039 (2019) Kat:3, Licht: 0,135039,3,3,5,04,15,4,0,0,1,1,0,0,0,0
"POINT (12.358730803000071 51.342061120000039)",Unfall 135060 (2019) Kat:3, Licht: 1,135060,3,6,3,04,06,3,0,1,1,0,0,0,0,1
"POINT (12.258921005000047 51.346541825000031)",Unfall 135062 (2019) Kat:3, Licht: 0,135062,3,6,2,04,10,3,0,0,0,1,0,0,0,0
"POINT (12.318161766000060 51.381218632000071)",Unfall 135063 (2019) Kat:3, Licht: 0,135063,3,2,2,04,07,3,0,0,0,1,0,0,0,0
"POINT (12.521321231000059 51.319045502000051)",Unfall 135098 (2019) Kat:2, Licht: 0,135098,2,6,2,03,13,1,0,0,0,1,0,0,0,0
"POINT (12.479474218000064 51.352129013000081)",Unfall 135115 (2019) Kat:3, Licht: 0,135115,3,2,4,04,19,3,0,0,0,1,0,0,0,0
"POINT (12.417727096000021 51.350813565000067)",Unfall 135174 (2019) Kat:3, Licht: 0,135174,3,1,8,04,17,2,1,0,0,1,0,0,0,0
"POINT (12.471088177000070 51.370935837000047)",Unfall 135175 (2019) Kat:3, Licht: 0,135175,3,2,2,03,13,6,1,0,0,1,0,0,0,0
"POINT (12.442396793000057 51.292558070000041)",Unfall 135177 (2019) Kat:2, Licht: 2,135177,2,1,0,03,20,1,0,2,1,0,0,0,0,0
"POINT (12.269016018000059 51.263023074000046)",Unfall 135178 (2019) Kat:2, Licht: 0,135178,2,1,8,03,14,1,0,0,0,0,0,0,1,0
"POINT (12.393458029000044 51.333438206000039)",Unfall 135181 (2019) Kat:3, Licht: 2,135181,3,6,3,03,18,6,1,2,0,1,0,0,0,0