WKT,Name,OBJECTID,UKATEGORIE,UTYP1,UART,UMONAT,USTUNDE,UWOCHENTAG,STRZUSTAND,ULICHTVERH,ISTRAD,ISTPKW,ISTFUSS,ISTKRAD,ISTGKFZ,ISTSONSTIG
"POINT (12.261586068000042 51.316158029000064)",Unfall 135198 (2019) Kat:3, Licht: 0,135198,3,2,2,03,10,7,0,0,0,1,0,0,0,0
"POINT (12.342502048000028 51.338506874000075)",Unfall 135201 (2019) Kat:3, Licht: 0,135201,3,7,1,03,16,7,0,0,0,1,0,0,0,0
"POINT (12.338381356000070 51.394407843000067)",Unfall 135205 (2019) Kat:3, Licht: 0,135205,3,3,5,03,09,7,0,0,0,1,0,1,0,0
"POINT (12.370140220000053 51.344310207000035)",Unfall 135214 (2019) Kat:3, Licht: 0,135214,3,1,8,03,13,7,0,0,0,1,0,1,0,0
"POINT (12.403788427000052 51.321615089000034)",Unfall 135224 (2019) Kat:3, Licht: 0,135224,3,2,2,04,17,1,1,0,0,1,0,0,0,0
"POINT (12.281960709000032 51.344485093000060)",Unfall 135228 (2019) Kat:3, Licht: 0,135228,3,6,2,04,10,1,0,0,0,1,0,0,0,0
"POINT (12.388325384000041 51.346236917000056)",Unfall 135295 (2019) Kat:3, Licht: 0,135295,3,2,2,03,06,6,1,0,0,1,0,0,0,0
"POINT (12.491925313000024 51.355114903000072)",Unfall 135312 (2019) Kat:3, Licht: 0,135312,3,3,5,04,10,6,0,0,0,0,0,0,1,1
"POINT (12.392677009000067 51.334021730000075)",Unfall 135331 (2019) Kat:3, Licht: 0,135331,3,2,5,03,10,3,0,0,1,1,0,0,0,0
"POINT (12.325538764000044 51.338142063000078)",Unfall 135334 (2019) Kat:3, Licht: 0,135334,3,6,2,04,10,5,0,0,0,1,0,0,0,0
"POINT (12.394618880000053 51.354685615000051)",Unfall 135337 (2019) Kat:3, Licht: 2,135337,3,2,2,04,21,5,0,2,0,1,0,0,0,0
"POINT (12.263178531000051 51.276194491000069)",Unfall 135338 (2019) Kat:3, Licht: 0,135338,3,2,2,04,19,5,0,0,0,1,0,0,0,0
"POINT (12.382658456000058 51.314946100000043)",Unfall 135342 (2019) Kat:2, Licht: 0,135342,2,2,4,03,08,5,1,0,0,1,0,0,0,0
"POINT (12.399850421000053 51.362036369000066)",Unfall 135348 (2019) Kat:2, Licht: 2,135348,2,2,4,03,19,3,0,2,0,1,0,0,0,0
"POINT (12.290458436000051 51.392812934000062)",Unfall 135386 (2019) Kat:3, Licht: 0,135386,3,6,2,04,08,4,0,0,0,1,0,0,0,0
"POINT (12.344890162000070 51.339193903000080)",Unfall 135391 (2019) Kat:3, Licht: 2,135391,3,3,5,04,20,4,0,2,1,1,0,0,0,0
"POINT (12.401503592000040 51.324201748000064)",Unfall 135392 (2019) Kat:3, Licht: 0,135392,3,3,5,04,16,4,0,0,0,1,0,0,0,0
"POINT (12.353289252000025 51.340837167000075)",Unfall 135409 (2019) Kat:2, Licht: 1,135409,2,3,5,03,21,4,1,1,1,1,0,0,0,0
"POINT (12.300262428000053 51.342835507000075)",Unfall 135458 (2019) Kat:3, Licht: 0,135458,3,6,2,05,13,5,0,0,0,1,0,0,0,0
"POINT (12.269879738000043 51.261048994000078)",Unfall 135461 (2019) Kat:3, Licht: 0,135461,3,6,2,05,15,5,0,0,0,1,0,0,0,0
"POINT (12.326809140000023 51.337796906000051)",Unfall 135473 (2019) Kat:3, Licht: 0,135473,3,3,5,05,09,4,0,0,1,1,0,0,0,0
"POINT (12.343745703000025 51.338943641000071)",Unfall 135474 (2019) Kat:1, Licht: 0,135474,1,2,3,05,12,4,0,0,1,0,0,0,1,0
"POINT (12.362177765000069 51.342552808000050)",Unfall 135503 (2019) Kat:3, Licht: 0,135503,3,6,1,06,16,2,0,0,0,1,0,0,0,0
"POINT (12.373312443000032 51.314805955000054)",Unfall 135507 (2019) Kat:2, Licht: 0,135507,2,3,5,06,06,2,0,0,0,1,0,0,0,1
"POINT (12.502090742000064 51.356003293000072)",Unfall 135513 (2019) Kat:3, Licht: 0,135513,3,6,2,06,11,2,0,0,0,1,0,1,0,0
"POINT (12.372451680000040 51.344459714000038)",Unfall 135530 (2019) Kat:3, Licht: 0,135530,3,6,2,05,17,3,0,0,0,1,0,0,0,0
"POINT (12.474909293000053 51.351564735000068)",Unfall 135537 (2019) Kat:2, Licht: 2,135537,2,1,9,05,23,3,0,2,0,1,0,0,0,0
"POINT (12.394474114000047 51.314545576000057)",Unfall 135539 (2019) Kat:2, Licht: 2,135539,2,3,5,05,21,4,1,2,1,1,0,0,0,0
"POINT (12.408854538000071 51.400765866000029)",Unfall 135564 (2019) Kat:3, Licht: 0,135564,3,6,3,06,17,5,0,0,0,1,0,0,1,0
"POINT (12.344893851000052 51.339194701000054)",Unfall 135571 (2019) Kat:2, Licht: 2,135571,2,2,3,06,23,5,0,2,1,1,0,0,0,0
"POINT (12.491925313000024 51.355114903000072)",Unfall 135574 (2019) Kat:2, Licht: 0,135574,2,3,5,06,17,5,0,0,0,1,0,0,0,0
"POINT (12.406468928000038 51.319059121000066)",Unfall 135581 (2019) Kat:3, Licht: 0,135581,3,6,3,06,11,5,0,0,0,1,0,0,0,1
"POINT (12.421433819000072 51.308321726000031)",Unfall 135585 (2019) Kat:3, Licht: 0,135585,3,3,5,06,14,5,0,0,1,1,0,0,0,0
"POINT (12.437787255000046 51.357267490000027)",Unfall 135612 (2019) Kat:2, Licht: 0,135612,2,6,2,06,15,1,0,0,0,1,0,0,0,0
"POINT (12.436680958000068 51.351029477000054)",Unfall 135627 (2019) Kat:3, Licht: 0,135627,3,6,1,05,16,2,0,0,0,1,0,0,0,0
"POINT (12.385484854000026 51.376140096000029)",Unfall 135632 (2019) Kat:3, Licht: 0,135632,3,2,4,05,15,2,0,0,0,1,0,0,0,0
"POINT (12.294271345000027 51.290964669000061)",Unfall 135646 (2019) Kat:3, Licht: 0,135646,3,3,5,05,08,2,0,0,0,1,0,1,0,0
"POINT (12.395133846000022 51.339158205000047)",Unfall 135660 (2019) Kat:3, Licht: 0,135660,3,3,5,06,14,4,0,0,1,1,0,0,0,0
"POINT (12.446736776000023 51.361361118000048)",Unfall 135661 (2019) Kat:3, Licht: 0,135661,3,5,0,05,19,2,0,0,1,1,0,0,0,0
"POINT (12.344879144000060 51.339191520000043)",Unfall 135664 (2019) Kat:3, Licht: 0,135664,3,3,5,06,10,4,0,0,1,1,0,0,0,0
"POINT (12.389760116000048 51.379158050000058)",Unfall 135671 (2019) Kat:3, Licht: 0,135671,3,6,2,06,16,4,1,0,0,1,0,0,0,0
"POINT (12.525413045000050 51.316886644000078)",Unfall 135676 (2019) Kat:3, Licht: 0,135676,3,6,2,06,09,4,0,0,0,1,0,0,0,0
"POINT (12.279313332000072 51.247814009000081)",Unfall 135681 (2019) Kat:2, Licht: 0,135681,2,2,4,05,14,1,0,0,0,1,0,0,0,0
"POINT (12.403902241000026 51.321725750000041)",Unfall 135709 (2019) Kat:3, Licht: 0,135709,3,6,2,06,11,7,0,0,0,1,0,0,0,0
"POINT (12.301588489000039 51.342018413000062)",Unfall 135716 (2019) Kat:3, Licht: 2,135716,3,1,8,06,00,7,1,2,0,1,0,0,0,0
"POINT (12.309104784000056 51.275449600000059)",Unfall 135718 (2019) Kat:2, Licht: 0,135718,2,3,5,06,14,7,0,0,0,1,0,1,0,0
"POINT (12.411916374000043 51.314659617000075)",Unfall 135724 (2019) Kat:2, Licht: 0,135724,2,3,5,05,13,7,0,0,0,1,0,0,0,0
"POINT (12.491389502000061 51.357103147000032)",Unfall 135728 (2019) Kat:2, Licht: 2,135728,2,1,8,05,21,7,1,2,0,1,0,0,0,0
"POINT (12.254424727000071 51.346886024000071)",Unfall 135754 (2019) Kat:3, Licht: 0,135754,3,6,2,05,14,6,0,0,0,1,0,0,0,0
"POINT (12.285545385000034 51.286412944000062)",Unfall 135777 (2019) Kat:3, Licht: 0,135777,3,6,2,05,07,6,0,0,0,1,0,0,0,0
"POINT (12.416323748000025 51.311639686000035)",Unfall 135779 (2019) Kat:3, Licht: 0,135779,3,2,3,05,13,6,0,0,1,1,0,0,0,0
"POINT (12.393016523000028 51.334466428000042)",Unfall 135782 (2019) Kat:2, Licht: 0,135782,2,3,5,05,05,6,1,0,1,1,0,0,0,0
"POINT (12.369339006000075 51.344157377000045)",Unfall 135799 (2019) Kat:3, Licht: 0,135799,3,2,5,06,18,3,0,0,1,1,0,0,0,0
"POINT (12.373736325000039 51.344394403000081)",Unfall 135802 (2019) Kat:3, Licht: 0,135802,3,3,5,06,06,3,0,0,1,1,0,0,0,0
"POINT (12.276725008000028 51.320775001000072)",Unfall 135809 (2019) Kat:3, Licht: 0,135809,3,3,4,06,16,3,0,0,1,1,0,0,0,0
"POINT (12.376515824000023 51.314830927000060)",Unfall 135813 (2019) Kat:3, Licht: 0,135813,3,3,5,06,17,3,0,0,1,1,0,0,0,0
"POINT (12.315434010000047 51.414766830000076)",Unfall 135820 (2019) Kat:3, Licht: 0,135820,3,6,1,06,07,3,0,0,0,1,0,0,0,0
"POINT (12.399826580000024 51.362060784000050)",Unfall 135823 (2019) Kat:2, Licht: 0,135823,2,2,3,06,09,3,0,0,1,0,0,0,1,0
"POINT (12.430544711000039 51.351363127000070)",Unfall 135827 (2019) Kat:2, Licht: 0,135827,2,1,9,06,13,3,0,0,0,1,0,0,0,0
"POINT (12.386873022000032 51.345690552000065)",Unfall 135828 (2019) Kat:3, Licht: 0,135828,3,3,5,05,05,7,0,0,0,1,0,0,0,0
"POINT (12.380986553000071 51.314840963000051)",Unfall 135835 (2019) Kat:3, Licht: 0,135835,3,6,2,05,07,5,0,0,0,1,0,0,0,0
"POINT (12.300227580000069 51.340434517000062)",Unfall 135839 (2019) Kat:2, Licht: 0,135839,2,3,5,05,16,5,0,0,1,1,0,0,0,0
"POINT (12.344876542000065 51.339190957000028)",Unfall 135844 (2019) Kat:3, Licht: 0,135844,3,3,5,05,15,5,0,0,1,1,0,0,0,0
"POINT (12.331944507000060 51.335914024000033)",Unfall 135900 (2019) Kat:3, Licht: 0,135900,3,2,2,05,18,4,0,0,1,1,0,0,0,0
"POINT (12.358521756000073 51.341953464000028)",Unfall 135928 (2019) Kat:3, Licht: 0,135928,3,6,3,05,17,6,0,0,1,0,0,0,0,1
"POINT (12.359001308000074 51.342061817000058)",Unfall 135932 (2019) Kat:3, Licht: 0,135932,3,6,3,05,11,6,0,0,1,0,0,0,0,1
"POINT (12.373425032000057 51.314811710000072)",Unfall 135938 (2019) Kat:3, Licht: 0,135938,3,2,4,05,11,6,0,0,1,1,0,0,0,0
"POINT (12.371483111000032 51.314809629000081)",Unfall 135939 (2019) Kat:3, Licht: 0,135939,3,3,5,05,11,6,0,0,0,1,0,0,0,0
"POINT (12.432016606000047 51.299784676000058)",Unfall 135955 (2019) Kat:2, Licht: 0,135955,2,3,0,05,13,4,0,0,1,1,0,0,0,0
"POINT (12.416384521000055 51.350020614000073)",Unfall 135959 (2019) Kat:3, Licht: 0,135959,3,3,5,05,08,4,0,0,1,0,0,0,0,1
"POINT (12.383558631000028 51.375995701000079)",Unfall 135965 (2019) Kat:3, Licht: 0,135965,3,6,2,05,17,4,0,0,0,1,0,0,0,0
"POINT (12.272617958000069 51.276895447000072)",Unfall 135967 (2019) Kat:2, Licht: 0,135967,2,3,5,06,17,1,0,0,0,1,0,1,0,0
"POINT (12.453065422000066 51.281267871000068)",Unfall 135971 (2019) Kat:2, Licht: 2,135971,2,1,9,06,01,1,0,2,0,1,0,0,0,0
"POINT (12.391511577000074 51.347698920000028)",Unfall 135983 (2019) Kat:3, Licht: 0,135983,3,7,0,04,13,3,0,0,0,0,0,1,0,0
"POINT (12.315265349000072 51.414761942000041)",Unfall 135997 (2019) Kat:3, Licht: 0,135997,3,6,2,04,06,3,0,0,0,1,0,0,0,0
"POINT (12.426498356000025 51.351850745000036)",Unfall 136001 (2019) Kat:3, Licht: 0,136001,3,6,2,04,17,3,0,0,0,1,0,0,0,0
"POINT (12.347532493000074 51.339644277000048)",Unfall 136019 (2019) Kat:3, Licht: 0,136019,3,6,2,05,09,5,1,0,0,1,0,0,0,0
"POINT (12.326807330000065 51.337797630000068)",Unfall 136022 (2019) Kat:2, Licht: 0,136022,2,2,3,05,09,5,1,0,1,1,0,0,0,0
"POINT (12.362356706000071 51.375793584000064)",Unfall 136034 (2019) Kat:3, Licht: 0,136034,3,7,5,06,17,7,0,0,0,0,0,0,0,1
"POINT (12.364693816000056 51.343127963000029)",Unfall 136035 (2019) Kat:3, Licht: 0,136035,3,6,2,05,16,5,1,0,0,1,0,0,1,0
"POINT (12.353427799000031 51.341156783000031)",Unfall 136113 (2019) Kat:3, Licht: 0,136113,3,2,5,06,12,6,0,0,1,1,0,0,0,0
"POINT (12.275110709000046 51.323178345000031)",Unfall 136119 (2019) Kat:2, Licht: 0,136119,2,2,5,05,17,4,0,0,1,1,0,0,0,0
"POINT (12.344157872000039 51.375052251000056)",Unfall 136148 (2019) Kat:3, Licht: 2,136148,3,6,3,05,23,2,1,2,0,1,0,1,0,0
"POINT (12.274089507000042 51.324847615000067)",Unfall 136178 (2019) Kat:3, Licht: 0,136178,3,1,0,04,12,7,0,0,0,0,0,1,0,0
"POINT (12.457834273000060 51.350360597000076)",Unfall 136182 (2019) Kat:3, Licht: 0,136182,3,3,5,04,12,7,0,0,0,1,0,0,0,1
"POINT (12.393791722000060 51.351305275000072)",Unfall 136251 (2019) Kat:3, Licht: 0,136251,3,6,2,05,07,2,0,0,0,1,0,0,0,0
"POINT (12.394149217000063 51.351107848000026)",Unfall 136253 (2019) Kat:3, Licht: 0,136253,3,2,2,06,17,5,1,0,0,1,0,0,0,0
"POINT (12.365038839000022 51.376146817000063)",Unfall 136257 (2019) Kat:3, Licht: 0,136257,3,7,5,05,10,2,0,0,1,1,0,0,0,0
"POINT (12.382609165000076 51.314946532000079)",Unfall 136264 (2019) Kat:3, Licht: 0,136264,3,3,5,05,16,2,0,0,1,1,0,0,0,0
"POINT (12.391890214000057 51.346428974000048)",Unfall 136308 (2019) Kat:2, Licht: 0,136308,2,2,5,04,07,5,0,0,1,1,0,0,0,0
"POINT (12.358626347000040 51.341971328000056)",Unfall 136367 (2019) Kat:3, Licht: 0,136367,3,2,3,06,07,4,0,0,1,1,0,0,0,0
"POINT (12.460835250000059 51.367256010000062)",Unfall 136382 (2019) Kat:3, Licht: 0,136382,3,2,4,05,19,7,1,0,0,1,0,0,0,0
"POINT (12.460863217000053 51.367265713000052)",Unfall 136390 (2019) Kat:3, Licht: 2,136390,3,7,4,05,21,7,1,2,0,1,0,0,0,0
"POINT (12.353517922000037 51.341176722000057)",Unfall 136405 (2019) Kat:3, Licht: 0,136405,3,2,3,04,17,4,0,0,1,1,0,0,0,0
"POINT (12.395340407000049 51.339209104000076)",Unfall 136406 (2019) Kat:3, Licht: 0,136406,3,2,5,05,07,6,0,0,1,1,0,0,0,0
"POINT (12.384757813000022 51.344243732000052)",Unfall 136412 (2019) Kat:3, Licht: 0,136412,3,1,9,05,13,6,0,0,0,0,0,1,0,0
"POINT (12.433231060000026 51.351189114000078)",Unfall 136417 (2019) Kat:2, Licht: 0,136417,2,5,3,05,10,6,0,0,0,1,0,0,0,0
"POINT (12.367380119000075 51.305921356000056)",Unfall 136476 (2019) Kat:3, Licht: 0,136476,3,6,2,06,13,3,0,0,0,1,0,0,0,0
"POINT (12.323801716000048 51.379425891000039)",Unfall 136479 (2019) Kat:3, Licht: 0,136479,3,2,6,06,14,3,0,0,0,1,1,0,0,0
"POINT (12.449146127000063 51.280702719000033)",Unfall 136487 (2019) Kat:3, Licht: 0,136487,3,2,4,04,07,3,0,0,0,1,0,0,0,0
"POINT (12.392225163000035 51.352450004000048)",Unfall 136515 (2019) Kat:3, Licht: 0,136515,3,7,2,07,06,4,0,0,0,1,0,1,0,0
"POINT (12.393194543000050 51.372143729000072)",Unfall 136519 (2019) Kat:3, Licht: 0,136519,3,1,9,07,11,4,1,0,0,1,0,0,0,0
"POINT (12.302493154000047 51.342602461000070)",Unfall 136521 (2019) Kat:3, Licht: 0,136521,3,3,5,07,13,4,0,0,1,1,0,0,0,0
"POINT (12.426484932000051 51.351844367000069)",Unfall 136529 (2019) Kat:3, Licht: 0,136529,3,2,2,07,10,4,0,0,0,1,0,0,0,0
"POINT (12.457693591000066 51.350356337000051)",Unfall 136530 (2019) Kat:2, Licht: 0,136530,2,3,5,07,09,4,1,0,0,1,0,0,0,1
"POINT (12.471039082000061 51.370918354000082)",Unfall 136574 (2019) Kat:3, Licht: 0,136574,3,2,2,07,08,3,0,0,0,1,0,0,0,1
"POINT (12.439451118000022 51.350827550000076)",Unfall 136592 (2019) Kat:2, Licht: 0,136592,2,2,3,06,07,2,0,0,0,1,0,1,0,0
"POINT (12.382657957000049 51.314946104000057)",Unfall 136599 (2019) Kat:3, Licht: 0,136599,3,2,5,06,08,2,0,0,1,1,0,0,0,0
"POINT (12.480663837000066 51.332718240000077)",Unfall 136607 (2019) Kat:3, Licht: 0,136607,3,3,5,07,09,3,0,0,1,1,0,0,0,0
"POINT (12.313607276000027 51.249518908000027)",Unfall 136612 (2019) Kat:2, Licht: 0,136612,2,1,8,06,15,2,0,0,0,1,0,0,0,0
"POINT (12.391118440000071 51.388660039000058)",Unfall 136620 (2019) Kat:3, Licht: 0,136620,3,6,2,06,15,2,0,0,0,1,0,0,0,0
"POINT (12.426702368000065 51.303617428000052)",Unfall 136628 (2019) Kat:3, Licht: 0,136628,3,3,5,07,20,3,0,0,1,1,0,0,0,0
"POINT (12.391818120000039 51.374727073000031)",Unfall 136637 (2019) Kat:3, Licht: 0,136637,3,6,3,07,12,3,0,0,0,1,0,0,1,0
"POINT (12.389951047000068 51.397637790000033)",Unfall 136666 (2019) Kat:3, Licht: 0,136666,3,1,4,08,15,5,0,0,0,1,0,0,0,0
"POINT (12.373850671000071 51.344389481000064)",Unfall 136690 (2019) Kat:3, Licht: 1,136690,3,7,0,07,20,2,0,1,1,1,0,0,0,0
"POINT (12.345002766000050 51.375175903000070)",Unfall 136771 (2019) Kat:3, Licht: 0,136771,3,2,5,06,17,1,0,0,1,1,0,0,0,0
"POINT (12.337291027000049 51.414359931000035)",Unfall 136777 (2019) Kat:2, Licht: 0,136777,2,6,2,06,20,1,0,0,0,1,0,0,0,0
"POINT (12.328208382000071 51.377930024000079)",Unfall 136782 (2019) Kat:2, Licht: 0,136782,2,1,8,07,20,1,0,0,0,0,0,1,0,0
"POINT (12.270779329000050 51.258791167000027)",Unfall 136785 (2019) Kat:1, Licht: 0,136785,1,6,4,06,15,1,0,0,0,1,0,1,0,0
"POINT (12.353455748000044 51.341163050000034)",Unfall 136801 (2019) Kat:3, Licht: 0,136801,3,6,3,07,06,2,0,0,0,1,0,1,0,0
"POINT (12.331937046000064 51.335913116000029)",Unfall 136806 (2019) Kat:3, Licht: 0,136806,3,2,4,07,17,2,0,0,1,1,0,0,0,0
"POINT (12.463702091000073 51.368277085000045)",Unfall 136809 (2019) Kat:3, Licht: 0,136809,3,6,1,07,17,2,0,0,0,1,0,0,0,0
"POINT (12.507707443000072 51.328426059000037)",Unfall 136814 (2019) Kat:3, Licht: 0,136814,3,2,3,07,14,2,0,0,0,1,0,0,0,1
"POINT (12.337669468000058 51.335379176000060)",Unfall 136825 (2019) Kat:3, Licht: 1,136825,3,2,3,07,18,2,0,1,1,1,0,0,0,0
"POINT (12.382467092000070 51.314947778000032)",Unfall 136839 (2019) Kat:3, Licht: 0,136839,3,1,0,06,20,7,0,0,1,0,0,0,0,0
"POINT (12.399932236000041 51.361907894000069)",Unfall 136845 (2019) Kat:2, Licht: 0,136845,2,2,4,07,13,6,0,0,0,1,0,1,0,0
"POINT (12.409186496000075 51.316980997000030)",Unfall 136847 (2019) Kat:3, Licht: 0,136847,3,4,6,06,10,7,0,0,1,0,1,0,0,0
"POINT (12.401534714000036 51.324169262000055)",Unfall 136849 (2019) Kat:3, Licht: 0,136849,3,2,5,07,09,6,0,0,1,1,0,0,0,0
"POINT (12.379280411000025 51.344158924000055)",Unfall 136900 (2019) Kat:2, Licht: 0,136900,2,4,6,07,12,7,0,0,0,1,1,0,0,0
"POINT (12.271656840000048 51.384095657000046)",Unfall 136960 (2019) Kat:3, Licht: 0,136960,3,3,4,07,07,5,0,0,1,1,0,0,0,0
"POINT (12.383307066000043 51.343061879000061)",Unfall 136968 (2019) Kat:3, Licht: 0,136968,3,6,1,07,07,5,0,0,0,1,0,0,0,0
"POINT (12.483817007000027 51.266719549000072)",Unfall 136986 (2019) Kat:2, Licht: 0,136986,2,6,2,07,12,6,0,0,0,1,0,1,0,0
"POINT (12.265883330000065 51.316790031000039)",Unfall 136988 (2019) Kat:3, Licht: 0,136988,3,3,5,07,17,6,0,0,1,0,0,0,0,1
"POINT (12.449157883000055 51.280704021000076)",Unfall 136997 (2019) Kat:2, Licht: 0,136997,2,2,4,07,20,6,0,0,0,1,0,0,0,0
"POINT (12.362100735000070 51.342533987000081)",Unfall 137040 (2019) Kat:3, Licht: 0,137040,3,2,4,06,19,5,0,0,1,1,0,0,0,0
"POINT (12.353579722000063 51.340901344000031)",Unfall 137093 (2019) Kat:3, Licht: 0,137093,3,2,4,07,09,5,0,0,1,1,0,0,0,0
"POINT (12.373748656000032 51.344393872000069)",Unfall 137098 (2019) Kat:3, Licht: 0,137098,3,3,5,07,06,5,0,0,1,1,0,0,0,0
"POINT (12.277821546000041 51.319005581000056)",Unfall 137104 (2019) Kat:3, Licht: 0,137104,3,2,5,08,16,5,0,0,0,1,0,0,0,0
"POINT (12.414417334000063 51.313008711000066)",Unfall 137106 (2019) Kat:3, Licht: 0,137106,3,6,4,07,05,5,0,0,1,0,0,0,0,0
"POINT (12.395016521000059 51.342770749000067)",Unfall 137119 (2019) Kat:3, Licht: 1,137119,3,3,5,07,21,3,0,1,1,1,0,0,0,0
"POINT (12.395017148000022 51.342767801000036)",Unfall 137171 (2019) Kat:3, Licht: 1,137171,3,3,5,06,05,4,0,1,1,1,0,0,0,0
"POINT (12.459932382000034 51.374357181000050)",Unfall 137188 (2019) Kat:3, Licht: 0,137188,3,1,8,07,07,4,0,0,0,1,0,0,1,0
"POINT (12.371349926000050 51.344452780000040)",Unfall 137190 (2019) Kat:3, Licht: 0,137190,3,2,2,08,15,5,0,0,0,1,0,0,0,0
"POINT (12.394176272000038 51.314562719000037)",Unfall 137191 (2019) Kat:2, Licht: 0,137191,2,3,5,07,18,4,0,0,0,1,0,0,0,1
"POINT (12.296331930000065 51.343206662000057)",Unfall 137195 (2019) Kat:3, Licht: 0,137195,3,1,4,07,14,4,0,0,0,1,0,0,0,0
"POINT (12.370038657000066 51.344292979000045)",Unfall 137205 (2019) Kat:3, Licht: 0,137205,3,2,3,06,19,6,0,0,1,1,0,0,0,0
"POINT (12.353543454000032 51.341182337000077)",Unfall 137209 (2019) Kat:3, Licht: 0,137209,3,6,2,06,12,6,0,0,0,1,0,0,0,0
"POINT (12.376222839000036 51.344428213000072)",Unfall 137260 (2019) Kat:3, Licht: 2,137260,3,7,5,07,23,3,0,2,0,1,0,1,0,0
"POINT (12.348486553000043 51.339875509000080)",Unfall 137261 (2019) Kat:3, Licht: 0,137261,3,1,8,07,16,2,0,0,1,1,0,0,0,0
"POINT (12.382243486000050 51.375872651000066)",Unfall 137265 (2019) Kat:3, Licht: 0,137265,3,6,2,07,17,3,0,0,0,1,0,0,0,0
"POINT (12.294258145000072 51.290961744000072)",Unfall 137278 (2019) Kat:2, Licht: 0,137278,2,3,5,07,07,3,0,0,0,1,0,0,0,0
"POINT (12.420672942000067 51.393146640000055)",Unfall 137325 (2019) Kat:3, Licht: 0,137325,3,1,8,07,12,1,0,0,0,0,0,1,0,0
"POINT (12.377853971000036 51.408066068000039)",Unfall 137337 (2019) Kat:3, Licht: 0,137337,3,6,3,08,08,4,0,0,0,1,0,0,0,0
"POINT (12.447432275000040 51.350324878000038)",Unfall 137356 (2019) Kat:3, Licht: 0,137356,3,6,2,06,19,5,0,0,0,1,0,0,0,0
"POINT (12.366485136000051 51.343593339000051)",Unfall 137360 (2019) Kat:3, Licht: 0,137360,3,4,6,06,14,5,0,0,0,1,1,0,0,0
"POINT (12.370549160000053 51.376067453000076)",Unfall 137390 (2019) Kat:3, Licht: 0,137390,3,3,5,06,17,2,0,0,1,1,0,0,0,0
"POINT (12.391084242000034 51.376248978000035)",Unfall 137397 (2019) Kat:3, Licht: 0,137397,3,3,5,06,11,2,0,0,1,1,0,0,0,0
"POINT (12.342747346000067 51.338613309000038)",Unfall 137451 (2019) Kat:3, Licht: 2,137451,3,1,0,08,23,5,0,2,0,0,0,1,0,0
"POINT (12.420500889000039 51.414199177000057)",Unfall 137490 (2019) Kat:3, Licht: 0,137490,3,3,5,08,15,6,0,0,0,1,0,0,0,0
"POINT (12.385015551000038 51.344389117000048)",Unfall 137498 (2019) Kat:3, Licht: 0,137498,3,5,1,08,16,3,0,0,1,1,0,0,0,0
"POINT (12.297906672000067 51.266971528000056)",Unfall 137516 (2019) Kat:3, Licht: 2,137516,3,1,8,07,23,6,0,2,0,1,0,0,0,0
"POINT (12.381742276000068 51.283675099000050)",Unfall 137517 (2019) Kat:3, Licht: 2,137517,3,1,8,07,22,6,0,2,0,1,0,0,0,0
"POINT (12.357700207000050 51.341814122000073)",Unfall 137521 (2019) Kat:3, Licht: 0,137521,3,3,5,07,11,7,0,0,1,0,0,0,0,0
"POINT (12.451329684000029 51.363697573000081)",Unfall 137531 (2019) Kat:3, Licht: 0,137531,3,1,9,06,11,1,1,0,0,0,0,1,0,0
"POINT (12.290649121000058 51.334628139000074)",Unfall 137556 (2019) Kat:2, Licht: 0,137556,2,6,4,06,14,4,0,0,1,0,0,0,0,0
"POINT (12.394418820000055 51.336763566000059)",Unfall 137601 (2019) Kat:3, Licht: 2,137601,3,2,4,06,20,7,0,2,0,1,0,0,0,0
"POINT (12.385243887000058 51.376137939000046)",Unfall 137604 (2019) Kat:2, Licht: 0,137604,2,1,8,06,08,7,0,0,0,0,0,1,0,0
"POINT (12.396175445000040 51.415509581000038)",Unfall 137606 (2019) Kat:2, Licht: 0,137606,2,2,4,06,14,7,0,0,0,1,0,0,0,0
"POINT (12.461317467000072 51.367530204000047)",Unfall 137607 (2019) Kat:3, Licht: 0,137607,3,6,1,07,14,6,0,0,0,1,0,0,1,0
"POINT (12.344909121000057 51.339198003000035)",Unfall 137613 (2019) Kat:3, Licht: 0,137613,3,3,5,07,18,6,0,0,1,1,0,0,0,0
"POINT (12.347346859000027 51.339604484000063)",Unfall 137621 (2019) Kat:3, Licht: 0,137621,3,6,3,07,12,6,0,0,1,0,0,0,0,0
"POINT (12.395146195000052 51.339168318000077)",Unfall 137710 (2019) Kat:3, Licht: 0,137710,3,3,5,06,08,3,0,0,1,0,0,1,0,0
"POINT (12.368644954000047 51.314649206000070)",Unfall 137713 (2019) Kat:3, Licht: 0,137713,3,2,3,06,08,3,0,0,1,1,0,0,0,0
"POINT (12.403892892000044 51.321738477000054)",Unfall 137730 (2019) Kat:3, Licht: 0,137730,3,2,2,07,07,5,0,0,0,1,0,0,0,0
"POINT (12.376837582000064 51.344228697000062)",Unfall 137745 (2019) Kat:3, Licht: 0,137745,3,6,2,06,08,6,0,0,0,1,0,0,0,0
"POINT (12.397149050000053 51.330860305000044)",Unfall 137753 (2019) Kat:3, Licht: 0,137753,3,3,5,06,12,6,0,0,1,1,0,0,0,0
"POINT (12.385491046000027 51.376140164000049)",Unfall 137763 (2019) Kat:3, Licht: 0,137763,3,2,3,08,15,3,0,0,1,1,0,0,0,0