WKT,Name,OBJECTID,UKATEGORIE,UTYP1,UART,UMONAT,USTUNDE,UWOCHENTAG,STRZUSTAND,ULICHTVERH,ISTRAD,ISTPKW,ISTFUSS,ISTKRAD,ISTGKFZ,ISTSONSTIG
"POINT (12.331927240000027 51.335911923000026)",Unfall 137795 (2019) Kat:3, Licht: 0,137795,3,2,4,09,13,2,0,0,1,1,0,0,0,0
"POINT (12.395146150000073 51.339029758000038)",Unfall 137797 (2019) Kat:3, Licht: 0,137797,3,6,1,09,14,4,0,0,0,1,0,0,0,0
"POINT (12.333834714000034 51.336011240000062)",Unfall 137799 (2019) Kat:3, Licht: 0,137799,3,6,2,08,12,5,0,0,0,1,0,0,0,0
"POINT (12.264781332000041 51.276194683000028)",Unfall 137808 (2019) Kat:3, Licht: 0,137808,3,6,2,09,17,2,0,0,0,1,0,0,0,0
"POINT (12.342497890000061 51.338353030000064)",Unfall 137809 (2019) Kat:3, Licht: 0,137809,3,2,5,09,16,4,0,0,1,1,0,0,0,0
"POINT (12.426445542000067 51.351825650000080)",Unfall 137814 (2019) Kat:2, Licht: 0,137814,2,3,5,10,10,6,0,0,0,1,0,0,0,0
"POINT (12.380208543000037 51.375789011000052)",Unfall 137820 (2019) Kat:3, Licht: 0,137820,3,2,2,09,12,2,0,0,1,1,0,0,0,0
"POINT (12.379033391000064 51.344233531000043)",Unfall 137861 (2019) Kat:3, Licht: 1,137861,3,1,9,10,05,3,0,1,0,0,0,1,0,0
"POINT (12.341451679000045 51.386646150000047)",Unfall 137862 (2019) Kat:3, Licht: 0,137862,3,6,2,10,17,5,0,0,0,1,0,0,0,0
"POINT (12.294242105000023 51.290958188000047)",Unfall 137869 (2019) Kat:2, Licht: 0,137869,2,2,5,10,12,5,0,0,0,1,0,0,0,1
"POINT (12.355259770000032 51.341561856000055)",Unfall 137900 (2019) Kat:3, Licht: 0,137900,3,4,6,09,08,3,0,0,0,0,1,0,0,1
"POINT (12.437392832000057 51.350980996000033)",Unfall 137929 (2019) Kat:3, Licht: 0,137929,3,1,0,08,14,4,0,0,1,0,0,0,0,0
"POINT (12.405957129000058 51.313914978000071)",Unfall 137932 (2019) Kat:3, Licht: 2,137932,3,3,5,10,06,3,0,2,1,1,0,0,0,0
"POINT (12.394878024000036 51.354922585000054)",Unfall 137935 (2019) Kat:3, Licht: 2,137935,3,6,4,08,05,4,1,2,1,0,0,0,0,0
"POINT (12.390496286000030 51.396316181000032)",Unfall 137937 (2019) Kat:2, Licht: 2,137937,2,6,3,09,00,1,0,2,0,1,0,0,0,0
"POINT (12.394301628000051 51.336808935000079)",Unfall 137991 (2019) Kat:3, Licht: 0,137991,3,2,3,08,07,4,0,0,1,0,0,0,0,1
"POINT (12.375004919000048 51.302849445000049)",Unfall 137998 (2019) Kat:3, Licht: 0,137998,3,2,2,08,15,4,1,0,0,1,0,0,0,0
"POINT (12.435680358000070 51.393329366000046)",Unfall 138009 (2019) Kat:3, Licht: 0,138009,3,7,0,08,14,4,0,0,0,0,0,1,0,0
"POINT (12.432003852000037 51.299792689000071)",Unfall 138045 (2019) Kat:3, Licht: 0,138045,3,2,4,09,09,7,0,0,0,1,0,1,0,0
"POINT (12.279265698000074 51.247757470000067)",Unfall 138051 (2019) Kat:2, Licht: 0,138051,2,6,2,09,18,7,1,0,0,1,0,0,0,0
"POINT (12.394419142000061 51.336764366000068)",Unfall 138057 (2019) Kat:2, Licht: 0,138057,2,2,4,09,12,2,1,0,0,1,0,0,0,0
"POINT (12.353957799000057 51.341273448000038)",Unfall 138061 (2019) Kat:3, Licht: 0,138061,3,1,2,09,15,2,1,0,0,1,0,1,0,0
"POINT (12.276725008000028 51.320775001000072)",Unfall 138081 (2019) Kat:3, Licht: 0,138081,3,7,5,08,11,3,0,0,1,1,0,0,0,0
"POINT (12.457688949000044 51.350356196000064)",Unfall 138108 (2019) Kat:3, Licht: 0,138108,3,2,2,10,16,4,0,0,0,1,0,0,0,0
"POINT (12.427773967000064 51.400142337000034)",Unfall 138121 (2019) Kat:3, Licht: 0,138121,3,7,8,10,16,4,1,0,0,1,0,0,0,0
"POINT (12.392333757000074 51.345379759000082)",Unfall 138125 (2019) Kat:3, Licht: 0,138125,3,2,3,08,07,6,0,0,1,1,0,0,0,0
"POINT (12.364793928000040 51.343137853000030)",Unfall 138148 (2019) Kat:3, Licht: 1,138148,3,6,2,10,05,7,0,1,0,1,0,0,1,0
"POINT (12.433574575000023 51.298727367000026)",Unfall 138173 (2019) Kat:2, Licht: 0,138173,2,7,9,10,11,6,0,0,0,1,0,0,0,0
"POINT (12.420254149000073 51.414254907000043)",Unfall 138203 (2019) Kat:1, Licht: 0,138203,1,3,5,10,14,4,0,0,1,0,0,0,1,0
"POINT (12.394290445000024 51.336779439000054)",Unfall 138214 (2019) Kat:3, Licht: 0,138214,3,2,4,09,12,6,1,0,1,1,0,0,0,0
"POINT (12.494881836000047 51.354924923000056)",Unfall 138225 (2019) Kat:3, Licht: 0,138225,3,1,8,09,15,6,1,0,0,1,0,0,0,0
"POINT (12.479320036000047 51.352019186000064)",Unfall 138236 (2019) Kat:3, Licht: 0,138236,3,2,2,10,13,4,0,0,0,1,0,0,0,0
"POINT (12.377938731000029 51.375853713000026)",Unfall 138240 (2019) Kat:3, Licht: 0,138240,3,6,2,09,13,6,1,0,0,1,0,0,0,0
"POINT (12.360033377000036 51.342163834000075)",Unfall 138295 (2019) Kat:3, Licht: 0,138295,3,3,5,10,16,3,0,0,1,0,0,0,0,0
"POINT (12.379277444000024 51.375814271000081)",Unfall 138302 (2019) Kat:3, Licht: 0,138302,3,3,5,10,14,3,1,0,1,1,0,0,0,0
"POINT (12.262607234000029 51.346226208000076)",Unfall 138311 (2019) Kat:2, Licht: 2,138311,2,6,4,10,02,1,0,2,0,1,0,0,0,0
"POINT (12.394412112000055 51.336746875000074)",Unfall 138313 (2019) Kat:3, Licht: 0,138313,3,6,2,10,10,3,1,0,0,1,0,0,0,0
"POINT (12.404705631000070 51.320814471000062)",Unfall 138331 (2019) Kat:3, Licht: 0,138331,3,2,5,09,15,7,0,0,1,1,0,0,0,0
"POINT (12.394100253000033 51.351173533000065)",Unfall 138335 (2019) Kat:3, Licht: 0,138335,3,6,4,08,16,5,0,0,1,0,0,0,0,0
"POINT (12.353124051000066 51.341088673000058)",Unfall 138341 (2019) Kat:3, Licht: 0,138341,3,1,0,08,11,1,1,0,0,0,0,1,0,1
"POINT (12.348914709000042 51.375161379000076)",Unfall 138348 (2019) Kat:2, Licht: 1,138348,2,3,5,08,20,1,0,1,1,1,0,0,0,0
"POINT (12.389896493000037 51.346562493000079)",Unfall 138349 (2019) Kat:3, Licht: 0,138349,3,2,2,09,14,5,0,0,0,1,0,0,0,0
"POINT (12.395375052000077 51.341120595000064)",Unfall 138354 (2019) Kat:3, Licht: 0,138354,3,3,5,09,10,5,0,0,1,1,0,0,0,0
"POINT (12.417123060000051 51.311120172000074)",Unfall 138361 (2019) Kat:3, Licht: 0,138361,3,6,3,09,09,5,0,0,0,1,0,0,0,0
"POINT (12.365146206000077 51.376151506000042)",Unfall 138384 (2019) Kat:3, Licht: 0,138384,3,2,3,09,11,1,0,0,1,0,0,0,0,0
"POINT (12.315354721000062 51.414764532000049)",Unfall 138393 (2019) Kat:3, Licht: 0,138393,3,6,2,10,16,2,0,0,0,1,0,0,0,0
"POINT (12.353513459000055 51.341175741000029)",Unfall 138404 (2019) Kat:3, Licht: 0,138404,3,2,5,10,16,6,0,0,1,1,0,0,0,0
"POINT (12.288130281000065 51.381400734000067)",Unfall 138412 (2019) Kat:3, Licht: 0,138412,3,6,3,10,15,5,0,0,1,1,0,0,0,0
"POINT (12.297506346000034 51.337322919000030)",Unfall 138516 (2019) Kat:3, Licht: 2,138516,3,3,5,09,20,4,1,2,1,1,0,0,0,0
"POINT (12.436489189000042 51.356648884000037)",Unfall 138533 (2019) Kat:3, Licht: 0,138533,3,6,2,10,15,2,0,0,0,1,0,0,0,0
"POINT (12.376538913000047 51.314831028000071)",Unfall 138535 (2019) Kat:3, Licht: 0,138535,3,3,5,09,08,4,1,0,0,1,0,0,0,0
"POINT (12.351155120000044 51.340364448000059)",Unfall 138559 (2019) Kat:3, Licht: 0,138559,3,6,2,10,10,2,0,0,0,1,0,0,0,0
"POINT (12.447472473000062 51.350320514000032)",Unfall 138560 (2019) Kat:3, Licht: 0,138560,3,6,2,09,09,4,1,0,0,1,0,0,0,0
"POINT (12.403896429000042 51.321733662000042)",Unfall 138600 (2019) Kat:3, Licht: 0,138600,3,3,5,08,06,2,0,0,0,1,0,0,0,0
"POINT (12.394482488000051 51.394674063000082)",Unfall 138615 (2019) Kat:3, Licht: 0,138615,3,2,5,08,14,2,0,0,1,1,0,0,0,0
"POINT (12.393413958000053 51.344512733000045)",Unfall 138623 (2019) Kat:3, Licht: 0,138623,3,2,5,09,13,4,0,0,1,1,0,0,0,0
"POINT (12.319164189000048 51.380247091000058)",Unfall 138639 (2019) Kat:3, Licht: 2,138639,3,2,4,09,19,4,0,2,0,1,0,0,0,0
"POINT (12.390902234000066 51.377231540000082)",Unfall 138664 (2019) Kat:3, Licht: 0,138664,3,6,2,10,08,4,1,0,0,1,0,0,0,0
"POINT (12.377366681000069 51.375870459000055)",Unfall 138732 (2019) Kat:3, Licht: 0,138732,3,3,5,09,10,3,0,0,1,1,0,0,0,0
"POINT (12.375028430000043 51.408414792000031)",Unfall 138738 (2019) Kat:2, Licht: 2,138738,2,6,2,09,20,3,0,2,0,1,0,0,0,1
"POINT (12.376277551000044 51.314829889000066)",Unfall 138747 (2019) Kat:3, Licht: 0,138747,3,2,3,08,08,5,0,0,1,1,0,0,0,0
"POINT (12.376224953000076 51.314829660000044)",Unfall 138767 (2019) Kat:3, Licht: 0,138767,3,6,2,08,14,5,0,0,0,1,0,0,0,0
"POINT (12.371526348000032 51.314711927000076)",Unfall 138769 (2019) Kat:3, Licht: 0,138769,3,3,5,08,09,5,0,0,0,1,0,0,0,0
"POINT (12.322822675000054 51.407877424000048)",Unfall 138777 (2019) Kat:3, Licht: 0,138777,3,6,2,08,06,5,0,0,0,1,0,0,0,0
"POINT (12.315080065000075 51.414756571000055)",Unfall 138790 (2019) Kat:3, Licht: 2,138790,3,6,2,08,20,5,0,2,0,1,0,0,0,1
"POINT (12.313065085000062 51.376720412000054)",Unfall 138804 (2019) Kat:3, Licht: 0,138804,3,2,3,08,15,1,0,0,1,1,0,0,0,0
"POINT (12.377994898000054 51.375852068000029)",Unfall 138808 (2019) Kat:3, Licht: 2,138808,3,6,2,10,05,3,0,2,0,1,0,0,0,0
"POINT (12.285797314000035 51.330929256000047)",Unfall 138833 (2019) Kat:3, Licht: 2,138833,3,3,5,09,05,3,0,2,1,1,0,0,0,0
"POINT (12.443677859000047 51.359926078000058)",Unfall 138844 (2019) Kat:3, Licht: 1,138844,3,2,3,09,19,3,0,1,1,0,0,0,0,1
"POINT (12.365046750000033 51.376147226000057)",Unfall 138857 (2019) Kat:3, Licht: 0,138857,3,3,5,09,08,2,0,0,1,1,0,0,0,0
"POINT (12.397249197000065 51.369622105000076)",Unfall 138859 (2019) Kat:3, Licht: 1,138859,3,6,1,10,19,6,1,1,0,1,0,0,0,0
"POINT (12.392113989000052 51.346366722000027)",Unfall 138892 (2019) Kat:3, Licht: 2,138892,3,3,5,10,06,2,0,2,0,1,0,0,0,1
"POINT (12.364697691000060 51.343128850000028)",Unfall 138905 (2019) Kat:3, Licht: 0,138905,3,3,5,08,16,4,0,0,1,1,0,0,0,0
"POINT (12.399368029000073 51.363459348000049)",Unfall 138917 (2019) Kat:3, Licht: 0,138917,3,2,5,08,15,4,0,0,0,1,0,0,0,1
"POINT (12.373210072000063 51.314800576000039)",Unfall 138921 (2019) Kat:3, Licht: 2,138921,3,2,4,10,19,1,0,2,0,1,0,0,0,0
"POINT (12.392589907000058 51.334093546000076)",Unfall 138972 (2019) Kat:3, Licht: 2,138972,3,3,5,10,18,5,1,2,1,0,0,0,0,1
"POINT (12.346788360000062 51.339600811000082)",Unfall 138974 (2019) Kat:3, Licht: 0,138974,3,4,6,10,15,5,1,0,1,0,1,0,0,0
"POINT (12.424598837000076 51.304655716000070)",Unfall 138981 (2019) Kat:3, Licht: 0,138981,3,2,3,10,15,5,1,0,1,1,0,0,0,0
"POINT (12.294261798000036 51.290962553000043)",Unfall 138983 (2019) Kat:2, Licht: 0,138983,2,3,5,10,09,5,0,0,0,1,0,0,0,0
"POINT (12.420075819000033 51.392629076000048)",Unfall 138998 (2019) Kat:3, Licht: 2,138998,3,1,9,09,05,2,1,2,0,1,0,0,0,0
"POINT (12.491058875000022 51.357284131000029)",Unfall 139004 (2019) Kat:3, Licht: 2,139004,3,6,8,09,03,2,1,2,0,1,0,0,1,0
"POINT (12.378348277000043 51.375841701000070)",Unfall 139015 (2019) Kat:3, Licht: 0,139015,3,1,4,09,18,2,1,0,0,1,0,0,0,0
"POINT (12.373219661000064 51.314801081000041)",Unfall 139022 (2019) Kat:2, Licht: 0,139022,2,2,4,10,14,3,0,0,0,1,0,0,0,0
"POINT (12.461084233000065 51.367446459000064)",Unfall 139031 (2019) Kat:3, Licht: 0,139031,3,3,5,09,06,2,0,0,1,1,0,0,0,0
"POINT (12.426428878000024 51.351817731000040)",Unfall 139035 (2019) Kat:3, Licht: 2,139035,3,3,5,08,21,7,0,2,0,1,0,0,0,0
"POINT (12.315827511000066 51.414777682000079)",Unfall 139125 (2019) Kat:3, Licht: 2,139125,3,6,2,10,05,2,1,2,0,1,0,0,1,0
"POINT (12.394188620000023 51.314562108000075)",Unfall 139172 (2019) Kat:3, Licht: 0,139172,3,2,4,10,12,4,1,0,0,1,0,0,0,0
"POINT (12.445651663000035 51.350653912000041)",Unfall 139175 (2019) Kat:3, Licht: 0,139175,3,3,5,09,07,1,0,0,1,1,0,0,0,0
"POINT (12.397847796000065 51.353130795000027)",Unfall 139177 (2019) Kat:3, Licht: 0,139177,3,1,8,09,08,1,0,0,0,1,0,0,0,0
"POINT (12.396144189000040 51.415500415000054)",Unfall 139185 (2019) Kat:3, Licht: 2,139185,3,2,4,10,05,4,1,2,0,1,0,0,0,0
"POINT (12.327676922000023 51.299542975000065)",Unfall 139190 (2019) Kat:2, Licht: 0,139190,2,2,6,10,12,4,1,0,0,0,1,0,1,0
"POINT (12.274927461000061 51.345113170000047)",Unfall 139237 (2019) Kat:2, Licht: 0,139237,2,1,4,10,12,7,0,0,0,1,0,0,0,0
"POINT (12.375693726000065 51.375918923000029)",Unfall 139267 (2019) Kat:3, Licht: 0,139267,3,2,2,10,10,7,1,0,0,1,0,0,0,0
"POINT (12.446999093000045 51.361630872000035)",Unfall 139273 (2019) Kat:2, Licht: 0,139273,2,6,3,10,09,6,0,0,0,1,0,0,1,0
"POINT (12.279303668000068 51.247802539000077)",Unfall 139282 (2019) Kat:3, Licht: 0,139282,3,3,5,08,09,1,0,0,0,1,0,0,0,0
"POINT (12.366473916000075 51.376178739000068)",Unfall 139288 (2019) Kat:3, Licht: 0,139288,3,6,1,09,16,6,0,0,0,1,0,0,0,0
"POINT (12.394579101000033 51.354809471000067)",Unfall 139293 (2019) Kat:3, Licht: 0,139293,3,6,2,08,12,6,0,0,0,1,0,0,0,0
"POINT (12.529596258000026 51.327673870000069)",Unfall 139310 (2019) Kat:3, Licht: 0,139310,3,3,5,08,18,6,0,0,1,1,0,0,0,0
"POINT (12.354978109000058 51.341498632000082)",Unfall 139312 (2019) Kat:2, Licht: 0,139312,2,6,2,10,14,7,0,0,0,1,0,0,0,0
"POINT (12.451169343000061 51.280969206000066)",Unfall 139326 (2019) Kat:3, Licht: 0,139326,3,2,4,10,07,4,0,0,0,1,0,0,0,0
"POINT (12.342551072000049 51.338610379000045)",Unfall 139337 (2019) Kat:3, Licht: 1,139337,3,6,2,10,05,3,0,1,0,1,0,1,0,0
"POINT (12.395162206000066 51.339181430000053)",Unfall 139344 (2019) Kat:3, Licht: 0,139344,3,2,5,10,15,3,0,0,1,1,0,0,0,0
"POINT (12.290420547000053 51.392823961000033)",Unfall 139347 (2019) Kat:3, Licht: 2,139347,3,2,2,10,05,3,1,2,0,1,0,0,0,0
"POINT (12.385780627000031 51.376143376000073)",Unfall 139348 (2019) Kat:3, Licht: 0,139348,3,1,0,08,06,7,0,0,1,0,0,0,0,0
"POINT (12.303728376000038 51.342500861000076)",Unfall 139404 (2019) Kat:3, Licht: 0,139404,3,6,2,10,10,1,0,0,0,1,0,1,0,0
"POINT (12.386903219000033 51.345677778000038)",Unfall 139419 (2019) Kat:3, Licht: 2,139419,3,1,9,09,20,6,0,2,0,1,0,0,0,0
"POINT (12.338267427000062 51.335387065000077)",Unfall 139466 (2019) Kat:3, Licht: 0,139466,3,6,2,08,15,7,0,0,0,1,0,0,0,0
"POINT (12.451665481000077 51.279032731000029)",Unfall 139488 (2019) Kat:2, Licht: 0,139488,2,2,4,08,13,7,0,0,0,1,0,0,0,0
"POINT (12.273885321000023 51.396962593000069)",Unfall 139523 (2019) Kat:3, Licht: 0,139523,3,6,1,10,11,7,0,0,0,0,0,0,0,1
"POINT (12.411943076000057 51.314637118000064)",Unfall 139543 (2019) Kat:3, Licht: 0,139543,3,3,4,08,14,5,0,0,1,0,0,0,0,0
"POINT (12.358697281000047 51.341990390000035)",Unfall 139553 (2019) Kat:3, Licht: 0,139553,3,3,6,09,09,2,0,0,1,0,1,0,0,0
"POINT (12.405306732000042 51.320034496000062)",Unfall 139566 (2019) Kat:3, Licht: 0,139566,3,6,2,09,16,5,0,0,0,1,0,0,0,0
"POINT (12.280633386000034 51.279641467000033)",Unfall 139570 (2019) Kat:2, Licht: 1,139570,2,6,4,09,20,5,0,1,0,1,0,0,0,0
"POINT (12.376547792000054 51.314942422000058)",Unfall 139572 (2019) Kat:3, Licht: 0,139572,3,3,5,09,09,5,0,0,0,1,0,0,0,0
"POINT (12.335349552000025 51.398495427000057)",Unfall 139580 (2019) Kat:3, Licht: 0,139580,3,1,8,09,08,2,1,0,0,1,0,0,0,0
"POINT (12.313861802000076 51.413158593000048)",Unfall 139604 (2019) Kat:3, Licht: 0,139604,3,6,2,08,09,6,0,0,0,1,0,0,0,0
"POINT (12.363255844000037 51.342799038000067)",Unfall 139609 (2019) Kat:3, Licht: 2,139609,3,6,2,09,19,4,0,2,0,1,0,0,0,0
"POINT (12.495655683000052 51.355691508000064)",Unfall 139622 (2019) Kat:3, Licht: 2,139622,3,6,2,11,17,5,0,2,0,1,0,0,0,0
"POINT (12.394477917000074 51.314545360000068)",Unfall 139646 (2019) Kat:2, Licht: 2,139646,2,3,4,11,21,4,0,2,0,1,0,0,0,0
"POINT (12.348295489000066 51.375192218000052)",Unfall 139647 (2019) Kat:3, Licht: 0,139647,3,3,5,11,13,4,0,0,0,1,0,0,0,1
"POINT (12.398490338000045 51.365714635000074)",Unfall 139648 (2019) Kat:3, Licht: 1,139648,3,6,2,11,16,4,0,1,0,1,0,0,0,0
"POINT (12.394639473000041 51.332409220000045)",Unfall 139650 (2019) Kat:3, Licht: 1,139650,3,6,2,11,18,4,0,1,0,1,0,0,0,0
"POINT (12.457802801000071 51.350359644000036)",Unfall 139651 (2019) Kat:3, Licht: 2,139651,3,3,5,11,19,4,0,2,0,1,0,0,0,1
"POINT (12.338297923000027 51.335387290000028)",Unfall 139665 (2019) Kat:3, Licht: 0,139665,3,3,5,11,13,3,0,0,1,0,0,0,0,1
"POINT (12.383443358000022 51.314854117000039)",Unfall 139698 (2019) Kat:3, Licht: 2,139698,3,6,2,11,17,2,0,2,0,1,0,0,0,0
"POINT (12.295136724000031 51.389554239000063)",Unfall 139741 (2019) Kat:3, Licht: 2,139741,3,1,8,11,21,6,1,2,0,1,0,0,0,0
"POINT (12.341429940000069 51.386598201000027)",Unfall 139745 (2019) Kat:3, Licht: 2,139745,3,1,9,11,21,6,1,2,0,1,0,0,0,0
"POINT (12.470618603000048 51.370768519000080)",Unfall 139774 (2019) Kat:2, Licht: 2,139774,2,3,5,11,05,5,1,2,0,1,0,0,0,0
"POINT (12.358719915000052 51.342001028000027)",Unfall 139791 (2019) Kat:3, Licht: 2,139791,3,6,2,11,05,4,0,2,0,1,0,0,0,0
"POINT (12.363532222000060 51.376018367000029)",Unfall 139793 (2019) Kat:3, Licht: 0,139793,3,6,2,11,13,4,0,0,0,1,0,0,0,0
"POINT (12.326816005000069 51.337794161000033)",Unfall 139810 (2019) Kat:3, Licht: 2,139810,3,3,5,11,19,3,1,2,1,1,0,0,0,0
"POINT (12.311523583000053 51.250248439000075)",Unfall 139811 (2019) Kat:2, Licht: 0,139811,2,7,8,11,15,3,0,0,0,0,0,0,1,0
"POINT (12.380427308000037 51.344125414000075)",Unfall 139812 (2019) Kat:3, Licht: 0,139812,3,7,6,11,14,3,0,0,0,0,1,0,0,1
"POINT (12.471115846000032 51.371053273000030)",Unfall 139813 (2019) Kat:2, Licht: 0,139813,2,6,2,11,06,3,1,0,0,1,0,0,0,0
"POINT (12.424903487000051 51.352199682000048)",Unfall 139814 (2019) Kat:3, Licht: 0,139814,3,1,9,11,07,3,1,0,0,1,0,0,0,1
"POINT (12.399910100000056 51.420024353000031)",Unfall 139836 (2019) Kat:3, Licht: 0,139836,3,6,2,11,16,2,0,0,0,1,0,0,0,0
"POINT (12.272645145000070 51.276897663000057)",Unfall 139838 (2019) Kat:3, Licht: 0,139838,3,3,5,11,07,2,1,0,0,1,0,0,0,0
"POINT (12.279161181000063 51.262516604000041)",Unfall 139877 (2019) Kat:2, Licht: 0,139877,2,1,8,11,15,7,0,0,0,1,0,0,0,0
"POINT (12.452253564000046 51.350337148000051)",Unfall 139893 (2019) Kat:3, Licht: 0,139893,3,3,5,11,11,6,0,0,1,1,0,0,0,0
"POINT (12.246202046000064 51.346939101000032)",Unfall 139915 (2019) Kat:3, Licht: 0,139915,3,1,8,10,16,5,0,0,0,1,0,0,0,0
"POINT (12.446739919000038 51.385207698000045)",Unfall 139916 (2019) Kat:2, Licht: 0,139916,2,1,9,10,15,5,0,0,0,1,0,0,0,0
"POINT (12.370881613000051 51.344100819000062)",Unfall 139945 (2019) Kat:2, Licht: 2,139945,2,3,5,11,23,4,0,2,1,1,0,0,0,0
"POINT (12.426428878000024 51.351817731000040)",Unfall 139968 (2019) Kat:3, Licht: 0,139968,3,4,0,11,08,3,0,0,0,0,1,0,0,1
"POINT (12.432560976000048 51.410805787000072)",Unfall 139991 (2019) Kat:2, Licht: 2,139991,2,3,5,11,04,2,1,2,0,1,0,0,0,0
"POINT (12.479054681000036 51.263027555000065)",Unfall 140033 (2019) Kat:3, Licht: 0,140033,3,1,8,12,15,7,0,0,0,1,0,0,0,0
"POINT (12.473032265000029 51.351367541000059)",Unfall 140038 (2019) Kat:3, Licht: 0,140038,3,6,2,12,13,7,0,0,0,1,0,0,0,0
"POINT (12.410678397000027 51.349969971000064)",Unfall 140062 (2019) Kat:3, Licht: 2,140062,3,7,7,11,16,6,1,2,1,0,0,0,0,0
"POINT (12.339807157000052 51.335327577000044)",Unfall 140068 (2019) Kat:3, Licht: 2,140068,3,6,2,12,22,6,1,2,0,1,0,0,0,0
"POINT (12.357752236000067 51.341822730000047)",Unfall 140070 (2019) Kat:3, Licht: 0,140070,3,6,3,12,08,6,0,0,1,0,0,0,0,0
"POINT (12.510404056000027 51.328946543000029)",Unfall 140071 (2019) Kat:3, Licht: 2,140071,3,1,5,12,18,6,1,2,0,1,0,1,0,0
"POINT (12.365066135000063 51.376148228000034)",Unfall 140074 (2019) Kat:2, Licht: 2,140074,2,2,4,12,17,6,0,2,0,1,0,1,0,0
"POINT (12.254723620000050 51.281110369000032)",Unfall 140079 (2019) Kat:3, Licht: 0,140079,3,6,2,12,11,6,0,0,0,1,0,0,1,0
"POINT (12.331961497000066 51.335916092000048)",Unfall 140105 (2019) Kat:3, Licht: 2,140105,3,2,4,11,06,5,1,2,1,1,0,0,0,0
"POINT (12.359896906000074 51.342148259000055)",Unfall 140106 (2019) Kat:3, Licht: 2,140106,3,4,6,11,18,5,1,2,0,1,1,0,0,0
"POINT (12.364952403000075 51.376142348000030)",Unfall 140112 (2019) Kat:3, Licht: 0,140112,3,4,6,11,07,5,0,0,0,1,1,0,0,0
"POINT (12.331961497000066 51.335916092000048)",Unfall 140158 (2019) Kat:3, Licht: 0,140158,3,3,5,12,16,4,0,0,1,1,0,0,0,0
"POINT (12.362140267000029 51.342543646000081)",Unfall 140169 (2019) Kat:2, Licht: 2,140169,2,4,6,11,16,4,1,2,0,1,1,0,0,0
"POINT (12.479473022000036 51.352128905000029)",Unfall 140194 (2019) Kat:2, Licht: 2,140194,2,3,5,11,19,3,1,2,0,1,0,0,0,1
"POINT (12.385227603000033 51.376137647000064)",Unfall 140199 (2019) Kat:3, Licht: 0,140199,3,2,6,12,11,3,0,0,0,1,1,0,0,0
"POINT (12.395014209000067 51.342781614000046)",Unfall 140232 (2019) Kat:3, Licht: 2,140232,3,3,5,12,05,2,0,2,1,1,0,0,0,0
"POINT (12.399850421000053 51.362036369000066)",Unfall 140233 (2019) Kat:3, Licht: 2,140233,3,6,2,12,18,2,1,2,0,1,0,0,0,1
"POINT (12.449220764000074 51.280710981000027)",Unfall 140234 (2019) Kat:2, Licht: 2,140234,2,2,5,12,05,2,0,2,0,1,0,0,0,0
"POINT (12.485205964000045 51.360466528000075)",Unfall 140252 (2019) Kat:3, Licht: 2,140252,3,6,3,11,05,2,1,2,0,1,0,0,1,0
"POINT (12.277821546000041 51.319005581000056)",Unfall 140253 (2019) Kat:3, Licht: 0,140253,3,3,5,11,09,2,1,0,0,1,0,0,0,1
"POINT (12.358636539000031 51.341973069000062)",Unfall 140298 (2019) Kat:3, Licht: 0,140298,3,2,2,11,14,1,1,0,0,1,0,0,0,0
"POINT (12.476368973000035 51.351801609000063)",Unfall 140311 (2019) Kat:2, Licht: 2,140311,2,6,2,11,17,6,1,2,0,1,0,0,0,0
"POINT (12.270992859000046 51.317604721000066)",Unfall 140348 (2019) Kat:3, Licht: 0,140348,3,2,3,11,07,5,1,0,1,1,0,0,0,0
"POINT (12.268837645000076 51.263799030000030)",Unfall 140350 (2019) Kat:3, Licht: 2,140350,3,3,5,11,23,5,1,2,0,1,0,0,0,0
"POINT (12.377010053000049 51.344505081000079)",Unfall 140395 (2019) Kat:3, Licht: 0,140395,3,2,0,12,13,7,0,0,0,1,0,0,0,1
"POINT (12.272595118000027 51.317923640000060)",Unfall 140448 (2019) Kat:3, Licht: 0,140448,3,6,2,12,15,5,0,0,0,1,0,0,0,0
"POINT (12.362060185000075 51.342524078000054)",Unfall 140449 (2019) Kat:3, Licht: 0,140449,3,3,0,12,09,5,1,0,0,1,0,0,0,1
"POINT (12.313945320000073 51.413103998000054)",Unfall 140452 (2019) Kat:3, Licht: 1,140452,3,6,2,12,18,5,1,1,0,1,0,0,0,0
"POINT (12.376470422000068 51.314942206000069)",Unfall 140560 (2019) Kat:3, Licht: 0,140560,3,3,5,12,10,2,1,0,1,1,0,0,0,0
"POINT (12.405953319000048 51.313915014000031)",Unfall 140575 (2019) Kat:3, Licht: 0,140575,3,3,5,12,14,2,1,0,0,1,0,0,0,0
"POINT (12.449172638000050 51.350258802000042)",Unfall 140578 (2019) Kat:3, Licht: 0,140578,3,6,2,12,17,2,0,0,0,1,0,0,0,0
"POINT (12.439121893000049 51.294848883000043)",Unfall 140579 (2019) Kat:3, Licht: 0,140579,3,3,5,12,14,2,0,0,1,1,0,0,0,0
"POINT (12.380075325000064 51.344270911000081)",Unfall 140607 (2019) Kat:1, Licht: 2,140607,1,4,6,12,00,1,1,2,0,1,1,0,0,0
"POINT (12.371804245000021 51.344469763000063)",Unfall 140629 (2019) Kat:3, Licht: 2,140629,3,4,6,12,00,7,1,2,0,0,1,0,0,1