WKT,Name,OBJECTID,UKATEGORIE,UTYP1,UART,UMONAT,USTUNDE,UWOCHENTAG,STRZUSTAND,ULICHTVERH,ISTRAD,ISTPKW,ISTFUSS,ISTKRAD,ISTGKFZ,ISTSONSTIG
"POINT (12.392333757000074 51.345379759000082)",Unfall 140632 (2019) Kat:3, Licht: 2,140632,3,6,2,12,17,7,1,2,0,1,0,0,0,0
"POINT (12.373436916000060 51.314923464000060)",Unfall 140633 (2019) Kat:3, Licht: 2,140633,3,3,5,12,17,7,1,2,1,1,0,0,0,0
"POINT (12.262588102000052 51.346227877000047)",Unfall 140651 (2019) Kat:3, Licht: 0,140651,3,3,5,12,11,6,0,0,0,1,0,0,0,0
"POINT (12.288042180000048 51.260140678000027)",Unfall 140653 (2019) Kat:3, Licht: 2,140653,3,6,2,12,16,6,0,2,0,1,0,0,0,1
"POINT (12.264179198000022 51.316543507000063)",Unfall 140656 (2019) Kat:2, Licht: 2,140656,2,4,6,12,23,6,1,2,0,0,1,0,0,1
"POINT (12.460833588000071 51.367360704000077)",Unfall 140694 (2019) Kat:3, Licht: 2,140694,3,2,5,12,00,5,1,2,0,1,0,0,0,0
"POINT (12.277821546000041 51.319005581000056)",Unfall 140695 (2019) Kat:2, Licht: 2,140695,2,2,5,12,18,5,0,2,0,1,0,0,0,0
"POINT (12.399834822000059 51.362052348000077)",Unfall 140712 (2019) Kat:3, Licht: 1,140712,3,2,4,12,06,4,0,1,0,1,0,0,0,0
"POINT (12.376037066000038 51.299969248000082)",Unfall 140764 (2019) Kat:3, Licht: 2,140764,3,1,9,12,06,5,1,2,0,1,0,0,0,0
"POINT (12.441589505000024 51.350823705000039)",Unfall 140775 (2019) Kat:3, Licht: 2,140775,3,2,2,12,06,2,0,2,0,1,0,0,0,0
"POINT (12.394423276000055 51.336774651000042)",Unfall 140779 (2019) Kat:2, Licht: 2,140779,2,2,4,12,17,4,1,2,0,1,0,0,0,0
"POINT (12.274077898000030 51.324873815000046)",Unfall 140780 (2019) Kat:2, Licht: 1,140780,2,3,5,12,06,2,1,1,0,1,0,0,0,0
"POINT (12.269339832000071 51.262320495000040)",Unfall 140783 (2019) Kat:3, Licht: 2,140783,3,7,1,12,18,4,1,2,0,1,0,0,0,1
"POINT (12.377003845000047 51.344504409000081)",Unfall 140785 (2019) Kat:3, Licht: 2,140785,3,2,3,12,18,4,1,2,0,1,0,0,0,0
"POINT (12.460835250000059 51.367256010000062)",Unfall 140789 (2019) Kat:2, Licht: 2,140789,2,2,4,12,17,4,1,2,0,1,0,1,0,0
"POINT (12.406318976000023 51.319399043000033)",Unfall 140810 (2019) Kat:2, Licht: 2,140810,2,7,0,12,23,3,1,2,1,0,0,0,0,0
"POINT (12.512222655000073 51.331184898000060)",Unfall 140819 (2019) Kat:2, Licht: 2,140819,2,7,8,12,06,1,0,2,0,1,0,0,0,0
"POINT (12.413892924000038 51.330719865000049)",Unfall 255852 (2019) Kat:3, Licht: 0,255852,3,3,5,01,10,5,0,0,0,1,0,0,0,0
"POINT (12.420461532000047 51.354304784000078)",Unfall 255856 (2019) Kat:2, Licht: 0,255856,2,3,0,01,15,5,1,0,0,1,0,0,0,1
"POINT (12.314916597000035 51.379624700000079)",Unfall 255859 (2019) Kat:2, Licht: 1,255859,2,4,6,01,16,6,1,1,0,1,1,0,0,0
"POINT (12.410609353000041 51.341687049000029)",Unfall 255864 (2019) Kat:3, Licht: 0,255864,3,4,6,01,09,6,0,0,0,1,1,0,0,0
"POINT (12.326163654000027 51.302340799000035)",Unfall 255867 (2019) Kat:3, Licht: 0,255867,3,4,6,01,11,5,0,0,1,0,1,0,0,0
"POINT (12.327091702000075 51.313306075000071)",Unfall 255883 (2019) Kat:2, Licht: 0,255883,2,4,6,01,07,4,0,0,0,1,1,0,0,0
"POINT (12.409134720000054 51.325539969000033)",Unfall 255887 (2019) Kat:3, Licht: 2,255887,3,4,6,01,19,4,0,2,0,1,1,0,0,0
"POINT (12.338060977000055 51.369606615000066)",Unfall 255909 (2019) Kat:3, Licht: 0,255909,3,2,4,01,12,6,1,0,1,1,0,0,0,0
"POINT (12.383868332000077 51.351986052000029)",Unfall 255924 (2019) Kat:3, Licht: 2,255924,3,3,5,01,18,6,1,2,1,1,0,0,0,0
"POINT (12.415401671000041 51.319928637000032)",Unfall 255942 (2019) Kat:3, Licht: 0,255942,3,3,5,01,14,3,1,0,0,1,0,0,0,0
"POINT (12.305040344000076 51.413042166000082)",Unfall 255985 (2019) Kat:3, Licht: 0,255985,3,3,5,01,15,6,1,0,0,1,0,0,0,0
"POINT (12.371103964000042 51.339788689000045)",Unfall 256052 (2019) Kat:3, Licht: 0,256052,3,3,5,01,13,6,1,0,1,1,0,0,0,0
"POINT (12.376473748000024 51.348374338000042)",Unfall 256065 (2019) Kat:2, Licht: 1,256065,2,3,5,01,20,6,1,1,0,1,0,0,0,0
"POINT (12.419378842000071 51.319282807000036)",Unfall 256111 (2019) Kat:3, Licht: 2,256111,3,5,1,01,23,6,1,2,0,1,0,0,0,1
"POINT (12.443141397000034 51.312894457000027)",Unfall 256153 (2019) Kat:3, Licht: 0,256153,3,6,2,01,08,2,2,0,0,1,0,0,0,0
"POINT (12.373452948000022 51.322102434000044)",Unfall 256161 (2019) Kat:3, Licht: 1,256161,3,3,5,01,07,4,1,1,1,1,0,0,0,0
"POINT (12.376478086000077 51.348375412000053)",Unfall 256167 (2019) Kat:3, Licht: 2,256167,3,3,5,01,05,2,1,2,0,1,0,0,1,0
"POINT (12.362476883000056 51.338927914000067)",Unfall 256183 (2019) Kat:3, Licht: 2,256183,3,3,5,01,17,5,1,2,0,1,0,0,0,0
"POINT (12.380631955000069 51.341317657000047)",Unfall 256184 (2019) Kat:3, Licht: 0,256184,3,3,5,01,10,7,1,0,0,1,0,0,0,1
"POINT (12.405855876000032 51.344532722000054)",Unfall 256185 (2019) Kat:3, Licht: 0,256185,3,6,3,01,14,3,1,0,1,0,0,0,0,1
"POINT (12.366461235000031 51.332001066000032)",Unfall 256186 (2019) Kat:3, Licht: 1,256186,3,5,1,01,16,5,0,1,1,1,0,0,0,0
"POINT (12.377912197000057 51.334019158000046)",Unfall 256190 (2019) Kat:3, Licht: 2,256190,3,3,5,01,17,5,0,2,1,1,0,0,0,0
"POINT (12.383220043000051 51.303137772000071)",Unfall 256191 (2019) Kat:2, Licht: 2,256191,2,1,8,01,18,5,1,2,0,1,0,0,0,0
"POINT (12.454156886000021 51.297678021000081)",Unfall 256192 (2019) Kat:3, Licht: 2,256192,3,3,5,01,19,5,0,2,0,1,0,0,0,0
"POINT (12.363895088000049 51.371922245000064)",Unfall 256193 (2019) Kat:3, Licht: 0,256193,3,6,2,01,09,6,2,0,0,1,0,0,0,0
"POINT (12.376897791000033 51.325104207000038)",Unfall 256195 (2019) Kat:3, Licht: 2,256195,3,2,5,01,06,3,0,2,1,1,0,0,0,0
"POINT (12.304879305000043 51.313421117000075)",Unfall 256197 (2019) Kat:3, Licht: 2,256197,3,6,2,01,06,5,1,2,0,1,0,0,0,0
"POINT (12.385158447000038 51.342315915000029)",Unfall 256199 (2019) Kat:2, Licht: 0,256199,2,7,0,01,11,6,2,0,0,1,0,0,0,0
"POINT (12.415402876000030 51.319928423000079)",Unfall 256200 (2019) Kat:3, Licht: 2,256200,3,3,5,01,19,1,0,2,0,1,0,0,0,0
"POINT (12.338068964000058 51.369663934000073)",Unfall 256208 (2019) Kat:3, Licht: 2,256208,3,2,6,01,19,6,0,2,0,1,1,0,0,0
"POINT (12.376878775000023 51.324200976000043)",Unfall 256216 (2019) Kat:2, Licht: 2,256216,2,3,5,01,23,5,1,2,0,1,0,0,0,0
"POINT (12.348127761000057 51.366420359000074)",Unfall 256221 (2019) Kat:3, Licht: 1,256221,3,4,6,01,16,4,1,1,0,1,1,0,0,0
"POINT (12.336153094000053 51.332041723000032)",Unfall 256224 (2019) Kat:2, Licht: 0,256224,2,7,6,01,11,4,1,0,0,0,1,0,0,1
"POINT (12.401571651000040 51.340491066000027)",Unfall 256226 (2019) Kat:3, Licht: 0,256226,3,1,0,01,18,7,0,0,0,0,0,0,0,1
"POINT (12.459199217000048 51.401929167000048)",Unfall 256228 (2019) Kat:2, Licht: 0,256228,2,2,4,01,07,4,1,0,0,1,0,0,0,0
"POINT (12.377051851000033 51.366702423000049)",Unfall 256230 (2019) Kat:3, Licht: 2,256230,3,1,1,01,00,1,1,2,1,1,0,0,0,0
"POINT (12.332473118000053 51.323002918000043)",Unfall 256236 (2019) Kat:3, Licht: 2,256236,3,3,5,01,17,3,0,2,0,1,0,0,0,1
"POINT (12.402665667000065 51.327324694000026)",Unfall 256242 (2019) Kat:3, Licht: 0,256242,3,1,0,01,07,2,2,0,1,0,0,0,0,0
"POINT (12.269849760000056 51.321162515000026)",Unfall 256245 (2019) Kat:3, Licht: 2,256245,3,1,8,01,18,5,1,2,0,1,0,1,0,0
"POINT (12.376823432000037 51.360959085000047)",Unfall 256253 (2019) Kat:3, Licht: 0,256253,3,1,1,01,09,2,2,0,1,1,0,0,0,0
"POINT (12.370327304000057 51.326373466000064)",Unfall 256255 (2019) Kat:3, Licht: 0,256255,3,7,6,01,11,5,0,0,0,1,1,0,0,0
"POINT (12.409392214000036 51.366346476000047)",Unfall 256256 (2019) Kat:3, Licht: 0,256256,3,1,9,01,15,2,2,0,0,1,0,0,0,0
"POINT (12.337190616000044 51.321374135000042)",Unfall 256258 (2019) Kat:3, Licht: 2,256258,3,7,0,01,01,6,0,2,0,1,0,0,0,0
"POINT (12.302265040000066 51.353626660000032)",Unfall 256260 (2019) Kat:3, Licht: 0,256260,3,6,2,01,09,3,2,0,0,1,0,0,0,0
"POINT (12.453241385000069 51.272809224000071)",Unfall 256272 (2019) Kat:3, Licht: 0,256272,3,6,4,01,12,7,1,0,0,1,0,0,0,0
"POINT (12.363054920000025 51.330191754000055)",Unfall 256273 (2019) Kat:3, Licht: 1,256273,3,6,3,01,17,3,1,1,1,1,0,0,0,0
"POINT (12.325383431000034 51.334140325000078)",Unfall 256274 (2019) Kat:2, Licht: 0,256274,2,4,6,01,13,6,0,0,0,1,1,0,0,0
"POINT (12.311755833000063 51.310472014000027)",Unfall 256275 (2019) Kat:3, Licht: 1,256275,3,4,6,01,07,3,1,1,0,1,1,0,0,0
"POINT (12.391592139000068 51.357991935000030)",Unfall 256278 (2019) Kat:3, Licht: 0,256278,3,3,5,01,16,3,0,0,0,1,0,0,0,0
"POINT (12.380214026000033 51.340051011000071)",Unfall 256281 (2019) Kat:3, Licht: 2,256281,3,5,3,01,19,2,1,2,0,1,0,0,0,1
"POINT (12.290305981000074 51.359757269000056)",Unfall 256283 (2019) Kat:3, Licht: 2,256283,3,2,6,01,17,3,1,2,0,1,1,0,0,0
"POINT (12.361775876000024 51.374712106000061)",Unfall 256286 (2019) Kat:3, Licht: 0,256286,3,6,3,01,10,3,1,0,0,1,0,0,0,1
"POINT (12.263867894000043 51.306935805000080)",Unfall 256290 (2019) Kat:3, Licht: 2,256290,3,3,5,01,16,3,1,2,0,1,0,0,0,1
"POINT (12.397679390000064 51.345976665000080)",Unfall 256291 (2019) Kat:2, Licht: 0,256291,2,5,1,01,15,4,0,0,1,1,0,0,0,0
"POINT (12.414708450000035 51.353979596000045)",Unfall 256294 (2019) Kat:3, Licht: 1,256294,3,7,0,01,07,3,1,1,1,0,0,0,0,0
"POINT (12.393576454000026 51.408190872000034)",Unfall 256295 (2019) Kat:3, Licht: 2,256295,3,1,9,01,18,5,1,2,0,1,0,0,0,0
"POINT (12.336905738000041 51.329376091000029)",Unfall 256297 (2019) Kat:3, Licht: 0,256297,3,6,2,01,09,6,1,0,0,1,0,0,0,0
"POINT (12.403913689000035 51.400347126000042)",Unfall 256301 (2019) Kat:3, Licht: 2,256301,3,3,5,01,17,7,0,2,0,1,0,0,0,0
"POINT (12.459062934000031 51.306891238000048)",Unfall 256306 (2019) Kat:3, Licht: 1,256306,3,1,8,01,07,2,2,1,0,1,0,0,0,0
"POINT (12.371347174000050 51.316771978000077)",Unfall 256312 (2019) Kat:3, Licht: 0,256312,3,3,5,01,08,6,2,0,0,1,0,0,0,0
"POINT (12.340226515000040 51.393046157000072)",Unfall 256320 (2019) Kat:3, Licht: 2,256320,3,3,5,01,06,5,0,2,1,1,0,0,0,0
"POINT (12.459129877000066 51.353150783000046)",Unfall 256321 (2019) Kat:3, Licht: 0,256321,3,3,5,01,10,2,0,0,0,1,0,0,0,0
"POINT (12.349321398000029 51.348509630000081)",Unfall 256334 (2019) Kat:3, Licht: 2,256334,3,2,5,01,18,2,1,2,0,1,0,0,0,0
"POINT (12.327128734000041 51.305742425000062)",Unfall 256336 (2019) Kat:3, Licht: 0,256336,3,3,5,01,11,2,1,0,0,1,0,0,0,0
"POINT (12.430816833000051 51.368868384000052)",Unfall 256337 (2019) Kat:3, Licht: 0,256337,3,3,5,01,12,7,1,0,0,1,0,0,0,0
"POINT (12.412617271000045 51.334499980000032)",Unfall 256338 (2019) Kat:3, Licht: 2,256338,3,1,0,01,22,3,1,2,1,0,0,0,0,0
"POINT (12.337199371000054 51.372450465000043)",Unfall 256339 (2019) Kat:3, Licht: 2,256339,3,7,1,01,18,2,1,2,0,1,0,0,0,0
"POINT (12.366708687000028 51.325182324000082)",Unfall 256343 (2019) Kat:3, Licht: 1,256343,3,3,5,01,07,2,1,1,1,1,0,0,0,0
"POINT (12.401560150000023 51.339254013000073)",Unfall 256345 (2019) Kat:3, Licht: 0,256345,3,5,3,01,15,5,0,0,1,1,0,0,0,0
"POINT (12.416316478000056 51.323769308000067)",Unfall 256348 (2019) Kat:3, Licht: 1,256348,3,5,1,01,08,2,0,1,1,1,0,0,0,0
"POINT (12.376831085000049 51.322017035000044)",Unfall 256353 (2019) Kat:3, Licht: 2,256353,3,3,5,01,00,6,1,2,1,0,0,0,0,1
"POINT (12.468225126000050 51.359636305000038)",Unfall 256356 (2019) Kat:3, Licht: 1,256356,3,1,9,01,07,2,2,1,1,0,0,0,0,0
"POINT (12.353625305000037 51.362635257000079)",Unfall 256359 (2019) Kat:3, Licht: 1,256359,3,3,5,01,16,2,2,1,0,1,0,0,0,0
"POINT (12.436572650000073 51.305697329000054)",Unfall 256362 (2019) Kat:3, Licht: 0,256362,3,4,6,01,12,6,0,0,0,1,1,0,0,0
"POINT (12.427967938000052 51.358673546000034)",Unfall 256363 (2019) Kat:3, Licht: 0,256363,3,3,5,01,13,3,0,0,0,1,0,0,0,0
"POINT (12.376467453000032 51.310052355000039)",Unfall 256374 (2019) Kat:3, Licht: 0,256374,3,7,6,01,15,1,0,0,0,1,1,0,0,0
"POINT (12.310606286000052 51.329471998000031)",Unfall 256377 (2019) Kat:1, Licht: 2,256377,1,4,6,01,17,1,1,2,0,1,1,0,0,0
"POINT (12.388554680000027 51.325925904000030)",Unfall 256379 (2019) Kat:3, Licht: 0,256379,3,3,5,01,14,7,0,0,0,1,0,0,0,0
"POINT (12.380308695000053 51.342158290000043)",Unfall 256382 (2019) Kat:3, Licht: 2,256382,3,7,4,01,22,7,1,2,0,1,0,0,0,0
"POINT (12.370918784000025 51.337429895000071)",Unfall 256384 (2019) Kat:2, Licht: 2,256384,2,1,8,01,00,1,1,2,0,1,0,0,0,0
"POINT (12.381793457000072 51.320654439000066)",Unfall 256386 (2019) Kat:3, Licht: 2,256386,3,3,5,01,20,7,1,2,1,1,0,0,0,0
"POINT (12.291269948000036 51.356396452000070)",Unfall 256388 (2019) Kat:3, Licht: 0,256388,3,3,5,01,10,7,1,0,1,1,0,0,0,0
"POINT (12.398322630000052 51.339217535000046)",Unfall 256390 (2019) Kat:2, Licht: 2,256390,2,2,5,01,17,3,1,2,0,1,0,0,0,1
"POINT (12.339605828000060 51.318407467000043)",Unfall 256391 (2019) Kat:3, Licht: 2,256391,3,7,0,01,17,7,1,2,0,0,0,1,0,0
"POINT (12.418512168000063 51.357326425000053)",Unfall 256395 (2019) Kat:3, Licht: 0,256395,3,3,5,01,11,7,1,0,0,1,0,0,0,0
"POINT (12.439297592000059 51.346750236000048)",Unfall 256396 (2019) Kat:2, Licht: 2,256396,2,1,7,01,18,7,1,2,0,1,0,0,0,1
"POINT (12.376222095000060 51.348312742000076)",Unfall 256398 (2019) Kat:3, Licht: 2,256398,3,3,5,01,03,7,1,2,0,1,0,0,0,0
"POINT (12.402103923000027 51.324944839000068)",Unfall 256399 (2019) Kat:3, Licht: 1,256399,3,2,3,01,07,5,0,1,0,0,0,0,0,1
"POINT (12.363886487000059 51.332211012000073)",Unfall 256403 (2019) Kat:3, Licht: 0,256403,3,3,5,01,08,3,0,0,1,1,0,0,0,0
"POINT (12.380918763000068 51.310954403000039)",Unfall 256407 (2019) Kat:3, Licht: 0,256407,3,5,3,01,07,2,2,0,1,1,0,0,0,0
"POINT (12.336990253000067 51.329511249000063)",Unfall 256409 (2019) Kat:3, Licht: 1,256409,3,2,0,01,16,5,0,1,0,0,0,0,0,1
"POINT (12.309204975000057 51.328060943000025)",Unfall 256422 (2019) Kat:3, Licht: 1,256422,3,2,5,02,06,4,0,1,1,1,0,0,0,0
"POINT (12.343126876000042 51.322696281000049)",Unfall 256431 (2019) Kat:3, Licht: 2,256431,3,3,5,02,18,3,0,2,1,1,0,0,0,0
"POINT (12.383913977000077 51.380597602000080)",Unfall 256432 (2019) Kat:3, Licht: 0,256432,3,2,4,02,15,3,0,0,0,1,0,0,0,0
"POINT (12.410648936000030 51.335032739000042)",Unfall 256433 (2019) Kat:3, Licht: 0,256433,3,3,5,02,09,3,0,0,0,1,0,0,0,0
"POINT (12.330717038000046 51.330589603000078)",Unfall 256442 (2019) Kat:3, Licht: 0,256442,3,3,5,02,12,2,0,0,0,1,0,1,0,0
"POINT (12.267885262000050 51.345480348000081)",Unfall 256443 (2019) Kat:3, Licht: 0,256443,3,2,5,02,09,2,0,0,1,1,0,0,0,0
"POINT (12.385682454000062 51.366796438000051)",Unfall 256445 (2019) Kat:3, Licht: 0,256445,3,6,3,02,16,2,0,0,0,1,0,1,0,0
"POINT (12.353180426000051 51.352915962000054)",Unfall 256457 (2019) Kat:3, Licht: 0,256457,3,6,2,02,16,1,0,0,0,1,0,0,0,0
"POINT (12.319730903000050 51.327945260000035)",Unfall 256458 (2019) Kat:3, Licht: 2,256458,3,7,1,02,21,1,0,2,1,0,0,1,0,0
"POINT (12.381411945000025 51.330392332000031)",Unfall 256468 (2019) Kat:3, Licht: 1,256468,3,7,0,02,18,7,0,1,1,0,0,0,0,0
"POINT (12.325730208000039 51.313439830000050)",Unfall 256469 (2019) Kat:3, Licht: 1,256469,3,4,6,02,17,7,0,1,0,1,1,0,0,0
"POINT (12.313388084000053 51.347892051000031)",Unfall 256470 (2019) Kat:3, Licht: 0,256470,3,2,4,02,09,7,0,0,0,1,0,0,0,0
"POINT (12.370210455000063 51.343298137000033)",Unfall 256475 (2019) Kat:3, Licht: 0,256475,3,6,3,02,12,6,0,0,0,1,0,0,1,0
"POINT (12.361152560000050 51.361710397000081)",Unfall 256476 (2019) Kat:3, Licht: 0,256476,3,3,5,02,07,6,0,0,0,1,0,0,0,0
"POINT (12.349953872000071 51.366035436000061)",Unfall 256477 (2019) Kat:3, Licht: 2,256477,3,4,6,02,20,6,0,2,0,1,1,0,0,0
"POINT (12.373334337000074 51.317914093000070)",Unfall 256478 (2019) Kat:3, Licht: 2,256478,3,6,2,02,18,6,0,2,0,1,0,0,0,0
"POINT (12.292869553000060 51.359348474000058)",Unfall 256480 (2019) Kat:2, Licht: 2,256480,2,4,6,02,07,6,0,2,0,1,1,0,0,0
"POINT (12.366954091000025 51.335699190000071)",Unfall 256494 (2019) Kat:3, Licht: 0,256494,3,2,3,02,13,5,0,0,1,0,0,0,0,0
"POINT (12.298187758000040 51.325109396000073)",Unfall 256495 (2019) Kat:3, Licht: 0,256495,3,6,2,02,14,5,0,0,0,1,0,0,0,0
"POINT (12.405434588000048 51.338073667000060)",Unfall 256496 (2019) Kat:3, Licht: 0,256496,3,6,3,02,14,5,0,0,0,0,0,0,0,1
"POINT (12.354770379000058 51.350935590000063)",Unfall 256498 (2019) Kat:3, Licht: 2,256498,3,3,5,02,05,5,0,2,1,1,0,0,0,0
"POINT (12.327047711000034 51.341773702000069)",Unfall 256503 (2019) Kat:2, Licht: 2,256503,2,3,5,02,19,4,0,2,1,0,0,0,0,0
"POINT (12.329383657000051 51.322122255000068)",Unfall 256504 (2019) Kat:3, Licht: 0,256504,3,4,0,02,10,5,0,0,0,1,1,0,0,0
"POINT (12.373388544000022 51.313588403000040)",Unfall 256505 (2019) Kat:3, Licht: 2,256505,3,6,2,02,18,4,0,2,0,1,0,0,0,0
"POINT (12.330005560000075 51.320302007000066)",Unfall 256506 (2019) Kat:2, Licht: 1,256506,2,4,6,02,18,4,0,1,0,1,1,0,0,0
"POINT (12.443555772000025 51.346229665000067)",Unfall 256511 (2019) Kat:3, Licht: 0,256511,3,7,3,02,16,3,0,0,0,1,0,0,0,0
"POINT (12.364754439000023 51.343141832000072)",Unfall 256512 (2019) Kat:1, Licht: 2,256512,1,4,6,02,19,3,0,2,0,1,1,0,0,0
"POINT (12.388298590000034 51.326092391000032)",Unfall 256516 (2019) Kat:3, Licht: 0,256516,3,4,6,02,14,2,0,0,1,0,1,0,0,0
"POINT (12.411575728000059 51.345235027000058)",Unfall 256522 (2019) Kat:3, Licht: 2,256522,3,1,0,02,00,1,0,2,1,0,0,0,0,0
"POINT (12.400375085000064 51.345826074000058)",Unfall 256523 (2019) Kat:3, Licht: 0,256523,3,2,5,02,09,1,1,0,1,1,0,0,0,0
"POINT (12.404918547000022 51.330289660000062)",Unfall 256529 (2019) Kat:3, Licht: 0,256529,3,2,5,02,12,7,0,0,0,1,0,0,0,0
"POINT (12.368670298000040 51.361833096000055)",Unfall 256530 (2019) Kat:3, Licht: 0,256530,3,6,3,02,13,7,0,0,1,1,0,0,0,0
"POINT (12.334828799000036 51.372892069000045)",Unfall 256531 (2019) Kat:3, Licht: 0,256531,3,3,5,02,14,7,0,0,0,1,0,0,0,0
"POINT (12.354950727000073 51.349626656000055)",Unfall 256532 (2019) Kat:3, Licht: 2,256532,3,4,6,02,17,7,0,2,0,0,1,0,0,1
"POINT (12.373563917000070 51.368004036000059)",Unfall 256540 (2019) Kat:3, Licht: 0,256540,3,1,1,02,09,6,1,0,0,1,0,1,0,0
"POINT (12.367061126000067 51.325466168000048)",Unfall 256541 (2019) Kat:3, Licht: 2,256541,3,2,5,02,20,6,0,2,1,1,0,0,0,0
"POINT (12.330930422000051 51.341498468000054)",Unfall 256543 (2019) Kat:3, Licht: 0,256543,3,5,1,02,12,6,0,0,1,1,0,0,0,0
"POINT (12.405013791000044 51.305866006000031)",Unfall 256551 (2019) Kat:3, Licht: 2,256551,3,2,4,02,19,5,1,2,1,0,0,0,0,0
"POINT (12.385993777000067 51.368459252000036)",Unfall 256552 (2019) Kat:3, Licht: 0,256552,3,6,2,02,08,5,0,0,0,1,0,0,0,0
"POINT (12.402101250000044 51.332785554000054)",Unfall 256553 (2019) Kat:2, Licht: 0,256553,2,4,6,02,16,5,0,0,1,0,1,0,0,0
"POINT (12.325635805000047 51.312152711000067)",Unfall 256556 (2019) Kat:3, Licht: 0,256556,3,4,6,02,15,5,0,0,0,1,1,0,0,0
"POINT (12.376873202000070 51.356025425000041)",Unfall 256562 (2019) Kat:3, Licht: 0,256562,3,3,5,02,15,4,0,0,1,1,0,0,0,0
"POINT (12.403248558000030 51.327182304000075)",Unfall 256563 (2019) Kat:3, Licht: 0,256563,3,4,6,02,16,4,0,0,0,1,1,0,0,0
"POINT (12.373249263000048 51.310115646000042)",Unfall 256564 (2019) Kat:3, Licht: 0,256564,3,3,5,02,08,4,0,0,0,1,0,0,0,0
"POINT (12.410143637000033 51.375803115000053)",Unfall 256565 (2019) Kat:3, Licht: 0,256565,3,7,1,02,16,4,0,0,0,1,0,0,0,0
"POINT (12.383706455000038 51.344600106000030)",Unfall 256567 (2019) Kat:2, Licht: 2,256567,2,3,5,02,18,4,0,2,1,1,0,0,0,0
"POINT (12.407078125000055 51.338548863000028)",Unfall 256574 (2019) Kat:3, Licht: 2,256574,3,5,2,02,21,3,0,2,0,1,0,0,0,0
"POINT (12.301450570000043 51.346443972000031)",Unfall 256575 (2019) Kat:3, Licht: 0,256575,3,2,2,02,10,3,0,0,0,1,0,0,0,1
"POINT (12.330685434000031 51.320797303000063)",Unfall 256582 (2019) Kat:3, Licht: 0,256582,3,4,6,02,15,2,0,0,0,1,1,0,0,0
"POINT (12.342603044000043 51.318711177000068)",Unfall 256583 (2019) Kat:3, Licht: 0,256583,3,6,2,02,13,2,0,0,0,1,0,0,0,0
"POINT (12.396275565000053 51.310315798000033)",Unfall 256585 (2019) Kat:3, Licht: 0,256585,3,2,6,02,09,2,2,0,0,1,1,0,0,0
"POINT (12.298958517000074 51.413278795000053)",Unfall 256586 (2019) Kat:3, Licht: 0,256586,3,3,5,02,11,2,0,0,0,1,0,0,1,0
"POINT (12.378340173000026 51.376241007000033)",Unfall 256587 (2019) Kat:3, Licht: 2,256587,3,4,6,02,05,2,1,2,0,1,1,0,0,0
"POINT (12.349341504000051 51.348514106000039)",Unfall 256588 (2019) Kat:2, Licht: 2,256588,2,2,5,02,17,2,0,2,1,1,0,0,0,0
"POINT (12.405930333000072 51.342723739000064)",Unfall 256589 (2019) Kat:3, Licht: 2,256589,3,4,6,02,22,2,0,2,0,0,1,0,0,1
"POINT (12.330242744000032 51.320198771000037)",Unfall 256590 (2019) Kat:3, Licht: 0,256590,3,2,6,02,15,2,0,0,0,1,1,0,0,0
"POINT (12.296833783000068 51.352835138000046)",Unfall 256594 (2019) Kat:3, Licht: 0,256594,3,3,5,02,16,5,0,0,1,1,0,0,0,0
"POINT (12.379061533000026 51.387482217000070)",Unfall 256603 (2019) Kat:3, Licht: 2,256603,3,1,8,02,04,7,0,2,0,1,0,0,0,0
"POINT (12.378882089000058 51.325038750000033)",Unfall 256604 (2019) Kat:2, Licht: 2,256604,2,3,5,02,02,7,1,2,0,1,0,0,0,0
"POINT (12.417427880000048 51.311087249000082)",Unfall 256613 (2019) Kat:3, Licht: 1,256613,3,2,2,02,07,6,1,1,0,1,0,0,0,1
"POINT (12.409330495000063 51.359844008000039)",Unfall 256614 (2019) Kat:3, Licht: 2,256614,3,1,9,02,22,6,0,2,0,0,0,1,0,0
"POINT (12.357706860000064 51.361549305000040)",Unfall 256615 (2019) Kat:3, Licht: 0,256615,3,3,5,02,08,6,0,0,0,1,0,0,0,0
"POINT (12.437253578000025 51.395775903000072)",Unfall 256616 (2019) Kat:3, Licht: 2,256616,3,2,4,02,20,6,0,2,0,1,0,0,0,0
"POINT (12.371581096000057 51.354626039000038)",Unfall 256627 (2019) Kat:3, Licht: 2,256627,3,3,5,01,18,5,0,2,1,1,0,0,0,0
"POINT (12.369269849000034 51.322264248000067)",Unfall 256628 (2019) Kat:3, Licht: 2,256628,3,3,5,01,17,5,0,2,0,1,0,0,0,0
"POINT (12.404864104000069 51.330291441000043)",Unfall 256629 (2019) Kat:3, Licht: 0,256629,3,3,5,01,11,5,0,0,1,1,0,0,0,0
"POINT (12.369235591000063 51.356597673000067)",Unfall 256630 (2019) Kat:1, Licht: 2,256630,1,4,6,01,18,5,0,2,0,1,1,0,0,0
"POINT (12.400784724000061 51.307570289000068)",Unfall 256642 (2019) Kat:3, Licht: 0,256642,3,5,6,01,15,4,0,0,0,1,1,0,0,0
"POINT (12.460809509000057 51.282545095000046)",Unfall 256643 (2019) Kat:3, Licht: 0,256643,3,6,6,01,11,4,0,0,0,0,1,0,0,1
"POINT (12.376479893000067 51.343025872000055)",Unfall 256655 (2019) Kat:3, Licht: 0,256655,3,4,6,01,12,3,1,0,0,1,1,0,0,0