WKT,Name,OBJECTID,UKATEGORIE,UTYP1,UART,UMONAT,USTUNDE,UWOCHENTAG,STRZUSTAND,ULICHTVERH,ISTRAD,ISTPKW,ISTFUSS,ISTKRAD,ISTGKFZ,ISTSONSTIG
"POINT (12.356964781000045 51.336130263000030)",Unfall 256656 (2019) Kat:3, Licht: 0,256656,3,6,3,01,09,3,1,0,0,1,0,0,1,0
"POINT (12.373573064000027 51.320178330000033)",Unfall 256657 (2019) Kat:2, Licht: 0,256657,2,6,3,01,13,3,0,0,1,0,0,0,1,0
"POINT (12.379965533000075 51.328776620000042)",Unfall 256658 (2019) Kat:3, Licht: 2,256658,3,4,6,01,07,3,1,2,0,1,1,0,0,0
"POINT (12.410924218000048 51.373319819000073)",Unfall 256659 (2019) Kat:3, Licht: 0,256659,3,6,2,01,16,3,0,0,0,1,0,0,0,0
"POINT (12.388178977000052 51.353513077000059)",Unfall 256663 (2019) Kat:2, Licht: 0,256663,2,3,5,02,10,5,0,0,1,0,0,0,0,0
"POINT (12.450867860000074 51.383451793000063)",Unfall 256674 (2019) Kat:3, Licht: 1,256674,3,2,5,03,17,6,1,1,0,1,0,0,0,0
"POINT (12.351288585000077 51.345056986000031)",Unfall 256688 (2019) Kat:3, Licht: 0,256688,3,4,6,03,12,5,1,0,0,1,1,0,0,0
"POINT (12.371414140000070 51.320783309000035)",Unfall 256689 (2019) Kat:2, Licht: 2,256689,2,4,6,03,18,6,1,2,0,1,1,0,0,0
"POINT (12.335922769000035 51.319243531000041)",Unfall 256690 (2019) Kat:3, Licht: 0,256690,3,6,2,03,15,5,1,0,0,1,0,0,0,0
"POINT (12.339446209000073 51.326734671000054)",Unfall 256691 (2019) Kat:3, Licht: 0,256691,3,5,1,03,13,5,1,0,0,1,0,1,0,0
"POINT (12.390857020000055 51.365894661000027)",Unfall 256692 (2019) Kat:3, Licht: 0,256692,3,6,6,03,08,5,0,0,0,1,1,0,0,0
"POINT (12.421484573000043 51.317045780000058)",Unfall 256702 (2019) Kat:3, Licht: 0,256702,3,3,5,03,16,4,0,0,0,1,0,0,0,0
"POINT (12.368967341000030 51.311424753000040)",Unfall 256712 (2019) Kat:3, Licht: 0,256712,3,7,1,03,16,3,0,0,1,0,0,0,0,1
"POINT (12.358349472000043 51.356435646000079)",Unfall 256713 (2019) Kat:3, Licht: 0,256713,3,7,0,03,09,3,0,0,0,0,0,0,1,1
"POINT (12.415029714000070 51.345437032000063)",Unfall 256714 (2019) Kat:2, Licht: 0,256714,2,4,6,03,12,3,0,0,0,1,1,0,0,0
"POINT (12.398796073000028 51.336370264000038)",Unfall 256728 (2019) Kat:3, Licht: 0,256728,3,2,1,03,08,2,0,0,1,0,0,0,1,0
"POINT (12.359236811000073 51.334468740000034)",Unfall 256729 (2019) Kat:3, Licht: 2,256729,3,2,6,03,19,2,1,2,0,1,1,0,0,0
"POINT (12.459126693000030 51.353144578000069)",Unfall 256730 (2019) Kat:3, Licht: 0,256730,3,2,3,03,15,2,0,0,0,1,0,0,0,1
"POINT (12.379987646000075 51.328856739000059)",Unfall 256731 (2019) Kat:3, Licht: 0,256731,3,2,5,03,07,2,0,0,1,0,0,0,0,1
"POINT (12.374673492000056 51.348023942000054)",Unfall 256732 (2019) Kat:2, Licht: 0,256732,2,2,6,03,13,2,0,0,0,1,1,0,0,0
"POINT (12.379198053000039 51.310185589000071)",Unfall 256733 (2019) Kat:3, Licht: 0,256733,3,2,6,03,15,2,0,0,1,0,1,0,0,0
"POINT (12.381082439000068 51.336769287000038)",Unfall 256741 (2019) Kat:3, Licht: 2,256741,3,3,5,03,01,1,0,2,1,1,0,0,0,0
"POINT (12.370823629000029 51.336352873000067)",Unfall 256746 (2019) Kat:3, Licht: 2,256746,3,3,5,03,23,7,0,2,1,1,0,0,0,0
"POINT (12.332505950000041 51.319746262000081)",Unfall 256747 (2019) Kat:3, Licht: 0,256747,3,6,2,03,11,7,0,0,0,1,0,0,0,0
"POINT (12.410724721000065 51.318749631000060)",Unfall 256749 (2019) Kat:3, Licht: 0,256749,3,3,5,03,10,7,0,0,0,1,0,0,0,0
"POINT (12.384866488000057 51.378850766000028)",Unfall 256750 (2019) Kat:3, Licht: 0,256750,3,3,5,03,11,7,0,0,0,1,0,0,0,0
"POINT (12.362905122000029 51.373475261000067)",Unfall 256759 (2019) Kat:3, Licht: 0,256759,3,2,3,03,13,6,0,0,0,1,0,0,0,1
"POINT (12.393581175000065 51.344697434000068)",Unfall 256760 (2019) Kat:3, Licht: 0,256760,3,3,5,03,08,6,0,0,1,1,0,0,0,0
"POINT (12.327179079000075 51.329639064000048)",Unfall 256761 (2019) Kat:3, Licht: 0,256761,3,3,5,03,07,6,0,0,1,1,0,0,0,0
"POINT (12.406937435000032 51.316998722000051)",Unfall 256762 (2019) Kat:3, Licht: 0,256762,3,4,6,03,07,6,0,0,0,0,1,0,0,1
"POINT (12.447730563000050 51.345803304000071)",Unfall 256764 (2019) Kat:2, Licht: 0,256764,2,3,5,03,14,6,0,0,1,1,0,0,0,0
"POINT (12.327047125000036 51.341774054000041)",Unfall 256765 (2019) Kat:3, Licht: 2,256765,3,3,5,03,19,6,0,2,1,1,0,0,0,0
"POINT (12.309204205000071 51.328061517000037)",Unfall 256775 (2019) Kat:2, Licht: 0,256775,2,2,2,03,17,5,0,0,0,1,0,0,0,0
"POINT (12.418678954000029 51.313511848000076)",Unfall 256777 (2019) Kat:3, Licht: 0,256777,3,3,5,03,09,5,0,0,0,1,0,0,0,0
"POINT (12.409513316000073 51.348039164000056)",Unfall 256778 (2019) Kat:3, Licht: 0,256778,3,7,0,03,16,5,0,0,0,1,0,0,0,0
"POINT (12.404546179000022 51.329524002000028)",Unfall 256779 (2019) Kat:3, Licht: 1,256779,3,5,1,03,17,5,0,1,1,1,0,0,0,0
"POINT (12.356493873000034 51.346915808000062)",Unfall 256780 (2019) Kat:3, Licht: 0,256780,3,6,3,03,07,5,0,0,1,1,0,0,0,0
"POINT (12.383959509000022 51.399986135000063)",Unfall 256789 (2019) Kat:3, Licht: 0,256789,3,6,1,03,12,4,0,0,0,1,0,0,0,0
"POINT (12.352047694000021 51.343620497000074)",Unfall 256793 (2019) Kat:3, Licht: 2,256793,3,3,3,03,19,1,1,2,0,1,0,1,0,0
"POINT (12.337389527000028 51.325728228000060)",Unfall 256795 (2019) Kat:2, Licht: 2,256795,2,3,5,03,18,4,0,2,1,0,0,0,0,0
"POINT (12.293485264000026 51.319457898000053)",Unfall 256796 (2019) Kat:3, Licht: 0,256796,3,3,5,03,13,4,0,0,1,1,0,0,0,0
"POINT (12.431455069000037 51.300298975000032)",Unfall 256803 (2019) Kat:3, Licht: 0,256803,3,4,6,03,12,6,0,0,0,1,1,0,0,0
"POINT (12.362897131000068 51.330618480000055)",Unfall 256816 (2019) Kat:3, Licht: 2,256816,3,2,4,03,20,3,0,2,0,0,0,1,0,1
"POINT (12.376114961000042 51.358060446000081)",Unfall 256817 (2019) Kat:3, Licht: 1,256817,3,6,2,03,19,3,0,1,0,1,0,0,0,0
"POINT (12.380187184000022 51.339255689000026)",Unfall 256818 (2019) Kat:3, Licht: 0,256818,3,2,3,03,09,3,0,0,1,0,0,0,0,1
"POINT (12.393560801000035 51.379136241000026)",Unfall 256819 (2019) Kat:2, Licht: 0,256819,2,7,1,03,15,3,0,0,0,1,0,0,0,0
"POINT (12.339505546000055 51.326701500000070)",Unfall 256837 (2019) Kat:3, Licht: 0,256837,3,2,4,03,06,2,0,0,1,1,0,0,0,0
"POINT (12.286991986000032 51.354049365000037)",Unfall 256839 (2019) Kat:3, Licht: 0,256839,3,3,5,03,12,2,0,0,0,1,0,0,0,0
"POINT (12.475359589000050 51.345626779000042)",Unfall 256840 (2019) Kat:3, Licht: 0,256840,3,2,4,03,16,2,0,0,1,1,0,0,0,0
"POINT (12.322432878000029 51.373337869000068)",Unfall 256841 (2019) Kat:3, Licht: 2,256841,3,5,3,03,20,2,0,2,0,1,0,0,0,0
"POINT (12.313391868000053 51.347895176000065)",Unfall 256842 (2019) Kat:3, Licht: 1,256842,3,2,4,03,05,2,0,1,0,1,0,0,0,0
"POINT (12.494046953000066 51.348165676000065)",Unfall 256843 (2019) Kat:3, Licht: 0,256843,3,3,5,03,09,2,0,0,0,1,0,0,1,0
"POINT (12.412389126000051 51.333396502000028)",Unfall 256853 (2019) Kat:3, Licht: 0,256853,3,3,5,03,14,1,1,0,0,1,0,0,0,0
"POINT (12.404942828000060 51.345582531000048)",Unfall 256854 (2019) Kat:2, Licht: 0,256854,2,4,6,03,10,1,0,0,0,1,1,0,0,0
"POINT (12.372036809000065 51.329971489000059)",Unfall 256858 (2019) Kat:3, Licht: 0,256858,3,5,1,03,17,7,0,0,1,1,0,0,0,0
"POINT (12.408195849000037 51.340100790000065)",Unfall 256859 (2019) Kat:3, Licht: 2,256859,3,2,6,03,22,7,0,2,0,1,1,0,0,0
"POINT (12.396116289000076 51.343170569000051)",Unfall 256868 (2019) Kat:3, Licht: 2,256868,3,3,5,03,18,6,1,2,1,1,0,0,0,0
"POINT (12.397932324000067 51.345964030000061)",Unfall 256869 (2019) Kat:3, Licht: 2,256869,3,6,3,03,19,6,1,2,1,0,0,0,0,1
"POINT (12.410871529000076 51.359673445000055)",Unfall 256870 (2019) Kat:3, Licht: 2,256870,3,1,9,03,03,6,1,2,0,1,0,0,0,0
"POINT (12.479208632000052 51.345817882000063)",Unfall 256871 (2019) Kat:3, Licht: 0,256871,3,2,2,03,12,6,0,0,0,1,0,0,0,0
"POINT (12.383907678000071 51.380606442000044)",Unfall 256876 (2019) Kat:3, Licht: 0,256876,3,3,5,03,15,6,1,0,0,1,0,0,0,0
"POINT (12.376678217000062 51.340820403000066)",Unfall 256881 (2019) Kat:3, Licht: 0,256881,3,4,6,02,12,5,0,0,1,0,1,0,0,0
"POINT (12.327193357000056 51.329642887000034)",Unfall 256882 (2019) Kat:3, Licht: 0,256882,3,3,5,02,13,5,0,0,1,1,0,0,0,0
"POINT (12.307064455000045 51.323114112000042)",Unfall 256883 (2019) Kat:3, Licht: 0,256883,3,3,5,02,12,5,0,0,1,1,0,0,0,0
"POINT (12.373678798000071 51.330511342000079)",Unfall 256895 (2019) Kat:3, Licht: 0,256895,3,2,1,02,14,4,0,0,1,1,0,0,0,0
"POINT (12.401568110000028 51.339252216000034)",Unfall 256897 (2019) Kat:3, Licht: 2,256897,3,5,3,02,18,4,0,2,1,1,0,0,0,0
"POINT (12.376928747000022 51.343697920000068)",Unfall 256898 (2019) Kat:3, Licht: 2,256898,3,2,3,02,20,4,0,2,1,1,0,0,0,0
"POINT (12.384342755000034 51.300517145000072)",Unfall 256899 (2019) Kat:3, Licht: 0,256899,3,3,5,02,14,4,0,0,1,1,0,0,0,0
"POINT (12.362453013000049 51.338942911000061)",Unfall 256913 (2019) Kat:3, Licht: 1,256913,3,6,2,02,19,3,0,1,0,1,0,0,0,0
"POINT (12.310490618000074 51.310412684000028)",Unfall 256914 (2019) Kat:3, Licht: 0,256914,3,3,5,02,16,3,0,0,0,1,0,0,0,0
"POINT (12.413442378000070 51.359506529000043)",Unfall 256915 (2019) Kat:3, Licht: 0,256915,3,3,5,02,17,3,0,0,1,1,0,0,0,0
"POINT (12.322439362000068 51.373186680000060)",Unfall 256916 (2019) Kat:3, Licht: 0,256916,3,2,4,02,10,3,0,0,1,1,0,0,0,0
"POINT (12.326054353000075 51.315468977000080)",Unfall 256917 (2019) Kat:3, Licht: 0,256917,3,3,5,02,08,3,0,0,1,1,0,0,0,0
"POINT (12.308709095000040 51.311404863000064)",Unfall 256918 (2019) Kat:3, Licht: 0,256918,3,6,2,03,08,6,0,0,0,1,0,0,0,0
"POINT (12.332735577000051 51.323328611000079)",Unfall 256926 (2019) Kat:3, Licht: 0,256926,3,2,2,02,12,2,0,0,0,1,0,0,0,1
"POINT (12.365041992000045 51.342055366000068)",Unfall 256927 (2019) Kat:3, Licht: 0,256927,3,5,3,02,08,2,0,0,1,0,0,0,0,1
"POINT (12.410506490000046 51.329950900000028)",Unfall 256933 (2019) Kat:3, Licht: 0,256933,3,3,5,02,14,1,0,0,0,1,0,0,0,0
"POINT (12.375828458000058 51.366891164000037)",Unfall 256934 (2019) Kat:3, Licht: 0,256934,3,3,5,02,07,1,0,0,0,1,0,0,0,0
"POINT (12.370936745000051 51.336448527000073)",Unfall 256939 (2019) Kat:3, Licht: 1,256939,3,2,2,02,19,7,0,1,0,1,0,0,0,0
"POINT (12.378881230000047 51.325036461000082)",Unfall 256940 (2019) Kat:3, Licht: 2,256940,3,3,5,02,04,7,0,2,0,1,0,0,0,0
"POINT (12.420515734000048 51.319267131000061)",Unfall 256941 (2019) Kat:3, Licht: 2,256941,3,3,5,02,18,7,0,2,1,1,0,0,0,0
"POINT (12.345964232000028 51.351003786000035)",Unfall 256942 (2019) Kat:3, Licht: 0,256942,3,2,2,02,12,7,0,0,0,1,0,0,0,0
"POINT (12.401805850000073 51.340426463000028)",Unfall 256948 (2019) Kat:3, Licht: 0,256948,3,5,3,02,13,6,0,0,0,1,0,0,0,0
"POINT (12.263235216000055 51.318044625000027)",Unfall 256949 (2019) Kat:3, Licht: 1,256949,3,3,5,02,16,6,1,1,0,1,0,0,0,0
"POINT (12.294708244000049 51.397883336000064)",Unfall 256950 (2019) Kat:3, Licht: 2,256950,3,3,5,02,22,6,0,2,1,1,0,0,0,0
"POINT (12.452783977000024 51.325813115000074)",Unfall 256951 (2019) Kat:3, Licht: 0,256951,3,3,5,02,12,6,0,0,1,1,0,0,0,0
"POINT (12.327173083000048 51.329637459000026)",Unfall 256957 (2019) Kat:3, Licht: 0,256957,3,3,5,04,12,7,0,0,0,1,0,0,0,0
"POINT (12.420507513000075 51.319266170000049)",Unfall 256958 (2019) Kat:3, Licht: 0,256958,3,2,5,04,18,7,0,0,1,1,0,0,0,0
"POINT (12.327945563000071 51.302348564000056)",Unfall 256973 (2019) Kat:2, Licht: 0,256973,2,3,1,04,15,6,0,0,0,1,0,1,0,0
"POINT (12.378544468000030 51.322975910000082)",Unfall 256974 (2019) Kat:3, Licht: 2,256974,3,5,1,04,21,6,0,2,1,1,0,0,0,0
"POINT (12.392845564000027 51.337019808000036)",Unfall 256975 (2019) Kat:3, Licht: 0,256975,3,7,3,04,15,6,0,0,1,1,0,0,0,0
"POINT (12.379343825000035 51.359376849000057)",Unfall 256976 (2019) Kat:3, Licht: 0,256976,3,6,2,04,15,6,0,0,0,1,0,0,0,0
"POINT (12.356211787000063 51.355546698000069)",Unfall 256977 (2019) Kat:3, Licht: 0,256977,3,2,5,04,15,6,0,0,0,1,0,0,0,1
"POINT (12.453363937000063 51.280407960000048)",Unfall 256990 (2019) Kat:3, Licht: 0,256990,3,1,8,04,07,5,0,0,0,0,0,1,0,0
"POINT (12.342589296000028 51.321614175000036)",Unfall 256991 (2019) Kat:3, Licht: 0,256991,3,2,4,04,06,5,0,0,1,1,0,0,0,0
"POINT (12.377820127000064 51.330793918000040)",Unfall 256992 (2019) Kat:3, Licht: 0,256992,3,4,6,04,18,5,0,0,0,1,1,0,0,0
"POINT (12.369400913000050 51.389078510000047)",Unfall 256993 (2019) Kat:3, Licht: 0,256993,3,6,2,04,16,5,0,0,0,1,0,0,0,0
"POINT (12.383784560000038 51.352082395000082)",Unfall 257007 (2019) Kat:3, Licht: 0,257007,3,3,5,04,09,4,0,0,0,1,0,0,0,0
"POINT (12.327660249000076 51.326544732000059)",Unfall 257008 (2019) Kat:3, Licht: 0,257008,3,6,3,04,14,4,0,0,0,0,0,1,0,1
"POINT (12.364012659000025 51.371789250000063)",Unfall 257009 (2019) Kat:3, Licht: 0,257009,3,4,6,04,17,4,0,0,0,0,1,0,0,1
"POINT (12.391348720000053 51.334869097000080)",Unfall 257010 (2019) Kat:3, Licht: 0,257010,3,2,5,04,09,4,0,0,1,1,0,0,0,0
"POINT (12.403989500000023 51.338417130000039)",Unfall 257011 (2019) Kat:3, Licht: 0,257011,3,7,0,04,14,4,0,0,0,1,0,0,0,1
"POINT (12.376481404000060 51.310456431000034)",Unfall 257021 (2019) Kat:3, Licht: 0,257021,3,7,0,04,07,3,0,0,0,1,1,0,0,0
"POINT (12.295267645000024 51.358607263000067)",Unfall 257022 (2019) Kat:2, Licht: 2,257022,2,4,6,04,20,3,0,2,1,0,1,0,0,0
"POINT (12.441834083000060 51.334518676000073)",Unfall 257023 (2019) Kat:3, Licht: 0,257023,3,6,2,04,15,3,0,0,0,1,0,0,0,0
"POINT (12.431846872000051 51.356959123000081)",Unfall 257043 (2019) Kat:3, Licht: 0,257043,3,3,5,04,07,2,0,0,0,1,0,0,0,0
"POINT (12.391402134000032 51.376190283000028)",Unfall 257044 (2019) Kat:2, Licht: 1,257044,2,3,5,04,05,2,0,1,1,1,0,0,0,0
"POINT (12.380073796000033 51.339391801000033)",Unfall 257064 (2019) Kat:2, Licht: 0,257064,2,4,6,03,13,7,0,0,1,0,1,0,0,0
"POINT (12.366719629000045 51.325191765000056)",Unfall 257065 (2019) Kat:3, Licht: 0,257065,3,4,6,03,11,7,0,0,0,0,1,1,0,0
"POINT (12.315145527000027 51.349352395000039)",Unfall 257066 (2019) Kat:3, Licht: 0,257066,3,2,4,03,10,7,0,0,0,1,0,0,0,0
"POINT (12.374106303000076 51.303913314000056)",Unfall 257067 (2019) Kat:3, Licht: 0,257067,3,5,1,03,12,7,0,0,1,1,0,0,0,0
"POINT (12.373014979000061 51.309632530000044)",Unfall 257068 (2019) Kat:2, Licht: 2,257068,2,1,0,03,21,7,0,2,1,0,0,0,0,0
"POINT (12.411506966000047 51.355945504000033)",Unfall 257069 (2019) Kat:3, Licht: 0,257069,3,3,5,03,18,7,0,0,1,1,0,0,0,0
"POINT (12.356734040000049 51.339379859000076)",Unfall 257070 (2019) Kat:3, Licht: 0,257070,3,7,6,03,18,7,0,0,0,1,1,0,0,0
"POINT (12.473594014000071 51.350112520000039)",Unfall 257071 (2019) Kat:3, Licht: 0,257071,3,6,2,03,09,7,0,0,0,1,0,0,0,0
"POINT (12.284077770000067 51.321285237000041)",Unfall 257084 (2019) Kat:3, Licht: 0,257084,3,6,2,03,17,6,0,0,0,1,0,0,0,0
"POINT (12.298106696000048 51.325104762000080)",Unfall 257085 (2019) Kat:3, Licht: 1,257085,3,3,5,03,05,6,1,1,0,1,0,0,0,0
"POINT (12.305694013000050 51.351716262000082)",Unfall 257086 (2019) Kat:3, Licht: 0,257086,3,4,6,03,07,6,0,0,0,1,1,0,0,0
"POINT (12.459132809000039 51.353156494000075)",Unfall 257087 (2019) Kat:3, Licht: 0,257087,3,3,5,03,16,6,0,0,0,1,0,0,0,1
"POINT (12.311609426000075 51.335040510000056)",Unfall 257088 (2019) Kat:3, Licht: 0,257088,3,6,2,03,15,6,0,0,0,1,0,0,0,1
"POINT (12.368013266000048 51.336487581000029)",Unfall 257089 (2019) Kat:2, Licht: 0,257089,2,4,6,03,13,6,0,0,0,1,1,0,0,0
"POINT (12.342880724000054 51.322250824000037)",Unfall 257096 (2019) Kat:3, Licht: 0,257096,3,6,3,03,16,5,1,0,1,1,0,0,0,0
"POINT (12.312472633000027 51.286136449000026)",Unfall 257097 (2019) Kat:3, Licht: 0,257097,3,1,9,03,10,5,1,0,1,0,0,0,0,0
"POINT (12.373452732000032 51.328275631000054)",Unfall 257098 (2019) Kat:3, Licht: 0,257098,3,6,3,03,15,5,0,0,1,1,0,0,0,0
"POINT (12.408665506000034 51.360008989000050)",Unfall 257116 (2019) Kat:2, Licht: 2,257116,2,3,5,03,22,4,1,2,1,1,0,0,0,0
"POINT (12.430592713000067 51.365693795000027)",Unfall 257117 (2019) Kat:3, Licht: 0,257117,3,2,4,03,14,4,0,0,0,1,0,0,0,0
"POINT (12.421960375000026 51.313953749000063)",Unfall 257125 (2019) Kat:3, Licht: 1,257125,3,2,6,03,17,3,1,1,0,1,1,0,0,0
"POINT (12.380626562000032 51.341318341000033)",Unfall 257126 (2019) Kat:3, Licht: 0,257126,3,3,5,03,09,3,0,0,0,1,0,0,0,1
"POINT (12.411434088000021 51.373804858000028)",Unfall 257127 (2019) Kat:3, Licht: 0,257127,3,7,6,03,10,3,0,0,0,0,1,0,0,1
"POINT (12.375915049000071 51.360549482000067)",Unfall 257137 (2019) Kat:3, Licht: 0,257137,3,3,5,03,08,2,1,0,0,1,0,0,0,0
"POINT (12.374847383000031 51.360037264000027)",Unfall 257139 (2019) Kat:2, Licht: 0,257139,2,4,6,03,16,2,1,0,1,0,1,0,0,0
"POINT (12.435765863000029 51.297197034000078)",Unfall 257151 (2019) Kat:3, Licht: 2,257151,3,3,5,03,19,1,0,2,1,1,0,0,0,0
"POINT (12.263085656000044 51.344634301000042)",Unfall 257155 (2019) Kat:3, Licht: 0,257155,3,3,5,03,12,7,0,0,0,1,0,0,0,0
"POINT (12.373594413000035 51.320834533000038)",Unfall 257156 (2019) Kat:3, Licht: 0,257156,3,2,6,03,12,7,0,0,1,0,1,0,0,0
"POINT (12.407331495000051 51.345466553000051)",Unfall 257168 (2019) Kat:3, Licht: 0,257168,3,2,5,03,12,6,0,0,1,1,0,0,0,0
"POINT (12.364187724000033 51.344442271000048)",Unfall 257169 (2019) Kat:3, Licht: 0,257169,3,2,5,03,11,6,0,0,1,1,0,0,0,0
"POINT (12.392694772000027 51.330621029000042)",Unfall 257170 (2019) Kat:3, Licht: 0,257170,3,2,4,03,14,6,0,0,1,1,0,0,0,0
"POINT (12.338908082000046 51.327033868000058)",Unfall 257171 (2019) Kat:3, Licht: 2,257171,3,1,1,03,03,6,0,2,1,1,0,0,0,0
"POINT (12.311749854000027 51.316098687000078)",Unfall 257172 (2019) Kat:2, Licht: 0,257172,2,1,8,03,11,6,0,0,0,0,0,1,0,0
"POINT (12.373694911000030 51.324173911000059)",Unfall 257173 (2019) Kat:3, Licht: 0,257173,3,2,2,03,08,6,0,0,1,1,0,0,0,0
"POINT (12.324866447000034 51.326959630000033)",Unfall 257174 (2019) Kat:2, Licht: 0,257174,2,4,6,03,15,6,0,0,0,1,1,0,0,0
"POINT (12.372075166000059 51.342315013000075)",Unfall 257185 (2019) Kat:3, Licht: 0,257185,3,3,5,03,11,5,0,0,1,0,0,0,0,0
"POINT (12.369554805000064 51.361631404000036)",Unfall 257186 (2019) Kat:3, Licht: 0,257186,3,6,2,03,09,5,0,0,0,1,0,0,0,0
"POINT (12.364458822000074 51.380454371000042)",Unfall 257187 (2019) Kat:3, Licht: 2,257187,3,7,6,03,22,5,0,2,0,1,1,0,0,0
"POINT (12.373347572000057 51.307721565000065)",Unfall 257188 (2019) Kat:3, Licht: 0,257188,3,5,1,03,09,5,0,0,1,1,0,0,0,0
"POINT (12.272120830000063 51.309248021000030)",Unfall 257189 (2019) Kat:2, Licht: 0,257189,2,3,5,03,14,5,0,0,0,1,0,0,0,0
"POINT (12.402016942000046 51.365314872000056)",Unfall 257190 (2019) Kat:3, Licht: 0,257190,3,6,2,03,15,5,0,0,0,1,0,0,0,0
"POINT (12.407563773000049 51.351298337000060)",Unfall 257210 (2019) Kat:3, Licht: 0,257210,3,2,3,03,08,4,0,0,1,1,0,0,0,0
"POINT (12.459144027000036 51.401918187000035)",Unfall 257211 (2019) Kat:3, Licht: 0,257211,3,3,5,03,16,4,0,0,1,1,0,0,0,0
"POINT (12.406549454000071 51.379530026000054)",Unfall 257212 (2019) Kat:3, Licht: 0,257212,3,7,1,03,16,4,0,0,0,1,0,0,0,1
"POINT (12.385127448000048 51.338298746000078)",Unfall 257220 (2019) Kat:2, Licht: 1,257220,2,4,6,03,05,3,0,1,0,1,1,0,0,0
"POINT (12.439259719000063 51.345953219000080)",Unfall 257221 (2019) Kat:3, Licht: 0,257221,3,3,5,03,07,3,0,0,1,1,0,0,0,0
"POINT (12.372282930000040 51.349605174000033)",Unfall 257228 (2019) Kat:3, Licht: 0,257228,3,3,5,04,15,7,0,0,1,1,0,0,0,0
"POINT (12.378551491000053 51.323154678000037)",Unfall 257230 (2019) Kat:3, Licht: 0,257230,3,2,4,04,14,7,0,0,0,1,0,0,0,0
"POINT (12.333034043000055 51.338557330000071)",Unfall 257233 (2019) Kat:3, Licht: 0,257233,3,1,8,04,13,7,0,0,0,0,0,0,0,1
"POINT (12.335805396000069 51.327624998000033)",Unfall 257235 (2019) Kat:3, Licht: 2,257235,3,1,0,04,00,7,0,2,1,0,0,0,0,0
"POINT (12.322019548000071 51.350022918000036)",Unfall 257236 (2019) Kat:3, Licht: 0,257236,3,4,6,03,17,2,0,0,0,1,1,0,0,0
"POINT (12.373256960000049 51.367113851000056)",Unfall 257237 (2019) Kat:3, Licht: 0,257237,3,3,5,03,15,2,1,0,0,1,0,0,0,0
"POINT (12.426667881000071 51.343468203000043)",Unfall 257238 (2019) Kat:3, Licht: 0,257238,3,3,5,03,13,2,0,0,1,1,0,0,0,0
"POINT (12.349644305000027 51.367033422000077)",Unfall 257239 (2019) Kat:3, Licht: 0,257239,3,4,6,03,06,2,0,0,0,1,1,0,0,0
"POINT (12.326959421000026 51.339095809000071)",Unfall 257240 (2019) Kat:3, Licht: 0,257240,3,3,5,03,16,2,0,0,0,1,0,0,0,0
"POINT (12.373774044000072 51.331775677000053)",Unfall 257241 (2019) Kat:3, Licht: 0,257241,3,1,5,03,14,2,1,0,0,1,0,1,0,0
"POINT (12.340497796000022 51.330774222000059)",Unfall 257242 (2019) Kat:2, Licht: 0,257242,2,7,6,03,16,2,0,0,0,1,1,0,0,0
"POINT (12.344816759000025 51.386712756000065)",Unfall 257257 (2019) Kat:3, Licht: 0,257257,3,6,2,04,16,4,0,0,1,1,0,0,0,0
"POINT (12.373329342000034 51.311822084000028)",Unfall 257258 (2019) Kat:2, Licht: 0,257258,2,4,0,04,14,4,0,0,0,0,1,0,0,1
"POINT (12.373174631000040 51.339792916000079)",Unfall 257259 (2019) Kat:2, Licht: 0,257259,2,2,4,04,11,4,0,0,1,1,0,0,0,0
"POINT (12.378771864000043 51.342601057000081)",Unfall 257260 (2019) Kat:3, Licht: 0,257260,3,3,5,04,08,4,0,0,1,1,0,0,0,0
"POINT (12.424316483000041 51.343733574000055)",Unfall 257273 (2019) Kat:2, Licht: 0,257273,2,5,1,04,16,3,0,0,1,1,0,0,0,0
"POINT (12.412744320000058 51.375119714000050)",Unfall 257274 (2019) Kat:3, Licht: 0,257274,3,2,0,04,08,3,0,0,0,1,0,0,0,1
"POINT (12.310310719000029 51.310512518000053)",Unfall 257285 (2019) Kat:3, Licht: 0,257285,3,6,2,04,13,2,0,0,0,1,0,1,0,0
"POINT (12.416485145000024 51.323739405000026)",Unfall 257286 (2019) Kat:2, Licht: 0,257286,2,1,0,04,19,2,0,0,1,0,0,0,0,0
"POINT (12.393551051000031 51.299140016000081)",Unfall 257287 (2019) Kat:2, Licht: 2,257287,2,3,5,04,03,2,0,2,1,1,0,0,0,0
"POINT (12.416323748000025 51.311639686000035)",Unfall 257294 (2019) Kat:3, Licht: 0,257294,3,6,2,04,14,1,0,0,0,1,0,0,0,0
"POINT (12.388092302000075 51.353413351000029)",Unfall 257295 (2019) Kat:2, Licht: 2,257295,2,3,5,04,04,1,0,2,0,1,0,0,0,1
"POINT (12.334564706000037 51.319984656000031)",Unfall 257296 (2019) Kat:3, Licht: 0,257296,3,5,3,04,17,1,0,0,1,1,0,0,0,0
"POINT (12.404621641000062 51.345600182000055)",Unfall 257300 (2019) Kat:3, Licht: 0,257300,3,6,2,04,13,7,0,0,0,1,0,0,0,0
"POINT (12.409207722000076 51.346101383000075)",Unfall 257306 (2019) Kat:3, Licht: 2,257306,3,1,1,04,01,7,0,2,1,1,0,0,0,0