WKT,Name,OBJECTID,UKATEGORIE,UTYP1,UART,UMONAT,USTUNDE,UWOCHENTAG,STRZUSTAND,ULICHTVERH,ISTRAD,ISTPKW,ISTFUSS,ISTKRAD,ISTGKFZ,ISTSONSTIG
"POINT (12.344031837000045 51.318857322000042)",Unfall 257307 (2019) Kat:3, Licht: 0,257307,3,3,5,04,11,7,0,0,1,1,0,0,0,0
"POINT (12.328813112000034 51.319224665000036)",Unfall 257308 (2019) Kat:3, Licht: 0,257308,3,2,3,04,17,7,0,0,1,1,0,0,0,0
"POINT (12.327280905000066 51.337518777000071)",Unfall 257309 (2019) Kat:3, Licht: 0,257309,3,2,5,04,13,7,0,0,0,1,0,0,0,0
"POINT (12.381938197000068 51.338616139000067)",Unfall 257310 (2019) Kat:3, Licht: 0,257310,3,6,2,04,14,7,0,0,0,1,0,0,0,0
"POINT (12.368055295000033 51.326174993000052)",Unfall 257318 (2019) Kat:3, Licht: 0,257318,3,3,5,04,11,6,0,0,1,1,0,0,0,0
"POINT (12.389030750000074 51.289418774000069)",Unfall 257319 (2019) Kat:3, Licht: 0,257319,3,3,5,04,11,6,0,0,1,1,0,0,0,0
"POINT (12.396121748000041 51.341106103000072)",Unfall 257329 (2019) Kat:3, Licht: 0,257329,3,3,5,04,16,5,0,0,1,1,0,0,0,0
"POINT (12.378627860000051 51.343639391000067)",Unfall 257330 (2019) Kat:3, Licht: 0,257330,3,4,6,04,18,5,0,0,1,0,1,0,0,0
"POINT (12.301524862000065 51.315209098000082)",Unfall 257331 (2019) Kat:3, Licht: 0,257331,3,2,5,04,14,5,0,0,1,1,0,0,0,0
"POINT (12.297960506000038 51.325095737000026)",Unfall 257332 (2019) Kat:3, Licht: 0,257332,3,6,1,04,13,5,0,0,0,1,0,0,0,0
"POINT (12.517766375000065 51.309418008000080)",Unfall 257333 (2019) Kat:2, Licht: 2,257333,2,1,0,04,00,5,0,2,1,0,0,0,0,0
"POINT (12.371770291000075 51.362076941000055)",Unfall 257335 (2019) Kat:3, Licht: 0,257335,3,3,5,04,07,5,0,0,1,1,0,0,0,0
"POINT (12.413891358000058 51.313345286000072)",Unfall 257337 (2019) Kat:2, Licht: 0,257337,2,3,5,04,07,5,0,0,1,1,0,0,0,0
"POINT (12.376686440000071 51.346058347000053)",Unfall 257338 (2019) Kat:3, Licht: 0,257338,3,6,2,04,16,5,0,0,0,1,0,1,0,0
"POINT (12.328586887000029 51.340655133000041)",Unfall 257352 (2019) Kat:3, Licht: 0,257352,3,2,4,04,17,4,0,0,1,1,0,0,0,0
"POINT (12.301052474000073 51.348587130000055)",Unfall 257353 (2019) Kat:3, Licht: 0,257353,3,7,0,04,07,4,0,0,1,0,1,0,0,0
"POINT (12.416721215000052 51.329778411000063)",Unfall 257354 (2019) Kat:3, Licht: 0,257354,3,2,4,04,15,4,0,0,1,1,0,0,0,0
"POINT (12.375413851000076 51.315718337000078)",Unfall 257366 (2019) Kat:3, Licht: 0,257366,3,7,1,04,07,3,0,0,0,1,0,0,0,0
"POINT (12.340871114000038 51.368581643000027)",Unfall 257367 (2019) Kat:3, Licht: 0,257367,3,2,4,04,07,3,0,0,1,1,0,0,0,0
"POINT (12.317904230000067 51.320424772000081)",Unfall 257386 (2019) Kat:3, Licht: 0,257386,3,6,2,04,09,2,0,0,0,1,0,0,0,0
"POINT (12.430563025000026 51.365490957000077)",Unfall 257387 (2019) Kat:3, Licht: 0,257387,3,6,1,04,09,2,0,0,0,1,0,0,0,0
"POINT (12.377304960000060 51.333104272000071)",Unfall 257406 (2019) Kat:3, Licht: 0,257406,3,2,2,04,13,1,1,0,0,1,0,0,0,0
"POINT (12.473786061000055 51.358802055000069)",Unfall 257408 (2019) Kat:3, Licht: 2,257408,3,1,9,04,01,1,0,2,0,1,0,0,0,0
"POINT (12.382785291000062 51.318483447000062)",Unfall 257415 (2019) Kat:3, Licht: 1,257415,3,2,5,04,19,7,0,1,1,1,0,0,0,0
"POINT (12.378384635000032 51.332382723000080)",Unfall 257416 (2019) Kat:3, Licht: 0,257416,3,5,3,04,12,7,0,0,1,1,0,0,0,0
"POINT (12.397573568000041 51.345981433000077)",Unfall 257421 (2019) Kat:3, Licht: 0,257421,3,5,3,04,16,6,0,0,1,1,0,0,0,0
"POINT (12.338801911000076 51.332398092000062)",Unfall 257422 (2019) Kat:3, Licht: 2,257422,3,3,5,04,23,1,0,2,1,1,0,0,0,0
"POINT (12.415821401000073 51.356523651000032)",Unfall 257423 (2019) Kat:3, Licht: 0,257423,3,4,6,04,15,6,0,0,0,1,1,0,0,0
"POINT (12.365391001000035 51.336767799000029)",Unfall 257424 (2019) Kat:2, Licht: 0,257424,2,7,0,04,19,6,0,0,1,0,0,0,0,0
"POINT (12.385528236000027 51.374426821000043)",Unfall 257443 (2019) Kat:3, Licht: 0,257443,3,2,5,04,09,5,0,0,0,1,0,0,0,1
"POINT (12.445264516000066 51.345918955000059)",Unfall 257444 (2019) Kat:3, Licht: 0,257444,3,2,3,04,15,5,0,0,1,1,0,0,0,0
"POINT (12.327942413000073 51.302354799000057)",Unfall 257445 (2019) Kat:3, Licht: 0,257445,3,2,5,04,15,5,0,0,1,1,0,0,0,0
"POINT (12.373453164000068 51.315805827000077)",Unfall 257446 (2019) Kat:3, Licht: 0,257446,3,2,3,04,15,5,0,0,1,1,0,0,0,0
"POINT (12.370606239000040 51.361319476000062)",Unfall 257454 (2019) Kat:3, Licht: 0,257454,3,2,0,04,13,4,0,0,0,1,0,0,0,1
"POINT (12.317749278000065 51.350117244000046)",Unfall 257455 (2019) Kat:3, Licht: 0,257455,3,3,5,04,07,4,0,0,1,1,0,0,0,0
"POINT (12.479194442000050 51.345776681000075)",Unfall 257463 (2019) Kat:3, Licht: 2,257463,3,2,5,04,22,3,0,2,1,0,0,0,0,1
"POINT (12.373244607000061 51.310120857000072)",Unfall 257464 (2019) Kat:3, Licht: 0,257464,3,3,5,04,12,3,0,0,0,1,0,0,0,0
"POINT (12.324887893000039 51.374465240000063)",Unfall 257465 (2019) Kat:3, Licht: 0,257465,3,7,6,04,09,3,0,0,0,1,1,0,0,0
"POINT (12.408318037000072 51.336251026000070)",Unfall 257466 (2019) Kat:3, Licht: 0,257466,3,4,6,04,17,3,0,0,0,0,1,0,0,1
"POINT (12.393235194000056 51.336943232000067)",Unfall 257467 (2019) Kat:3, Licht: 2,257467,3,3,5,04,20,3,0,2,1,1,0,0,0,0
"POINT (12.414445010000065 51.345103438000081)",Unfall 257480 (2019) Kat:2, Licht: 0,257480,2,1,0,04,13,2,0,0,1,0,0,0,0,0
"POINT (12.377554520000047 51.328144086000066)",Unfall 257481 (2019) Kat:3, Licht: 0,257481,3,7,1,04,16,2,0,0,1,1,0,0,0,0
"POINT (12.373438436000072 51.321606519000056)",Unfall 257482 (2019) Kat:3, Licht: 0,257482,3,6,3,04,16,2,0,0,1,1,0,0,0,0
"POINT (12.387011584000049 51.326937126000075)",Unfall 257483 (2019) Kat:3, Licht: 0,257483,3,6,4,04,09,2,0,0,1,0,0,0,0,0
"POINT (12.335856728000067 51.327699925000047)",Unfall 257484 (2019) Kat:3, Licht: 0,257484,3,6,2,04,15,2,0,0,0,1,0,0,0,0
"POINT (12.382826210000076 51.317581358000041)",Unfall 257485 (2019) Kat:3, Licht: 0,257485,3,3,5,04,11,2,0,0,0,1,0,0,0,0
"POINT (12.379650209000033 51.341924797000047)",Unfall 257504 (2019) Kat:3, Licht: 0,257504,3,7,0,05,17,2,0,0,1,0,0,0,0,0
"POINT (12.393173727000033 51.336935145000041)",Unfall 257506 (2019) Kat:3, Licht: 2,257506,3,2,6,05,05,2,0,2,0,1,1,0,0,0
"POINT (12.369444532000045 51.363055669000062)",Unfall 257507 (2019) Kat:3, Licht: 0,257507,3,5,1,05,15,2,0,0,1,1,0,0,0,0
"POINT (12.379649146000077 51.341921246000027)",Unfall 257508 (2019) Kat:2, Licht: 0,257508,2,6,4,05,17,2,0,0,1,1,0,0,0,0
"POINT (12.385961691000034 51.295928790000062)",Unfall 257510 (2019) Kat:3, Licht: 0,257510,3,3,5,05,09,2,0,0,0,1,0,0,0,0
"POINT (12.339553019000050 51.318296894000071)",Unfall 257523 (2019) Kat:3, Licht: 2,257523,3,1,8,05,03,1,1,2,0,1,0,0,0,0
"POINT (12.371494411000072 51.320631251000066)",Unfall 257525 (2019) Kat:3, Licht: 0,257525,3,3,5,05,07,1,1,0,0,1,0,0,0,0
"POINT (12.312943736000022 51.308987610000031)",Unfall 257529 (2019) Kat:3, Licht: 0,257529,3,1,8,05,15,7,1,0,0,1,0,0,0,0
"POINT (12.489368870000021 51.335359136000079)",Unfall 257530 (2019) Kat:2, Licht: 0,257530,2,4,6,05,12,7,1,0,0,0,1,0,0,1
"POINT (12.380075000000033 51.339532558000030)",Unfall 257531 (2019) Kat:3, Licht: 0,257531,3,3,5,05,19,7,1,0,1,1,0,0,0,0
"POINT (12.393203924000034 51.336947168000052)",Unfall 257537 (2019) Kat:3, Licht: 0,257537,3,2,5,05,17,6,0,0,1,1,0,0,0,0
"POINT (12.329143286000033 51.320342539000080)",Unfall 257538 (2019) Kat:3, Licht: 0,257538,3,6,3,05,19,6,0,0,1,1,0,0,0,0
"POINT (12.355592035000029 51.337964961000068)",Unfall 257539 (2019) Kat:2, Licht: 0,257539,2,1,0,05,11,6,0,0,1,0,0,0,0,0
"POINT (12.405583636000074 51.367914224000060)",Unfall 257540 (2019) Kat:3, Licht: 0,257540,3,7,4,05,14,6,0,0,0,1,0,0,0,0
"POINT (12.378288844000053 51.334601701000054)",Unfall 257559 (2019) Kat:3, Licht: 0,257559,3,3,5,05,08,5,0,0,1,1,0,0,0,0
"POINT (12.396219437000070 51.301693533000048)",Unfall 257560 (2019) Kat:3, Licht: 0,257560,3,7,1,05,11,5,0,0,0,0,0,1,0,1
"POINT (12.323074102000021 51.382878169000037)",Unfall 257561 (2019) Kat:3, Licht: 0,257561,3,4,6,05,07,5,0,0,0,1,1,0,0,0
"POINT (12.376587376000032 51.346005865000052)",Unfall 257572 (2019) Kat:3, Licht: 0,257572,3,3,5,05,14,4,0,0,1,1,0,0,0,0
"POINT (12.370879830000035 51.335078173000056)",Unfall 257573 (2019) Kat:3, Licht: 0,257573,3,2,5,05,07,4,0,0,1,1,0,0,0,0
"POINT (12.377992103000054 51.368485603000067)",Unfall 257574 (2019) Kat:3, Licht: 0,257574,3,7,6,05,17,4,1,0,0,1,1,0,0,0
"POINT (12.404088163000040 51.332120366000026)",Unfall 257575 (2019) Kat:3, Licht: 0,257575,3,3,5,05,18,4,0,0,1,1,0,0,0,0
"POINT (12.337451432000023 51.330244495000045)",Unfall 257576 (2019) Kat:2, Licht: 0,257576,2,5,0,05,09,4,0,0,0,1,0,0,0,1
"POINT (12.405977049000057 51.313896654000075)",Unfall 257589 (2019) Kat:3, Licht: 0,257589,3,6,3,05,15,3,0,0,1,1,0,0,0,0
"POINT (12.415776770000036 51.345014223000078)",Unfall 257590 (2019) Kat:3, Licht: 0,257590,3,3,5,05,16,3,0,0,0,1,0,0,0,0
"POINT (12.371110124000040 51.338550915000042)",Unfall 257591 (2019) Kat:3, Licht: 0,257591,3,6,0,05,09,3,1,0,0,1,0,0,1,0
"POINT (12.407476703000043 51.351248399000042)",Unfall 257592 (2019) Kat:3, Licht: 0,257592,3,7,0,05,07,3,1,0,0,0,1,0,0,1
"POINT (12.418985109000062 51.321092886000031)",Unfall 257593 (2019) Kat:3, Licht: 0,257593,3,3,5,05,17,3,0,0,0,1,0,0,0,0
"POINT (12.373248651000040 51.308279384000059)",Unfall 257594 (2019) Kat:3, Licht: 2,257594,3,7,3,05,21,3,0,2,1,1,0,0,0,0
"POINT (12.310962779000022 51.282832945000052)",Unfall 257595 (2019) Kat:2, Licht: 0,257595,2,5,1,05,18,3,0,0,1,1,0,0,0,0
"POINT (12.388516521000042 51.325950639000041)",Unfall 257606 (2019) Kat:3, Licht: 0,257606,3,3,5,05,14,2,0,0,1,1,0,0,0,0
"POINT (12.411429639000062 51.340243094000073)",Unfall 257607 (2019) Kat:3, Licht: 0,257607,3,3,5,05,07,2,0,0,1,1,0,0,0,0
"POINT (12.354355504000068 51.319858625000052)",Unfall 257608 (2019) Kat:3, Licht: 0,257608,3,6,2,05,07,2,1,0,0,1,0,0,0,0
"POINT (12.390543619000027 51.386030622000078)",Unfall 257609 (2019) Kat:3, Licht: 0,257609,3,3,5,05,07,2,0,0,1,1,0,0,0,0
"POINT (12.406140276000031 51.348181131000047)",Unfall 257610 (2019) Kat:2, Licht: 0,257610,2,2,3,05,17,2,0,0,1,1,0,0,0,0
"POINT (12.464485231000026 51.305542295000066)",Unfall 257612 (2019) Kat:3, Licht: 0,257612,3,2,5,05,13,2,0,0,1,1,0,0,0,0
"POINT (12.403139666000072 51.339970439000069)",Unfall 257613 (2019) Kat:3, Licht: 0,257613,3,5,1,05,16,2,0,0,1,1,0,0,0,0
"POINT (12.392862705000027 51.286852584000030)",Unfall 257614 (2019) Kat:2, Licht: 0,257614,2,3,5,05,07,2,0,0,1,1,0,0,0,0
"POINT (12.371418553000069 51.320783121000034)",Unfall 257625 (2019) Kat:2, Licht: 0,257625,2,2,6,05,18,1,0,0,0,1,1,0,0,0
"POINT (12.324090656000067 51.333479871000065)",Unfall 257626 (2019) Kat:3, Licht: 1,257626,3,1,9,05,20,1,0,1,0,1,0,0,0,0
"POINT (12.421570996000071 51.344266124000058)",Unfall 257628 (2019) Kat:2, Licht: 0,257628,2,4,6,05,17,1,0,0,0,1,1,0,0,0
"POINT (12.376770106000038 51.356950184000027)",Unfall 257635 (2019) Kat:3, Licht: 0,257635,3,3,5,05,13,7,0,0,1,1,0,0,0,0
"POINT (12.368808896000075 51.341840151000042)",Unfall 257636 (2019) Kat:3, Licht: 0,257636,3,6,1,05,11,7,1,0,0,1,0,0,0,0
"POINT (12.317956236000043 51.320424573000082)",Unfall 257637 (2019) Kat:3, Licht: 0,257637,3,6,2,05,16,7,0,0,0,1,0,0,0,0
"POINT (12.371541667000031 51.345235098000046)",Unfall 257642 (2019) Kat:3, Licht: 0,257642,3,1,0,05,06,6,1,0,1,0,0,0,0,0
"POINT (12.340274261000047 51.330357428000070)",Unfall 257643 (2019) Kat:3, Licht: 1,257643,3,3,5,05,20,6,0,1,1,1,0,0,0,0
"POINT (12.376691399000038 51.308434142000067)",Unfall 257644 (2019) Kat:3, Licht: 0,257644,3,6,3,05,10,6,0,0,1,1,0,0,0,0
"POINT (12.370823629000029 51.336352873000067)",Unfall 257645 (2019) Kat:2, Licht: 0,257645,2,2,5,05,07,6,0,0,1,1,0,0,0,0
"POINT (12.370829339000068 51.328468191000070)",Unfall 257646 (2019) Kat:3, Licht: 0,257646,3,4,6,05,16,6,0,0,0,1,1,0,0,0
"POINT (12.478055262000055 51.336495056000047)",Unfall 257647 (2019) Kat:3, Licht: 0,257647,3,2,4,05,17,6,0,0,1,1,0,0,0,0
"POINT (12.372890924000046 51.350516054000082)",Unfall 257658 (2019) Kat:3, Licht: 0,257658,3,3,5,05,07,5,0,0,1,0,0,1,0,0
"POINT (12.340870623000058 51.368580950000080)",Unfall 257659 (2019) Kat:3, Licht: 2,257659,3,2,5,05,21,5,0,2,0,1,0,0,0,0
"POINT (12.274999097000034 51.382985327000029)",Unfall 257660 (2019) Kat:3, Licht: 0,257660,3,5,3,05,10,5,0,0,1,1,0,0,0,0
"POINT (12.417823640000051 51.311323088000051)",Unfall 257661 (2019) Kat:3, Licht: 0,257661,3,4,6,05,16,5,0,0,0,1,1,0,0,0
"POINT (12.279590232000032 51.314712176000057)",Unfall 257673 (2019) Kat:3, Licht: 0,257673,3,1,9,05,14,4,0,0,0,1,0,0,0,0
"POINT (12.343912483000054 51.324172423000050)",Unfall 257674 (2019) Kat:3, Licht: 0,257674,3,4,6,05,15,4,0,0,0,1,1,0,0,0
"POINT (12.259703682000065 51.405785289000050)",Unfall 257675 (2019) Kat:3, Licht: 0,257675,3,1,9,05,16,4,0,0,0,0,0,1,0,0
"POINT (12.372282930000040 51.349605174000033)",Unfall 257689 (2019) Kat:3, Licht: 0,257689,3,3,5,04,18,3,0,0,1,1,0,0,0,0
"POINT (12.406105812000021 51.346848400000056)",Unfall 257690 (2019) Kat:3, Licht: 0,257690,3,3,5,04,15,3,0,0,0,1,0,0,1,0
"POINT (12.372999824000033 51.309705313000052)",Unfall 257701 (2019) Kat:3, Licht: 0,257701,3,1,0,04,15,2,1,0,1,0,0,0,0,0
"POINT (12.406085461000032 51.346864979000031)",Unfall 257715 (2019) Kat:3, Licht: 1,257715,3,2,4,04,19,7,1,1,0,1,0,0,0,1
"POINT (12.409085568000023 51.340733209000064)",Unfall 257716 (2019) Kat:3, Licht: 0,257716,3,3,5,04,15,7,0,0,0,1,0,0,0,0
"POINT (12.389674944000035 51.321557129000041)",Unfall 257717 (2019) Kat:3, Licht: 0,257717,3,3,5,04,09,7,0,0,1,1,0,0,0,0
"POINT (12.380847104000054 51.342066671000055)",Unfall 257718 (2019) Kat:3, Licht: 0,257718,3,4,6,04,10,7,0,0,0,0,1,0,0,1
"POINT (12.336990092000065 51.329510995000078)",Unfall 257719 (2019) Kat:3, Licht: 2,257719,3,1,1,04,22,7,1,2,1,1,0,0,0,0
"POINT (12.373368757000037 51.312691958000073)",Unfall 257720 (2019) Kat:2, Licht: 0,257720,2,1,0,04,11,7,0,0,1,0,0,0,0,0
"POINT (12.328041801000040 51.328324067000040)",Unfall 257721 (2019) Kat:3, Licht: 2,257721,3,7,1,04,21,7,0,2,0,1,0,0,0,0
"POINT (12.330973873000062 51.330684598000062)",Unfall 257722 (2019) Kat:3, Licht: 0,257722,3,2,6,04,09,7,0,0,0,1,1,0,0,0
"POINT (12.410450612000034 51.325228006000032)",Unfall 257731 (2019) Kat:3, Licht: 0,257731,3,2,6,04,11,6,0,0,0,1,1,0,0,0
"POINT (12.388062512000033 51.355163638000079)",Unfall 257732 (2019) Kat:3, Licht: 2,257732,3,3,5,04,21,6,0,2,1,1,0,0,0,0
"POINT (12.370118179000031 51.340043545000071)",Unfall 257733 (2019) Kat:2, Licht: 0,257733,2,2,3,04,15,6,0,0,1,0,0,0,0,0
"POINT (12.407812359000047 51.329439163000075)",Unfall 257750 (2019) Kat:3, Licht: 0,257750,3,1,8,04,12,5,0,0,1,0,0,0,0,1
"POINT (12.263127292000036 51.344629733000033)",Unfall 257751 (2019) Kat:3, Licht: 0,257751,3,3,5,04,12,5,0,0,1,1,0,0,0,0
"POINT (12.331996668000045 51.322411663000082)",Unfall 257752 (2019) Kat:3, Licht: 0,257752,3,3,5,04,14,5,0,0,0,1,0,0,0,1
"POINT (12.291910822000034 51.321357753000029)",Unfall 257753 (2019) Kat:3, Licht: 0,257753,3,2,4,04,18,5,0,0,0,1,0,0,0,0
"POINT (12.340357933000064 51.371037768000065)",Unfall 257754 (2019) Kat:3, Licht: 0,257754,3,2,2,04,14,5,0,0,1,1,0,0,0,0
"POINT (12.325883595000050 51.314466025000058)",Unfall 257755 (2019) Kat:3, Licht: 0,257755,3,3,5,04,15,5,0,0,0,1,0,0,0,0
"POINT (12.341203124000060 51.325764215000049)",Unfall 257756 (2019) Kat:2, Licht: 0,257756,2,2,4,04,09,5,0,0,1,1,0,0,0,0
"POINT (12.334229867000033 51.337336047000065)",Unfall 257771 (2019) Kat:3, Licht: 0,257771,3,4,6,05,09,3,0,0,1,0,1,0,0,0
"POINT (12.345948460000045 51.328025038000078)",Unfall 257772 (2019) Kat:3, Licht: 0,257772,3,6,2,05,16,3,0,0,0,1,0,0,0,0
"POINT (12.370337478000067 51.367163773000073)",Unfall 257773 (2019) Kat:3, Licht: 0,257773,3,3,5,05,15,3,0,0,0,1,0,0,0,0
"POINT (12.417248711000070 51.356865884000058)",Unfall 257775 (2019) Kat:3, Licht: 0,257775,3,4,6,05,13,3,0,0,0,0,1,0,0,1
"POINT (12.389450324000052 51.335878436000030)",Unfall 257783 (2019) Kat:3, Licht: 0,257783,3,7,3,05,09,2,0,0,0,1,0,0,0,1
"POINT (12.393842665000022 51.336866777000068)",Unfall 257784 (2019) Kat:3, Licht: 0,257784,3,4,6,05,10,2,0,0,1,0,1,0,0,0
"POINT (12.344841994000035 51.339183485000035)",Unfall 257785 (2019) Kat:2, Licht: 0,257785,2,3,1,05,18,2,1,0,1,1,0,0,0,0
"POINT (12.315508034000061 51.346896229000038)",Unfall 257786 (2019) Kat:3, Licht: 0,257786,3,1,1,05,17,2,1,0,0,1,0,0,0,0
"POINT (12.380454104000023 51.339150572000051)",Unfall 257787 (2019) Kat:3, Licht: 2,257787,3,7,0,05,22,2,1,2,1,0,0,0,0,0
"POINT (12.371105251000074 51.339795304000063)",Unfall 257789 (2019) Kat:3, Licht: 0,257789,3,2,4,05,08,2,0,0,1,1,0,0,0,0
"POINT (12.388941998000064 51.322804955000038)",Unfall 257802 (2019) Kat:3, Licht: 0,257802,3,3,1,05,13,1,0,0,1,1,0,0,0,0
"POINT (12.283653258000072 51.357958694000047)",Unfall 257803 (2019) Kat:3, Licht: 0,257803,3,3,5,05,10,1,0,0,1,1,0,0,0,0
"POINT (12.366725127000052 51.325196510000069)",Unfall 257814 (2019) Kat:3, Licht: 0,257814,3,2,2,05,14,7,0,0,0,1,0,0,0,0
"POINT (12.407331142000032 51.345492114000081)",Unfall 257816 (2019) Kat:3, Licht: 0,257816,3,2,4,05,11,7,0,0,1,1,0,0,0,0
"POINT (12.405853459000070 51.331776566000030)",Unfall 257830 (2019) Kat:3, Licht: 0,257830,3,2,4,05,10,6,0,0,1,1,0,0,0,0
"POINT (12.405677029000060 51.351538944000026)",Unfall 257831 (2019) Kat:3, Licht: 0,257831,3,2,0,05,16,6,0,0,1,1,0,0,0,0
"POINT (12.302600553000048 51.315474433000077)",Unfall 257832 (2019) Kat:3, Licht: 0,257832,3,7,1,05,17,6,0,0,1,1,0,0,0,0
"POINT (12.407552447000057 51.351299772000061)",Unfall 257833 (2019) Kat:3, Licht: 0,257833,3,3,5,05,18,6,0,0,1,1,0,0,0,0
"POINT (12.387116461000062 51.326870046000067)",Unfall 257835 (2019) Kat:3, Licht: 0,257835,3,4,6,05,16,6,0,0,1,0,1,0,0,0
"POINT (12.365712584000050 51.363472087000048)",Unfall 257836 (2019) Kat:2, Licht: 0,257836,2,3,5,05,13,6,0,0,1,1,0,0,0,0
"POINT (12.392388179000022 51.334007894000081)",Unfall 257837 (2019) Kat:3, Licht: 0,257837,3,4,6,05,14,6,0,0,1,0,1,0,0,0
"POINT (12.384378719000040 51.300474345000055)",Unfall 257838 (2019) Kat:3, Licht: 0,257838,3,2,6,05,07,6,0,0,0,0,1,0,0,1
"POINT (12.376563161000036 51.336891557000058)",Unfall 257854 (2019) Kat:3, Licht: 0,257854,3,5,3,05,17,5,0,0,1,1,0,0,0,0
"POINT (12.381180307000022 51.342706626000052)",Unfall 257855 (2019) Kat:3, Licht: 0,257855,3,3,5,05,19,5,0,0,1,0,0,0,0,0
"POINT (12.401158467000073 51.303330448000054)",Unfall 257856 (2019) Kat:3, Licht: 0,257856,3,3,5,05,18,5,0,0,1,1,0,0,0,0
"POINT (12.373272146000033 51.315744789000064)",Unfall 257857 (2019) Kat:3, Licht: 0,257857,3,2,3,05,08,5,0,0,1,0,0,0,0,1
"POINT (12.376471720000040 51.348373836000064)",Unfall 257858 (2019) Kat:2, Licht: 2,257858,2,3,5,05,22,5,0,2,0,1,0,1,0,0
"POINT (12.403913089000071 51.400346928000033)",Unfall 257859 (2019) Kat:3, Licht: 0,257859,3,3,5,05,17,5,0,0,0,1,0,0,0,0
"POINT (12.364042598000026 51.327830294000080)",Unfall 257860 (2019) Kat:2, Licht: 0,257860,2,6,4,05,09,5,0,0,1,1,0,0,0,0
"POINT (12.368642204000025 51.318806468000048)",Unfall 257861 (2019) Kat:3, Licht: 0,257861,3,3,5,05,06,5,0,0,0,1,0,0,0,0
"POINT (12.369824933000075 51.361453258000040)",Unfall 257862 (2019) Kat:3, Licht: 0,257862,3,6,3,05,15,5,0,0,1,1,0,0,0,0
"POINT (12.322989998000025 51.327125917000046)",Unfall 257877 (2019) Kat:3, Licht: 0,257877,3,3,5,05,17,4,0,0,1,1,0,0,0,0
"POINT (12.424673042000052 51.312073365000060)",Unfall 257880 (2019) Kat:3, Licht: 0,257880,3,6,1,05,16,4,0,0,1,1,0,0,0,0
"POINT (12.334228608000046 51.319455205000054)",Unfall 257893 (2019) Kat:3, Licht: 0,257893,3,6,2,05,13,3,0,0,0,1,0,0,0,0
"POINT (12.309371100000021 51.328208231000076)",Unfall 257894 (2019) Kat:3, Licht: 0,257894,3,6,2,05,15,3,0,0,0,1,0,0,0,0
"POINT (12.432392645000050 51.355281950000062)",Unfall 257895 (2019) Kat:3, Licht: 0,257895,3,7,5,05,16,3,0,0,1,1,0,0,0,0
"POINT (12.399057770000070 51.345902289000037)",Unfall 257896 (2019) Kat:3, Licht: 0,257896,3,4,6,05,14,3,0,0,0,1,1,0,0,0
"POINT (12.479295029000070 51.348840324000037)",Unfall 257897 (2019) Kat:3, Licht: 0,257897,3,3,5,05,15,3,0,0,1,0,0,0,0,1
"POINT (12.368286764000061 51.334798762000048)",Unfall 257910 (2019) Kat:3, Licht: 0,257910,3,3,5,05,15,2,1,0,1,1,0,0,0,0
"POINT (12.373710881000022 51.331235620000029)",Unfall 257911 (2019) Kat:3, Licht: 0,257911,3,2,3,05,09,2,0,0,1,1,0,0,0,0
"POINT (12.279546356000026 51.314808246000041)",Unfall 257912 (2019) Kat:3, Licht: 0,257912,3,3,5,05,15,2,0,0,0,1,0,0,0,0
"POINT (12.332689203000029 51.321551934000070)",Unfall 257913 (2019) Kat:3, Licht: 1,257913,3,7,1,05,21,2,1,1,0,1,0,0,0,0
"POINT (12.437333708000040 51.296090671000059)",Unfall 257914 (2019) Kat:3, Licht: 0,257914,3,6,2,05,15,2,0,0,0,1,0,0,0,0
"POINT (12.373565253000038 51.309873924000044)",Unfall 257925 (2019) Kat:3, Licht: 2,257925,3,1,0,05,03,1,0,2,1,0,0,0,0,0
"POINT (12.373524937000070 51.324298021000061)",Unfall 257926 (2019) Kat:3, Licht: 2,257926,3,4,6,05,00,1,0,2,1,0,1,0,0,0
"POINT (12.385915526000076 51.364608634000035)",Unfall 257939 (2019) Kat:3, Licht: 0,257939,3,7,1,05,17,7,0,0,1,1,0,0,0,0
"POINT (12.407955347000041 51.335661580000078)",Unfall 257941 (2019) Kat:3, Licht: 2,257941,3,3,5,05,02,7,0,2,0,1,0,0,0,0
"POINT (12.406045090000077 51.286618002000068)",Unfall 257955 (2019) Kat:3, Licht: 0,257955,3,2,2,05,10,6,0,0,0,1,0,0,0,1
"POINT (12.396448880000037 51.304591308000056)",Unfall 257956 (2019) Kat:2, Licht: 2,257956,2,1,9,05,22,6,0,2,0,0,0,1,0,0
"POINT (12.377303363000067 51.333101867000039)",Unfall 257957 (2019) Kat:2, Licht: 0,257957,2,2,3,05,19,6,0,0,1,0,0,0,0,1
"POINT (12.402615318000073 51.345709174000035)",Unfall 257974 (2019) Kat:3, Licht: 0,257974,3,4,6,05,15,5,1,0,1,0,1,0,0,0
"POINT (12.386256662000051 51.367743946000076)",Unfall 257975 (2019) Kat:3, Licht: 0,257975,3,7,6,05,08,5,0,0,0,1,1,0,0,0
"POINT (12.391158955000037 51.334790014000077)",Unfall 257976 (2019) Kat:3, Licht: 0,257976,3,3,5,05,07,5,1,0,1,1,0,0,0,0
"POINT (12.374585815000046 51.367079848000060)",Unfall 257977 (2019) Kat:3, Licht: 0,257977,3,3,5,05,07,5,1,0,1,1,0,0,0,0
"POINT (12.395043905000023 51.318573735000030)",Unfall 257989 (2019) Kat:3, Licht: 0,257989,3,6,2,05,06,4,0,0,0,1,0,1,0,0