WKT,Name,OBJECTID,UKATEGORIE,UTYP1,UART,UMONAT,USTUNDE,UWOCHENTAG,STRZUSTAND,ULICHTVERH,ISTRAD,ISTPKW,ISTFUSS,ISTKRAD,ISTGKFZ,ISTSONSTIG
"POINT (12.382952238000030 51.334246222000047)",Unfall 257990 (2019) Kat:2, Licht: 0,257990,2,2,3,05,07,4,0,0,1,1,0,0,0,0
"POINT (12.424365725000030 51.320001875000059)",Unfall 257991 (2019) Kat:3, Licht: 0,257991,3,2,3,05,13,4,0,0,1,0,0,0,0,1
"POINT (12.377670885000043 51.308089734000077)",Unfall 257992 (2019) Kat:2, Licht: 0,257992,2,5,3,05,16,4,0,0,1,1,0,0,0,0
"POINT (12.388206853000042 51.354727194000077)",Unfall 257993 (2019) Kat:3, Licht: 0,257993,3,6,2,05,06,4,0,0,0,1,0,0,0,0
"POINT (12.378676208000059 51.335837967000032)",Unfall 258006 (2019) Kat:3, Licht: 0,258006,3,2,1,05,17,3,0,0,0,1,0,0,0,0
"POINT (12.409109462000060 51.345362083000055)",Unfall 258007 (2019) Kat:3, Licht: 2,258007,3,2,5,05,21,3,0,2,1,1,0,0,0,0
"POINT (12.371257383000057 51.332655654000064)",Unfall 258008 (2019) Kat:2, Licht: 0,258008,2,2,5,05,15,3,0,0,1,1,0,0,0,0
"POINT (12.402586910000025 51.338979772000073)",Unfall 258009 (2019) Kat:3, Licht: 0,258009,3,1,0,05,17,3,0,0,1,0,0,0,0,0
"POINT (12.326442944000064 51.322520830000030)",Unfall 258011 (2019) Kat:3, Licht: 0,258011,3,2,3,05,07,3,0,0,1,1,0,0,0,0
"POINT (12.398182045000055 51.339213529000062)",Unfall 258012 (2019) Kat:2, Licht: 0,258012,2,2,3,05,16,3,0,0,1,0,0,0,0,1
"POINT (12.382285891000038 51.339281362000065)",Unfall 258013 (2019) Kat:3, Licht: 2,258013,3,4,6,05,21,3,0,2,1,0,1,0,0,0
"POINT (12.381809164000060 51.338686850000045)",Unfall 258014 (2019) Kat:3, Licht: 0,258014,3,2,3,05,18,3,0,0,1,1,0,0,0,0
"POINT (12.397576612000023 51.336490508000054)",Unfall 258026 (2019) Kat:3, Licht: 0,258026,3,3,5,06,15,4,0,0,1,1,0,0,0,0
"POINT (12.291587327000059 51.322493841000039)",Unfall 258027 (2019) Kat:3, Licht: 0,258027,3,2,5,06,16,4,1,0,0,1,0,0,0,0
"POINT (12.386314543000026 51.378847784000072)",Unfall 258029 (2019) Kat:3, Licht: 0,258029,3,3,5,06,07,5,0,0,1,1,0,0,0,0
"POINT (12.387455262000060 51.357023782000056)",Unfall 258031 (2019) Kat:3, Licht: 0,258031,3,3,5,06,06,5,0,0,1,1,0,0,0,0
"POINT (12.391917361000026 51.323744245000057)",Unfall 258033 (2019) Kat:3, Licht: 1,258033,3,7,3,06,19,5,0,1,0,1,0,0,0,0
"POINT (12.407427899000027 51.325984394000045)",Unfall 258048 (2019) Kat:3, Licht: 0,258048,3,2,5,06,16,4,1,0,0,1,0,1,0,0
"POINT (12.376809904000027 51.321922047000044)",Unfall 258049 (2019) Kat:3, Licht: 0,258049,3,5,1,06,15,4,0,0,1,1,0,0,0,0
"POINT (12.386733993000064 51.359060518000035)",Unfall 258050 (2019) Kat:3, Licht: 0,258050,3,3,5,06,07,4,0,0,1,1,0,0,0,0
"POINT (12.407726348000040 51.356205071000034)",Unfall 258051 (2019) Kat:2, Licht: 0,258051,2,3,5,06,18,4,0,0,0,1,0,1,0,0
"POINT (12.387837203000061 51.296114613000043)",Unfall 258052 (2019) Kat:3, Licht: 0,258052,3,4,6,06,13,4,0,0,0,1,1,0,0,0
"POINT (12.362708208000072 51.331025241000077)",Unfall 258053 (2019) Kat:2, Licht: 0,258053,2,5,3,06,17,4,1,0,0,1,0,1,0,0
"POINT (12.362361903000021 51.359288168000035)",Unfall 258054 (2019) Kat:3, Licht: 0,258054,3,4,0,06,08,4,0,0,0,1,1,0,0,0
"POINT (12.470424700000024 51.345744192000041)",Unfall 258055 (2019) Kat:3, Licht: 0,258055,3,3,5,06,10,4,0,0,1,1,0,0,0,0
"POINT (12.399145712000063 51.345895184000028)",Unfall 258056 (2019) Kat:3, Licht: 0,258056,3,2,3,06,06,4,0,0,0,1,0,0,0,0
"POINT (12.393235574000073 51.336943184000063)",Unfall 258078 (2019) Kat:3, Licht: 2,258078,3,3,5,06,21,3,1,2,1,1,0,0,0,0
"POINT (12.381148529000029 51.337365033000026)",Unfall 258079 (2019) Kat:3, Licht: 0,258079,3,3,5,06,17,3,0,0,1,0,0,0,0,1
"POINT (12.383842583000046 51.307687275000035)",Unfall 258080 (2019) Kat:3, Licht: 0,258080,3,7,5,06,06,3,0,0,1,1,0,0,0,0
"POINT (12.420475348000025 51.358058322000034)",Unfall 258081 (2019) Kat:3, Licht: 0,258081,3,1,1,06,07,3,0,0,0,1,0,0,0,0
"POINT (12.370405509000022 51.361319968000032)",Unfall 258082 (2019) Kat:3, Licht: 0,258082,3,6,2,06,16,3,0,0,1,1,0,0,0,0
"POINT (12.368741078000028 51.312531426000078)",Unfall 258083 (2019) Kat:2, Licht: 2,258083,2,2,4,06,22,3,1,2,1,1,0,0,0,0
"POINT (12.411091776000035 51.353477739000027)",Unfall 258084 (2019) Kat:3, Licht: 0,258084,3,4,0,06,08,3,0,0,0,0,1,0,0,1
"POINT (12.405374213000073 51.323451023000075)",Unfall 258085 (2019) Kat:3, Licht: 0,258085,3,2,4,06,17,3,0,0,0,1,0,1,0,0
"POINT (12.373001858000066 51.309696682000038)",Unfall 258086 (2019) Kat:3, Licht: 0,258086,3,3,5,06,07,3,0,0,1,1,0,0,0,0
"POINT (12.400477263000028 51.346539719000077)",Unfall 258100 (2019) Kat:2, Licht: 1,258100,2,2,6,06,21,2,0,1,0,1,1,0,0,0
"POINT (12.370458708000058 51.361307754000052)",Unfall 258101 (2019) Kat:3, Licht: 0,258101,3,6,2,06,15,2,0,0,0,1,0,0,0,0
"POINT (12.390846195000051 51.295018809000055)",Unfall 258112 (2019) Kat:3, Licht: 0,258112,3,5,1,06,20,1,0,0,0,1,0,0,0,0
"POINT (12.376711805000070 51.318741402000057)",Unfall 258113 (2019) Kat:3, Licht: 0,258113,3,1,0,06,18,1,0,0,1,0,0,0,0,0
"POINT (12.321391987000027 51.375164521000045)",Unfall 258114 (2019) Kat:2, Licht: 0,258114,2,1,8,06,10,1,0,0,1,0,0,0,0,0
"POINT (12.371929926000064 51.339631478000058)",Unfall 258131 (2019) Kat:3, Licht: 0,258131,3,7,1,06,18,6,0,0,1,1,0,0,0,0
"POINT (12.389488312000026 51.335904087000074)",Unfall 258132 (2019) Kat:2, Licht: 0,258132,2,4,6,06,13,6,0,0,1,0,1,0,0,0
"POINT (12.364903222000066 51.371750838000025)",Unfall 258133 (2019) Kat:2, Licht: 0,258133,2,2,6,06,15,6,0,0,0,1,1,0,0,0
"POINT (12.308189251000044 51.321003130000065)",Unfall 258148 (2019) Kat:3, Licht: 0,258148,3,6,2,06,12,5,0,0,0,1,0,0,0,0
"POINT (12.376927513000055 51.305079254000077)",Unfall 258149 (2019) Kat:3, Licht: 1,258149,3,7,1,06,21,5,0,1,0,1,0,1,0,0
"POINT (12.373599204000072 51.307535302000076)",Unfall 258150 (2019) Kat:3, Licht: 2,258150,3,7,3,06,01,5,0,2,1,1,0,0,0,0
"POINT (12.403476043000069 51.379547483000067)",Unfall 258152 (2019) Kat:3, Licht: 2,258152,3,1,1,06,23,5,0,2,0,1,0,0,0,0
"POINT (12.378425181000068 51.307825929000046)",Unfall 258154 (2019) Kat:3, Licht: 0,258154,3,5,1,06,12,5,0,0,1,1,0,0,0,0
"POINT (12.374710982000067 51.347293437000076)",Unfall 258175 (2019) Kat:3, Licht: 0,258175,3,3,5,06,08,4,0,0,1,1,0,0,0,0
"POINT (12.378601897000067 51.324185995000050)",Unfall 258176 (2019) Kat:3, Licht: 1,258176,3,3,5,06,21,4,0,1,1,1,0,0,0,0
"POINT (12.373753911000051 51.324215719000051)",Unfall 258177 (2019) Kat:3, Licht: 1,258177,3,3,5,06,21,4,0,1,0,1,0,0,0,0
"POINT (12.445267085000069 51.345936620000032)",Unfall 258178 (2019) Kat:3, Licht: 0,258178,3,3,5,06,18,4,0,0,0,1,0,0,0,0
"POINT (12.371425127000066 51.331580853000048)",Unfall 258197 (2019) Kat:3, Licht: 0,258197,3,2,4,06,17,3,0,0,1,1,0,0,0,0
"POINT (12.406611184000042 51.333272044000068)",Unfall 258198 (2019) Kat:3, Licht: 0,258198,3,6,1,06,18,3,0,0,0,1,0,0,0,0
"POINT (12.310034871000028 51.344328276000056)",Unfall 258199 (2019) Kat:3, Licht: 0,258199,3,7,3,06,08,3,0,0,1,0,0,0,0,1
"POINT (12.334222356000055 51.319445356000074)",Unfall 258200 (2019) Kat:3, Licht: 0,258200,3,2,2,06,12,3,0,0,1,1,0,0,0,0
"POINT (12.368282516000022 51.314664669000081)",Unfall 258201 (2019) Kat:3, Licht: 0,258201,3,2,5,06,16,3,0,0,1,1,0,0,0,0
"POINT (12.396877055000061 51.401618401000064)",Unfall 258202 (2019) Kat:2, Licht: 0,258202,2,2,6,06,14,3,0,0,0,1,1,0,0,0
"POINT (12.335529267000027 51.321720093000067)",Unfall 258203 (2019) Kat:3, Licht: 0,258203,3,2,4,06,18,3,0,0,1,0,0,1,0,0
"POINT (12.344655026000055 51.318933516000072)",Unfall 258226 (2019) Kat:3, Licht: 0,258226,3,3,5,06,11,2,0,0,1,0,0,0,0,1
"POINT (12.437219252000034 51.395769865000034)",Unfall 258228 (2019) Kat:3, Licht: 0,258228,3,3,5,06,05,2,0,0,1,1,0,0,0,0
"POINT (12.318076056000052 51.390668846000040)",Unfall 258229 (2019) Kat:3, Licht: 0,258229,3,2,4,06,05,2,0,0,0,1,0,1,0,0
"POINT (12.358100240000056 51.379377384000065)",Unfall 258230 (2019) Kat:3, Licht: 0,258230,3,2,3,06,11,2,0,0,1,1,0,0,0,0
"POINT (12.362195606000057 51.365566511000054)",Unfall 258231 (2019) Kat:3, Licht: 0,258231,3,4,6,06,17,2,0,0,1,1,1,0,0,0
"POINT (12.465774564000071 51.312611384000036)",Unfall 258232 (2019) Kat:3, Licht: 0,258232,3,3,5,06,16,2,0,0,1,1,0,0,0,0
"POINT (12.259618876000047 51.311838940000030)",Unfall 258233 (2019) Kat:3, Licht: 0,258233,3,2,6,06,16,2,0,0,0,0,1,0,0,1
"POINT (12.385045948000027 51.338149790000045)",Unfall 258249 (2019) Kat:3, Licht: 0,258249,3,2,4,06,16,1,0,0,1,1,0,0,0,0
"POINT (12.392563505000055 51.348424148000049)",Unfall 258250 (2019) Kat:3, Licht: 0,258250,3,3,5,06,12,1,0,0,1,1,0,0,0,0
"POINT (12.352407545000062 51.319413702000077)",Unfall 258251 (2019) Kat:3, Licht: 0,258251,3,7,1,06,11,1,0,0,0,1,0,1,0,0
"POINT (12.372199435000027 51.299932273000081)",Unfall 258259 (2019) Kat:3, Licht: 0,258259,3,2,4,06,15,7,0,0,1,1,0,0,0,0
"POINT (12.415855490000069 51.356547121000062)",Unfall 258260 (2019) Kat:3, Licht: 0,258260,3,4,6,06,13,7,0,0,1,0,1,0,0,0
"POINT (12.263099450000027 51.344632788000069)",Unfall 258268 (2019) Kat:3, Licht: 0,258268,3,3,5,05,11,6,0,0,1,1,0,0,0,0
"POINT (12.322071834000042 51.332688745000041)",Unfall 258269 (2019) Kat:3, Licht: 0,258269,3,1,0,05,19,6,0,0,1,0,0,0,0,0
"POINT (12.335293332000049 51.326810602000080)",Unfall 258270 (2019) Kat:3, Licht: 2,258270,3,5,1,05,22,6,1,2,1,1,0,0,0,0
"POINT (12.394712750000053 51.396881307000058)",Unfall 258271 (2019) Kat:3, Licht: 0,258271,3,6,6,05,11,6,0,0,1,0,1,0,0,0
"POINT (12.316462330000036 51.379671151000082)",Unfall 258272 (2019) Kat:3, Licht: 0,258272,3,3,5,05,13,6,0,0,1,1,0,0,0,0
"POINT (12.398622943000021 51.345925886000032)",Unfall 258285 (2019) Kat:3, Licht: 0,258285,3,5,1,05,12,5,0,0,1,0,0,0,0,1
"POINT (12.323605816000054 51.330366515000037)",Unfall 258286 (2019) Kat:3, Licht: 2,258286,3,1,0,05,02,5,0,2,0,0,0,1,0,0
"POINT (12.308361601000058 51.274016728000049)",Unfall 258289 (2019) Kat:3, Licht: 0,258289,3,3,5,05,10,5,0,0,1,1,0,0,0,0
"POINT (12.461322390000078 51.353128343000037)",Unfall 258309 (2019) Kat:3, Licht: 0,258309,3,4,6,05,19,4,0,0,0,1,1,0,0,0
"POINT (12.382833765000044 51.318052140000077)",Unfall 258310 (2019) Kat:3, Licht: 0,258310,3,7,0,05,11,4,0,0,1,0,0,0,0,0
"POINT (12.354873955000073 51.349767654000061)",Unfall 258311 (2019) Kat:3, Licht: 0,258311,3,3,5,05,10,4,0,0,1,1,0,0,0,0
"POINT (12.359299931000066 51.334418258000028)",Unfall 258312 (2019) Kat:3, Licht: 0,258312,3,6,2,05,16,4,0,0,0,1,0,0,0,0
"POINT (12.368950358000063 51.311423649000062)",Unfall 258316 (2019) Kat:3, Licht: 0,258316,3,2,4,06,20,4,0,0,0,1,0,1,0,0
"POINT (12.400435556000048 51.346579624000071)",Unfall 258317 (2019) Kat:3, Licht: 0,258317,3,3,1,06,14,4,0,0,1,1,0,0,0,0
"POINT (12.328581471000064 51.340659611000035)",Unfall 258318 (2019) Kat:2, Licht: 0,258318,2,2,4,06,14,4,0,0,0,1,0,1,0,0
"POINT (12.372778543000038 51.301019712000027)",Unfall 258319 (2019) Kat:3, Licht: 0,258319,3,6,2,06,19,4,0,0,0,1,0,0,0,0
"POINT (12.434180664000053 51.382047257000067)",Unfall 258320 (2019) Kat:3, Licht: 0,258320,3,6,4,06,09,4,0,0,1,0,0,0,0,0
"POINT (12.411836055000038 51.331813918000080)",Unfall 258321 (2019) Kat:3, Licht: 0,258321,3,6,3,06,09,4,0,0,1,1,0,0,0,0
"POINT (12.411573645000033 51.342641137000044)",Unfall 258338 (2019) Kat:3, Licht: 0,258338,3,4,6,06,05,3,0,0,0,1,1,0,0,0
"POINT (12.370940146000066 51.334075483000049)",Unfall 258339 (2019) Kat:3, Licht: 0,258339,3,2,6,06,19,3,0,0,0,1,1,0,0,0
"POINT (12.308531857000048 51.320685424000033)",Unfall 258340 (2019) Kat:3, Licht: 0,258340,3,2,1,06,16,3,0,0,1,1,0,0,0,0
"POINT (12.392310081000062 51.288202040000044)",Unfall 258341 (2019) Kat:3, Licht: 0,258341,3,6,2,06,08,3,0,0,0,1,0,0,0,0
"POINT (12.374115117000031 51.303332680000040)",Unfall 258342 (2019) Kat:3, Licht: 0,258342,3,2,5,06,08,3,0,0,1,1,0,0,0,0
"POINT (12.333653385000048 51.391155601000037)",Unfall 258343 (2019) Kat:3, Licht: 0,258343,3,7,0,06,06,3,1,0,1,0,0,0,0,1
"POINT (12.377241762000040 51.390266712000027)",Unfall 258344 (2019) Kat:3, Licht: 0,258344,3,7,0,06,06,3,1,0,0,0,0,1,0,1
"POINT (12.317200688000071 51.316597948000037)",Unfall 258345 (2019) Kat:3, Licht: 0,258345,3,2,3,06,08,3,0,0,0,0,0,0,0,1
"POINT (12.399025517000041 51.330146527000068)",Unfall 258346 (2019) Kat:3, Licht: 0,258346,3,2,4,06,07,3,0,0,1,1,0,0,0,0
"POINT (12.385527547000038 51.337701036000055)",Unfall 258347 (2019) Kat:3, Licht: 0,258347,3,5,1,06,20,3,0,0,1,1,0,0,0,0
"POINT (12.388027764000071 51.338139736000073)",Unfall 258348 (2019) Kat:3, Licht: 0,258348,3,6,2,06,19,3,0,0,0,1,0,0,0,0
"POINT (12.437497028000053 51.375880830000028)",Unfall 258349 (2019) Kat:3, Licht: 0,258349,3,3,5,06,14,3,0,0,0,1,0,0,0,1
"POINT (12.406088215000068 51.348112082000057)",Unfall 258367 (2019) Kat:3, Licht: 0,258367,3,1,1,06,07,2,0,0,1,1,0,0,0,0
"POINT (12.371289062000073 51.329946156000062)",Unfall 258368 (2019) Kat:3, Licht: 0,258368,3,6,2,06,11,2,0,0,0,1,0,0,0,0
"POINT (12.320629905000033 51.329795219000061)",Unfall 258369 (2019) Kat:2, Licht: 0,258369,2,7,0,06,08,2,0,0,0,0,0,0,0,1
"POINT (12.373442579000027 51.328523915000062)",Unfall 258370 (2019) Kat:3, Licht: 0,258370,3,2,3,06,09,2,0,0,1,1,0,0,0,0
"POINT (12.380698163000034 51.306481045000055)",Unfall 258371 (2019) Kat:3, Licht: 0,258371,3,5,0,06,18,2,0,0,1,1,0,0,0,0
"POINT (12.409048746000053 51.345365214000026)",Unfall 258372 (2019) Kat:2, Licht: 0,258372,2,2,2,06,19,2,0,0,0,1,0,1,0,0
"POINT (12.363160400000027 51.372884677000059)",Unfall 258390 (2019) Kat:3, Licht: 0,258390,3,6,1,06,15,1,0,0,1,1,0,0,0,0
"POINT (12.406204046000028 51.336949967000066)",Unfall 258391 (2019) Kat:3, Licht: 2,258391,3,3,5,06,22,1,0,2,0,1,0,0,0,0
"POINT (12.421989643000074 51.313796699000079)",Unfall 258407 (2019) Kat:3, Licht: 0,258407,3,6,1,06,09,7,0,0,1,1,0,0,0,0
"POINT (12.384073788000023 51.336227598000050)",Unfall 258419 (2019) Kat:3, Licht: 0,258419,3,2,5,06,18,6,0,0,1,1,0,0,0,0
"POINT (12.371104950000074 51.347394335000047)",Unfall 258420 (2019) Kat:3, Licht: 0,258420,3,3,5,06,05,6,0,0,1,1,0,0,0,0
"POINT (12.339421925000067 51.334036316000038)",Unfall 258421 (2019) Kat:3, Licht: 2,258421,3,1,0,06,22,6,0,2,1,0,0,0,0,0
"POINT (12.413268076000065 51.341068135000057)",Unfall 258422 (2019) Kat:3, Licht: 0,258422,3,3,5,06,15,6,0,0,1,1,0,0,0,0
"POINT (12.398395790000052 51.334973733000027)",Unfall 258423 (2019) Kat:3, Licht: 0,258423,3,3,5,06,07,6,0,0,1,1,0,0,0,0
"POINT (12.385577421000050 51.297006037000074)",Unfall 258424 (2019) Kat:3, Licht: 0,258424,3,6,3,06,10,6,0,0,1,0,0,0,0,0
"POINT (12.370983800000033 51.347352861000047)",Unfall 258425 (2019) Kat:3, Licht: 0,258425,3,6,2,06,13,6,0,0,0,1,0,1,0,0
"POINT (12.358487906000050 51.364115889000061)",Unfall 258426 (2019) Kat:3, Licht: 0,258426,3,3,5,06,09,6,0,0,0,1,0,0,0,1
"POINT (12.443452293000064 51.342623412000080)",Unfall 258427 (2019) Kat:3, Licht: 0,258427,3,3,5,06,07,6,0,0,1,1,0,0,0,0
"POINT (12.418471842000031 51.357388438000044)",Unfall 258428 (2019) Kat:3, Licht: 0,258428,3,2,2,06,16,6,0,0,0,1,0,0,0,0
"POINT (12.408416334000037 51.335998729000039)",Unfall 258446 (2019) Kat:3, Licht: 0,258446,3,3,5,06,16,5,0,0,1,1,0,0,0,0
"POINT (12.361796743000070 51.332559621000030)",Unfall 258447 (2019) Kat:3, Licht: 0,258447,3,3,5,06,16,5,0,0,1,1,0,0,0,0
"POINT (12.316521681000040 51.347947607000037)",Unfall 258448 (2019) Kat:2, Licht: 0,258448,2,4,6,06,16,5,0,0,0,1,1,0,0,0
"POINT (12.304742562000058 51.313493426000036)",Unfall 258449 (2019) Kat:3, Licht: 0,258449,3,4,6,06,16,5,0,0,0,1,1,0,0,0
"POINT (12.415655419000075 51.323945669000068)",Unfall 258451 (2019) Kat:3, Licht: 0,258451,3,2,4,06,12,5,0,0,1,1,0,0,0,0
"POINT (12.384298375000071 51.343462096000053)",Unfall 258452 (2019) Kat:3, Licht: 0,258452,3,1,0,06,07,5,1,0,1,0,0,0,0,0
"POINT (12.472697976000063 51.336559177000026)",Unfall 258453 (2019) Kat:2, Licht: 0,258453,2,2,4,06,09,5,0,0,1,1,0,0,0,0
"POINT (12.398444703000052 51.357922912000049)",Unfall 258474 (2019) Kat:2, Licht: 0,258474,2,2,8,06,15,4,0,0,1,0,0,0,0,0
"POINT (12.401784156000076 51.324368066000034)",Unfall 258475 (2019) Kat:3, Licht: 0,258475,3,6,2,06,14,4,0,0,0,1,0,0,0,0
"POINT (12.322199157000057 51.344605231000060)",Unfall 258476 (2019) Kat:2, Licht: 0,258476,2,2,5,06,19,4,0,0,0,1,0,1,0,0
"POINT (12.341032438000070 51.337889953000058)",Unfall 258477 (2019) Kat:3, Licht: 0,258477,3,5,3,06,18,4,0,0,1,1,0,0,0,0
"POINT (12.343539142000054 51.367396112000051)",Unfall 258478 (2019) Kat:3, Licht: 0,258478,3,5,1,06,17,4,0,0,1,1,0,0,0,0
"POINT (12.354136371000038 51.382104724000044)",Unfall 258480 (2019) Kat:3, Licht: 0,258480,3,2,3,06,16,4,0,0,1,1,0,0,0,0
"POINT (12.353159085000073 51.353020206000053)",Unfall 258481 (2019) Kat:2, Licht: 0,258481,2,2,4,06,17,4,0,0,1,0,0,0,0,1
"POINT (12.412771088000056 51.375178154000082)",Unfall 258483 (2019) Kat:2, Licht: 2,258483,2,4,6,06,20,4,0,2,0,1,1,0,0,0
"POINT (12.335815733000061 51.327639649000048)",Unfall 258496 (2019) Kat:3, Licht: 0,258496,3,3,5,06,16,3,0,0,0,1,0,1,0,0
"POINT (12.385458607000032 51.376157134000039)",Unfall 258497 (2019) Kat:3, Licht: 2,258497,3,2,5,06,00,3,0,2,1,1,0,0,0,0
"POINT (12.393594291000056 51.344684154000049)",Unfall 258498 (2019) Kat:3, Licht: 0,258498,3,6,3,06,08,3,0,0,1,0,0,0,0,1
"POINT (12.389681200000041 51.358919029000049)",Unfall 258518 (2019) Kat:3, Licht: 0,258518,3,3,5,06,11,2,0,0,1,1,0,0,0,0
"POINT (12.326039150000042 51.332226163000030)",Unfall 258519 (2019) Kat:3, Licht: 0,258519,3,3,4,06,16,2,0,0,1,1,0,0,0,0
"POINT (12.390356306000058 51.290861292000045)",Unfall 258520 (2019) Kat:3, Licht: 0,258520,3,2,3,06,18,2,0,0,1,1,0,0,0,0
"POINT (12.403919192000046 51.345639088000041)",Unfall 258521 (2019) Kat:3, Licht: 0,258521,3,2,3,06,20,2,0,0,1,0,0,0,0,1
"POINT (12.411832273000073 51.403037215000040)",Unfall 258522 (2019) Kat:3, Licht: 0,258522,3,3,5,06,16,2,0,0,1,1,0,0,0,0
"POINT (12.316658175000043 51.307415937000030)",Unfall 258523 (2019) Kat:3, Licht: 2,258523,3,1,0,06,02,2,0,2,0,1,0,0,0,0
"POINT (12.398542865000024 51.339223232000052)",Unfall 258536 (2019) Kat:3, Licht: 0,258536,3,5,3,06,15,1,0,0,1,1,0,0,0,0
"POINT (12.364833336000061 51.337173044000053)",Unfall 258537 (2019) Kat:3, Licht: 2,258537,3,1,8,06,01,1,0,2,0,1,0,0,0,0
"POINT (12.374206069000024 51.334237102000031)",Unfall 258560 (2019) Kat:3, Licht: 0,258560,3,6,2,06,15,6,0,0,0,1,0,0,0,0
"POINT (12.402170738000052 51.339839501000029)",Unfall 258561 (2019) Kat:2, Licht: 0,258561,2,4,6,06,15,6,0,0,1,0,1,0,0,0
"POINT (12.342876260000025 51.329629404000059)",Unfall 258562 (2019) Kat:3, Licht: 0,258562,3,5,1,06,08,6,0,0,0,1,0,0,0,0
"POINT (12.355247083000052 51.338482856000041)",Unfall 258563 (2019) Kat:3, Licht: 0,258563,3,6,1,06,13,6,0,0,0,1,0,0,0,0
"POINT (12.326594296000053 51.323035663000041)",Unfall 258564 (2019) Kat:3, Licht: 0,258564,3,3,5,06,15,6,0,0,0,1,0,0,0,0
"POINT (12.427361910000059 51.343600778000052)",Unfall 258565 (2019) Kat:3, Licht: 0,258565,3,2,5,06,07,6,0,0,1,1,0,0,0,0
"POINT (12.436351268000067 51.305645826000045)",Unfall 258566 (2019) Kat:3, Licht: 0,258566,3,3,5,06,08,6,0,0,0,1,0,0,0,0
"POINT (12.324186355000052 51.333529352000028)",Unfall 258567 (2019) Kat:3, Licht: 0,258567,3,6,2,06,18,6,0,0,0,1,0,0,0,0
"POINT (12.338173606000055 51.327074716000027)",Unfall 258568 (2019) Kat:3, Licht: 0,258568,3,3,5,06,12,6,0,0,1,1,0,0,0,0
"POINT (12.356498208000062 51.320386855000038)",Unfall 258570 (2019) Kat:3, Licht: 0,258570,3,6,2,06,06,6,0,0,0,1,0,0,0,0
"POINT (12.362882767000031 51.330603254000039)",Unfall 258591 (2019) Kat:3, Licht: 0,258591,3,2,4,06,07,5,0,0,1,1,0,0,0,0
"POINT (12.443185506000077 51.304173894000030)",Unfall 258592 (2019) Kat:3, Licht: 0,258592,3,2,6,06,18,5,0,0,0,1,1,0,0,0
"POINT (12.478757645000030 51.334989153000038)",Unfall 258594 (2019) Kat:2, Licht: 0,258594,2,6,6,06,07,5,0,0,1,0,1,0,0,0
"POINT (12.377127499000039 51.371110104000081)",Unfall 258595 (2019) Kat:3, Licht: 0,258595,3,3,5,06,16,5,0,0,1,1,0,0,0,0
"POINT (12.373675436000042 51.335551820000035)",Unfall 258601 (2019) Kat:3, Licht: 2,258601,3,1,0,07,03,6,1,2,1,0,0,0,0,0
"POINT (12.395839219000038 51.346066735000079)",Unfall 258602 (2019) Kat:3, Licht: 0,258602,3,3,5,07,08,6,0,0,1,0,0,0,0,0
"POINT (12.415898396000046 51.337196720000065)",Unfall 258603 (2019) Kat:3, Licht: 0,258603,3,5,1,07,14,6,0,0,1,1,0,0,0,0
"POINT (12.472136521000039 51.332514154000080)",Unfall 258605 (2019) Kat:2, Licht: 0,258605,2,1,9,07,18,6,1,0,0,0,0,1,0,0
"POINT (12.396156628000028 51.301187547000040)",Unfall 258613 (2019) Kat:3, Licht: 0,258613,3,7,4,07,13,5,0,0,1,1,0,0,0,0
"POINT (12.427310733000070 51.295026185000040)",Unfall 258614 (2019) Kat:3, Licht: 0,258614,3,3,5,07,15,5,0,0,1,1,0,0,0,0
"POINT (12.383432063000043 51.351917698000079)",Unfall 258631 (2019) Kat:3, Licht: 0,258631,3,6,2,07,09,4,0,0,0,1,0,0,0,0
"POINT (12.326950292000049 51.339095028000031)",Unfall 258633 (2019) Kat:3, Licht: 0,258633,3,2,6,07,11,4,0,0,0,1,1,0,0,0
"POINT (12.406830531000026 51.338136082000062)",Unfall 258634 (2019) Kat:3, Licht: 0,258634,3,7,3,07,09,4,0,0,0,0,0,0,0,1
"POINT (12.282075041000041 51.360723136000047)",Unfall 258635 (2019) Kat:3, Licht: 0,258635,3,2,0,07,15,4,0,0,0,0,0,1,0,0
"POINT (12.376266099000077 51.391530112000055)",Unfall 258636 (2019) Kat:3, Licht: 0,258636,3,7,0,07,16,4,0,0,1,0,0,0,0,0
"POINT (12.382407213000022 51.338552261000075)",Unfall 258646 (2019) Kat:3, Licht: 0,258646,3,6,4,07,16,3,0,0,1,0,0,0,0,0
"POINT (12.437937391000048 51.306043322000050)",Unfall 258647 (2019) Kat:3, Licht: 0,258647,3,3,5,07,16,3,0,0,1,1,0,0,0,0
"POINT (12.429774842000029 51.330975668000065)",Unfall 258648 (2019) Kat:3, Licht: 0,258648,3,3,5,07,16,3,0,0,1,1,0,0,0,0
"POINT (12.365446054000074 51.362457290000066)",Unfall 258649 (2019) Kat:3, Licht: 0,258649,3,3,5,07,11,3,0,0,1,1,0,0,0,0
"POINT (12.385221107000064 51.342750785000078)",Unfall 258661 (2019) Kat:3, Licht: 0,258661,3,7,6,07,10,2,0,0,0,1,1,0,0,0
"POINT (12.394439508000062 51.284935859000029)",Unfall 258662 (2019) Kat:3, Licht: 0,258662,3,6,2,07,17,2,0,0,0,1,0,0,0,0