WKT,Name,OBJECTID,UKATEGORIE,UTYP1,UART,UMONAT,USTUNDE,UWOCHENTAG,STRZUSTAND,ULICHTVERH,ISTRAD,ISTPKW,ISTFUSS,ISTKRAD,ISTGKFZ,ISTSONSTIG
"POINT (12.373228624000035 51.324338402000080)",Unfall 258663 (2019) Kat:3, Licht: 0,258663,3,5,1,07,13,2,0,0,1,0,0,0,0,1
"POINT (12.359978445000024 51.363684096000043)",Unfall 258677 (2019) Kat:3, Licht: 2,258677,3,7,6,07,00,1,0,2,0,1,1,0,0,0
"POINT (12.394737061000058 51.376426600000059)",Unfall 258678 (2019) Kat:2, Licht: 2,258678,2,3,5,07,23,1,0,2,0,1,0,0,0,0
"POINT (12.371121003000042 51.347388178000074)",Unfall 258684 (2019) Kat:3, Licht: 0,258684,3,2,9,07,06,7,0,0,0,1,0,0,0,0
"POINT (12.308634392000044 51.334467851000056)",Unfall 258686 (2019) Kat:3, Licht: 0,258686,3,3,5,07,18,7,0,0,0,1,0,1,0,0
"POINT (12.371138458000075 51.335276970000052)",Unfall 258698 (2019) Kat:3, Licht: 0,258698,3,3,5,07,14,6,0,0,1,1,0,0,0,0
"POINT (12.407490469000038 51.369825929000058)",Unfall 258699 (2019) Kat:3, Licht: 0,258699,3,6,2,07,14,6,0,0,0,1,0,0,0,0
"POINT (12.376418953000041 51.391592179000043)",Unfall 258701 (2019) Kat:3, Licht: 0,258701,3,3,5,07,11,6,0,0,1,1,0,0,0,0
"POINT (12.452548590000049 51.383739025000068)",Unfall 258702 (2019) Kat:3, Licht: 2,258702,3,7,1,07,22,6,0,2,0,1,0,0,0,0
"POINT (12.407905119000077 51.335569882000073)",Unfall 258703 (2019) Kat:3, Licht: 0,258703,3,6,2,07,15,6,0,0,1,1,0,0,0,0
"POINT (12.377761886000030 51.311559420000037)",Unfall 258705 (2019) Kat:3, Licht: 0,258705,3,5,1,07,12,6,0,0,1,1,0,0,0,0
"POINT (12.337031311000032 51.329576392000035)",Unfall 258718 (2019) Kat:3, Licht: 0,258718,3,1,1,07,16,5,0,0,1,1,0,0,0,0
"POINT (12.308950527000036 51.315228862000026)",Unfall 258719 (2019) Kat:2, Licht: 0,258719,2,1,0,07,18,5,0,0,1,0,0,0,0,0
"POINT (12.367620836000071 51.325287827000068)",Unfall 258720 (2019) Kat:3, Licht: 0,258720,3,1,4,07,16,5,0,0,1,0,0,0,0,1
"POINT (12.322362372000043 51.372847290000038)",Unfall 258721 (2019) Kat:3, Licht: 0,258721,3,7,8,07,08,5,1,0,0,0,0,1,0,0
"POINT (12.366594484000075 51.366672562000076)",Unfall 258722 (2019) Kat:2, Licht: 0,258722,2,4,6,07,12,5,0,0,0,1,1,0,0,0
"POINT (12.421339421000027 51.352901805000045)",Unfall 258723 (2019) Kat:3, Licht: 0,258723,3,3,5,07,09,5,0,0,1,1,0,0,0,0
"POINT (12.382739838000077 51.340482417000032)",Unfall 258743 (2019) Kat:3, Licht: 0,258743,3,3,5,07,16,4,0,0,1,1,0,0,0,0
"POINT (12.375149425000075 51.364387607000026)",Unfall 258744 (2019) Kat:3, Licht: 2,258744,3,3,5,07,00,4,0,2,1,1,0,0,0,0
"POINT (12.358469091000075 51.379085024000062)",Unfall 258745 (2019) Kat:3, Licht: 0,258745,3,4,6,07,16,4,0,0,1,0,1,0,0,0
"POINT (12.370441372000073 51.326765835000060)",Unfall 258746 (2019) Kat:3, Licht: 2,258746,3,2,0,07,23,4,0,2,1,1,0,0,0,0
"POINT (12.391449050000062 51.334996022000041)",Unfall 258766 (2019) Kat:3, Licht: 0,258766,3,6,1,07,14,3,0,0,0,1,0,0,0,0
"POINT (12.339997910000022 51.326420702000064)",Unfall 258767 (2019) Kat:3, Licht: 0,258767,3,6,6,07,08,3,0,0,1,0,1,0,0,0
"POINT (12.412035069000069 51.335416039000052)",Unfall 258768 (2019) Kat:3, Licht: 0,258768,3,3,5,07,05,3,0,0,0,1,0,0,0,0
"POINT (12.366726717000063 51.367248708000034)",Unfall 258769 (2019) Kat:3, Licht: 0,258769,3,1,0,07,16,3,0,0,1,0,0,0,0,0
"POINT (12.303081330000055 51.314412365000067)",Unfall 258770 (2019) Kat:2, Licht: 0,258770,2,2,0,07,11,3,0,0,0,1,0,0,0,1
"POINT (12.378677022000034 51.335884840000062)",Unfall 258771 (2019) Kat:3, Licht: 0,258771,3,3,5,07,14,3,0,0,0,1,0,0,0,0
"POINT (12.411633189000042 51.342632914000035)",Unfall 258785 (2019) Kat:3, Licht: 0,258785,3,2,4,07,15,2,0,0,1,1,0,0,0,0
"POINT (12.385134193000056 51.365734405000069)",Unfall 258786 (2019) Kat:3, Licht: 0,258786,3,6,3,07,15,2,0,0,0,1,0,0,0,0
"POINT (12.361795802000074 51.374959341000078)",Unfall 258787 (2019) Kat:3, Licht: 0,258787,3,4,6,07,07,2,0,0,0,1,1,0,0,0
"POINT (12.420622105000064 51.314556281000080)",Unfall 258788 (2019) Kat:3, Licht: 0,258788,3,7,5,07,09,2,0,0,1,1,0,0,0,0
"POINT (12.421727647000068 51.332578560000059)",Unfall 258789 (2019) Kat:3, Licht: 0,258789,3,3,5,07,07,2,0,0,1,1,0,0,0,0
"POINT (12.416253233000077 51.356834017000040)",Unfall 258805 (2019) Kat:2, Licht: 0,258805,2,1,5,06,12,1,0,0,1,0,0,0,0,1
"POINT (12.449689832000047 51.279304494000030)",Unfall 258806 (2019) Kat:3, Licht: 0,258806,3,1,8,06,13,1,0,0,0,0,0,1,0,0
"POINT (12.406337752000070 51.355393454000080)",Unfall 258807 (2019) Kat:3, Licht: 0,258807,3,6,2,06,16,1,0,0,0,1,0,0,0,1
"POINT (12.379651221000074 51.327637814000070)",Unfall 258809 (2019) Kat:2, Licht: 0,258809,2,3,5,06,14,1,0,0,0,1,0,0,0,0
"POINT (12.325829079000073 51.320368486000064)",Unfall 258816 (2019) Kat:3, Licht: 0,258816,3,2,5,06,10,7,0,0,1,1,0,0,0,0
"POINT (12.309288455000058 51.328175129000044)",Unfall 258817 (2019) Kat:3, Licht: 0,258817,3,6,2,06,12,7,0,0,0,1,0,0,0,0
"POINT (12.325636716000076 51.312148520000051)",Unfall 258818 (2019) Kat:3, Licht: 0,258818,3,3,5,06,17,7,0,0,1,1,0,0,0,0
"POINT (12.313565780000033 51.331811667000068)",Unfall 258819 (2019) Kat:2, Licht: 2,258819,2,1,1,06,23,7,0,2,0,1,0,1,0,0
"POINT (12.308706587000074 51.311406262000048)",Unfall 258820 (2019) Kat:3, Licht: 0,258820,3,6,3,06,17,7,0,0,1,1,0,0,0,0
"POINT (12.293119485000034 51.359292786000026)",Unfall 258821 (2019) Kat:3, Licht: 0,258821,3,1,0,06,17,7,0,0,0,0,0,1,0,0
"POINT (12.402437654000039 51.364744550000069)",Unfall 258823 (2019) Kat:3, Licht: 0,258823,3,2,2,06,10,7,0,0,0,1,0,0,0,0
"POINT (12.373479372000077 51.351690961000031)",Unfall 258835 (2019) Kat:3, Licht: 0,258835,3,2,5,06,15,6,0,0,1,1,0,0,0,0
"POINT (12.382719544000054 51.342381806000049)",Unfall 258836 (2019) Kat:3, Licht: 0,258836,3,1,8,06,10,6,0,0,0,0,0,1,0,0
"POINT (12.365759188000027 51.362479927000038)",Unfall 258837 (2019) Kat:3, Licht: 0,258837,3,6,2,06,09,6,0,0,0,1,0,0,0,0
"POINT (12.328122486000041 51.373059973000068)",Unfall 258838 (2019) Kat:3, Licht: 0,258838,3,3,5,06,11,6,0,0,1,1,0,0,0,0
"POINT (12.361409131000073 51.341511848000039)",Unfall 258839 (2019) Kat:3, Licht: 0,258839,3,2,2,06,19,6,0,0,0,1,0,0,0,0
"POINT (12.275993514000049 51.310351022000077)",Unfall 258840 (2019) Kat:2, Licht: 0,258840,2,6,2,06,14,6,0,0,0,1,0,1,0,0
"POINT (12.374133026000038 51.303416506000076)",Unfall 258841 (2019) Kat:3, Licht: 0,258841,3,4,6,06,14,6,0,0,1,0,1,0,0,0
"POINT (12.384575338000047 51.337231634000034)",Unfall 258859 (2019) Kat:3, Licht: 0,258859,3,2,5,06,12,5,0,0,1,1,0,0,0,0
"POINT (12.403224019000049 51.327028711000025)",Unfall 258860 (2019) Kat:3, Licht: 0,258860,3,2,3,06,19,5,0,0,1,1,0,0,0,0
"POINT (12.285002602000077 51.324228835000042)",Unfall 258861 (2019) Kat:3, Licht: 0,258861,3,3,5,06,17,5,0,0,1,1,0,0,0,0
"POINT (12.368503537000038 51.316931336000039)",Unfall 258862 (2019) Kat:3, Licht: 0,258862,3,2,3,06,15,5,0,0,1,1,0,0,0,0
"POINT (12.361049049000030 51.375740542000074)",Unfall 258863 (2019) Kat:3, Licht: 0,258863,3,3,5,06,11,5,0,0,1,1,0,0,0,0
"POINT (12.311457923000034 51.273221312000032)",Unfall 258864 (2019) Kat:3, Licht: 0,258864,3,3,5,06,16,5,0,0,0,1,0,0,0,1
"POINT (12.316716407000058 51.332833408000056)",Unfall 258865 (2019) Kat:3, Licht: 0,258865,3,4,6,06,12,5,0,0,0,1,1,0,0,0
"POINT (12.396511991000068 51.308910293000054)",Unfall 258866 (2019) Kat:3, Licht: 0,258866,3,3,5,06,07,5,0,0,1,0,0,0,0,1
"POINT (12.335817756000040 51.327642516000026)",Unfall 258867 (2019) Kat:3, Licht: 0,258867,3,3,5,06,17,5,0,0,1,1,0,0,0,0
"POINT (12.443781349000062 51.304075015000080)",Unfall 258891 (2019) Kat:3, Licht: 0,258891,3,2,2,07,10,1,0,0,1,1,0,0,0,0
"POINT (12.395789609000076 51.358868338000036)",Unfall 258904 (2019) Kat:2, Licht: 0,258904,2,2,4,07,09,7,0,0,1,1,0,0,0,0
"POINT (12.384892794000052 51.338128726000036)",Unfall 258917 (2019) Kat:3, Licht: 0,258917,3,3,5,07,16,6,0,0,1,0,0,0,0,0
"POINT (12.420524606000072 51.414181194000037)",Unfall 258918 (2019) Kat:3, Licht: 0,258918,3,3,5,07,16,6,0,0,0,0,0,1,0,1
"POINT (12.385289609000040 51.376244123000049)",Unfall 258919 (2019) Kat:3, Licht: 0,258919,3,6,2,07,07,6,0,0,0,1,0,0,0,0
"POINT (12.404739895000034 51.338181530000043)",Unfall 258920 (2019) Kat:3, Licht: 0,258920,3,5,0,07,14,6,0,0,0,1,0,0,0,1
"POINT (12.378404441000043 51.305670522000071)",Unfall 258921 (2019) Kat:3, Licht: 0,258921,3,2,5,07,15,6,0,0,1,1,0,0,0,0
"POINT (12.419231367000066 51.343926500000066)",Unfall 258922 (2019) Kat:3, Licht: 0,258922,3,2,3,07,15,6,0,0,1,1,0,0,0,0
"POINT (12.356967698000062 51.320482527000081)",Unfall 258940 (2019) Kat:3, Licht: 0,258940,3,6,2,07,18,5,0,0,0,1,0,0,0,0
"POINT (12.356945580000058 51.320478848000050)",Unfall 258941 (2019) Kat:3, Licht: 0,258941,3,6,2,07,17,5,0,0,0,1,0,0,0,0
"POINT (12.421728859000041 51.332578307000063)",Unfall 258943 (2019) Kat:2, Licht: 0,258943,2,2,4,07,07,5,0,0,1,1,0,0,0,0
"POINT (12.373613146000025 51.330528350000066)",Unfall 258957 (2019) Kat:3, Licht: 0,258957,3,2,3,07,14,4,0,0,1,1,0,0,0,0
"POINT (12.369029029000046 51.342046755000069)",Unfall 258958 (2019) Kat:3, Licht: 0,258958,3,3,5,07,14,4,0,0,1,1,0,0,0,0
"POINT (12.421475898000040 51.343677044000060)",Unfall 258959 (2019) Kat:3, Licht: 0,258959,3,4,6,07,19,4,0,0,1,0,1,0,0,0
"POINT (12.393862200000058 51.357068416000061)",Unfall 258960 (2019) Kat:3, Licht: 0,258960,3,6,2,07,17,4,0,0,0,1,0,1,0,0
"POINT (12.328325581000058 51.392259494000029)",Unfall 258962 (2019) Kat:3, Licht: 0,258962,3,4,6,07,17,4,0,0,1,0,1,0,0,0
"POINT (12.363009792000071 51.368414101000042)",Unfall 258963 (2019) Kat:2, Licht: 0,258963,2,2,4,07,08,4,0,0,0,1,0,1,0,0
"POINT (12.359506577000047 51.361032119000072)",Unfall 258964 (2019) Kat:2, Licht: 0,258964,2,3,5,07,20,4,0,0,1,1,0,0,0,0
"POINT (12.252357642000050 51.319763603000069)",Unfall 258982 (2019) Kat:3, Licht: 1,258982,3,5,1,07,20,3,0,1,1,1,0,0,0,0
"POINT (12.274075986000071 51.302470919000029)",Unfall 258983 (2019) Kat:3, Licht: 0,258983,3,1,9,07,09,3,0,0,0,1,0,0,0,0
"POINT (12.381184421000057 51.342718033000040)",Unfall 258986 (2019) Kat:3, Licht: 0,258986,3,2,4,07,06,3,0,0,1,0,0,0,0,1
"POINT (12.368281750000051 51.314699481000048)",Unfall 259007 (2019) Kat:2, Licht: 0,259007,2,2,6,07,14,2,0,0,1,0,1,0,0,0
"POINT (12.394984852000050 51.303491523000048)",Unfall 259008 (2019) Kat:3, Licht: 0,259008,3,7,1,07,10,2,0,0,0,1,0,0,0,0
"POINT (12.421419560000061 51.379258793000076)",Unfall 259009 (2019) Kat:3, Licht: 0,259009,3,3,5,07,07,2,0,0,1,1,0,0,0,0
"POINT (12.369927815000040 51.325141250000058)",Unfall 259010 (2019) Kat:3, Licht: 1,259010,3,5,1,07,05,2,0,1,1,1,0,0,0,0
"POINT (12.274895762000028 51.309927664000043)",Unfall 259020 (2019) Kat:3, Licht: 0,259020,3,5,1,07,11,1,0,0,1,1,0,0,0,0
"POINT (12.322387607000053 51.337630671000056)",Unfall 259021 (2019) Kat:3, Licht: 1,259021,3,1,1,07,06,1,0,1,0,1,0,0,0,1
"POINT (12.379348413000059 51.359381492000068)",Unfall 259022 (2019) Kat:3, Licht: 0,259022,3,6,2,07,10,1,0,0,0,1,0,0,0,0
"POINT (12.381963653000071 51.303057544000069)",Unfall 259028 (2019) Kat:3, Licht: 0,259028,3,6,3,07,09,7,0,0,1,1,0,0,0,0
"POINT (12.345744406000051 51.367097163000039)",Unfall 259029 (2019) Kat:3, Licht: 0,259029,3,1,1,07,14,7,0,0,0,1,0,0,0,0
"POINT (12.383347252000021 51.338477519000037)",Unfall 259030 (2019) Kat:3, Licht: 0,259030,3,6,4,07,15,7,0,0,1,0,0,0,0,0
"POINT (12.319429189000061 51.320418651000068)",Unfall 259040 (2019) Kat:3, Licht: 0,259040,3,1,9,07,14,6,0,0,0,1,0,0,0,0
"POINT (12.309816207000040 51.338272892000077)",Unfall 259041 (2019) Kat:3, Licht: 0,259041,3,1,1,07,16,6,1,0,1,1,0,0,0,0
"POINT (12.307676290000074 51.311982252000064)",Unfall 259042 (2019) Kat:3, Licht: 0,259042,3,3,5,07,12,6,1,0,0,1,0,0,0,0
"POINT (12.338740654000048 51.327996575000043)",Unfall 259043 (2019) Kat:2, Licht: 0,259043,2,3,5,07,13,6,0,0,1,1,0,0,0,0
"POINT (12.412970965000056 51.324574566000081)",Unfall 259044 (2019) Kat:3, Licht: 2,259044,3,1,0,07,23,6,0,2,1,0,0,0,0,0
"POINT (12.365039447000072 51.361263565000058)",Unfall 259045 (2019) Kat:3, Licht: 0,259045,3,1,1,07,11,6,1,0,1,1,0,0,0,0
"POINT (12.311089112000047 51.328969851000068)",Unfall 259046 (2019) Kat:3, Licht: 0,259046,3,2,5,07,10,6,0,0,1,1,0,0,0,0
"POINT (12.481113095000069 51.334732275000079)",Unfall 259047 (2019) Kat:3, Licht: 0,259047,3,6,2,07,15,6,0,0,0,1,0,0,0,1
"POINT (12.310451001000047 51.273955713000078)",Unfall 259062 (2019) Kat:3, Licht: 0,259062,3,3,5,07,11,5,0,0,1,1,0,0,0,0
"POINT (12.479422739000029 51.350604477000047)",Unfall 259064 (2019) Kat:2, Licht: 0,259064,2,3,5,07,12,5,0,0,1,1,0,0,0,0
"POINT (12.407331292000038 51.345481240000026)",Unfall 259065 (2019) Kat:3, Licht: 0,259065,3,2,5,07,08,5,0,0,1,0,0,0,0,1
"POINT (12.480459897000060 51.345904164000046)",Unfall 259066 (2019) Kat:2, Licht: 0,259066,2,3,5,07,10,5,0,0,1,0,0,0,0,0
"POINT (12.367015669000068 51.335901843000045)",Unfall 259081 (2019) Kat:3, Licht: 0,259081,3,2,3,07,19,4,0,0,1,1,0,0,0,0
"POINT (12.439121893000049 51.294848883000043)",Unfall 259082 (2019) Kat:3, Licht: 0,259082,3,3,5,07,16,4,0,0,1,1,0,0,0,0
"POINT (12.356079653000052 51.403376707000064)",Unfall 259083 (2019) Kat:3, Licht: 1,259083,3,6,3,07,20,4,0,1,0,1,0,1,0,0
"POINT (12.412025912000047 51.314567713000031)",Unfall 259084 (2019) Kat:3, Licht: 0,259084,3,2,2,07,11,4,0,0,0,1,0,0,0,0
"POINT (12.371125149000022 51.347354828000050)",Unfall 259085 (2019) Kat:3, Licht: 0,259085,3,2,3,07,18,4,0,0,1,1,0,0,0,0
"POINT (12.460343210000076 51.345741591000035)",Unfall 259086 (2019) Kat:3, Licht: 0,259086,3,2,2,07,16,4,0,0,0,1,0,0,0,0
"POINT (12.367463039000029 51.371601067000029)",Unfall 259087 (2019) Kat:3, Licht: 0,259087,3,6,4,07,17,4,0,0,1,0,0,0,0,0
"POINT (12.395095734000051 51.312882527000056)",Unfall 259093 (2019) Kat:3, Licht: 0,259093,3,2,3,07,18,4,1,0,1,0,0,0,0,1
"POINT (12.385686723000049 51.366818164000051)",Unfall 259109 (2019) Kat:3, Licht: 0,259109,3,2,3,07,14,3,0,0,1,1,0,0,0,0
"POINT (12.309177533000025 51.315257023000072)",Unfall 259123 (2019) Kat:3, Licht: 1,259123,3,5,3,07,04,3,0,1,0,1,0,1,0,0
"POINT (12.334337014000027 51.319266638000045)",Unfall 259126 (2019) Kat:3, Licht: 0,259126,3,6,4,07,17,2,0,0,1,0,0,0,0,0
"POINT (12.448343421000061 51.383032124000067)",Unfall 259127 (2019) Kat:3, Licht: 0,259127,3,3,5,07,13,3,0,0,1,1,0,0,0,0
"POINT (12.362706038000056 51.338942158000066)",Unfall 259128 (2019) Kat:3, Licht: 0,259128,3,2,2,07,15,2,0,0,0,1,0,0,0,0
"POINT (12.320294232000037 51.372320130000048)",Unfall 259131 (2019) Kat:3, Licht: 0,259131,3,2,2,07,15,2,0,0,0,1,0,1,0,0
"POINT (12.423669054000072 51.401396982000051)",Unfall 259132 (2019) Kat:3, Licht: 1,259132,3,7,8,07,20,2,0,1,0,1,0,0,0,0
"POINT (12.318597193000073 51.331496382000068)",Unfall 259134 (2019) Kat:3, Licht: 0,259134,3,2,3,07,11,2,0,0,0,1,0,0,0,1
"POINT (12.404754780000076 51.338177682000037)",Unfall 259136 (2019) Kat:3, Licht: 0,259136,3,3,6,07,17,2,0,0,0,1,1,0,0,0
"POINT (12.289895071000046 51.322082839000075)",Unfall 259139 (2019) Kat:2, Licht: 0,259139,2,4,6,07,15,2,0,0,0,1,1,0,0,0
"POINT (12.430589776000033 51.365693779000026)",Unfall 259141 (2019) Kat:3, Licht: 0,259141,3,2,4,07,14,2,0,0,0,1,0,0,0,0
"POINT (12.402239890000033 51.328371735000076)",Unfall 259144 (2019) Kat:3, Licht: 0,259144,3,3,5,07,16,2,0,0,1,1,0,0,0,0
"POINT (12.390578240000025 51.343601723000063)",Unfall 259145 (2019) Kat:3, Licht: 0,259145,3,6,6,07,09,2,0,0,0,1,1,0,0,0
"POINT (12.406140276000031 51.348181131000047)",Unfall 259146 (2019) Kat:3, Licht: 0,259146,3,2,3,07,08,2,0,0,1,1,0,0,0,0
"POINT (12.363585683000053 51.346969313000045)",Unfall 259148 (2019) Kat:3, Licht: 0,259148,3,3,5,07,08,2,0,0,1,1,0,0,0,0
"POINT (12.400470743000028 51.345821272000080)",Unfall 259150 (2019) Kat:3, Licht: 0,259150,3,7,6,07,16,2,0,0,0,1,1,0,0,0
"POINT (12.388007480000056 51.296057547000032)",Unfall 259152 (2019) Kat:3, Licht: 0,259152,3,2,3,07,07,2,0,0,0,1,0,0,0,0
"POINT (12.384900915000060 51.338157611000042)",Unfall 259153 (2019) Kat:3, Licht: 0,259153,3,3,5,07,17,2,0,0,1,1,0,0,0,0
"POINT (12.408270562000041 51.340064960000063)",Unfall 259155 (2019) Kat:3, Licht: 0,259155,3,2,4,07,09,1,0,0,0,1,0,0,0,0
"POINT (12.330808629000046 51.335104772000079)",Unfall 259156 (2019) Kat:2, Licht: 0,259156,2,4,6,07,16,2,0,0,0,1,1,0,0,0
"POINT (12.364738073000069 51.334257675000060)",Unfall 259158 (2019) Kat:3, Licht: 0,259158,3,3,5,07,07,2,0,0,1,1,0,0,0,0
"POINT (12.392158265000035 51.345323941000061)",Unfall 259176 (2019) Kat:3, Licht: 0,259176,3,4,6,08,15,5,0,0,1,0,1,0,0,0
"POINT (12.434937984000044 51.379755509000063)",Unfall 259177 (2019) Kat:2, Licht: 0,259177,2,1,8,08,13,5,1,0,0,0,0,1,0,0
"POINT (12.371185749000063 51.336524023000038)",Unfall 259178 (2019) Kat:3, Licht: 0,259178,3,3,5,08,18,5,0,0,1,1,0,0,0,0
"POINT (12.343035603000033 51.322530674000063)",Unfall 259179 (2019) Kat:3, Licht: 0,259179,3,5,1,08,12,5,1,0,1,1,0,0,0,0
"POINT (12.373538043000053 51.310643933000051)",Unfall 259195 (2019) Kat:3, Licht: 0,259195,3,6,2,08,19,4,0,0,0,1,0,1,0,0
"POINT (12.320965774000058 51.302763057000050)",Unfall 259196 (2019) Kat:3, Licht: 0,259196,3,3,5,08,10,4,0,0,0,1,0,0,1,0
"POINT (12.364200836000066 51.337644490000059)",Unfall 259197 (2019) Kat:2, Licht: 1,259197,2,1,1,08,21,4,0,1,0,1,0,1,0,0
"POINT (12.388189765000050 51.361091158000079)",Unfall 259198 (2019) Kat:2, Licht: 0,259198,2,1,9,08,11,4,0,0,0,1,0,0,0,0
"POINT (12.369835526000031 51.331730491000030)",Unfall 259199 (2019) Kat:3, Licht: 0,259199,3,2,5,08,18,4,0,0,1,1,0,0,0,0
"POINT (12.374838506000060 51.345954824000046)",Unfall 259214 (2019) Kat:3, Licht: 0,259214,3,3,5,08,16,3,0,0,0,1,0,0,0,0
"POINT (12.388434902000029 51.327617519000057)",Unfall 259215 (2019) Kat:3, Licht: 0,259215,3,2,3,08,15,3,0,0,1,0,0,0,1,0
"POINT (12.405939747000048 51.343014672000038)",Unfall 259216 (2019) Kat:3, Licht: 0,259216,3,2,5,08,10,3,0,0,1,1,0,0,0,0
"POINT (12.340228385000046 51.393046991000062)",Unfall 259217 (2019) Kat:2, Licht: 0,259217,2,3,5,08,10,3,0,0,1,1,0,0,0,0
"POINT (12.410974995000061 51.345278557000029)",Unfall 259218 (2019) Kat:3, Licht: 0,259218,3,3,5,08,08,3,0,0,1,1,0,0,0,0
"POINT (12.356981612000027 51.336114835000046)",Unfall 259219 (2019) Kat:2, Licht: 0,259219,2,3,5,08,07,3,0,0,0,1,0,0,0,1
"POINT (12.385855926000033 51.308305818000065)",Unfall 259235 (2019) Kat:3, Licht: 0,259235,3,5,1,08,10,2,0,0,0,1,0,0,0,0
"POINT (12.417303731000061 51.378908980000062)",Unfall 259236 (2019) Kat:3, Licht: 0,259236,3,4,6,08,17,2,0,0,0,1,1,0,0,0
"POINT (12.374801799000068 51.393045882000081)",Unfall 259238 (2019) Kat:3, Licht: 0,259238,3,2,5,08,10,2,0,0,0,1,0,0,0,0
"POINT (12.384274063000021 51.335430268000039)",Unfall 259239 (2019) Kat:3, Licht: 0,259239,3,7,1,08,09,2,0,0,0,1,0,0,0,0
"POINT (12.289994655000044 51.325189933000047)",Unfall 259240 (2019) Kat:3, Licht: 0,259240,3,4,6,08,15,2,0,0,0,1,1,0,0,0
"POINT (12.439360038000075 51.345907191000038)",Unfall 259241 (2019) Kat:2, Licht: 2,259241,2,7,0,08,00,2,0,2,1,0,0,0,0,0
"POINT (12.311167829000055 51.333609263000028)",Unfall 259264 (2019) Kat:3, Licht: 0,259264,3,3,5,08,16,7,0,0,0,1,0,0,0,0
"POINT (12.405317708000041 51.338086743000076)",Unfall 259265 (2019) Kat:2, Licht: 0,259265,2,4,6,08,14,7,0,0,0,0,1,0,0,1
"POINT (12.264745901000026 51.346858009000073)",Unfall 259266 (2019) Kat:3, Licht: 0,259266,3,7,5,08,13,7,0,0,0,1,0,0,0,0
"POINT (12.397911324000063 51.345965190000072)",Unfall 259267 (2019) Kat:3, Licht: 0,259267,3,3,3,08,17,7,0,0,1,0,0,0,0,0
"POINT (12.373433061000071 51.328525307000064)",Unfall 259280 (2019) Kat:3, Licht: 0,259280,3,2,2,08,12,6,0,0,1,0,0,0,0,1
"POINT (12.369455742000071 51.341759319000062)",Unfall 259281 (2019) Kat:3, Licht: 0,259281,3,6,2,08,11,6,0,0,0,1,0,0,0,0
"POINT (12.419562105000068 51.348110651000070)",Unfall 259297 (2019) Kat:3, Licht: 0,259297,3,2,4,08,13,5,0,0,1,1,0,0,0,0
"POINT (12.376414097000065 51.310397221000073)",Unfall 259298 (2019) Kat:3, Licht: 0,259298,3,3,5,08,15,5,0,0,1,1,0,0,0,0
"POINT (12.399953525000058 51.361854765000032)",Unfall 259299 (2019) Kat:3, Licht: 0,259299,3,6,2,08,14,5,0,0,0,1,0,0,0,0
"POINT (12.371111470000073 51.339827268000079)",Unfall 259300 (2019) Kat:3, Licht: 0,259300,3,6,2,08,14,5,0,0,0,1,0,0,0,1
"POINT (12.325637138000047 51.312146579000057)",Unfall 259313 (2019) Kat:3, Licht: 0,259313,3,3,5,08,10,4,0,0,1,1,0,0,0,0
"POINT (12.366725989000031 51.367266734000054)",Unfall 259314 (2019) Kat:3, Licht: 0,259314,3,2,4,08,12,4,0,0,0,1,0,0,0,0
"POINT (12.314086658000065 51.413875126000050)",Unfall 259315 (2019) Kat:3, Licht: 0,259315,3,1,4,08,13,4,1,0,0,1,0,0,0,0
"POINT (12.390453383000022 51.326234630000044)",Unfall 259333 (2019) Kat:3, Licht: 0,259333,3,5,3,08,08,3,0,0,1,1,0,0,0,0
"POINT (12.308911373000058 51.350042075000033)",Unfall 259334 (2019) Kat:3, Licht: 0,259334,3,2,3,08,13,3,0,0,1,1,0,0,0,0
"POINT (12.269652930000063 51.384877636000056)",Unfall 259335 (2019) Kat:3, Licht: 0,259335,3,2,2,08,17,3,0,0,0,1,0,0,0,0
"POINT (12.365359418000025 51.369677752000030)",Unfall 259337 (2019) Kat:3, Licht: 0,259337,3,2,4,08,15,3,0,0,1,1,0,0,0,0
"POINT (12.424409125000068 51.388644461000069)",Unfall 259338 (2019) Kat:3, Licht: 0,259338,3,7,9,08,14,3,0,0,0,1,0,0,0,0
"POINT (12.388553722000040 51.344144380000046)",Unfall 259348 (2019) Kat:3, Licht: 0,259348,3,6,2,08,10,2,0,0,0,1,0,0,0,0
"POINT (12.385303075000024 51.376082593000035)",Unfall 259349 (2019) Kat:3, Licht: 0,259349,3,4,6,08,06,2,0,0,1,0,1,0,0,0
"POINT (12.397985404000053 51.360531079000054)",Unfall 259350 (2019) Kat:3, Licht: 0,259350,3,6,2,08,16,2,0,0,0,1,0,0,0,0
"POINT (12.403923815000041 51.400374463000048)",Unfall 259351 (2019) Kat:3, Licht: 0,259351,3,3,5,08,13,2,0,0,0,1,0,0,0,0
"POINT (12.373323554000024 51.342446227000039)",Unfall 259364 (2019) Kat:2, Licht: 2,259364,2,4,6,08,03,1,0,2,1,0,1,0,0,0
"POINT (12.441918903000044 51.387678950000065)",Unfall 259365 (2019) Kat:3, Licht: 0,259365,3,5,1,08,07,3,0,0,1,1,0,0,0,0
"POINT (12.329938480000067 51.334579703000031)",Unfall 259367 (2019) Kat:2, Licht: 0,259367,2,4,6,08,12,3,0,0,0,1,1,0,0,0
"POINT (12.338807777000056 51.332367069000043)",Unfall 259383 (2019) Kat:3, Licht: 0,259383,3,6,3,08,11,7,0,0,1,1,0,0,0,0