WKT,Name,OBJECTID,UKATEGORIE,UTYP1,UART,UMONAT,USTUNDE,UWOCHENTAG,STRZUSTAND,ULICHTVERH,ISTRAD,ISTPKW,ISTFUSS,ISTKRAD,ISTGKFZ,ISTSONSTIG
"POINT (12.287031851000052 51.322666035000054)",Unfall 259386 (2019) Kat:3, Licht: 2,259386,3,6,2,08,23,7,0,2,0,1,0,0,0,0
"POINT (12.349129966000021 51.366223096000056)",Unfall 259387 (2019) Kat:3, Licht: 0,259387,3,6,2,08,17,7,0,0,0,1,0,0,0,0
"POINT (12.413891358000058 51.313345286000072)",Unfall 259392 (2019) Kat:3, Licht: 0,259392,3,4,6,08,11,2,0,0,0,1,1,0,0,0
"POINT (12.414884944000050 51.359404209000047)",Unfall 259393 (2019) Kat:2, Licht: 0,259393,2,6,3,08,07,2,1,0,1,0,0,0,1,0
"POINT (12.263120756000035 51.344630450000068)",Unfall 259396 (2019) Kat:3, Licht: 0,259396,3,3,5,08,13,6,0,0,1,1,0,0,0,0
"POINT (12.281723097000054 51.311229193000031)",Unfall 259397 (2019) Kat:2, Licht: 2,259397,2,1,9,08,01,6,0,2,0,1,0,0,0,0
"POINT (12.321993452000072 51.303877680000028)",Unfall 259398 (2019) Kat:3, Licht: 0,259398,3,6,3,08,14,2,0,0,0,1,0,1,0,0
"POINT (12.432767053000077 51.374993377000067)",Unfall 259399 (2019) Kat:2, Licht: 2,259399,2,4,6,08,22,6,0,2,0,1,1,0,0,0
"POINT (12.373577639000075 51.327721296000050)",Unfall 259400 (2019) Kat:3, Licht: 0,259400,3,2,5,08,06,2,0,0,1,1,0,0,0,0
"POINT (12.411576208000042 51.345235001000049)",Unfall 259401 (2019) Kat:2, Licht: 0,259401,2,4,6,08,16,6,0,0,1,0,1,0,0,0
"POINT (12.420157252000024 51.332935114000065)",Unfall 259421 (2019) Kat:3, Licht: 0,259421,3,3,5,08,12,1,0,0,1,1,0,0,0,0
"POINT (12.334129717000053 51.319366270000046)",Unfall 259422 (2019) Kat:3, Licht: 0,259422,3,2,2,08,10,5,0,0,0,1,0,0,0,1
"POINT (12.372881121000034 51.310265260000051)",Unfall 259427 (2019) Kat:3, Licht: 0,259427,3,3,5,08,18,5,0,0,1,1,0,0,0,0
"POINT (12.337983525000027 51.369633980000060)",Unfall 259429 (2019) Kat:3, Licht: 0,259429,3,6,3,08,12,5,0,0,1,1,0,0,0,0
"POINT (12.398279253000055 51.339238370000032)",Unfall 259431 (2019) Kat:2, Licht: 0,259431,2,7,5,08,10,5,0,0,0,1,0,0,0,1
"POINT (12.406182513000033 51.347504210000068)",Unfall 259433 (2019) Kat:3, Licht: 0,259433,3,3,5,08,12,5,0,0,1,1,0,0,0,0
"POINT (12.375146814000061 51.364377708000063)",Unfall 259436 (2019) Kat:2, Licht: 0,259436,2,2,3,08,11,5,0,0,1,1,0,0,0,0
"POINT (12.432554938000067 51.379567809000037)",Unfall 259437 (2019) Kat:3, Licht: 0,259437,3,2,4,08,09,5,0,0,1,1,0,0,0,0
"POINT (12.363237945000037 51.338552060000040)",Unfall 259438 (2019) Kat:3, Licht: 0,259438,3,6,3,08,15,7,0,0,0,1,0,0,0,0
"POINT (12.412212750000037 51.332806289000075)",Unfall 259452 (2019) Kat:3, Licht: 0,259452,3,3,5,08,07,6,1,0,1,1,0,0,0,0
"POINT (12.413171596000041 51.324515328000075)",Unfall 259453 (2019) Kat:2, Licht: 0,259453,2,6,3,08,19,6,0,0,1,1,0,0,0,0
"POINT (12.436660489000076 51.328068767000048)",Unfall 259455 (2019) Kat:3, Licht: 0,259455,3,6,1,08,15,6,0,0,0,1,0,0,0,1
"POINT (12.421618110000054 51.364349798000035)",Unfall 259467 (2019) Kat:3, Licht: 2,259467,3,3,5,07,03,4,0,2,1,0,0,0,0,1
"POINT (12.356275906000064 51.335740669000074)",Unfall 259472 (2019) Kat:3, Licht: 0,259472,3,3,5,07,13,4,0,0,0,1,0,0,0,0
"POINT (12.348579414000028 51.350667770000030)",Unfall 259474 (2019) Kat:3, Licht: 0,259474,3,6,2,07,17,4,1,0,0,1,0,0,0,0
"POINT (12.415573257000062 51.359347831000036)",Unfall 259476 (2019) Kat:3, Licht: 0,259476,3,6,3,07,10,4,1,0,1,1,0,0,0,0
"POINT (12.306057789000022 51.312797919000047)",Unfall 259478 (2019) Kat:3, Licht: 0,259478,3,3,5,07,10,4,1,0,1,1,0,0,0,0
"POINT (12.366562475000023 51.362303673000042)",Unfall 259479 (2019) Kat:3, Licht: 2,259479,3,4,6,07,21,4,0,2,0,0,1,0,0,1
"POINT (12.405968040000062 51.343011429000057)",Unfall 259489 (2019) Kat:3, Licht: 0,259489,3,2,2,08,12,6,0,0,1,0,0,0,0,1
"POINT (12.393365701000050 51.339029443000072)",Unfall 259490 (2019) Kat:3, Licht: 0,259490,3,3,5,08,07,6,0,0,1,1,0,0,0,0
"POINT (12.339574880000043 51.318411630000071)",Unfall 259491 (2019) Kat:3, Licht: 0,259491,3,4,6,08,07,6,0,0,1,0,1,0,0,0
"POINT (12.268250575000025 51.307909029000029)",Unfall 259492 (2019) Kat:3, Licht: 0,259492,3,6,2,08,18,6,0,0,0,1,0,0,0,0
"POINT (12.334392655000045 51.319402270000069)",Unfall 259493 (2019) Kat:3, Licht: 0,259493,3,6,2,08,14,6,0,0,0,1,0,0,0,0
"POINT (12.373362237000038 51.312538934000031)",Unfall 259494 (2019) Kat:3, Licht: 0,259494,3,5,1,08,13,6,0,0,1,1,0,0,0,0
"POINT (12.368795959000067 51.312241925000080)",Unfall 259495 (2019) Kat:3, Licht: 0,259495,3,5,1,08,07,6,0,0,1,1,0,0,0,0
"POINT (12.405775045000041 51.342628167000044)",Unfall 259496 (2019) Kat:2, Licht: 0,259496,2,6,2,08,09,6,0,0,1,1,0,0,0,0
"POINT (12.371869694000054 51.334073337000063)",Unfall 259517 (2019) Kat:3, Licht: 0,259517,3,6,0,08,08,5,0,0,0,0,0,1,0,1
"POINT (12.341207161000057 51.325767142000075)",Unfall 259518 (2019) Kat:3, Licht: 0,259518,3,2,5,08,17,5,0,0,1,0,0,0,0,0
"POINT (12.361641046000045 51.332696321000071)",Unfall 259520 (2019) Kat:2, Licht: 0,259520,2,1,9,08,14,5,0,0,0,0,0,1,0,0
"POINT (12.448329172000058 51.383029611000040)",Unfall 259521 (2019) Kat:3, Licht: 0,259521,3,3,5,08,17,5,0,0,1,1,0,0,0,0
"POINT (12.378207176000046 51.375845853000044)",Unfall 259522 (2019) Kat:3, Licht: 0,259522,3,1,9,08,12,5,0,0,0,0,0,1,0,0
"POINT (12.306247885000062 51.351428293000026)",Unfall 259523 (2019) Kat:2, Licht: 0,259523,2,4,6,08,06,5,0,0,0,1,1,0,0,0
"POINT (12.371209903000022 51.339199610000037)",Unfall 259542 (2019) Kat:3, Licht: 1,259542,3,3,5,08,19,4,0,1,1,0,0,0,0,1
"POINT (12.405685292000044 51.331299000000058)",Unfall 259543 (2019) Kat:3, Licht: 0,259543,3,6,0,08,17,4,1,0,1,1,0,0,0,0
"POINT (12.337436747000027 51.330220943000029)",Unfall 259544 (2019) Kat:3, Licht: 0,259544,3,6,1,08,17,4,0,0,0,1,0,0,0,0
"POINT (12.389844841000070 51.296193791000064)",Unfall 259545 (2019) Kat:3, Licht: 0,259545,3,3,5,08,18,4,0,0,0,1,0,1,0,0
"POINT (12.358932357000072 51.377051835000032)",Unfall 259546 (2019) Kat:3, Licht: 0,259546,3,7,6,08,13,4,0,0,0,1,1,0,0,0
"POINT (12.381781503000070 51.338636021000070)",Unfall 259547 (2019) Kat:3, Licht: 0,259547,3,2,5,08,16,4,0,0,1,1,0,0,0,0
"POINT (12.373739351000040 51.326765535000050)",Unfall 259548 (2019) Kat:3, Licht: 0,259548,3,4,6,08,18,4,0,0,1,0,1,0,0,0
"POINT (12.401455258000055 51.339277693000042)",Unfall 259563 (2019) Kat:3, Licht: 0,259563,3,5,1,08,09,3,0,0,1,1,0,0,0,0
"POINT (12.453685887000063 51.323509120000040)",Unfall 259564 (2019) Kat:2, Licht: 0,259564,2,1,0,08,15,3,0,0,1,0,0,0,0,0
"POINT (12.378230255000062 51.342768270000079)",Unfall 259565 (2019) Kat:3, Licht: 0,259565,3,3,5,08,06,3,0,0,1,0,0,0,0,1
"POINT (12.387287909000065 51.309253809000040)",Unfall 259566 (2019) Kat:3, Licht: 0,259566,3,3,5,08,15,3,0,0,1,1,0,0,0,0
"POINT (12.361216274000071 51.335917362000032)",Unfall 259568 (2019) Kat:3, Licht: 0,259568,3,3,5,08,07,3,0,0,1,1,0,0,0,0
"POINT (12.323073514000043 51.304063334000034)",Unfall 259584 (2019) Kat:3, Licht: 0,259584,3,3,5,08,13,2,0,0,1,1,0,0,0,0
"POINT (12.367095291000055 51.325449115000026)",Unfall 259585 (2019) Kat:3, Licht: 0,259585,3,2,3,08,07,2,0,0,1,1,0,0,0,0
"POINT (12.461890756000059 51.306484828000066)",Unfall 259586 (2019) Kat:3, Licht: 0,259586,3,2,2,08,15,2,0,0,0,1,0,1,0,0
"POINT (12.401028888000042 51.376238321000073)",Unfall 259587 (2019) Kat:3, Licht: 0,259587,3,3,5,08,08,2,0,0,1,1,0,0,0,0
"POINT (12.386883140000066 51.352962826000066)",Unfall 259606 (2019) Kat:3, Licht: 0,259606,3,3,5,08,15,1,0,0,1,0,0,0,0,1
"POINT (12.367065635000074 51.325448009000070)",Unfall 259608 (2019) Kat:3, Licht: 0,259608,3,2,3,08,14,1,0,0,1,0,0,0,0,1
"POINT (12.378405195000028 51.320489110000040)",Unfall 259620 (2019) Kat:3, Licht: 0,259620,3,6,2,08,09,7,0,0,0,1,0,1,0,0
"POINT (12.387214048000033 51.336909379000076)",Unfall 259644 (2019) Kat:3, Licht: 0,259644,3,3,5,08,08,6,0,0,1,1,0,0,0,0
"POINT (12.402735881000069 51.318231123000032)",Unfall 259645 (2019) Kat:3, Licht: 1,259645,3,6,4,08,05,6,0,1,1,0,0,0,0,0
"POINT (12.405119086000070 51.330644272000029)",Unfall 259646 (2019) Kat:3, Licht: 0,259646,3,4,6,08,13,6,0,0,0,0,1,0,0,1
"POINT (12.451996471000029 51.321684807000054)",Unfall 259648 (2019) Kat:1, Licht: 0,259648,1,1,9,08,11,6,0,0,0,1,0,0,0,0
"POINT (12.419038660000069 51.347809006000034)",Unfall 259649 (2019) Kat:2, Licht: 0,259649,2,5,1,08,17,6,0,0,1,1,0,0,0,0
"POINT (12.385507843000028 51.356879709000054)",Unfall 259650 (2019) Kat:2, Licht: 0,259650,2,1,9,08,06,6,0,0,0,1,0,0,0,0
"POINT (12.374028177000071 51.360496207000040)",Unfall 259651 (2019) Kat:3, Licht: 0,259651,3,1,0,08,13,6,0,0,0,0,0,1,0,0
"POINT (12.395741555000029 51.401726321000069)",Unfall 259652 (2019) Kat:3, Licht: 0,259652,3,4,6,08,10,6,0,0,0,1,1,0,0,0
"POINT (12.385225970000022 51.341979149000053)",Unfall 259653 (2019) Kat:3, Licht: 1,259653,3,3,5,08,19,6,0,1,0,1,0,0,0,0
"POINT (12.332709742000077 51.345058472000062)",Unfall 259673 (2019) Kat:3, Licht: 0,259673,3,7,1,09,13,3,0,0,1,1,0,0,0,0
"POINT (12.307680744000038 51.271645626000065)",Unfall 259675 (2019) Kat:3, Licht: 0,259675,3,3,5,09,15,3,0,0,1,1,0,0,0,0
"POINT (12.376429001000076 51.310395911000057)",Unfall 259677 (2019) Kat:3, Licht: 0,259677,3,3,5,09,10,3,0,0,0,1,0,0,0,0
"POINT (12.370368983000049 51.347145334000061)",Unfall 259679 (2019) Kat:3, Licht: 0,259679,3,4,6,09,10,3,0,0,0,1,1,0,0,0
"POINT (12.381367600000033 51.336711654000055)",Unfall 259680 (2019) Kat:3, Licht: 0,259680,3,3,5,08,08,5,0,0,1,1,0,0,0,0
"POINT (12.369132606000051 51.320753613000079)",Unfall 259681 (2019) Kat:3, Licht: 0,259681,3,2,2,09,08,3,0,0,1,1,0,0,0,0
"POINT (12.371134583000071 51.347592513000052)",Unfall 259683 (2019) Kat:3, Licht: 0,259683,3,7,4,08,18,5,0,0,1,1,0,0,0,0
"POINT (12.334693673000061 51.331652072000054)",Unfall 259685 (2019) Kat:3, Licht: 0,259685,3,4,6,08,18,5,0,0,1,0,1,0,0,0
"POINT (12.360128115000066 51.377156730000081)",Unfall 259688 (2019) Kat:2, Licht: 0,259688,2,4,6,08,16,5,0,0,1,0,1,0,0,0
"POINT (12.349863216000074 51.366099881000082)",Unfall 259689 (2019) Kat:2, Licht: 0,259689,2,3,5,08,05,5,0,0,0,1,0,1,0,0
"POINT (12.395421072000033 51.309945063000043)",Unfall 259691 (2019) Kat:3, Licht: 0,259691,3,3,5,08,11,5,0,0,1,1,0,0,0,0
"POINT (12.446092230000033 51.346170290000032)",Unfall 259696 (2019) Kat:3, Licht: 0,259696,3,3,5,08,14,5,0,0,1,1,0,0,0,0
"POINT (12.380640831000051 51.341316531000075)",Unfall 259718 (2019) Kat:3, Licht: 0,259718,3,2,3,09,18,2,0,0,1,1,0,0,0,0
"POINT (12.449801734000062 51.345556590000058)",Unfall 259720 (2019) Kat:3, Licht: 0,259720,3,2,5,09,18,2,0,0,1,1,0,0,0,0
"POINT (12.376752414000066 51.320529172000079)",Unfall 259722 (2019) Kat:3, Licht: 0,259722,3,3,5,09,16,2,0,0,1,1,0,0,0,0
"POINT (12.442737917000045 51.301677417000064)",Unfall 259723 (2019) Kat:3, Licht: 0,259723,3,5,1,09,14,2,0,0,1,1,0,0,0,0
"POINT (12.323851666000053 51.374571915000047)",Unfall 259725 (2019) Kat:3, Licht: 0,259725,3,1,0,09,17,2,0,0,1,0,0,0,0,0
"POINT (12.341649635000067 51.393983809000076)",Unfall 259727 (2019) Kat:3, Licht: 0,259727,3,3,5,09,15,2,0,0,1,1,0,0,0,0
"POINT (12.377906394000036 51.337122079000039)",Unfall 259728 (2019) Kat:3, Licht: 0,259728,3,4,6,09,15,2,0,0,1,0,1,0,0,0
"POINT (12.369265690000077 51.341775956000049)",Unfall 259730 (2019) Kat:3, Licht: 2,259730,3,3,5,09,22,2,1,2,1,1,0,0,0,0
"POINT (12.360048921000043 51.333857399000067)",Unfall 259735 (2019) Kat:3, Licht: 0,259735,3,6,2,08,13,4,0,0,0,1,0,0,0,0
"POINT (12.341806798000050 51.318581825000081)",Unfall 259738 (2019) Kat:3, Licht: 0,259738,3,3,5,08,07,4,0,0,1,0,1,0,0,0
"POINT (12.381043226000031 51.350863782000033)",Unfall 259739 (2019) Kat:3, Licht: 0,259739,3,1,0,08,08,4,0,0,0,0,0,1,0,0
"POINT (12.430538718000037 51.362628285000028)",Unfall 259741 (2019) Kat:3, Licht: 0,259741,3,3,5,08,15,4,0,0,1,1,0,0,0,0
"POINT (12.367403305000039 51.332020615000033)",Unfall 259743 (2019) Kat:3, Licht: 0,259743,3,3,5,08,06,4,0,0,0,1,0,0,0,1
"POINT (12.330386371000031 51.341943590000028)",Unfall 259746 (2019) Kat:2, Licht: 0,259746,2,3,5,08,15,4,0,0,1,1,0,0,0,0
"POINT (12.369097773000021 51.326021407000042)",Unfall 259748 (2019) Kat:3, Licht: 0,259748,3,5,1,08,20,4,0,0,1,1,0,0,0,0
"POINT (12.306261484000061 51.351421310000035)",Unfall 259750 (2019) Kat:3, Licht: 2,259750,3,7,4,09,20,1,0,2,1,1,0,0,0,0
"POINT (12.373700189000033 51.324327377000031)",Unfall 259752 (2019) Kat:3, Licht: 0,259752,3,7,6,09,19,1,0,0,0,1,1,0,0,0
"POINT (12.368225122000069 51.334773020000057)",Unfall 259771 (2019) Kat:3, Licht: 0,259771,3,6,3,08,06,3,0,0,1,1,0,0,0,0
"POINT (12.263566836000052 51.307358884000053)",Unfall 259774 (2019) Kat:3, Licht: 0,259774,3,3,5,08,13,3,0,0,0,1,0,0,0,0
"POINT (12.361803780000059 51.332552662000069)",Unfall 259776 (2019) Kat:3, Licht: 0,259776,3,3,5,08,15,3,0,0,1,1,0,0,0,0
"POINT (12.426617422000049 51.343465994000042)",Unfall 259778 (2019) Kat:3, Licht: 0,259778,3,2,3,08,12,3,0,0,1,1,0,0,0,0
"POINT (12.385773085000039 51.372630568000034)",Unfall 259780 (2019) Kat:3, Licht: 0,259780,3,3,5,08,06,3,0,0,1,0,0,0,0,0
"POINT (12.405853459000070 51.331776566000030)",Unfall 259781 (2019) Kat:3, Licht: 0,259781,3,2,4,09,16,2,1,0,0,1,0,0,0,0
"POINT (12.363524490000032 51.329069227000048)",Unfall 259796 (2019) Kat:3, Licht: 0,259796,3,6,2,09,17,1,0,0,0,1,0,0,0,0
"POINT (12.321580814000072 51.372577253000031)",Unfall 259797 (2019) Kat:3, Licht: 0,259797,3,6,3,09,11,1,0,0,1,1,0,0,0,0
"POINT (12.374156368000058 51.393553180000026)",Unfall 259798 (2019) Kat:2, Licht: 2,259798,2,5,1,09,00,1,0,2,0,1,0,0,0,0
"POINT (12.410613678000061 51.353171302000078)",Unfall 259800 (2019) Kat:2, Licht: 0,259800,2,5,1,09,10,1,0,0,1,1,0,0,0,0
"POINT (12.373591944000054 51.320651679000036)",Unfall 259810 (2019) Kat:3, Licht: 0,259810,3,2,4,09,08,7,0,0,0,1,0,0,0,0
"POINT (12.407946197000058 51.335619773000076)",Unfall 259811 (2019) Kat:3, Licht: 0,259811,3,6,3,09,12,7,0,0,1,1,0,0,0,0
"POINT (12.405799182000067 51.350707888000045)",Unfall 259812 (2019) Kat:3, Licht: 1,259812,3,3,5,09,19,7,0,1,0,1,0,0,0,0
"POINT (12.373095971000055 51.305616804000067)",Unfall 259813 (2019) Kat:3, Licht: 2,259813,3,1,1,09,01,7,0,2,0,1,0,1,0,0
"POINT (12.308987574000071 51.328059504000066)",Unfall 259814 (2019) Kat:2, Licht: 2,259814,2,7,0,09,22,7,0,2,0,0,1,0,0,1
"POINT (12.373477800000046 51.329674398000066)",Unfall 259815 (2019) Kat:3, Licht: 0,259815,3,3,5,09,17,7,0,0,0,1,0,1,0,0
"POINT (12.378570349000029 51.313575932000049)",Unfall 259829 (2019) Kat:3, Licht: 2,259829,3,1,0,09,02,6,0,2,1,0,0,0,0,0
"POINT (12.386436894000042 51.314635457000065)",Unfall 259830 (2019) Kat:3, Licht: 0,259830,3,6,2,09,13,6,0,0,0,1,0,0,0,0
"POINT (12.290985085000045 51.324200825000048)",Unfall 259831 (2019) Kat:3, Licht: 2,259831,3,2,4,09,20,6,0,2,0,1,0,0,0,0
"POINT (12.393229768000026 51.336943915000063)",Unfall 259849 (2019) Kat:3, Licht: 0,259849,3,3,5,09,18,5,0,0,1,1,0,0,0,0
"POINT (12.456885744000033 51.401762961000031)",Unfall 259850 (2019) Kat:2, Licht: 0,259850,2,6,6,09,12,5,0,0,1,0,1,0,0,0
"POINT (12.382087116000037 51.332587778000061)",Unfall 259851 (2019) Kat:3, Licht: 0,259851,3,2,5,09,15,5,0,0,1,1,0,0,0,0
"POINT (12.437864249000029 51.331569485000045)",Unfall 259853 (2019) Kat:3, Licht: 0,259853,3,3,5,09,16,5,0,0,1,1,0,0,0,0
"POINT (12.412648244000025 51.342471139000054)",Unfall 259867 (2019) Kat:3, Licht: 1,259867,3,3,5,09,05,4,0,1,1,1,0,0,0,0
"POINT (12.362803715000041 51.367747905000044)",Unfall 259868 (2019) Kat:3, Licht: 0,259868,3,3,5,09,18,4,0,0,0,1,0,0,0,0
"POINT (12.373979231000021 51.334194784000033)",Unfall 259869 (2019) Kat:3, Licht: 0,259869,3,2,3,09,17,4,0,0,1,1,0,0,0,0
"POINT (12.430568554000047 51.368859334000035)",Unfall 259870 (2019) Kat:3, Licht: 0,259870,3,3,5,09,16,4,0,0,0,1,0,0,0,0
"POINT (12.398700641000062 51.332203528000036)",Unfall 259887 (2019) Kat:3, Licht: 0,259887,3,2,5,09,12,3,0,0,1,0,0,0,1,0
"POINT (12.385215997000046 51.338050232000057)",Unfall 259888 (2019) Kat:3, Licht: 0,259888,3,6,2,09,07,3,0,0,0,1,0,0,0,0
"POINT (12.400405658000068 51.339431850000040)",Unfall 259889 (2019) Kat:3, Licht: 0,259889,3,6,2,09,07,3,1,0,0,1,0,0,0,0
"POINT (12.437986278000039 51.331583611000042)",Unfall 259890 (2019) Kat:3, Licht: 0,259890,3,5,1,09,07,3,0,0,1,1,0,0,0,0
"POINT (12.427736796000033 51.305267563000029)",Unfall 259891 (2019) Kat:3, Licht: 0,259891,3,6,2,09,07,3,1,0,0,1,0,1,0,0
"POINT (12.402411730000040 51.303280686000051)",Unfall 259892 (2019) Kat:3, Licht: 0,259892,3,7,0,09,16,3,0,0,0,0,0,1,0,0
"POINT (12.339120177000041 51.336392870000054)",Unfall 259894 (2019) Kat:2, Licht: 0,259894,2,5,1,09,16,3,0,0,1,1,0,0,0,0
"POINT (12.367392527000050 51.320832891000066)",Unfall 259895 (2019) Kat:3, Licht: 0,259895,3,6,3,09,07,3,0,0,1,0,0,0,1,0
"POINT (12.370651321000025 51.335194268000066)",Unfall 259909 (2019) Kat:3, Licht: 0,259909,3,2,1,09,17,2,1,0,0,1,0,0,0,0
"POINT (12.353952842000069 51.346346875000052)",Unfall 259910 (2019) Kat:3, Licht: 0,259910,3,3,5,09,07,2,1,0,1,1,0,0,0,0
"POINT (12.314879691000044 51.330337767000060)",Unfall 259911 (2019) Kat:3, Licht: 0,259911,3,4,6,09,15,2,1,0,0,1,1,0,0,0
"POINT (12.376245674000074 51.348318437000046)",Unfall 259912 (2019) Kat:3, Licht: 0,259912,3,2,2,09,16,2,1,0,0,1,0,0,0,0
"POINT (12.340230674000054 51.393062516000043)",Unfall 259926 (2019) Kat:3, Licht: 0,259926,3,3,5,09,12,1,0,0,1,1,0,0,0,0
"POINT (12.395655354000041 51.323674302000029)",Unfall 259933 (2019) Kat:3, Licht: 0,259933,3,2,4,09,13,7,0,0,1,1,0,0,0,0
"POINT (12.411654615000032 51.342629954000074)",Unfall 259934 (2019) Kat:3, Licht: 2,259934,3,2,2,09,00,7,0,2,1,1,0,0,0,0
"POINT (12.383784560000038 51.352082395000082)",Unfall 259935 (2019) Kat:3, Licht: 0,259935,3,3,5,09,13,7,0,0,0,1,0,0,0,0
"POINT (12.379210584000077 51.359448874000066)",Unfall 259936 (2019) Kat:3, Licht: 0,259936,3,2,2,09,19,7,0,0,0,0,0,1,0,0
"POINT (12.399446553000075 51.376402949000067)",Unfall 259937 (2019) Kat:3, Licht: 0,259937,3,3,5,09,13,7,0,0,0,1,0,1,0,0
"POINT (12.376232261000041 51.337723646000029)",Unfall 259950 (2019) Kat:3, Licht: 0,259950,3,5,1,09,18,6,0,0,1,1,0,0,0,0
"POINT (12.421625885000026 51.343713489000038)",Unfall 259951 (2019) Kat:3, Licht: 0,259951,3,2,5,09,06,6,0,0,1,1,0,0,0,0
"POINT (12.459050708000063 51.397152372000050)",Unfall 259952 (2019) Kat:3, Licht: 0,259952,3,2,4,09,08,6,0,0,0,1,0,0,0,0
"POINT (12.366639969000062 51.325246928000070)",Unfall 259968 (2019) Kat:3, Licht: 0,259968,3,2,2,09,06,5,1,0,0,1,0,0,0,1
"POINT (12.285843865000061 51.330964596000058)",Unfall 259969 (2019) Kat:3, Licht: 0,259969,3,3,5,09,14,5,0,0,1,1,0,0,0,0
"POINT (12.313398269000061 51.347900461000052)",Unfall 259970 (2019) Kat:3, Licht: 1,259970,3,1,0,09,06,5,1,1,0,0,0,1,0,0
"POINT (12.437178301000074 51.412012790000063)",Unfall 259971 (2019) Kat:3, Licht: 0,259971,3,2,4,09,10,5,0,0,0,1,0,0,0,1
"POINT (12.389376028000072 51.335864849000075)",Unfall 259972 (2019) Kat:3, Licht: 0,259972,3,1,9,09,10,2,0,0,0,1,0,0,0,1
"POINT (12.366725588000065 51.367276681000078)",Unfall 259973 (2019) Kat:3, Licht: 0,259973,3,3,0,09,12,5,0,0,0,1,0,0,0,1
"POINT (12.344636640000033 51.366829808000034)",Unfall 259974 (2019) Kat:3, Licht: 1,259974,3,5,1,09,05,5,1,1,1,1,0,0,0,0
"POINT (12.385766961000058 51.366326656000069)",Unfall 259975 (2019) Kat:3, Licht: 0,259975,3,2,2,09,08,5,0,0,0,1,0,0,0,0
"POINT (12.414634396000054 51.355747971000028)",Unfall 259976 (2019) Kat:3, Licht: 0,259976,3,6,6,09,07,5,0,0,1,0,1,0,0,0
"POINT (12.420506711000030 51.319266077000066)",Unfall 259978 (2019) Kat:3, Licht: 0,259978,3,2,4,09,17,5,0,0,1,1,0,0,0,0
"POINT (12.373646946000065 51.333036157000038)",Unfall 259994 (2019) Kat:3, Licht: 0,259994,3,2,5,09,15,2,1,0,1,1,0,0,0,0
"POINT (12.383300253000073 51.338484594000079)",Unfall 260001 (2019) Kat:3, Licht: 0,260001,3,4,6,09,17,4,0,0,1,0,1,0,0,0
"POINT (12.399455923000062 51.345877746000042)",Unfall 260004 (2019) Kat:3, Licht: 0,260004,3,7,0,09,15,4,0,0,1,0,0,0,0,0
"POINT (12.303109966000022 51.353138102000059)",Unfall 260005 (2019) Kat:3, Licht: 0,260005,3,6,3,09,17,4,0,0,0,1,0,1,0,0
"POINT (12.445552002000056 51.347077232000061)",Unfall 260006 (2019) Kat:2, Licht: 0,260006,2,4,6,09,08,4,0,0,0,1,1,0,0,0
"POINT (12.352109430000041 51.333497986000054)",Unfall 260010 (2019) Kat:3, Licht: 0,260010,3,6,2,09,17,4,0,0,0,1,0,0,0,0
"POINT (12.294068685000070 51.319069222000053)",Unfall 260011 (2019) Kat:3, Licht: 0,260011,3,6,5,09,06,4,0,0,1,1,0,0,0,0
"POINT (12.354685747000076 51.364964024000074)",Unfall 260013 (2019) Kat:3, Licht: 0,260013,3,7,1,09,16,4,0,0,0,1,0,0,0,0
"POINT (12.405294725000033 51.338089902000036)",Unfall 260034 (2019) Kat:3, Licht: 2,260034,3,3,3,09,21,2,1,2,0,1,0,0,0,0
"POINT (12.303079485000069 51.314413293000030)",Unfall 260036 (2019) Kat:3, Licht: 0,260036,3,2,4,09,14,2,0,0,1,1,0,0,0,0
"POINT (12.336536691000049 51.370137996000039)",Unfall 260037 (2019) Kat:2, Licht: 0,260037,2,3,5,09,15,2,0,0,1,1,0,0,0,0
"POINT (12.376440069000068 51.348366001000045)",Unfall 260052 (2019) Kat:3, Licht: 0,260052,3,6,2,09,10,1,1,0,0,1,0,0,0,0
"POINT (12.305436612000051 51.331215863000068)",Unfall 260053 (2019) Kat:3, Licht: 0,260053,3,7,0,09,18,1,0,0,1,0,0,0,0,0
"POINT (12.313397413000075 51.347899754000082)",Unfall 260054 (2019) Kat:3, Licht: 0,260054,3,2,2,09,17,1,0,0,0,1,0,0,0,0
"POINT (12.313395380000031 51.347898076000035)",Unfall 260055 (2019) Kat:3, Licht: 0,260055,3,2,5,09,17,1,0,0,0,1,0,0,0,0
"POINT (12.370766546000027 51.343955502000028)",Unfall 260064 (2019) Kat:3, Licht: 0,260064,3,3,5,09,13,7,0,0,1,1,0,0,0,0
"POINT (12.382057166000038 51.338830475000066)",Unfall 260065 (2019) Kat:3, Licht: 2,260065,3,3,5,09,02,7,0,2,0,1,0,0,0,0
"POINT (12.370740904000058 51.335209481000049)",Unfall 260066 (2019) Kat:3, Licht: 0,260066,3,2,5,09,17,7,1,0,0,1,0,0,0,0
"POINT (12.377664628000048 51.338660329000049)",Unfall 260081 (2019) Kat:3, Licht: 0,260081,3,1,0,09,12,6,1,0,1,0,0,0,0,0
"POINT (12.345718939000051 51.327591686000062)",Unfall 260082 (2019) Kat:3, Licht: 0,260082,3,6,2,09,16,6,1,0,0,1,0,0,0,0
"POINT (12.375080951000029 51.319579797000074)",Unfall 260083 (2019) Kat:3, Licht: 0,260083,3,5,0,09,15,6,1,0,1,1,0,0,0,0