WKT,Name,OBJECTID,UKATEGORIE,UTYP1,UART,UMONAT,USTUNDE,UWOCHENTAG,STRZUSTAND,ULICHTVERH,ISTRAD,ISTPKW,ISTFUSS,ISTKRAD,ISTGKFZ,ISTSONSTIG
"POINT (12.373547119000023 51.318555933000027)",Unfall 260084 (2019) Kat:3, Licht: 0,260084,3,6,2,09,15,6,0,0,0,1,0,0,0,0
"POINT (12.361438897000028 51.332848192000029)",Unfall 260085 (2019) Kat:3, Licht: 0,260085,3,6,2,09,18,6,1,0,0,1,0,1,0,0
"POINT (12.338486680000074 51.370069554000054)",Unfall 260086 (2019) Kat:3, Licht: 0,260086,3,4,6,09,08,6,1,0,1,0,1,0,0,0
"POINT (12.456308551000063 51.390593789000036)",Unfall 260087 (2019) Kat:3, Licht: 2,260087,3,6,0,09,22,6,1,2,0,1,0,0,0,0
"POINT (12.313997950000044 51.413934588000075)",Unfall 260088 (2019) Kat:3, Licht: 0,260088,3,1,9,09,12,6,1,0,0,1,0,0,0,1
"POINT (12.370916360000024 51.396082961000047)",Unfall 260089 (2019) Kat:3, Licht: 0,260089,3,2,4,09,15,6,1,0,1,1,0,0,0,0
"POINT (12.436343003000047 51.305644018000066)",Unfall 260090 (2019) Kat:3, Licht: 0,260090,3,3,5,09,07,6,1,0,1,1,0,0,0,0
"POINT (12.330275316000041 51.320242277000034)",Unfall 260119 (2019) Kat:3, Licht: 2,260119,3,6,2,09,20,5,1,2,0,1,0,0,0,0
"POINT (12.404969642000026 51.363314005000063)",Unfall 260120 (2019) Kat:3, Licht: 0,260120,3,1,0,09,12,5,0,0,1,0,0,0,0,0
"POINT (12.404754764000074 51.338177686000051)",Unfall 260121 (2019) Kat:3, Licht: 2,260121,3,2,3,09,06,5,0,2,0,1,0,0,0,1
"POINT (12.353352860000030 51.362795482000081)",Unfall 260123 (2019) Kat:3, Licht: 0,260123,3,6,3,09,18,5,0,0,1,1,0,0,0,0
"POINT (12.458116577000055 51.266917216000081)",Unfall 260137 (2019) Kat:3, Licht: 0,260137,3,6,2,09,10,4,1,0,0,1,0,0,0,1
"POINT (12.375654210000050 51.339886645000036)",Unfall 260138 (2019) Kat:3, Licht: 0,260138,3,6,6,09,14,4,1,0,1,0,1,0,0,0
"POINT (12.380747804000066 51.330622809000033)",Unfall 260139 (2019) Kat:3, Licht: 0,260139,3,6,3,09,14,4,1,0,1,1,0,0,0,0
"POINT (12.409571352000057 51.371928100000048)",Unfall 260140 (2019) Kat:3, Licht: 0,260140,3,6,6,09,15,4,1,0,0,1,1,0,0,0
"POINT (12.378886086000023 51.325049390000061)",Unfall 260141 (2019) Kat:3, Licht: 0,260141,3,3,5,09,11,4,1,0,1,1,0,0,0,0
"POINT (12.403198325000062 51.327034951000030)",Unfall 260161 (2019) Kat:3, Licht: 0,260161,3,2,2,09,09,3,1,0,0,1,0,0,0,0
"POINT (12.368741975000034 51.312526939000065)",Unfall 260162 (2019) Kat:3, Licht: 0,260162,3,3,5,09,16,3,0,0,1,1,0,0,0,0
"POINT (12.378536321000070 51.346316946000059)",Unfall 260176 (2019) Kat:3, Licht: 0,260176,3,5,1,09,13,2,0,0,1,1,0,0,0,0
"POINT (12.322719498000026 51.300919029000056)",Unfall 260177 (2019) Kat:3, Licht: 0,260177,3,5,1,09,14,2,0,0,1,1,0,0,0,0
"POINT (12.377737758000023 51.348892332000048)",Unfall 260178 (2019) Kat:3, Licht: 0,260178,3,6,2,09,16,2,0,0,0,1,0,1,0,0
"POINT (12.430808935000073 51.361540386000058)",Unfall 260179 (2019) Kat:3, Licht: 0,260179,3,6,3,09,10,2,0,0,0,0,0,1,0,1
"POINT (12.456753830000025 51.313534864000076)",Unfall 260180 (2019) Kat:2, Licht: 0,260180,2,2,4,09,07,2,0,0,0,1,0,0,0,0
"POINT (12.386782702000062 51.345753650000063)",Unfall 260181 (2019) Kat:3, Licht: 0,260181,3,2,1,09,11,2,0,0,0,1,0,0,1,0
"POINT (12.312901355000065 51.309029657000053)",Unfall 260192 (2019) Kat:3, Licht: 0,260192,3,3,5,09,18,1,0,0,1,1,0,0,0,0
"POINT (12.357708253000055 51.320613580000042)",Unfall 260194 (2019) Kat:2, Licht: 0,260194,2,7,0,09,15,1,0,0,0,1,0,1,0,0
"POINT (12.385339998000063 51.341180104000046)",Unfall 260196 (2019) Kat:3, Licht: 0,260196,3,3,5,09,08,1,0,0,0,1,0,0,0,0
"POINT (12.372056617000055 51.341560394000055)",Unfall 260202 (2019) Kat:3, Licht: 0,260202,3,7,6,09,10,7,0,0,0,1,1,0,0,0
"POINT (12.340973672000075 51.318431004000047)",Unfall 260206 (2019) Kat:3, Licht: 0,260206,3,7,6,09,18,7,0,0,1,0,1,0,0,0
"POINT (12.355532687000050 51.360138787000039)",Unfall 260207 (2019) Kat:3, Licht: 0,260207,3,7,6,09,12,7,0,0,0,1,1,0,0,0
"POINT (12.417589919000022 51.359240101000069)",Unfall 260209 (2019) Kat:3, Licht: 0,260209,3,2,5,09,09,7,0,0,1,1,0,0,0,0
"POINT (12.366637806000028 51.362287144000049)",Unfall 260210 (2019) Kat:3, Licht: 0,260210,3,7,6,09,18,7,0,0,0,1,1,0,0,0
"POINT (12.414372350000065 51.345087521000039)",Unfall 260228 (2019) Kat:3, Licht: 0,260228,3,2,4,09,13,6,0,0,1,1,0,0,0,0
"POINT (12.382623568000042 51.336580708000042)",Unfall 260229 (2019) Kat:3, Licht: 2,260229,3,5,4,09,21,6,0,2,1,0,0,0,0,0
"POINT (12.339040288000035 51.318414368000049)",Unfall 260231 (2019) Kat:3, Licht: 2,260231,3,6,6,09,23,6,0,2,1,0,1,0,0,0
"POINT (12.406601875000035 51.338105417000065)",Unfall 260233 (2019) Kat:3, Licht: 2,260233,3,7,0,09,22,6,0,2,0,0,0,0,0,1
"POINT (12.373412339000026 51.320721610000078)",Unfall 260234 (2019) Kat:3, Licht: 2,260234,3,2,4,09,18,6,0,2,0,1,0,0,0,1
"POINT (12.373483329000067 51.351701996000031)",Unfall 260235 (2019) Kat:3, Licht: 0,260235,3,3,5,09,06,6,0,0,0,1,0,0,0,1
"POINT (12.378265944000077 51.388439092000056)",Unfall 260236 (2019) Kat:2, Licht: 0,260236,2,1,8,09,06,6,0,0,0,1,0,0,0,0
"POINT (12.408349471000065 51.336002759000053)",Unfall 260239 (2019) Kat:3, Licht: 0,260239,3,6,2,09,12,6,0,0,0,1,0,0,0,1
"POINT (12.361660174000065 51.332681950000051)",Unfall 260258 (2019) Kat:3, Licht: 0,260258,3,3,5,09,11,5,0,0,1,1,0,0,0,0
"POINT (12.359394268000074 51.341276475000029)",Unfall 260259 (2019) Kat:3, Licht: 0,260259,3,7,0,09,16,5,0,0,1,0,0,0,0,1
"POINT (12.391916899000023 51.323744541000053)",Unfall 260260 (2019) Kat:3, Licht: 0,260260,3,3,5,09,07,5,0,0,1,1,0,0,0,0
"POINT (12.378839484000025 51.387539335000042)",Unfall 260261 (2019) Kat:3, Licht: 0,260261,3,6,6,09,14,5,0,0,1,0,1,0,0,0
"POINT (12.369300763000069 51.332324309000057)",Unfall 260262 (2019) Kat:3, Licht: 0,260262,3,7,0,09,07,3,0,0,1,0,0,0,0,1
"POINT (12.376395510000066 51.309164070000065)",Unfall 260263 (2019) Kat:3, Licht: 0,260263,3,3,5,09,15,5,0,0,0,1,0,0,0,1
"POINT (12.428843610000058 51.295163894000041)",Unfall 260264 (2019) Kat:3, Licht: 2,260264,3,3,5,09,06,3,0,2,1,1,0,0,0,0
"POINT (12.368736290000072 51.320780174000049)",Unfall 260265 (2019) Kat:3, Licht: 0,260265,3,6,2,09,10,3,0,0,0,1,0,0,0,0
"POINT (12.449384546000033 51.367175791000079)",Unfall 260266 (2019) Kat:2, Licht: 0,260266,2,7,3,09,13,5,0,0,1,0,0,0,0,1
"POINT (12.379036413000051 51.387230715000044)",Unfall 260267 (2019) Kat:3, Licht: 0,260267,3,6,6,09,14,5,0,0,1,0,1,0,0,0
"POINT (12.393426376000036 51.286177773000077)",Unfall 260271 (2019) Kat:3, Licht: 0,260271,3,3,5,09,07,3,0,0,1,1,0,0,0,0
"POINT (12.362232172000063 51.332556442000055)",Unfall 260282 (2019) Kat:3, Licht: 0,260282,3,3,5,09,13,2,0,0,1,0,0,0,0,1
"POINT (12.263967967000042 51.323519942000075)",Unfall 260285 (2019) Kat:3, Licht: 0,260285,3,1,8,09,15,2,0,0,0,1,0,0,0,0
"POINT (12.452500928000063 51.275734295000063)",Unfall 260289 (2019) Kat:3, Licht: 1,260289,3,1,0,09,20,4,0,1,1,0,0,0,0,0
"POINT (12.361998387000028 51.364883031000033)",Unfall 260290 (2019) Kat:3, Licht: 0,260290,3,2,4,09,14,4,1,0,1,1,0,0,0,0
"POINT (12.362460897000062 51.338937958000031)",Unfall 260293 (2019) Kat:3, Licht: 0,260293,3,2,4,09,17,4,0,0,1,1,0,0,0,0
"POINT (12.475692219000052 51.347897726000042)",Unfall 260295 (2019) Kat:3, Licht: 0,260295,3,6,4,09,17,4,0,0,0,1,0,1,0,0
"POINT (12.421896804000028 51.321103362000031)",Unfall 260304 (2019) Kat:3, Licht: 0,260304,3,3,5,10,10,4,1,0,0,1,0,0,0,0
"POINT (12.371322488000033 51.339702526000053)",Unfall 260307 (2019) Kat:3, Licht: 1,260307,3,2,6,10,08,4,1,1,0,1,1,0,0,0
"POINT (12.367398057000059 51.332032867000066)",Unfall 260318 (2019) Kat:3, Licht: 0,260318,3,3,5,10,13,3,0,0,1,1,0,0,0,0
"POINT (12.375176168000053 51.366996004000043)",Unfall 260319 (2019) Kat:3, Licht: 0,260319,3,6,1,10,13,3,0,0,0,1,0,0,0,0
"POINT (12.373446050000041 51.328523408000081)",Unfall 260320 (2019) Kat:3, Licht: 2,260320,3,2,5,10,20,3,0,2,1,1,0,0,0,0
"POINT (12.311080177000065 51.328979370000070)",Unfall 260321 (2019) Kat:1, Licht: 0,260321,1,2,5,10,11,3,0,0,1,0,0,0,1,0
"POINT (12.385110229000077 51.338112155000033)",Unfall 260334 (2019) Kat:3, Licht: 0,260334,3,3,5,10,09,2,0,0,1,1,0,0,0,0
"POINT (12.311835656000028 51.347677041000054)",Unfall 260337 (2019) Kat:3, Licht: 0,260337,3,2,4,10,17,2,0,0,1,1,0,0,0,0
"POINT (12.349860977000048 51.366092388000027)",Unfall 260338 (2019) Kat:3, Licht: 0,260338,3,3,5,10,15,2,0,0,0,1,0,1,0,0
"POINT (12.463879297000062 51.324310366000077)",Unfall 260339 (2019) Kat:3, Licht: 0,260339,3,6,2,10,17,2,0,0,1,1,0,0,0,0
"POINT (12.401052625000034 51.376226251000048)",Unfall 260340 (2019) Kat:3, Licht: 0,260340,3,3,5,10,11,2,0,0,1,1,0,0,0,0
"POINT (12.342192406000038 51.318654602000038)",Unfall 260341 (2019) Kat:3, Licht: 0,260341,3,6,3,10,09,2,0,0,1,0,0,0,0,1
"POINT (12.424249595000049 51.304448806000039)",Unfall 260359 (2019) Kat:2, Licht: 0,260359,2,7,6,10,17,1,0,0,1,0,1,0,0,0
"POINT (12.344623396000031 51.319534769000029)",Unfall 260360 (2019) Kat:3, Licht: 0,260360,3,1,9,10,07,1,0,0,0,1,0,0,0,0
"POINT (12.357035003000021 51.320493720000059)",Unfall 260371 (2019) Kat:3, Licht: 0,260371,3,2,5,10,13,7,0,0,1,0,0,0,0,0
"POINT (12.418516941000064 51.357319085000029)",Unfall 260372 (2019) Kat:3, Licht: 1,260372,3,3,5,10,20,7,0,1,0,1,0,0,0,0
"POINT (12.383897761000071 51.328949614000067)",Unfall 260383 (2019) Kat:3, Licht: 0,260383,3,3,5,10,07,6,0,0,0,1,0,0,0,0
"POINT (12.370902366000053 51.337613757000042)",Unfall 260384 (2019) Kat:3, Licht: 0,260384,3,3,5,10,15,6,0,0,1,1,0,0,0,0
"POINT (12.368982137000046 51.341924377000055)",Unfall 260385 (2019) Kat:3, Licht: 0,260385,3,3,5,10,17,6,0,0,1,1,0,0,0,0
"POINT (12.373137091000046 51.347509392000063)",Unfall 260403 (2019) Kat:3, Licht: 0,260403,3,7,6,10,16,5,1,0,1,0,1,0,0,0
"POINT (12.285312519000058 51.360358723000047)",Unfall 260404 (2019) Kat:2, Licht: 1,260404,2,4,6,10,17,5,0,1,0,1,1,0,0,0
"POINT (12.405122602000063 51.330342012000074)",Unfall 260405 (2019) Kat:3, Licht: 0,260405,3,4,6,10,14,5,1,0,0,1,1,0,0,0
"POINT (12.373889868000049 51.347591837000039)",Unfall 260406 (2019) Kat:2, Licht: 0,260406,2,7,0,10,17,5,0,0,1,1,0,0,0,0
"POINT (12.460780016000058 51.265478935000033)",Unfall 260407 (2019) Kat:2, Licht: 0,260407,2,6,2,10,09,5,1,0,0,1,0,0,0,1
"POINT (12.369683136000049 51.324486249000074)",Unfall 260423 (2019) Kat:3, Licht: 0,260423,3,3,5,10,08,4,0,0,1,1,0,0,0,0
"POINT (12.377671429000031 51.338692708000053)",Unfall 260424 (2019) Kat:3, Licht: 0,260424,3,7,5,10,11,4,0,0,1,1,0,0,0,0
"POINT (12.388532283000075 51.325940386000070)",Unfall 260425 (2019) Kat:3, Licht: 0,260425,3,3,5,10,08,4,1,0,1,1,0,0,0,0
"POINT (12.403247560000068 51.327180202000079)",Unfall 260426 (2019) Kat:3, Licht: 0,260426,3,4,6,10,07,4,0,0,0,1,1,0,0,0
"POINT (12.349318216000029 51.348508922000065)",Unfall 260446 (2019) Kat:3, Licht: 0,260446,3,2,4,10,09,3,1,0,0,1,0,0,0,0
"POINT (12.286360051000031 51.321872205000034)",Unfall 260447 (2019) Kat:3, Licht: 0,260447,3,1,8,10,12,3,1,0,0,1,0,0,0,0
"POINT (12.424535881000054 51.320021764000046)",Unfall 260448 (2019) Kat:3, Licht: 0,260448,3,1,0,10,14,3,1,0,0,0,0,1,0,0
"POINT (12.338799386000062 51.370373199000028)",Unfall 260449 (2019) Kat:3, Licht: 0,260449,3,3,5,10,15,3,1,0,0,1,0,0,0,0
"POINT (12.385532502000046 51.343051219000074)",Unfall 260471 (2019) Kat:3, Licht: 0,260471,3,4,6,10,09,2,0,0,0,1,1,0,0,0
"POINT (12.405919632000064 51.344653745000073)",Unfall 260472 (2019) Kat:3, Licht: 0,260472,3,2,6,10,07,2,0,0,0,1,1,0,0,0
"POINT (12.361799694000069 51.332556703000080)",Unfall 260473 (2019) Kat:3, Licht: 1,260473,3,3,5,10,07,2,0,1,1,1,0,0,0,0
"POINT (12.369789403000027 51.341337391000081)",Unfall 260479 (2019) Kat:3, Licht: 0,260479,3,2,5,10,11,5,0,0,1,1,0,0,0,0
"POINT (12.303021083000033 51.353176417000043)",Unfall 260490 (2019) Kat:3, Licht: 0,260490,3,3,5,10,14,5,0,0,1,0,0,0,0,1
"POINT (12.405973751000033 51.342158717000075)",Unfall 260498 (2019) Kat:3, Licht: 1,260498,3,6,2,10,18,7,0,1,0,1,0,0,0,0
"POINT (12.371984512000040 51.341017271000055)",Unfall 260499 (2019) Kat:3, Licht: 0,260499,3,2,4,10,11,7,1,0,1,1,0,0,0,0
"POINT (12.419178522000038 51.320206005000045)",Unfall 260501 (2019) Kat:3, Licht: 0,260501,3,3,5,10,18,7,0,0,0,1,0,0,0,1
"POINT (12.390328784000076 51.290891120000026)",Unfall 260503 (2019) Kat:3, Licht: 1,260503,3,3,5,10,18,7,0,1,1,1,0,0,0,0
"POINT (12.385362590000057 51.341181189000054)",Unfall 260505 (2019) Kat:2, Licht: 2,260505,2,3,5,10,04,7,1,2,0,1,0,0,0,0
"POINT (12.384840225000062 51.331651045000058)",Unfall 260510 (2019) Kat:3, Licht: 0,260510,3,1,1,10,07,6,1,0,1,1,0,0,0,0
"POINT (12.393502302000059 51.349020179000036)",Unfall 260512 (2019) Kat:3, Licht: 2,260512,3,1,8,10,22,6,1,2,0,1,0,0,0,0
"POINT (12.370934187000046 51.335130267000068)",Unfall 260513 (2019) Kat:3, Licht: 2,260513,3,7,9,10,01,6,1,2,0,1,0,0,0,0
"POINT (12.392953680000062 51.400178006000033)",Unfall 260518 (2019) Kat:3, Licht: 0,260518,3,2,5,10,08,6,0,0,1,1,0,0,0,0
"POINT (12.352601339000046 51.319453349000071)",Unfall 260523 (2019) Kat:3, Licht: 0,260523,3,6,1,10,13,5,1,0,0,1,0,0,0,0
"POINT (12.370934367000075 51.336396310000055)",Unfall 260524 (2019) Kat:3, Licht: 0,260524,3,2,4,10,10,6,0,0,0,1,0,0,0,0
"POINT (12.386305522000043 51.360543383000049)",Unfall 260525 (2019) Kat:3, Licht: 1,260525,3,3,5,10,18,5,1,1,0,1,0,0,0,0
"POINT (12.334294677000059 51.319395136000026)",Unfall 260528 (2019) Kat:3, Licht: 0,260528,3,2,2,10,17,6,1,0,0,1,0,0,0,0
"POINT (12.366685729000039 51.346938686000044)",Unfall 260533 (2019) Kat:3, Licht: 0,260533,3,3,5,10,17,4,0,0,1,1,0,0,0,0
"POINT (12.369809354000040 51.341325507000079)",Unfall 260534 (2019) Kat:3, Licht: 0,260534,3,3,5,10,13,6,0,0,1,1,0,0,0,0
"POINT (12.421061374000033 51.353331339000079)",Unfall 260535 (2019) Kat:3, Licht: 0,260535,3,7,1,10,09,4,1,0,0,1,0,0,0,1
"POINT (12.415510697000059 51.378748066000071)",Unfall 260538 (2019) Kat:3, Licht: 0,260538,3,4,6,10,16,4,0,0,0,1,1,0,0,0
"POINT (12.397650106000071 51.336537073000045)",Unfall 260539 (2019) Kat:2, Licht: 0,260539,2,3,5,10,07,4,1,0,1,1,0,0,0,0
"POINT (12.360072516000059 51.343515518000061)",Unfall 260556 (2019) Kat:3, Licht: 2,260556,3,3,5,10,21,3,1,2,0,1,0,1,0,0
"POINT (12.486007943000061 51.346349962000033)",Unfall 260558 (2019) Kat:3, Licht: 0,260558,3,3,5,10,10,3,0,0,1,1,0,0,0,0
"POINT (12.259400314000061 51.310668473000078)",Unfall 260559 (2019) Kat:3, Licht: 0,260559,3,2,2,10,15,3,0,0,0,1,0,0,0,0
"POINT (12.372987266000052 51.301392774000078)",Unfall 260560 (2019) Kat:3, Licht: 0,260560,3,3,5,10,12,3,0,0,1,1,0,0,0,0
"POINT (12.376752448000047 51.320530859000030)",Unfall 260575 (2019) Kat:3, Licht: 0,260575,3,3,5,11,11,4,0,0,1,1,0,0,0,0
"POINT (12.337030508000055 51.329575118000037)",Unfall 260576 (2019) Kat:3, Licht: 2,260576,3,6,2,11,19,4,0,2,0,1,0,0,0,0
"POINT (12.365682919000051 51.320917724000026)",Unfall 260584 (2019) Kat:3, Licht: 2,260584,3,2,4,11,19,5,0,2,1,1,0,0,0,0
"POINT (12.358009315000061 51.344113699000047)",Unfall 260589 (2019) Kat:3, Licht: 2,260589,3,3,5,11,18,3,1,2,0,1,0,0,0,0
"POINT (12.381845448000036 51.320436919000031)",Unfall 260590 (2019) Kat:3, Licht: 1,260590,3,6,4,11,16,3,1,1,1,0,0,1,0,0
"POINT (12.326653628000031 51.307714614000076)",Unfall 260591 (2019) Kat:3, Licht: 2,260591,3,4,6,11,19,3,1,2,0,1,1,0,0,0
"POINT (12.365711011000030 51.363466496000058)",Unfall 260592 (2019) Kat:3, Licht: 1,260592,3,2,4,11,17,3,1,1,0,1,0,1,0,0
"POINT (12.373467336000033 51.351657390000071)",Unfall 260593 (2019) Kat:3, Licht: 1,260593,3,3,5,11,16,3,1,1,1,1,0,0,0,0
"POINT (12.356559918000073 51.346933137000065)",Unfall 260594 (2019) Kat:2, Licht: 2,260594,2,7,6,11,18,3,1,2,0,1,1,0,0,0
"POINT (12.397374796000065 51.310549749000074)",Unfall 260595 (2019) Kat:2, Licht: 2,260595,2,2,5,11,18,3,1,2,1,1,0,0,0,0
"POINT (12.369373495000048 51.356449068000074)",Unfall 260597 (2019) Kat:3, Licht: 0,260597,3,5,1,11,07,5,0,0,1,0,0,0,0,1
"POINT (12.338797864000071 51.332390503000056)",Unfall 260605 (2019) Kat:3, Licht: 0,260605,3,1,0,11,09,2,1,0,1,0,0,0,0,0
"POINT (12.453364761000046 51.291282101000036)",Unfall 260606 (2019) Kat:3, Licht: 0,260606,3,1,0,11,14,2,0,0,1,0,0,0,0,0
"POINT (12.321956531000069 51.350026149000030)",Unfall 260607 (2019) Kat:3, Licht: 0,260607,3,2,6,11,15,2,1,0,0,1,1,0,0,0
"POINT (12.308410620000075 51.320905229000061)",Unfall 260622 (2019) Kat:3, Licht: 2,260622,3,6,2,11,19,1,0,2,0,1,0,0,0,0
"POINT (12.405974558000025 51.335967315000062)",Unfall 260623 (2019) Kat:2, Licht: 2,260623,2,3,5,11,04,1,0,2,1,1,0,0,0,0
"POINT (12.330166718000044 51.320247815000073)",Unfall 260630 (2019) Kat:3, Licht: 2,260630,3,2,5,11,22,7,1,2,0,1,0,1,0,0
"POINT (12.314286393000032 51.348710874000062)",Unfall 260631 (2019) Kat:3, Licht: 0,260631,3,6,3,11,13,7,0,0,1,1,0,0,0,0
"POINT (12.461214536000057 51.339440559000082)",Unfall 260632 (2019) Kat:2, Licht: 2,260632,2,7,6,11,00,7,1,2,1,0,1,0,0,0
"POINT (12.382070974000044 51.332605056000034)",Unfall 260639 (2019) Kat:3, Licht: 2,260639,3,2,5,11,23,6,0,2,1,1,0,0,0,0
"POINT (12.335817723000048 51.327642468000079)",Unfall 260640 (2019) Kat:3, Licht: 0,260640,3,2,1,11,11,5,0,0,1,1,0,0,0,0
"POINT (12.412106588000029 51.332818908000036)",Unfall 260641 (2019) Kat:3, Licht: 0,260641,3,7,6,11,15,6,0,0,0,1,1,0,0,0
"POINT (12.329202716000054 51.321502573000032)",Unfall 260642 (2019) Kat:3, Licht: 2,260642,3,3,5,11,20,6,1,2,0,1,0,0,0,0
"POINT (12.368692241000076 51.318976917000043)",Unfall 260643 (2019) Kat:2, Licht: 2,260643,2,1,9,11,06,6,0,2,0,1,0,0,0,0
"POINT (12.346512908000022 51.328895254000031)",Unfall 260644 (2019) Kat:3, Licht: 2,260644,3,7,6,11,17,6,1,2,0,1,1,0,0,0
"POINT (12.370553675000053 51.361285952000060)",Unfall 260645 (2019) Kat:3, Licht: 2,260645,3,2,4,11,19,6,1,2,1,1,0,0,0,0
"POINT (12.417093803000057 51.344987297000046)",Unfall 260653 (2019) Kat:2, Licht: 0,260653,2,3,5,11,12,5,0,0,1,1,0,0,0,0
"POINT (12.385355160000074 51.346166654000058)",Unfall 260660 (2019) Kat:3, Licht: 0,260660,3,5,1,10,10,5,0,0,1,1,0,0,0,0
"POINT (12.392241835000050 51.335508486000037)",Unfall 260663 (2019) Kat:3, Licht: 0,260663,3,3,5,10,14,4,0,0,1,1,0,0,0,0
"POINT (12.300270071000057 51.355404364000037)",Unfall 260664 (2019) Kat:3, Licht: 2,260664,3,2,4,10,06,4,0,2,1,1,0,0,0,0
"POINT (12.337086842000076 51.393025463000072)",Unfall 260665 (2019) Kat:2, Licht: 0,260665,2,7,7,10,10,4,0,0,0,1,0,0,0,0
"POINT (12.398841517000051 51.346661103000031)",Unfall 260666 (2019) Kat:3, Licht: 0,260666,3,3,5,10,12,4,0,0,0,1,0,0,0,1
"POINT (12.325686189000066 51.313183092000031)",Unfall 260667 (2019) Kat:3, Licht: 1,260667,3,3,5,10,06,4,0,1,1,0,0,0,0,1
"POINT (12.409254938000061 51.345354685000075)",Unfall 260682 (2019) Kat:3, Licht: 0,260682,3,2,3,10,08,3,0,0,1,1,0,0,0,0
"POINT (12.373325829000066 51.353058722000071)",Unfall 260683 (2019) Kat:3, Licht: 2,260683,3,3,5,10,18,3,0,2,1,1,0,0,0,0
"POINT (12.378353400000037 51.332195826000032)",Unfall 260684 (2019) Kat:3, Licht: 0,260684,3,3,5,10,16,3,0,0,1,1,0,0,0,0
"POINT (12.427314249000062 51.307585135000068)",Unfall 260685 (2019) Kat:3, Licht: 0,260685,3,3,0,10,14,3,0,0,1,1,0,0,0,0
"POINT (12.395744458000024 51.358832646000053)",Unfall 260686 (2019) Kat:2, Licht: 1,260686,2,3,5,10,16,3,0,1,1,1,0,0,0,0
"POINT (12.365666527000030 51.318933064000078)",Unfall 260694 (2019) Kat:3, Licht: 0,260694,3,5,1,11,11,5,0,0,0,1,0,0,0,0
"POINT (12.384935260000077 51.338329652000027)",Unfall 260703 (2019) Kat:3, Licht: 0,260703,3,2,2,10,08,2,0,0,0,1,0,0,0,0
"POINT (12.346469011000067 51.321106479000036)",Unfall 260704 (2019) Kat:3, Licht: 0,260704,3,4,6,10,15,2,0,0,1,0,1,0,0,0
"POINT (12.327163551000069 51.329618469000081)",Unfall 260705 (2019) Kat:3, Licht: 0,260705,3,3,5,10,08,2,0,0,1,1,0,0,0,0
"POINT (12.397149314000046 51.301190750000046)",Unfall 260706 (2019) Kat:3, Licht: 0,260706,3,3,5,10,15,2,0,0,1,1,0,0,0,0
"POINT (12.342702341000063 51.321928501000059)",Unfall 260707 (2019) Kat:3, Licht: 0,260707,3,6,3,11,14,5,0,0,1,1,0,0,0,0
"POINT (12.407558426000037 51.351299015000052)",Unfall 260708 (2019) Kat:3, Licht: 0,260708,3,3,5,10,14,2,0,0,1,1,0,0,0,0
"POINT (12.370395394000070 51.326611278000030)",Unfall 260709 (2019) Kat:3, Licht: 0,260709,3,3,5,10,16,2,0,0,1,1,0,0,0,0
"POINT (12.321687575000055 51.301064825000026)",Unfall 260710 (2019) Kat:3, Licht: 0,260710,3,3,5,10,14,2,0,0,1,0,0,0,0,1
"POINT (12.267275213000062 51.356580722000047)",Unfall 260726 (2019) Kat:3, Licht: 0,260726,3,3,5,10,10,1,0,0,1,1,0,0,0,0
"POINT (12.356939916000044 51.320477906000065)",Unfall 260727 (2019) Kat:3, Licht: 0,260727,3,6,2,10,14,1,1,0,0,1,0,0,0,0
"POINT (12.376905355000076 51.356478420000030)",Unfall 260728 (2019) Kat:3, Licht: 2,260728,3,6,2,10,18,1,1,2,0,1,0,0,0,0
"POINT (12.458452682000029 51.352681650000079)",Unfall 260743 (2019) Kat:3, Licht: 1,260743,3,4,6,10,17,6,0,1,1,0,1,0,0,0
"POINT (12.396362910000050 51.303537368000036)",Unfall 260744 (2019) Kat:3, Licht: 2,260744,3,2,3,10,19,6,0,2,0,1,0,0,0,1
"POINT (12.373646527000062 51.330513822000057)",Unfall 260753 (2019) Kat:3, Licht: 0,260753,3,2,5,11,08,5,0,0,1,1,0,0,0,0
"POINT (12.405714762000059 51.351547520000054)",Unfall 260758 (2019) Kat:3, Licht: 0,260758,3,3,5,10,10,5,0,0,0,1,0,0,0,0
"POINT (12.379389344000060 51.350722040000051)",Unfall 260759 (2019) Kat:1, Licht: 2,260759,1,3,5,10,06,5,1,2,1,1,0,0,0,0
"POINT (12.298635913000055 51.313747375000048)",Unfall 260780 (2019) Kat:3, Licht: 0,260780,3,2,2,10,13,4,0,0,0,1,0,0,0,0
"POINT (12.386058224000067 51.367839247000063)",Unfall 260781 (2019) Kat:3, Licht: 0,260781,3,4,6,10,15,4,0,0,1,0,1,0,0,0
"POINT (12.408687710000038 51.360001759000056)",Unfall 260783 (2019) Kat:3, Licht: 2,260783,3,3,5,10,05,4,0,2,1,1,0,0,0,0
"POINT (12.445500766000066 51.346951481000076)",Unfall 260801 (2019) Kat:3, Licht: 0,260801,3,3,5,10,08,3,0,0,1,1,0,0,0,0
"POINT (12.342614566000066 51.321605487000056)",Unfall 260802 (2019) Kat:2, Licht: 0,260802,2,3,5,10,10,3,0,0,1,1,0,0,0,0
"POINT (12.441587571000071 51.326711232000036)",Unfall 260803 (2019) Kat:2, Licht: 0,260803,2,3,5,10,08,3,0,0,1,1,0,0,0,0