WKT,Name,OBJECTID,UKATEGORIE,UTYP1,UART,UMONAT,USTUNDE,UWOCHENTAG,STRZUSTAND,ULICHTVERH,ISTRAD,ISTPKW,ISTFUSS,ISTKRAD,ISTGKFZ,ISTSONSTIG
"POINT (12.395988563000060 51.323688976000028)",Unfall 260804 (2019) Kat:3, Licht: 0,260804,3,6,2,10,16,3,0,0,0,1,0,0,0,0
"POINT (12.479359788000068 51.350663649000069)",Unfall 260806 (2019) Kat:3, Licht: 2,260806,3,1,7,11,20,5,0,2,1,0,0,0,0,0
"POINT (12.373549353000044 51.330120865000026)",Unfall 260820 (2019) Kat:2, Licht: 0,260820,2,6,2,11,12,5,0,0,1,0,0,0,0,0
"POINT (12.308786829000042 51.311361513000065)",Unfall 260821 (2019) Kat:3, Licht: 0,260821,3,4,6,10,15,2,0,0,0,1,1,0,0,0
"POINT (12.474297099000069 51.337736597000060)",Unfall 260822 (2019) Kat:3, Licht: 0,260822,3,2,5,10,18,2,0,0,1,1,0,0,0,0
"POINT (12.395032430000072 51.318573186000037)",Unfall 260838 (2019) Kat:3, Licht: 2,260838,3,3,5,10,19,7,0,2,0,1,0,0,0,0
"POINT (12.273066410000069 51.320044349000057)",Unfall 260839 (2019) Kat:3, Licht: 0,260839,3,3,5,10,12,7,1,0,0,1,0,0,0,0
"POINT (12.300810054000067 51.349220152000044)",Unfall 260840 (2019) Kat:3, Licht: 0,260840,3,2,2,10,11,7,1,0,0,1,0,0,0,0
"POINT (12.399029266000070 51.345092106000038)",Unfall 260841 (2019) Kat:2, Licht: 0,260841,2,1,0,10,09,7,1,0,1,0,0,0,0,0
"POINT (12.434773222000047 51.379976111000076)",Unfall 260848 (2019) Kat:3, Licht: 0,260848,3,3,5,11,12,3,0,0,0,1,0,0,0,0
"POINT (12.391422711000075 51.289466467000068)",Unfall 260857 (2019) Kat:3, Licht: 0,260857,3,2,6,11,07,7,1,0,0,1,1,0,0,0
"POINT (12.391330383000025 51.334713497000052)",Unfall 260863 (2019) Kat:3, Licht: 0,260863,3,6,3,11,14,6,0,0,1,0,0,0,0,0
"POINT (12.451064390000056 51.365750545000026)",Unfall 260864 (2019) Kat:2, Licht: 2,260864,2,6,3,11,05,6,1,2,1,1,0,0,0,0
"POINT (12.366713230000073 51.340564060000077)",Unfall 260865 (2019) Kat:3, Licht: 0,260865,3,2,4,11,10,6,0,0,1,1,0,0,0,0
"POINT (12.400690838000060 51.306508626000038)",Unfall 260866 (2019) Kat:2, Licht: 2,260866,2,3,5,11,17,6,0,2,1,1,0,0,0,0
"POINT (12.357992552000042 51.333768511000073)",Unfall 260867 (2019) Kat:3, Licht: 0,260867,3,5,3,11,10,6,1,0,1,1,0,0,0,0
"POINT (12.392563112000062 51.303327503000048)",Unfall 260886 (2019) Kat:3, Licht: 0,260886,3,2,4,11,11,5,1,0,1,1,0,0,0,0
"POINT (12.291724131000024 51.321327480000036)",Unfall 260887 (2019) Kat:2, Licht: 0,260887,2,2,4,11,10,5,1,0,1,1,0,0,0,0
"POINT (12.425605483000027 51.320083471000032)",Unfall 260888 (2019) Kat:2, Licht: 1,260888,2,4,6,11,17,5,1,1,0,1,1,0,0,0
"POINT (12.402141314000062 51.321642154000074)",Unfall 260889 (2019) Kat:3, Licht: 2,260889,3,3,5,11,18,5,1,2,1,1,0,0,0,0
"POINT (12.396138789000076 51.301187796000079)",Unfall 260890 (2019) Kat:3, Licht: 2,260890,3,2,6,11,17,5,1,2,0,1,1,0,0,0
"POINT (12.376750230000027 51.340755468000054)",Unfall 260892 (2019) Kat:2, Licht: 2,260892,2,7,0,11,19,5,1,2,1,0,0,0,0,1
"POINT (12.391749353000023 51.362228671000082)",Unfall 260913 (2019) Kat:3, Licht: 2,260913,3,3,5,11,17,4,1,2,1,1,0,0,0,0
"POINT (12.405999529000042 51.335936914000058)",Unfall 260917 (2019) Kat:3, Licht: 2,260917,3,3,5,11,21,3,1,2,1,1,0,0,0,0
"POINT (12.406026544000042 51.335933536000027)",Unfall 260919 (2019) Kat:3, Licht: 1,260919,3,2,4,11,16,3,1,1,1,1,0,0,0,0
"POINT (12.383463053000071 51.331706527000051)",Unfall 260920 (2019) Kat:3, Licht: 1,260920,3,6,3,11,07,3,1,1,1,0,0,0,0,0
"POINT (12.383921414000042 51.380584615000032)",Unfall 260922 (2019) Kat:3, Licht: 0,260922,3,2,3,11,09,3,0,0,0,1,0,0,0,1
"POINT (12.326966594000055 51.298122992000060)",Unfall 260923 (2019) Kat:2, Licht: 2,260923,2,1,4,11,21,3,1,2,0,1,0,0,0,0
"POINT (12.480744027000071 51.334935335000068)",Unfall 260924 (2019) Kat:3, Licht: 0,260924,3,7,0,11,09,3,1,0,1,0,0,0,0,0
"POINT (12.406143312000040 51.348144276000028)",Unfall 260935 (2019) Kat:3, Licht: 0,260935,3,2,4,11,07,2,1,0,1,1,0,0,0,0
"POINT (12.309239574000060 51.328035148000026)",Unfall 260940 (2019) Kat:3, Licht: 0,260940,3,2,4,11,07,2,1,0,1,1,0,0,0,0
"POINT (12.302454092000062 51.353659001000040)",Unfall 260941 (2019) Kat:3, Licht: 0,260941,3,2,2,11,07,2,1,0,0,1,0,0,0,0
"POINT (12.378037561000042 51.320503345000077)",Unfall 260943 (2019) Kat:3, Licht: 0,260943,3,6,2,11,10,2,1,0,0,1,0,0,0,1
"POINT (12.373548546000052 51.319652823000069)",Unfall 260944 (2019) Kat:3, Licht: 1,260944,3,2,3,11,07,2,1,1,1,1,0,0,0,0
"POINT (12.368892126000048 51.367186630000049)",Unfall 260945 (2019) Kat:3, Licht: 0,260945,3,4,6,11,17,2,0,0,0,1,1,0,0,0
"POINT (12.424968553000042 51.369013338000059)",Unfall 260946 (2019) Kat:3, Licht: 0,260946,3,3,5,11,15,2,1,0,1,1,0,0,0,0
"POINT (12.393251845000066 51.322716308000054)",Unfall 260947 (2019) Kat:3, Licht: 0,260947,3,6,2,11,12,2,1,0,0,1,0,0,0,0
"POINT (12.378512149000073 51.321994515000029)",Unfall 260949 (2019) Kat:3, Licht: 2,260949,3,7,1,11,20,2,0,2,0,1,0,1,0,0
"POINT (12.352049889000057 51.343616557000075)",Unfall 260950 (2019) Kat:3, Licht: 1,260950,3,3,5,11,17,2,0,1,0,1,0,0,0,0
"POINT (12.382826337000040 51.317589288000079)",Unfall 260951 (2019) Kat:3, Licht: 1,260951,3,2,4,11,16,2,1,1,1,1,0,0,0,0
"POINT (12.394442976000050 51.346141022000040)",Unfall 260965 (2019) Kat:3, Licht: 0,260965,3,7,1,11,14,1,1,0,1,1,0,0,0,0
"POINT (12.260053648000053 51.303625372000056)",Unfall 260966 (2019) Kat:3, Licht: 0,260966,3,1,4,11,12,1,1,0,0,1,0,0,0,0
"POINT (12.370942224000032 51.336639198000057)",Unfall 260970 (2019) Kat:3, Licht: 2,260970,3,6,3,11,18,7,0,2,1,0,0,0,0,1
"POINT (12.376448776000075 51.333583947000079)",Unfall 260971 (2019) Kat:3, Licht: 0,260971,3,5,1,11,15,7,1,0,0,1,0,0,0,0
"POINT (12.370745606000071 51.390598196000042)",Unfall 260972 (2019) Kat:3, Licht: 0,260972,3,3,5,11,11,7,1,0,1,1,0,0,0,0
"POINT (12.354075327000032 51.350913868000077)",Unfall 260986 (2019) Kat:3, Licht: 0,260986,3,6,2,11,09,6,0,0,0,1,0,0,0,0
"POINT (12.326037285000041 51.315470084000026)",Unfall 260987 (2019) Kat:3, Licht: 0,260987,3,3,5,11,12,6,0,0,1,1,0,0,0,0
"POINT (12.432580809000058 51.374992120000059)",Unfall 260988 (2019) Kat:3, Licht: 0,260988,3,3,5,11,11,6,0,0,0,1,0,0,0,1
"POINT (12.384069538000062 51.336219854000035)",Unfall 260990 (2019) Kat:3, Licht: 2,260990,3,3,5,11,18,6,0,2,1,0,0,0,0,0
"POINT (12.334949968000046 51.370679955000071)",Unfall 260991 (2019) Kat:3, Licht: 0,260991,3,3,5,11,15,6,0,0,0,1,0,0,0,0
"POINT (12.343470009000043 51.367686330000026)",Unfall 260992 (2019) Kat:3, Licht: 2,260992,3,3,5,11,05,6,0,2,0,1,0,0,0,0
"POINT (12.370314032000067 51.397174988000074)",Unfall 260993 (2019) Kat:3, Licht: 0,260993,3,3,5,11,10,6,0,0,1,1,0,0,0,0
"POINT (12.419293709000044 51.333080574000064)",Unfall 260994 (2019) Kat:3, Licht: 2,260994,3,4,6,11,17,6,0,2,0,1,1,0,0,0
"POINT (12.404096339000034 51.332119333000037)",Unfall 261001 (2019) Kat:3, Licht: 2,261001,3,2,6,11,23,2,0,2,0,0,1,0,0,1
"POINT (12.363774346000071 51.332219672000065)",Unfall 261007 (2019) Kat:3, Licht: 1,261007,3,5,1,11,08,2,1,1,1,1,0,0,0,0
"POINT (12.391187992000027 51.345006227000056)",Unfall 261008 (2019) Kat:3, Licht: 2,261008,3,5,1,11,19,5,0,2,1,1,0,0,0,0
"POINT (12.362700831000041 51.338945976000048)",Unfall 261009 (2019) Kat:3, Licht: 2,261009,3,2,3,11,18,5,0,2,1,1,0,0,0,0
"POINT (12.426709571000060 51.306469216000039)",Unfall 261010 (2019) Kat:3, Licht: 0,261010,3,5,1,11,15,5,0,0,1,1,0,0,0,0
"POINT (12.382877274000066 51.319551900000079)",Unfall 261011 (2019) Kat:3, Licht: 0,261011,3,2,4,11,07,5,0,0,1,1,0,0,0,0
"POINT (12.403188643000021 51.327056108000079)",Unfall 261020 (2019) Kat:3, Licht: 0,261020,3,2,4,11,07,2,1,0,0,1,0,0,0,0
"POINT (12.382023589000028 51.332615877000080)",Unfall 261030 (2019) Kat:3, Licht: 0,261030,3,3,5,11,09,4,0,0,1,1,0,0,0,0
"POINT (12.400610293000057 51.323978253000064)",Unfall 261031 (2019) Kat:3, Licht: 0,261031,3,3,5,11,10,2,0,0,0,1,0,0,0,0
"POINT (12.407719457000042 51.345433753000066)",Unfall 261036 (2019) Kat:3, Licht: 0,261036,3,4,6,11,12,2,0,0,1,0,1,0,0,0
"POINT (12.403188981000028 51.327056820000053)",Unfall 261046 (2019) Kat:3, Licht: 2,261046,3,2,4,11,18,2,1,2,0,1,0,1,0,0
"POINT (12.364386758000023 51.337497558000052)",Unfall 261048 (2019) Kat:3, Licht: 0,261048,3,2,3,11,11,3,0,0,1,1,0,0,0,0
"POINT (12.397829123000065 51.345969730000036)",Unfall 261065 (2019) Kat:3, Licht: 0,261065,3,5,0,11,15,2,0,0,1,0,0,0,1,0
"POINT (12.461136708000026 51.282261415000050)",Unfall 261066 (2019) Kat:3, Licht: 2,261066,3,6,2,11,18,2,0,2,0,1,0,0,0,0
"POINT (12.469820700000071 51.278353717000073)",Unfall 261067 (2019) Kat:2, Licht: 0,261067,2,1,0,11,10,2,0,0,1,0,0,0,0,0
"POINT (12.339386375000061 51.318446607000055)",Unfall 261068 (2019) Kat:3, Licht: 0,261068,3,6,3,11,13,2,0,0,0,1,0,0,1,0
"POINT (12.328109331000064 51.318567365000035)",Unfall 261082 (2019) Kat:3, Licht: 0,261082,3,4,6,11,13,1,0,0,0,1,1,0,0,0
"POINT (12.437816343000065 51.327510121000046)",Unfall 261083 (2019) Kat:3, Licht: 0,261083,3,2,6,11,10,1,0,0,0,1,1,0,0,0
"POINT (12.278060335000077 51.380896358000030)",Unfall 261084 (2019) Kat:2, Licht: 0,261084,2,3,5,11,14,1,0,0,1,0,0,0,0,0
"POINT (12.408662420000041 51.359999127000037)",Unfall 261088 (2019) Kat:3, Licht: 2,261088,3,3,5,11,21,7,0,2,1,1,0,0,0,0
"POINT (12.382249170000023 51.330155662000038)",Unfall 261109 (2019) Kat:3, Licht: 0,261109,3,6,3,11,12,6,0,0,1,1,0,0,0,0
"POINT (12.396116289000076 51.343170569000051)",Unfall 261110 (2019) Kat:3, Licht: 2,261110,3,1,0,11,16,6,1,2,1,0,0,0,0,0
"POINT (12.370535112000027 51.328055167000059)",Unfall 261111 (2019) Kat:3, Licht: 0,261111,3,6,2,11,15,6,1,0,0,1,0,0,0,0
"POINT (12.395319521000033 51.339186110000071)",Unfall 261112 (2019) Kat:3, Licht: 2,261112,3,3,5,11,21,6,1,2,1,1,0,0,0,0
"POINT (12.313027380000051 51.308990282000082)",Unfall 261113 (2019) Kat:3, Licht: 0,261113,3,6,2,11,07,6,0,0,0,1,0,0,0,0
"POINT (12.405450167000026 51.338072527000065)",Unfall 261114 (2019) Kat:3, Licht: 0,261114,3,3,5,11,08,3,0,0,0,1,0,0,0,1
"POINT (12.396139882000057 51.306158333000042)",Unfall 261115 (2019) Kat:3, Licht: 0,261115,3,4,6,11,11,6,0,0,0,1,1,0,0,0
"POINT (12.378558929000064 51.377086217000056)",Unfall 261116 (2019) Kat:3, Licht: 2,261116,3,2,3,11,06,6,0,2,1,1,0,0,0,0
"POINT (12.369078224000077 51.375242957000069)",Unfall 261118 (2019) Kat:3, Licht: 1,261118,3,3,5,11,18,6,1,1,0,1,0,0,0,0
"POINT (12.358346209000047 51.379195871000036)",Unfall 261135 (2019) Kat:3, Licht: 2,261135,3,3,5,12,20,2,0,2,0,1,0,0,0,0
"POINT (12.369596497000032 51.364571985000055)",Unfall 261142 (2019) Kat:3, Licht: 2,261142,3,6,3,12,05,2,1,2,1,1,0,0,0,0
"POINT (12.364801913000065 51.334101525000051)",Unfall 261146 (2019) Kat:3, Licht: 1,261146,3,6,4,12,07,2,1,1,1,1,0,0,0,0
"POINT (12.314543303000050 51.334573100000057)",Unfall 261147 (2019) Kat:3, Licht: 2,261147,3,6,4,12,16,5,0,2,1,1,0,0,0,0
"POINT (12.404152223000040 51.363609759000042)",Unfall 261148 (2019) Kat:2, Licht: 1,261148,2,2,6,12,16,5,0,1,0,1,1,0,0,0
"POINT (12.354374417000031 51.365044127000033)",Unfall 261149 (2019) Kat:3, Licht: 0,261149,3,6,2,12,12,5,0,0,0,1,0,0,0,0
"POINT (12.339579481000044 51.326659335000045)",Unfall 261150 (2019) Kat:3, Licht: 1,261150,3,6,3,12,16,5,0,1,1,1,0,0,0,0
"POINT (12.321495511000023 51.332484042000033)",Unfall 261157 (2019) Kat:3, Licht: 0,261157,3,6,2,12,16,2,0,0,0,1,0,0,0,0
"POINT (12.407574745000034 51.351296947000037)",Unfall 261166 (2019) Kat:3, Licht: 0,261166,3,3,5,12,10,4,0,0,1,1,0,0,0,0
"POINT (12.398454958000059 51.377550982000059)",Unfall 261167 (2019) Kat:3, Licht: 0,261167,3,6,8,12,15,4,0,0,0,1,0,0,0,0
"POINT (12.378867754000055 51.387495036000075)",Unfall 261168 (2019) Kat:3, Licht: 2,261168,3,6,1,12,16,4,0,2,0,1,0,0,0,0
"POINT (12.410010284000066 51.341262072000063)",Unfall 261170 (2019) Kat:3, Licht: 2,261170,3,4,6,12,07,4,0,2,0,1,1,0,0,0
"POINT (12.378389472000038 51.332232024000064)",Unfall 261171 (2019) Kat:2, Licht: 0,261171,2,3,3,12,09,4,0,0,1,1,0,0,0,0
"POINT (12.383412222000061 51.304840800000079)",Unfall 261173 (2019) Kat:3, Licht: 1,261173,3,2,5,12,16,4,0,1,1,1,0,0,0,0
"POINT (12.369664917000023 51.324511741000038)",Unfall 261190 (2019) Kat:3, Licht: 0,261190,3,2,5,12,11,2,0,0,0,1,0,0,0,1
"POINT (12.359229377000077 51.334437445000049)",Unfall 261192 (2019) Kat:3, Licht: 1,261192,3,2,6,12,07,3,1,1,0,1,1,0,0,0
"POINT (12.371355218000076 51.346276249000027)",Unfall 261194 (2019) Kat:3, Licht: 2,261194,3,2,4,12,17,3,0,2,1,1,0,0,0,0
"POINT (12.389573945000052 51.321758043000045)",Unfall 261195 (2019) Kat:3, Licht: 1,261195,3,2,4,12,07,3,1,1,0,1,0,0,0,0
"POINT (12.394694257000026 51.318556463000050)",Unfall 261196 (2019) Kat:3, Licht: 1,261196,3,2,6,12,16,3,0,1,0,1,1,0,0,0
"POINT (12.341180817000065 51.332334142000036)",Unfall 261197 (2019) Kat:2, Licht: 2,261197,2,2,5,12,18,3,0,2,0,1,0,0,0,0
"POINT (12.311089861000028 51.328969054000027)",Unfall 261199 (2019) Kat:3, Licht: 0,261199,3,2,4,12,15,3,0,0,0,1,0,0,0,0
"POINT (12.410554729000069 51.341653851000046)",Unfall 261201 (2019) Kat:3, Licht: 2,261201,3,6,1,12,17,3,0,2,0,1,0,0,0,0
"POINT (12.317573799000058 51.350094002000048)",Unfall 261202 (2019) Kat:3, Licht: 0,261202,3,2,2,12,15,3,0,0,1,0,0,0,0,1
"POINT (12.291957010000033 51.321346255000037)",Unfall 261203 (2019) Kat:3, Licht: 0,261203,3,2,5,12,10,3,0,0,1,1,0,0,0,0
"POINT (12.323125418000075 51.302595105000080)",Unfall 261205 (2019) Kat:3, Licht: 0,261205,3,4,6,12,13,2,1,0,0,1,1,0,0,0
"POINT (12.412272652000070 51.330216918000076)",Unfall 261218 (2019) Kat:2, Licht: 0,261218,2,3,5,12,09,1,1,0,0,1,0,0,0,0
"POINT (12.370844494000039 51.336349239000072)",Unfall 261219 (2019) Kat:3, Licht: 1,261219,3,2,5,12,08,2,0,1,1,1,0,0,0,0
"POINT (12.296143622000045 51.357162851000055)",Unfall 261220 (2019) Kat:3, Licht: 0,261220,3,7,6,12,14,2,0,0,0,1,1,0,0,0
"POINT (12.372379155000033 51.368784234000032)",Unfall 261221 (2019) Kat:3, Licht: 2,261221,3,2,5,12,18,2,0,2,1,1,0,0,0,0
"POINT (12.397271746000058 51.343806324000070)",Unfall 261222 (2019) Kat:2, Licht: 0,261222,2,3,0,12,13,1,0,0,1,0,0,0,0,1
"POINT (12.426850205000051 51.370921369000030)",Unfall 261223 (2019) Kat:3, Licht: 0,261223,3,6,2,12,07,2,0,0,0,1,0,0,0,0
"POINT (12.359544044000074 51.363782992000040)",Unfall 261224 (2019) Kat:3, Licht: 2,261224,3,6,2,12,16,2,1,2,0,1,0,0,0,0
"POINT (12.374724600000036 51.330469207000078)",Unfall 261244 (2019) Kat:3, Licht: 2,261244,3,1,4,12,21,1,1,2,1,1,0,0,0,0
"POINT (12.377795429000059 51.325070797000080)",Unfall 261249 (2019) Kat:2, Licht: 2,261249,2,1,9,12,23,7,0,2,1,0,0,0,0,0
"POINT (12.404939920000061 51.336034822000045)",Unfall 261252 (2019) Kat:1, Licht: 2,261252,1,4,6,12,00,7,1,2,0,1,1,0,0,0
"POINT (12.404303881000033 51.345617765000043)",Unfall 261259 (2019) Kat:3, Licht: 0,261259,3,5,3,12,15,6,0,0,1,1,0,0,0,0
"POINT (12.343234595000069 51.322897954000041)",Unfall 261260 (2019) Kat:3, Licht: 2,261260,3,7,6,12,17,6,1,2,0,1,1,0,0,0
"POINT (12.415729455000076 51.356460345000073)",Unfall 261261 (2019) Kat:2, Licht: 2,261261,2,4,6,12,18,6,1,2,0,1,1,0,0,0
"POINT (12.327098867000075 51.324650373000054)",Unfall 261262 (2019) Kat:2, Licht: 0,261262,2,2,3,12,15,6,0,0,1,1,0,0,0,0
"POINT (12.387192501000072 51.336861488000068)",Unfall 261263 (2019) Kat:3, Licht: 0,261263,3,3,5,12,07,6,0,0,1,1,0,0,0,0
"POINT (12.358800407000047 51.365218555000070)",Unfall 261274 (2019) Kat:2, Licht: 0,261274,2,3,5,12,11,7,1,0,1,1,0,0,0,0
"POINT (12.411592457000040 51.342159064000043)",Unfall 261278 (2019) Kat:3, Licht: 2,261278,3,6,2,12,17,7,0,2,0,1,0,0,0,1
"POINT (12.327183179000031 51.329640162000032)",Unfall 261279 (2019) Kat:3, Licht: 0,261279,3,3,5,12,10,5,0,0,1,1,0,0,0,0
"POINT (12.367104795000046 51.403832866000073)",Unfall 261281 (2019) Kat:3, Licht: 2,261281,3,3,5,12,16,5,0,2,1,1,0,0,0,0
"POINT (12.407395965000035 51.325979972000027)",Unfall 261282 (2019) Kat:3, Licht: 2,261282,3,3,5,12,00,7,1,2,0,1,0,0,0,0
"POINT (12.393553738000037 51.322797304000062)",Unfall 261283 (2019) Kat:2, Licht: 0,261283,2,2,2,12,11,5,0,0,0,1,0,0,0,0
"POINT (12.416255192000051 51.356736172000069)",Unfall 261284 (2019) Kat:3, Licht: 0,261284,3,2,5,12,09,5,0,0,1,1,0,0,0,0
"POINT (12.373328340000057 51.317649157000062)",Unfall 261285 (2019) Kat:3, Licht: 2,261285,3,2,3,12,18,5,0,2,0,1,0,0,0,1
"POINT (12.361796993000041 51.332559374000027)",Unfall 261305 (2019) Kat:3, Licht: 2,261305,3,2,2,12,16,4,0,2,1,1,0,0,0,0
"POINT (12.441553534000036 51.303332520000026)",Unfall 261306 (2019) Kat:3, Licht: 0,261306,3,1,1,12,12,4,0,0,1,1,0,0,0,0
"POINT (12.347363690000066 51.350481455000079)",Unfall 261308 (2019) Kat:3, Licht: 2,261308,3,3,5,12,07,2,1,2,1,1,0,0,0,0
"POINT (12.361542016000044 51.363061712000047)",Unfall 261309 (2019) Kat:3, Licht: 0,261309,3,2,6,12,15,4,0,0,0,1,1,0,0,0
"POINT (12.395442256000024 51.309951463000061)",Unfall 261310 (2019) Kat:3, Licht: 0,261310,3,3,5,12,15,4,0,0,1,1,0,0,0,0
"POINT (12.413071452000054 51.324546004000069)",Unfall 261333 (2019) Kat:3, Licht: 1,261333,3,2,2,12,07,3,1,1,1,1,0,0,0,0
"POINT (12.378735196000036 51.307716693000032)",Unfall 261334 (2019) Kat:3, Licht: 2,261334,3,5,1,12,16,3,1,2,1,1,0,0,0,0
"POINT (12.420108630000072 51.357601713000065)",Unfall 261335 (2019) Kat:3, Licht: 2,261335,3,3,5,12,07,3,1,2,1,1,0,0,0,0
"POINT (12.377875378000056 51.346146192000049)",Unfall 261336 (2019) Kat:2, Licht: 0,261336,2,7,5,12,08,3,1,0,0,1,0,0,0,0
"POINT (12.300588837000078 51.349833294000064)",Unfall 261337 (2019) Kat:3, Licht: 2,261337,3,2,2,12,17,3,1,2,0,1,0,0,0,1
"POINT (12.431014131000040 51.330789692000053)",Unfall 261338 (2019) Kat:2, Licht: 0,261338,2,3,5,12,13,3,1,0,1,1,0,0,0,0
"POINT (12.371360814000070 51.346276551000074)",Unfall 261342 (2019) Kat:3, Licht: 0,261342,3,2,5,12,12,6,0,0,1,1,0,0,0,0
"POINT (12.372183826000025 51.335246340000026)",Unfall 261346 (2019) Kat:3, Licht: 0,261346,3,3,5,12,10,3,0,0,1,1,0,0,0,0
"POINT (12.301021001000038 51.354843414000072)",Unfall 261351 (2019) Kat:3, Licht: 1,261351,3,2,5,12,07,2,1,1,0,1,0,0,0,0
"POINT (12.321908727000050 51.350038519000066)",Unfall 261352 (2019) Kat:3, Licht: 0,261352,3,2,4,12,09,6,0,0,1,1,0,0,0,0
"POINT (12.377478156000052 51.365723736000064)",Unfall 261353 (2019) Kat:3, Licht: 0,261353,3,2,4,12,09,2,0,0,1,1,0,0,0,0
"POINT (12.317746484000054 51.350116980000053)",Unfall 261354 (2019) Kat:3, Licht: 0,261354,3,4,6,12,10,2,0,0,1,0,1,0,0,0
"POINT (12.392165524000063 51.322488498000041)",Unfall 261355 (2019) Kat:3, Licht: 0,261355,3,2,5,12,12,6,0,0,1,1,0,0,0,0
"POINT (12.374556982000058 51.367073283000082)",Unfall 261356 (2019) Kat:3, Licht: 2,261356,3,3,5,12,17,2,0,2,0,1,0,0,0,0
"POINT (12.459132935000071 51.353156739000042)",Unfall 261357 (2019) Kat:3, Licht: 1,261357,3,3,5,12,07,2,0,1,0,1,0,0,0,1
"POINT (12.295890083000074 51.353165816000057)",Unfall 261362 (2019) Kat:3, Licht: 2,261362,3,1,1,12,19,6,1,2,0,1,0,0,0,0
"POINT (12.281471092000061 51.311578773000065)",Unfall 261368 (2019) Kat:3, Licht: 0,261368,3,2,2,12,15,6,1,0,0,1,0,0,0,0
"POINT (12.379387541000028 51.359423819000028)",Unfall 261370 (2019) Kat:3, Licht: 0,261370,3,3,5,11,10,7,0,0,0,1,0,0,0,0
"POINT (12.385225970000022 51.341979149000053)",Unfall 261371 (2019) Kat:3, Licht: 0,261371,3,5,3,11,13,7,0,0,1,1,0,0,0,0
"POINT (12.312825041000053 51.309163251000030)",Unfall 261377 (2019) Kat:3, Licht: 0,261377,3,2,5,12,15,6,1,0,1,1,0,0,0,0
"POINT (12.339520339000046 51.326693063000050)",Unfall 261382 (2019) Kat:3, Licht: 2,261382,3,3,5,11,23,6,0,2,0,1,0,0,0,0
"POINT (12.348638958000038 51.318816607000031)",Unfall 261383 (2019) Kat:2, Licht: 1,261383,2,6,3,11,16,6,1,1,1,0,0,0,0,0
"POINT (12.373600956000075 51.321069231000081)",Unfall 261388 (2019) Kat:3, Licht: 2,261388,3,5,3,12,19,2,0,2,1,1,0,0,0,0
"POINT (12.329295294000076 51.340068432000066)",Unfall 261391 (2019) Kat:2, Licht: 0,261391,2,2,5,12,08,6,0,0,1,1,0,0,0,0
"POINT (12.392589416000021 51.348441452000031)",Unfall 261394 (2019) Kat:3, Licht: 2,261394,3,6,4,11,17,5,0,2,1,0,0,0,0,0
"POINT (12.381378187000053 51.326155745000051)",Unfall 261395 (2019) Kat:3, Licht: 2,261395,3,3,1,11,18,5,1,2,1,1,0,0,0,0
"POINT (12.373001560000034 51.309697946000028)",Unfall 261396 (2019) Kat:3, Licht: 0,261396,3,3,5,11,08,5,0,0,1,1,0,0,0,0
"POINT (12.378334446000054 51.320497777000071)",Unfall 261397 (2019) Kat:3, Licht: 2,261397,3,6,2,11,19,5,1,2,0,1,0,0,0,0
"POINT (12.373189928000045 51.310673889000043)",Unfall 261398 (2019) Kat:3, Licht: 0,261398,3,6,2,12,14,6,1,0,1,1,0,0,0,0
"POINT (12.268266372000028 51.307914643000061)",Unfall 261400 (2019) Kat:2, Licht: 0,261400,2,3,5,11,08,5,1,0,0,1,0,0,0,1
"POINT (12.459129953000058 51.353150930000027)",Unfall 261401 (2019) Kat:2, Licht: 0,261401,2,3,5,12,07,6,0,0,0,1,0,0,0,1
"POINT (12.373641534000058 51.333232887000065)",Unfall 261402 (2019) Kat:3, Licht: 2,261402,3,6,3,11,17,5,0,2,1,1,0,0,0,0
"POINT (12.385945214000060 51.363947292000034)",Unfall 261403 (2019) Kat:3, Licht: 2,261403,3,4,6,12,18,6,0,2,0,1,1,0,0,0
"POINT (12.386061583000071 51.367858859000080)",Unfall 261422 (2019) Kat:2, Licht: 2,261422,2,2,5,11,06,4,0,2,1,1,0,0,0,0
"POINT (12.376411312000073 51.351163117000056)",Unfall 261423 (2019) Kat:3, Licht: 0,261423,3,1,9,11,15,4,1,0,0,0,0,0,0,1
"POINT (12.280252684000061 51.319732706000082)",Unfall 261424 (2019) Kat:3, Licht: 2,261424,3,3,5,11,18,4,0,2,0,1,0,0,0,1
"POINT (12.403168238000035 51.327008805000048)",Unfall 261433 (2019) Kat:3, Licht: 1,261433,3,4,6,12,07,2,1,1,1,0,1,0,0,0
"POINT (12.314696972000036 51.347292354000047)",Unfall 261451 (2019) Kat:3, Licht: 1,261451,3,4,6,12,16,5,0,1,0,1,1,0,0,0
"POINT (12.460403839000037 51.356840144000046)",Unfall 261453 (2019) Kat:2, Licht: 0,261453,2,3,5,12,13,7,0,0,0,1,0,0,0,1
"POINT (12.361034339000071 51.361294839000038)",Unfall 261471 (2019) Kat:3, Licht: 0,261471,3,6,2,12,12,2,0,0,0,1,0,0,0,0
"POINT (12.371005597000021 51.335142860000076)",Unfall 261474 (2019) Kat:3, Licht: 0,261474,3,1,0,12,14,6,1,0,0,0,0,1,0,0
"POINT (12.366330519000030 51.336291481000046)",Unfall 261478 (2019) Kat:3, Licht: 0,261478,3,3,5,12,08,6,0,0,1,1,0,0,0,0
"POINT (12.425846448000073 51.320085340000048)",Unfall 261479 (2019) Kat:3, Licht: 2,261479,3,6,2,12,17,7,0,2,0,1,0,0,0,0