WKT,Name,OBJECTID,UKATEGORIE,UTYP1,UART,UMONAT,USTUNDE,UWOCHENTAG,STRZUSTAND,ULICHTVERH,ISTRAD,ISTPKW,ISTFUSS,ISTKRAD,ISTGKFZ,ISTSONSTIG
"POINT (12.332014393000065 51.322433660000058)",Unfall 261487 (2019) Kat:3, Licht: 0,261487,3,3,5,12,11,6,1,0,0,1,0,0,0,1
"POINT (12.294234828000072 51.290970152000057)",Unfall 261491 (2019) Kat:3, Licht: 2,261491,3,3,5,12,16,6,0,2,0,1,0,0,0,0
"POINT (12.404762694000055 51.338175636000074)",Unfall 261494 (2019) Kat:3, Licht: 2,261494,3,4,0,12,16,7,0,2,0,1,1,0,0,0
"POINT (12.433432518000075 51.390416492000043)",Unfall 261497 (2019) Kat:3, Licht: 0,261497,3,2,4,12,12,6,0,0,1,1,0,0,0,0
"POINT (12.373322167000026 51.311665734000030)",Unfall 261507 (2019) Kat:3, Licht: 0,261507,3,3,5,12,10,7,0,0,1,1,0,0,0,0
"POINT (12.367676150000023 51.338630408000029)",Unfall 261511 (2019) Kat:3, Licht: 1,261511,3,5,1,12,07,2,0,1,1,1,0,0,0,0
"POINT (12.470653589000051 51.357038284000055)",Unfall 261513 (2019) Kat:3, Licht: 0,261513,3,1,1,12,12,6,1,0,0,1,0,0,0,0
"POINT (12.381779240000071 51.338632436000069)",Unfall 261514 (2019) Kat:3, Licht: 0,261514,3,2,6,12,11,2,0,0,0,1,1,0,0,0
"POINT (12.312908848000063 51.309022224000046)",Unfall 261524 (2019) Kat:3, Licht: 0,261524,3,3,5,12,10,1,0,0,1,1,0,0,0,0
"POINT (12.419064536000064 51.353665750000062)",Unfall 261540 (2019) Kat:3, Licht: 0,261540,3,6,6,12,11,1,0,0,0,1,1,0,0,0
"POINT (12.348329506000027 51.375191534000066)",Unfall 261548 (2019) Kat:3, Licht: 0,261548,3,2,3,12,11,5,0,0,0,1,0,0,0,0
"POINT (12.392955090000044 51.400173427000027)",Unfall 261565 (2019) Kat:3, Licht: 2,261565,3,2,4,12,17,7,0,2,0,1,0,0,0,0
"POINT (12.364474399000073 51.371081454000034)",Unfall 261576 (2019) Kat:3, Licht: 0,261576,3,2,0,12,16,1,0,0,0,1,0,1,0,0
"POINT (12.437844033000033 51.327569811000046)",Unfall 261583 (2019) Kat:3, Licht: 0,261583,3,2,5,12,12,2,0,0,1,1,0,0,0,0
"POINT (12.376853195000024 51.343431270000053)",Unfall 261605 (2019) Kat:3, Licht: 0,261605,3,4,6,12,09,7,0,0,0,1,1,0,0,0
"POINT (12.348916189000022 51.329647185000056)",Unfall 261608 (2019) Kat:3, Licht: 2,261608,3,2,5,12,17,5,0,2,1,1,0,0,0,0
"POINT (12.479744325000070 51.350608819000058)",Unfall 261618 (2019) Kat:3, Licht: 0,261618,3,1,0,12,18,7,1,0,1,0,0,0,0,0
"POINT (12.373535591000064 51.330035612000074)",Unfall 261637 (2019) Kat:3, Licht: 1,261637,3,3,1,12,16,2,0,1,1,1,0,0,0,0
"POINT (12.389651385000036 51.309251152000058)",Unfall 261650 (2019) Kat:3, Licht: 2,261650,3,6,0,12,17,4,0,2,1,0,0,1,0,0
"POINT (12.298394988000041 51.336999572000082)",Unfall 261651 (2019) Kat:3, Licht: 1,261651,3,1,8,12,19,1,1,1,0,0,0,1,0,0
"POINT (12.421918888000050 51.319575370000052)",Unfall 261654 (2019) Kat:2, Licht: 2,261654,2,4,6,12,17,4,1,2,0,1,1,0,0,0
"POINT (12.340133768000044 51.330222081000045)",Unfall 261658 (2019) Kat:2, Licht: 1,261658,2,4,6,12,16,4,0,1,0,1,1,0,0,0
"POINT (12.318608437000023 51.331500128000073)",Unfall 261659 (2019) Kat:3, Licht: 0,261659,3,2,4,12,11,5,1,0,0,1,0,0,0,0
"POINT (12.315146410000068 51.349352516000067)",Unfall 261661 (2019) Kat:3, Licht: 2,261661,3,2,4,12,22,7,0,2,0,1,0,0,0,0
"POINT (12.406316864000075 51.368652806000057)",Unfall 261666 (2019) Kat:3, Licht: 2,261666,3,2,4,12,17,4,1,2,1,1,0,0,0,0
"POINT (12.326047147000054 51.332252641000082)",Unfall 261670 (2019) Kat:3, Licht: 0,261670,3,2,5,12,14,4,1,0,0,1,0,0,0,0
"POINT (12.373767634000046 51.360591527000054)",Unfall 261671 (2019) Kat:3, Licht: 2,261671,3,1,0,12,19,4,1,2,0,0,0,1,0,0
"POINT (12.459971359000065 51.369379589000062)",Unfall 261673 (2019) Kat:1, Licht: 0,261673,1,4,6,12,15,7,0,0,0,0,1,0,0,1
"POINT (12.370850731000075 51.335002752000037)",Unfall 261676 (2019) Kat:3, Licht: 2,261676,3,2,6,12,22,4,0,2,0,1,1,0,0,0
"POINT (12.414816008000059 51.345312931000080)",Unfall 261679 (2019) Kat:3, Licht: 0,261679,3,4,6,12,10,4,1,0,0,1,1,0,0,0
"POINT (12.411506966000047 51.355945504000033)",Unfall 261691 (2019) Kat:3, Licht: 2,261691,3,3,5,12,19,1,0,2,1,1,0,0,0,0
"POINT (12.382917224000039 51.334254732000034)",Unfall 261708 (2019) Kat:3, Licht: 2,261708,3,2,5,12,06,3,0,2,1,0,0,0,0,1
"POINT (12.394182398000055 51.336188151000044)",Unfall 111579 (2020) Kat:3, Licht: 0,111579,3,3,5,01,13,6,0,0,1,1,0,0,0,0
"POINT (12.297499803000051 51.337315437000029)",Unfall 111775 (2020) Kat:3, Licht: 0,111775,3,7,0,01,09,3,0,0,0,1,0,0,0,0
"POINT (12.325687102000074 51.298699129000056)",Unfall 112172 (2020) Kat:3, Licht: 0,112172,3,1,9,01,09,6,0,0,0,1,0,0,0,0
"POINT (12.446893326000065 51.350316516000078)",Unfall 112390 (2020) Kat:3, Licht: 0,112390,3,6,2,01,09,4,1,0,0,1,0,0,0,0
"POINT (12.344969218000074 51.339099924000038)",Unfall 112425 (2020) Kat:3, Licht: 2,112425,3,1,9,01,05,1,1,2,0,1,0,0,0,0
"POINT (12.419834772000058 51.398101399000041)",Unfall 112426 (2020) Kat:2, Licht: 0,112426,2,1,9,01,11,1,1,0,0,1,0,0,0,0
"POINT (12.398151072000076 51.330079924000074)",Unfall 112428 (2020) Kat:3, Licht: 2,112428,3,2,4,01,18,1,0,2,0,1,0,0,0,0
"POINT (12.380857581000043 51.343520049000062)",Unfall 112474 (2020) Kat:2, Licht: 0,112474,2,6,6,01,16,5,0,0,1,0,1,0,0,0
"POINT (12.376523308000060 51.314942353000049)",Unfall 112475 (2020) Kat:3, Licht: 2,112475,3,3,5,01,18,5,0,2,1,1,0,0,0,0
"POINT (12.300236999000049 51.340445275000036)",Unfall 112476 (2020) Kat:3, Licht: 0,112476,3,2,5,01,14,5,0,0,0,1,0,0,0,0
"POINT (12.331911954000077 51.335910062000039)",Unfall 112477 (2020) Kat:3, Licht: 2,112477,3,2,5,01,17,5,0,2,1,1,0,0,0,0
"POINT (12.336340318000055 51.335421588000031)",Unfall 112491 (2020) Kat:3, Licht: 0,112491,3,3,5,01,09,4,1,0,1,1,0,0,0,0
"POINT (12.386880115000054 51.345697659000052)",Unfall 112550 (2020) Kat:3, Licht: 2,112550,3,3,5,01,18,1,1,2,0,1,0,0,0,0
"POINT (12.368380732000048 51.314635852000038)",Unfall 112563 (2020) Kat:3, Licht: 0,112563,3,2,4,01,08,7,1,0,0,1,0,0,0,0
"POINT (12.321872731000042 51.339007986000070)",Unfall 112581 (2020) Kat:3, Licht: 2,112581,3,2,6,01,07,6,0,2,0,1,1,0,0,0
"POINT (12.278824744000076 51.406816775000038)",Unfall 112582 (2020) Kat:2, Licht: 0,112582,2,6,4,01,13,6,0,0,0,1,0,0,0,0
"POINT (12.405925658000058 51.313915276000046)",Unfall 112583 (2020) Kat:3, Licht: 0,112583,3,2,3,01,09,6,1,0,1,0,0,0,1,0
"POINT (12.394621473000029 51.410175473000038)",Unfall 112584 (2020) Kat:3, Licht: 0,112584,3,6,2,01,11,6,0,0,0,1,0,0,0,1
"POINT (12.262331270000061 51.346249843000066)",Unfall 112611 (2020) Kat:3, Licht: 2,112611,3,6,2,01,17,5,0,2,0,1,0,0,0,0
"POINT (12.510663191000049 51.335541362000072)",Unfall 112613 (2020) Kat:3, Licht: 0,112613,3,6,2,01,11,5,0,0,0,1,0,0,1,0
"POINT (12.399405459000036 51.328370112000073)",Unfall 112630 (2020) Kat:3, Licht: 2,112630,3,6,2,01,17,4,0,2,0,1,0,0,0,1
"POINT (12.364983329000040 51.309977683000056)",Unfall 112631 (2020) Kat:2, Licht: 2,112631,2,6,2,01,06,4,0,2,0,1,0,0,0,1
"POINT (12.371538016000045 51.314712542000052)",Unfall 112632 (2020) Kat:2, Licht: 1,112632,2,3,5,01,07,4,0,1,1,1,0,0,0,0
"POINT (12.439145278000069 51.294832088000078)",Unfall 112633 (2020) Kat:3, Licht: 0,112633,3,3,5,01,15,4,0,0,0,1,0,1,0,0
"POINT (12.503407078000066 51.327485589000048)",Unfall 112634 (2020) Kat:2, Licht: 2,112634,2,1,9,01,04,4,0,2,0,1,0,0,0,0
"POINT (12.510789784000053 51.335226809000062)",Unfall 112643 (2020) Kat:3, Licht: 2,112643,3,1,9,01,00,3,0,2,0,0,0,0,1,0
"POINT (12.261605692000046 51.316161111000042)",Unfall 112657 (2020) Kat:3, Licht: 2,112657,3,2,4,01,16,2,0,2,0,1,0,0,0,0
"POINT (12.511221507000073 51.334154043000069)",Unfall 112658 (2020) Kat:3, Licht: 1,112658,3,6,2,01,07,2,0,1,0,1,0,0,0,0
"POINT (12.353565158000038 51.341187109000032)",Unfall 112679 (2020) Kat:3, Licht: 0,112679,3,6,2,01,13,3,1,0,0,1,0,0,0,0
"POINT (12.247271056000045 51.318143163000059)",Unfall 112724 (2020) Kat:3, Licht: 0,112724,3,6,1,01,11,5,1,0,0,1,0,0,0,0
"POINT (12.378348308000056 51.375841700000080)",Unfall 112725 (2020) Kat:3, Licht: 1,112725,3,2,6,01,17,5,1,1,0,1,1,0,0,0
"POINT (12.376369995000061 51.391639932000032)",Unfall 112742 (2020) Kat:3, Licht: 0,112742,3,3,5,02,15,6,0,0,1,1,0,0,0,0
"POINT (12.396175445000040 51.415509581000038)",Unfall 112743 (2020) Kat:2, Licht: 2,112743,2,2,4,02,06,6,0,2,0,1,0,0,0,0
"POINT (12.380632736000052 51.344040547000077)",Unfall 112763 (2020) Kat:2, Licht: 2,112763,2,4,0,02,18,7,0,2,0,0,1,0,0,1
"POINT (12.405507563000072 51.320057255000052)",Unfall 112769 (2020) Kat:3, Licht: 0,112769,3,7,0,02,15,1,0,0,0,1,0,0,0,0
"POINT (12.395697863000066 51.331837294000081)",Unfall 112772 (2020) Kat:3, Licht: 0,112772,3,2,5,02,13,7,0,0,1,1,0,0,0,0
"POINT (12.373099018000062 51.314794729000027)",Unfall 112776 (2020) Kat:3, Licht: 0,112776,3,6,2,02,13,5,1,0,0,1,0,0,0,0
"POINT (12.272629534000032 51.276896391000037)",Unfall 112801 (2020) Kat:2, Licht: 0,112801,2,3,5,02,07,3,0,0,0,1,0,0,0,1
"POINT (12.380228420000037 51.344207580000045)",Unfall 112814 (2020) Kat:2, Licht: 0,112814,2,4,6,02,08,5,0,0,0,0,1,0,0,1
"POINT (12.399354815000038 51.363543085000060)",Unfall 112849 (2020) Kat:2, Licht: 0,112849,2,6,1,02,12,4,1,0,0,1,0,0,0,0
"POINT (12.357753775000049 51.341822984000032)",Unfall 112859 (2020) Kat:3, Licht: 0,112859,3,6,3,02,09,3,1,0,1,1,0,0,0,0
"POINT (12.447151575000021 51.289496260000078)",Unfall 112870 (2020) Kat:2, Licht: 0,112870,2,1,4,02,07,3,0,0,0,1,0,0,0,0
"POINT (12.304931732000057 51.252364731000057)",Unfall 112874 (2020) Kat:3, Licht: 2,112874,3,6,8,02,02,7,1,2,0,1,0,0,0,0
"POINT (12.397491239000033 51.357366017000061)",Unfall 112876 (2020) Kat:3, Licht: 0,112876,3,6,3,02,11,7,0,0,0,1,0,0,0,0
"POINT (12.406044417000032 51.313916560000052)",Unfall 112887 (2020) Kat:3, Licht: 0,112887,3,2,2,02,16,5,0,0,1,1,0,0,0,0
"POINT (12.384969555000055 51.344358640000053)",Unfall 112918 (2020) Kat:3, Licht: 0,112918,3,2,6,02,08,6,0,0,0,1,1,0,0,0
"POINT (12.392379535000032 51.405818410000052)",Unfall 112946 (2020) Kat:3, Licht: 2,112946,3,1,9,02,03,3,1,2,0,1,0,0,0,0
"POINT (12.397977955000044 51.367135967000081)",Unfall 112971 (2020) Kat:3, Licht: 0,112971,3,6,2,02,09,2,1,0,0,1,0,0,0,1
"POINT (12.380386218000069 51.344142389000069)",Unfall 112995 (2020) Kat:3, Licht: 2,112995,3,4,6,02,18,6,1,2,0,0,1,0,0,1
"POINT (12.399368549000030 51.363448852000033)",Unfall 113008 (2020) Kat:3, Licht: 2,113008,3,1,8,02,03,4,0,2,0,1,0,0,0,0
"POINT (12.394195499000034 51.351023515000065)",Unfall 113011 (2020) Kat:3, Licht: 0,113011,3,6,2,02,15,3,0,0,0,1,0,0,0,0
"POINT (12.386825721000037 51.345664580000062)",Unfall 113029 (2020) Kat:3, Licht: 2,113029,3,4,2,02,18,4,1,2,0,1,1,0,0,0
"POINT (12.294259272000033 51.290961994000043)",Unfall 113031 (2020) Kat:2, Licht: 0,113031,2,3,5,02,09,5,0,0,0,1,0,0,0,0
"POINT (12.331917065000027 51.335910684000055)",Unfall 113032 (2020) Kat:3, Licht: 0,113032,3,2,4,02,13,3,0,0,1,1,0,0,0,0
"POINT (12.290661958000044 51.343714120000072)",Unfall 113083 (2020) Kat:3, Licht: 2,113083,3,2,2,02,18,2,0,2,0,1,0,0,0,0
"POINT (12.283836296000061 51.344317332000060)",Unfall 113087 (2020) Kat:3, Licht: 2,113087,3,2,2,01,22,4,0,2,0,1,0,0,0,1
"POINT (12.263641539000048 51.275827126000081)",Unfall 113089 (2020) Kat:3, Licht: 0,113089,3,3,5,02,14,3,1,0,0,1,0,0,1,0
"POINT (12.406251915000041 51.314023097000074)",Unfall 113123 (2020) Kat:3, Licht: 0,113123,3,6,2,02,13,3,1,0,0,1,0,0,0,0
"POINT (12.439141016000065 51.294835149000050)",Unfall 113153 (2020) Kat:3, Licht: 2,113153,3,3,5,02,07,2,1,2,1,1,0,0,0,0
"POINT (12.272686248000070 51.384677647000046)",Unfall 113180 (2020) Kat:2, Licht: 0,113180,2,2,4,03,16,7,0,0,0,1,0,1,0,0
"POINT (12.366356706000033 51.343564339000068)",Unfall 113181 (2020) Kat:3, Licht: 0,113181,3,4,6,03,15,3,0,0,0,0,1,0,0,1
"POINT (12.441589505000024 51.350823705000039)",Unfall 113183 (2020) Kat:3, Licht: 0,113183,3,2,2,04,13,4,0,0,0,1,0,0,0,1
"POINT (12.355975202000025 51.341440564000038)",Unfall 113184 (2020) Kat:3, Licht: 0,113184,3,4,6,03,16,5,0,0,0,1,1,0,0,0
"POINT (12.247297078000031 51.318148622000081)",Unfall 113186 (2020) Kat:3, Licht: 0,113186,3,3,5,04,15,1,0,0,0,1,0,0,0,0
"POINT (12.392658983000047 51.348369282000078)",Unfall 113188 (2020) Kat:3, Licht: 0,113188,3,1,8,04,12,2,0,0,0,1,0,0,0,0
"POINT (12.457386322000048 51.350348652000037)",Unfall 113189 (2020) Kat:3, Licht: 0,113189,3,6,3,03,12,5,0,0,0,1,0,0,0,0
"POINT (12.444238253000037 51.387394591000032)",Unfall 113192 (2020) Kat:3, Licht: 0,113192,3,6,3,04,10,5,0,0,0,1,0,0,0,0
"POINT (12.445680927000069 51.350651080000034)",Unfall 113232 (2020) Kat:2, Licht: 0,113232,2,3,5,03,16,6,0,0,1,1,0,0,0,0
"POINT (12.311933680000038 51.414497870000048)",Unfall 113254 (2020) Kat:3, Licht: 0,113254,3,6,2,03,10,4,1,0,0,1,0,0,0,0
"POINT (12.333030023000049 51.336051725000061)",Unfall 113255 (2020) Kat:3, Licht: 2,113255,3,2,1,03,19,2,0,2,0,1,0,0,0,0
"POINT (12.285800532000053 51.330930641000066)",Unfall 113257 (2020) Kat:3, Licht: 0,113257,3,3,5,03,07,4,1,0,1,1,0,0,0,0
"POINT (12.480476858000031 51.323425847000067)",Unfall 113284 (2020) Kat:3, Licht: 0,113284,3,3,5,04,14,5,0,0,1,0,0,0,1,0
"POINT (12.261605692000046 51.316161111000042)",Unfall 113309 (2020) Kat:3, Licht: 0,113309,3,3,5,03,05,3,0,0,0,1,0,0,0,1
"POINT (12.390018868000027 51.346560409000062)",Unfall 113323 (2020) Kat:3, Licht: 0,113323,3,2,5,04,15,5,0,0,1,1,0,0,0,0
"POINT (12.343586701000049 51.338908853000078)",Unfall 113335 (2020) Kat:2, Licht: 2,113335,2,6,6,03,01,3,0,2,1,0,1,0,0,0
"POINT (12.377004143000022 51.344504441000026)",Unfall 113434 (2020) Kat:3, Licht: 0,113434,3,2,2,04,15,2,0,0,0,1,0,0,0,0
"POINT (12.448619280000059 51.383862835000059)",Unfall 113435 (2020) Kat:2, Licht: 0,113435,2,7,1,03,15,2,0,0,0,1,0,0,1,0
"POINT (12.383544751000045 51.343518003000042)",Unfall 113439 (2020) Kat:2, Licht: 0,113439,2,6,3,03,12,7,0,0,0,1,0,1,0,0
"POINT (12.306634941000027 51.252040452000074)",Unfall 113454 (2020) Kat:2, Licht: 0,113454,2,1,9,03,13,3,0,0,0,0,0,0,1,0
"POINT (12.360916508000059 51.375543795000056)",Unfall 113462 (2020) Kat:3, Licht: 0,113462,3,6,2,03,15,2,0,0,0,1,0,0,0,0
"POINT (12.524238525000044 51.317429703000073)",Unfall 113469 (2020) Kat:3, Licht: 0,113469,3,6,2,03,07,2,1,0,0,1,0,0,0,0
"POINT (12.395325071000059 51.339192219000040)",Unfall 113517 (2020) Kat:3, Licht: 0,113517,3,3,5,03,11,7,0,0,0,1,0,0,0,1
"POINT (12.369760400000075 51.303827046000038)",Unfall 113563 (2020) Kat:3, Licht: 0,113563,3,6,3,03,17,7,0,0,0,1,0,0,0,0
"POINT (12.401597744000071 51.324340286000051)",Unfall 113569 (2020) Kat:3, Licht: 0,113569,3,3,5,04,13,2,0,0,1,1,0,0,0,0
"POINT (12.382859960000076 51.314922533000072)",Unfall 113632 (2020) Kat:3, Licht: 0,113632,3,6,3,04,09,4,0,0,1,1,0,0,0,0
"POINT (12.283836296000061 51.344317332000060)",Unfall 113650 (2020) Kat:3, Licht: 0,113650,3,2,2,04,13,5,0,0,0,1,0,0,0,0
"POINT (12.391977166000061 51.374552668000035)",Unfall 113651 (2020) Kat:3, Licht: 0,113651,3,6,2,03,13,5,0,0,0,1,0,0,0,0
"POINT (12.370838796000044 51.344102198000030)",Unfall 113665 (2020) Kat:2, Licht: 0,113665,2,3,5,03,16,5,0,0,0,1,0,1,0,0
"POINT (12.277434398000025 51.401765242000067)",Unfall 113668 (2020) Kat:2, Licht: 0,113668,2,3,5,03,13,5,0,0,0,1,0,0,0,0
"POINT (12.390390334000074 51.378316433000066)",Unfall 113672 (2020) Kat:3, Licht: 0,113672,3,6,3,03,12,5,0,0,0,1,0,0,0,1
"POINT (12.502225287000044 51.350946535000048)",Unfall 113695 (2020) Kat:3, Licht: 2,113695,3,6,2,02,20,7,1,2,0,1,0,0,0,0
"POINT (12.373785757000064 51.408786073000044)",Unfall 113706 (2020) Kat:3, Licht: 0,113706,3,6,3,04,18,5,0,0,0,1,0,0,0,0
"POINT (12.342128319000039 51.336285079000049)",Unfall 113711 (2020) Kat:3, Licht: 0,113711,3,1,9,03,10,3,0,0,0,1,0,0,0,0
"POINT (12.279194845000063 51.327861319000078)",Unfall 113739 (2020) Kat:2, Licht: 0,113739,2,6,8,03,05,4,0,0,0,1,0,0,0,0
"POINT (12.391805817000034 51.346436577000077)",Unfall 113749 (2020) Kat:3, Licht: 0,113749,3,2,5,04,14,7,0,0,1,1,0,0,0,0
"POINT (12.324009220000050 51.380303438000055)",Unfall 113766 (2020) Kat:3, Licht: 0,113766,3,2,4,03,11,4,0,0,1,1,0,0,0,0
"POINT (12.443932873000051 51.360029278000070)",Unfall 113790 (2020) Kat:3, Licht: 0,113790,3,7,0,03,16,6,0,0,1,0,0,0,0,0
"POINT (12.369623924000052 51.314616254000043)",Unfall 113804 (2020) Kat:2, Licht: 0,113804,2,1,8,06,12,5,0,0,0,1,0,0,0,0
"POINT (12.365288600000042 51.376157337000052)",Unfall 113807 (2020) Kat:3, Licht: 0,113807,3,6,1,05,16,2,1,0,0,1,0,0,0,0
"POINT (12.392726971000059 51.333966156000031)",Unfall 113822 (2020) Kat:3, Licht: 0,113822,3,6,2,05,10,2,0,0,0,1,0,0,0,0
"POINT (12.411696836000033 51.314648716000079)",Unfall 113827 (2020) Kat:3, Licht: 0,113827,3,2,2,05,14,2,0,0,0,1,0,0,0,0
"POINT (12.399352050000061 51.363558094000041)",Unfall 113836 (2020) Kat:3, Licht: 0,113836,3,6,2,05,10,2,0,0,0,1,0,0,0,0
"POINT (12.422412047000023 51.351713384000050)",Unfall 113837 (2020) Kat:3, Licht: 2,113837,3,1,0,05,22,7,0,2,1,0,0,0,0,0
"POINT (12.430359148000036 51.351376844000072)",Unfall 113849 (2020) Kat:3, Licht: 0,113849,3,2,3,06,10,5,0,0,0,0,0,0,1,1
"POINT (12.376837582000064 51.344228697000062)",Unfall 113867 (2020) Kat:3, Licht: 0,113867,3,3,5,05,08,3,0,0,1,1,0,0,0,0
"POINT (12.347264022000047 51.339702910000028)",Unfall 113904 (2020) Kat:3, Licht: 0,113904,3,6,1,06,14,4,1,0,1,0,0,0,0,0
"POINT (12.424845259000051 51.304518326000050)",Unfall 113916 (2020) Kat:2, Licht: 0,113916,2,4,6,05,10,5,0,0,0,1,1,0,0,0
"POINT (12.328860869000039 51.414623674000040)",Unfall 113923 (2020) Kat:2, Licht: 0,113923,2,6,2,05,07,3,0,0,0,1,0,0,0,0
"POINT (12.451345578000030 51.363705112000048)",Unfall 113933 (2020) Kat:3, Licht: 0,113933,3,2,5,05,15,2,0,0,1,1,0,0,0,0
"POINT (12.489735936000045 51.334942421000051)",Unfall 113935 (2020) Kat:3, Licht: 0,113935,3,3,5,05,15,6,0,0,0,1,0,1,0,0
"POINT (12.336343007000039 51.335421057000076)",Unfall 113974 (2020) Kat:2, Licht: 0,113974,2,2,5,05,15,6,0,0,1,1,0,0,0,0
"POINT (12.391310221000026 51.346402388000058)",Unfall 113982 (2020) Kat:3, Licht: 0,113982,3,2,5,06,12,6,0,0,1,1,0,0,0,0
"POINT (12.444552179000027 51.350824652000028)",Unfall 113988 (2020) Kat:3, Licht: 0,113988,3,2,2,05,15,2,1,0,0,1,0,0,0,0
"POINT (12.325792530000058 51.414712344000066)",Unfall 114027 (2020) Kat:2, Licht: 0,114027,2,6,3,05,10,3,0,0,0,1,0,0,0,0
"POINT (12.479327995000062 51.352020036000056)",Unfall 114039 (2020) Kat:3, Licht: 0,114039,3,6,2,05,09,7,0,0,0,1,0,0,0,0
"POINT (12.357679559000076 51.341810706000047)",Unfall 114050 (2020) Kat:3, Licht: 0,114050,3,2,5,06,07,3,0,0,1,0,0,0,0,1
"POINT (12.311726254000064 51.414646849000064)",Unfall 114078 (2020) Kat:3, Licht: 0,114078,3,2,4,05,12,3,0,0,0,1,0,0,0,0
"POINT (12.373213007000061 51.314800731000048)",Unfall 114101 (2020) Kat:3, Licht: 0,114101,3,2,4,05,17,4,0,0,0,1,0,0,0,0
"POINT (12.306899250000072 51.271453299000029)",Unfall 114103 (2020) Kat:2, Licht: 0,114103,2,6,4,05,14,4,0,0,0,1,0,0,0,0
"POINT (12.411725176000061 51.314625671000044)",Unfall 114136 (2020) Kat:3, Licht: 0,114136,3,2,5,05,14,3,0,0,0,1,0,1,0,0
"POINT (12.398225419000028 51.352949362000061)",Unfall 114138 (2020) Kat:3, Licht: 0,114138,3,6,1,05,14,3,0,0,0,1,0,0,0,1
"POINT (12.417137113000024 51.311110918000054)",Unfall 114141 (2020) Kat:2, Licht: 2,114141,2,6,2,05,21,3,0,2,0,1,0,0,0,0
"POINT (12.411555973000077 51.314763259000074)",Unfall 114143 (2020) Kat:2, Licht: 2,114143,2,6,2,05,21,3,0,2,0,1,0,0,0,0
"POINT (12.391949532000069 51.346502998000062)",Unfall 114144 (2020) Kat:3, Licht: 0,114144,3,6,1,05,10,6,0,0,0,1,0,0,0,0
"POINT (12.266266894000069 51.262837575000049)",Unfall 114153 (2020) Kat:3, Licht: 0,114153,3,1,9,05,19,5,0,0,0,1,0,0,0,0
"POINT (12.323666688000060 51.338588138000034)",Unfall 114181 (2020) Kat:3, Licht: 0,114181,3,3,5,05,13,2,1,0,1,1,0,0,0,0
"POINT (12.389889272000062 51.346562567000035)",Unfall 114233 (2020) Kat:3, Licht: 0,114233,3,3,5,05,09,7,1,0,1,1,0,0,0,0
"POINT (12.394945695000047 51.338973076000059)",Unfall 114237 (2020) Kat:3, Licht: 0,114237,3,2,5,06,18,2,0,0,1,1,0,0,0,0
"POINT (12.483977946000039 51.299570568000036)",Unfall 114273 (2020) Kat:2, Licht: 0,114273,2,1,4,05,19,6,0,0,1,0,0,1,0,0
"POINT (12.457566943000074 51.350352861000033)",Unfall 114274 (2020) Kat:3, Licht: 0,114274,3,3,5,05,18,5,0,0,0,1,0,0,0,1
"POINT (12.481063708000022 51.330792085000041)",Unfall 114304 (2020) Kat:1, Licht: 0,114304,1,2,3,05,10,6,0,0,1,1,0,0,0,0
"POINT (12.411943076000057 51.314637118000064)",Unfall 114320 (2020) Kat:3, Licht: 0,114320,3,6,3,05,19,7,0,0,1,1,0,0,0,0
"POINT (12.426837799000054 51.303531141000065)",Unfall 114323 (2020) Kat:2, Licht: 0,114323,2,4,6,04,13,5,0,0,0,1,1,0,0,0
"POINT (12.479457307000075 51.352032085000076)",Unfall 114328 (2020) Kat:2, Licht: 0,114328,2,2,4,05,16,4,0,0,0,1,0,0,0,0
"POINT (12.380674837000072 51.421433056000069)",Unfall 114353 (2020) Kat:3, Licht: 0,114353,3,7,0,05,18,3,1,0,0,0,0,1,0,0
"POINT (12.369274085000029 51.344144547000042)",Unfall 114360 (2020) Kat:3, Licht: 0,114360,3,6,6,05,18,7,0,0,1,0,1,0,0,0
"POINT (12.285845766000023 51.330950105000056)",Unfall 114400 (2020) Kat:3, Licht: 0,114400,3,3,5,05,17,5,0,0,1,1,0,0,0,0
"POINT (12.358605972000021 51.342082538000057)",Unfall 114403 (2020) Kat:3, Licht: 0,114403,3,3,5,04,14,3,0,0,0,1,0,0,0,0
"POINT (12.364825097000050 51.376135767000051)",Unfall 114409 (2020) Kat:3, Licht: 0,114409,3,6,2,04,11,3,0,0,0,1,0,0,0,0
"POINT (12.391950360000067 51.346498953000037)",Unfall 114410 (2020) Kat:3, Licht: 0,114410,3,6,2,05,06,6,0,0,0,1,0,0,0,0
"POINT (12.334075751000057 51.399269235000077)",Unfall 114414 (2020) Kat:2, Licht: 0,114414,2,6,3,04,17,3,0,0,1,0,0,0,0,0
"POINT (12.262937202000046 51.346197048000079)",Unfall 114416 (2020) Kat:3, Licht: 0,114416,3,6,2,04,17,3,0,0,0,1,0,0,0,0
"POINT (12.433561673000042 51.355210926000041)",Unfall 114417 (2020) Kat:3, Licht: 0,114417,3,6,2,05,15,2,0,0,0,1,0,0,0,0
"POINT (12.274879087000045 51.345117496000057)",Unfall 114466 (2020) Kat:3, Licht: 0,114466,3,6,2,04,11,2,0,0,0,1,0,0,1,0
"POINT (12.395448470000076 51.339394065000079)",Unfall 114490 (2020) Kat:3, Licht: 0,114490,3,7,4,05,16,1,0,0,0,1,0,0,0,0
"POINT (12.454760976000046 51.350287087000027)",Unfall 114499 (2020) Kat:3, Licht: 0,114499,3,7,6,05,11,4,0,0,0,0,1,0,1,0