WKT,Name,OBJECTID,UKATEGORIE,UTYP1,UART,UMONAT,USTUNDE,UWOCHENTAG,STRZUSTAND,ULICHTVERH,ISTRAD,ISTPKW,ISTFUSS,ISTKRAD,ISTGKFZ,ISTSONSTIG
"POINT (12.479148256000030 51.352001040000061)",Unfall 114510 (2020) Kat:2, Licht: 2,114510,2,6,2,05,22,3,0,2,0,1,0,0,0,1
"POINT (12.461039243000073 51.367430304000038)",Unfall 114534 (2020) Kat:3, Licht: 0,114534,3,2,5,06,15,3,0,0,1,1,0,0,0,0
"POINT (12.263066621000064 51.344580000000065)",Unfall 114550 (2020) Kat:2, Licht: 0,114550,2,3,5,06,07,2,0,0,1,1,0,0,0,0
"POINT (12.463604002000068 51.372505075000049)",Unfall 114572 (2020) Kat:2, Licht: 0,114572,2,6,3,05,12,4,0,0,0,1,0,0,1,0
"POINT (12.422944507000068 51.351834034000035)",Unfall 114573 (2020) Kat:3, Licht: 2,114573,3,1,0,04,00,7,0,2,1,0,0,0,0,0
"POINT (12.268238469000039 51.384976863000077)",Unfall 114585 (2020) Kat:3, Licht: 0,114585,3,3,5,04,15,6,0,0,1,1,0,0,0,0
"POINT (12.391084242000034 51.376248978000035)",Unfall 114596 (2020) Kat:3, Licht: 0,114596,3,3,5,05,14,5,0,0,0,1,0,1,0,0
"POINT (12.285801827000057 51.330931198000030)",Unfall 114607 (2020) Kat:3, Licht: 0,114607,3,3,5,06,16,3,0,0,1,1,0,0,0,0
"POINT (12.426877014000070 51.299496589000057)",Unfall 114622 (2020) Kat:3, Licht: 0,114622,3,3,5,07,20,3,0,0,1,1,0,0,0,0
"POINT (12.522101724000038 51.318572747000076)",Unfall 114641 (2020) Kat:3, Licht: 1,114641,3,1,8,07,04,2,0,1,0,1,0,0,0,0
"POINT (12.371503118000021 51.314810827000031)",Unfall 114644 (2020) Kat:3, Licht: 0,114644,3,3,5,06,13,1,0,0,0,1,0,0,0,0
"POINT (12.422258803000034 51.351678660000061)",Unfall 114650 (2020) Kat:3, Licht: 0,114650,3,2,2,06,07,5,0,0,1,1,0,0,0,0
"POINT (12.396175445000040 51.415509581000038)",Unfall 114663 (2020) Kat:3, Licht: 0,114663,3,2,5,07,17,2,0,0,0,1,0,0,0,0
"POINT (12.373608661000048 51.314928765000047)",Unfall 114711 (2020) Kat:3, Licht: 2,114711,3,6,3,07,23,5,0,2,1,0,0,0,0,1
"POINT (12.447313685000040 51.350337751000040)",Unfall 114723 (2020) Kat:3, Licht: 0,114723,3,6,2,07,11,3,0,0,0,1,0,0,0,1
"POINT (12.339436511000031 51.335313779000046)",Unfall 114729 (2020) Kat:3, Licht: 2,114729,3,3,5,07,00,7,0,2,1,1,0,0,0,0
"POINT (12.427281382000047 51.295038720000036)",Unfall 114752 (2020) Kat:2, Licht: 0,114752,2,3,5,06,14,4,0,0,1,1,0,0,0,0
"POINT (12.389898656000071 51.346562471000027)",Unfall 114757 (2020) Kat:3, Licht: 0,114757,3,3,5,06,10,4,0,0,1,1,0,0,0,0
"POINT (12.394424663000052 51.336778103000029)",Unfall 114762 (2020) Kat:2, Licht: 2,114762,2,3,5,07,02,1,0,2,0,1,0,0,0,0
"POINT (12.266430942000056 51.262793101000057)",Unfall 114764 (2020) Kat:3, Licht: 0,114764,3,1,9,06,14,4,0,0,0,1,0,0,0,0
"POINT (12.247301252000057 51.318149497000036)",Unfall 114867 (2020) Kat:3, Licht: 0,114867,3,2,2,06,16,3,0,0,0,1,0,0,0,1
"POINT (12.461029488000065 51.367426802000068)",Unfall 114875 (2020) Kat:3, Licht: 0,114875,3,2,6,07,18,4,0,0,0,1,1,0,0,0
"POINT (12.356071768000049 51.341462303000071)",Unfall 114879 (2020) Kat:3, Licht: 0,114879,3,2,3,06,12,3,0,0,1,0,0,0,0,0
"POINT (12.392817873000070 51.348594033000040)",Unfall 114896 (2020) Kat:3, Licht: 0,114896,3,6,3,06,15,3,0,0,1,0,0,0,0,1
"POINT (12.396836542000074 51.353577219000044)",Unfall 114900 (2020) Kat:3, Licht: 0,114900,3,7,3,06,13,3,0,0,0,1,0,0,0,0
"POINT (12.435808300000076 51.297167089000027)",Unfall 114940 (2020) Kat:3, Licht: 0,114940,3,3,5,07,13,5,0,0,1,1,0,0,0,0
"POINT (12.388852188000044 51.346557616000041)",Unfall 114942 (2020) Kat:2, Licht: 0,114942,2,6,2,07,17,5,0,0,0,1,0,0,0,0
"POINT (12.393580023000027 51.344345942000075)",Unfall 114953 (2020) Kat:3, Licht: 1,114953,3,6,0,07,21,3,0,1,1,0,0,0,0,0
"POINT (12.394159481000031 51.350425398000027)",Unfall 114972 (2020) Kat:2, Licht: 0,114972,2,7,7,07,20,5,0,0,1,0,0,0,0,0
"POINT (12.394560368000043 51.314540671000032)",Unfall 114976 (2020) Kat:1, Licht: 0,114976,1,2,5,06,12,2,0,0,1,0,0,0,1,0
"POINT (12.388000665000050 51.402294479000034)",Unfall 114978 (2020) Kat:3, Licht: 0,114978,3,6,2,07,11,2,0,0,0,1,0,0,1,0
"POINT (12.262588102000052 51.346227877000047)",Unfall 114981 (2020) Kat:3, Licht: 0,114981,3,3,5,07,12,6,0,0,0,1,0,0,0,0
"POINT (12.380440540000052 51.344119948000071)",Unfall 114994 (2020) Kat:3, Licht: 0,114994,3,6,2,06,19,7,0,0,0,1,0,0,0,0
"POINT (12.318309105000026 51.414789380000059)",Unfall 115010 (2020) Kat:2, Licht: 0,115010,2,6,2,08,13,7,0,0,0,1,0,0,0,0
"POINT (12.427744965000045 51.400142650000078)",Unfall 115021 (2020) Kat:3, Licht: 0,115021,3,3,5,06,13,7,0,0,0,1,0,0,0,0
"POINT (12.319070962000069 51.380248539000036)",Unfall 115042 (2020) Kat:3, Licht: 0,115042,3,3,5,07,06,5,1,0,0,1,0,0,0,0
"POINT (12.396167431000038 51.415527954000027)",Unfall 115078 (2020) Kat:2, Licht: 0,115078,2,2,4,06,13,7,0,0,0,1,0,1,0,0
"POINT (12.263176473000044 51.276196124000080)",Unfall 115100 (2020) Kat:3, Licht: 0,115100,3,2,2,07,13,3,0,0,0,1,0,0,1,0
"POINT (12.277821546000041 51.319005581000056)",Unfall 115119 (2020) Kat:3, Licht: 0,115119,3,6,2,07,12,2,0,0,0,1,0,0,0,0
"POINT (12.288688738000076 51.332444511000062)",Unfall 115126 (2020) Kat:2, Licht: 0,115126,2,6,2,07,14,6,0,0,0,1,0,0,0,0
"POINT (12.392081475000055 51.346474945000068)",Unfall 115127 (2020) Kat:3, Licht: 2,115127,3,1,0,07,00,1,0,2,1,0,0,0,0,0
"POINT (12.343520564000073 51.393992457000081)",Unfall 115128 (2020) Kat:3, Licht: 0,115128,3,3,5,06,08,7,0,0,0,1,0,0,0,0
"POINT (12.274201285000061 51.397075024000060)",Unfall 115136 (2020) Kat:3, Licht: 0,115136,3,6,2,06,06,3,0,0,0,1,0,0,0,0
"POINT (12.283836296000061 51.344317332000060)",Unfall 115142 (2020) Kat:2, Licht: 0,115142,2,6,2,07,08,4,0,0,0,1,0,0,1,0
"POINT (12.412025912000047 51.314567713000031)",Unfall 115201 (2020) Kat:3, Licht: 0,115201,3,2,5,06,10,6,1,0,1,1,0,0,0,0
"POINT (12.426646820000030 51.303491230000077)",Unfall 115205 (2020) Kat:3, Licht: 0,115205,3,2,2,06,09,6,0,0,0,1,0,0,0,0
"POINT (12.344890079000038 51.339193885000043)",Unfall 115208 (2020) Kat:3, Licht: 0,115208,3,3,5,07,09,5,0,0,1,1,0,0,0,0
"POINT (12.263064332000056 51.344592888000079)",Unfall 115209 (2020) Kat:3, Licht: 0,115209,3,3,5,06,16,6,0,0,1,1,0,0,0,0
"POINT (12.369367323000063 51.344162973000039)",Unfall 115210 (2020) Kat:3, Licht: 0,115210,3,2,5,07,15,7,0,0,1,1,0,0,0,0
"POINT (12.379598604000023 51.314942930000029)",Unfall 115223 (2020) Kat:3, Licht: 0,115223,3,4,6,07,17,5,0,0,1,0,1,0,0,0
"POINT (12.439154906000056 51.294825174000039)",Unfall 115242 (2020) Kat:2, Licht: 0,115242,2,2,5,07,15,5,0,0,0,1,0,1,0,0
"POINT (12.469860678000032 51.370497038000053)",Unfall 115290 (2020) Kat:3, Licht: 0,115290,3,6,2,07,15,1,0,0,0,1,0,0,0,0
"POINT (12.290392706000034 51.392831082000043)",Unfall 115332 (2020) Kat:1, Licht: 0,115332,1,2,5,07,11,3,0,0,1,0,0,0,1,0
"POINT (12.391830576000075 51.346434346000080)",Unfall 115352 (2020) Kat:3, Licht: 0,115352,3,2,2,06,12,4,0,0,0,1,0,0,0,0
"POINT (12.389912983000045 51.346562324000047)",Unfall 115357 (2020) Kat:3, Licht: 0,115357,3,3,5,06,20,4,0,0,1,1,0,0,0,0
"POINT (12.395026198000039 51.342676487000062)",Unfall 115361 (2020) Kat:3, Licht: 0,115361,3,6,2,07,15,4,0,0,0,1,0,0,0,0
"POINT (12.378474097000037 51.344639789000041)",Unfall 115369 (2020) Kat:3, Licht: 0,115369,3,3,5,07,14,4,0,0,0,1,0,0,0,0
"POINT (12.393791722000060 51.351305275000072)",Unfall 115375 (2020) Kat:2, Licht: 0,115375,2,2,3,06,15,2,0,0,1,0,0,0,1,0
"POINT (12.502184595000074 51.356001071000037)",Unfall 115405 (2020) Kat:3, Licht: 0,115405,3,7,4,07,14,5,0,0,0,1,0,0,0,0
"POINT (12.386811636000061 51.345659280000064)",Unfall 115423 (2020) Kat:3, Licht: 0,115423,3,4,6,07,19,5,0,0,0,0,1,0,0,1
"POINT (12.393118839000067 51.372266511000078)",Unfall 115428 (2020) Kat:3, Licht: 0,115428,3,6,3,07,16,6,0,0,0,1,0,1,0,0
"POINT (12.373230648000060 51.314801659000068)",Unfall 115442 (2020) Kat:3, Licht: 0,115442,3,3,5,07,07,2,0,0,1,1,0,0,0,0
"POINT (12.394105873000058 51.351168486000063)",Unfall 115494 (2020) Kat:3, Licht: 0,115494,3,2,2,08,14,7,0,0,0,1,0,0,0,0
"POINT (12.371514855000044 51.314811530000043)",Unfall 115523 (2020) Kat:2, Licht: 0,115523,2,3,5,07,17,5,0,0,0,1,0,1,0,0
"POINT (12.518897447000029 51.341425460000039)",Unfall 115537 (2020) Kat:3, Licht: 0,115537,3,2,2,07,12,1,0,0,0,1,0,1,0,0
"POINT (12.422257246000072 51.351678308000032)",Unfall 115540 (2020) Kat:2, Licht: 1,115540,2,2,1,07,19,6,0,1,1,1,0,0,0,0
"POINT (12.393239045000030 51.348876409000070)",Unfall 115606 (2020) Kat:3, Licht: 1,115606,3,1,9,07,21,1,1,1,0,1,0,0,0,0
"POINT (12.426000673000033 51.304026065000073)",Unfall 115621 (2020) Kat:3, Licht: 0,115621,3,4,6,07,10,4,0,0,0,0,1,0,1,0
"POINT (12.493133236000062 51.356297300000051)",Unfall 115633 (2020) Kat:3, Licht: 0,115633,3,1,9,06,17,7,0,0,0,0,0,1,0,0
"POINT (12.326987187000043 51.298169685000062)",Unfall 115637 (2020) Kat:2, Licht: 0,115637,2,2,3,06,18,7,0,0,1,0,0,0,0,0
"POINT (12.285813748000066 51.330936327000074)",Unfall 115639 (2020) Kat:3, Licht: 0,115639,3,3,5,06,11,6,0,0,1,1,0,0,0,0
"POINT (12.396175445000040 51.415509581000038)",Unfall 115650 (2020) Kat:3, Licht: 0,115650,3,2,5,07,12,5,1,0,0,1,0,0,0,1
"POINT (12.375019656000063 51.314938082000026)",Unfall 115665 (2020) Kat:3, Licht: 0,115665,3,3,3,06,10,6,0,0,1,1,0,0,0,0
"POINT (12.395033413000021 51.332127780000064)",Unfall 115682 (2020) Kat:3, Licht: 0,115682,3,2,3,07,14,5,0,0,1,1,0,0,0,0
"POINT (12.397247278000066 51.369675791000077)",Unfall 115700 (2020) Kat:3, Licht: 0,115700,3,6,2,07,11,7,0,0,0,1,0,0,0,0
"POINT (12.379263909000031 51.344165300000043)",Unfall 115713 (2020) Kat:3, Licht: 0,115713,3,6,2,06,16,6,0,0,0,1,0,0,0,0
"POINT (12.323088909000035 51.338722447000066)",Unfall 115717 (2020) Kat:3, Licht: 0,115717,3,3,5,06,13,6,0,0,1,1,0,0,0,0
"POINT (12.399599402000035 51.352303272000029)",Unfall 115724 (2020) Kat:3, Licht: 0,115724,3,6,4,06,06,6,0,0,1,0,0,0,0,0
"POINT (12.303784327000074 51.342496259000029)",Unfall 115730 (2020) Kat:3, Licht: 0,115730,3,2,3,07,07,3,0,0,0,1,0,0,1,0
"POINT (12.425667480000072 51.304046778000043)",Unfall 115750 (2020) Kat:3, Licht: 0,115750,3,2,5,07,15,5,0,0,1,1,0,0,0,0
"POINT (12.383705467000027 51.343875546000049)",Unfall 115759 (2020) Kat:2, Licht: 0,115759,2,7,0,06,06,2,0,0,0,0,0,0,0,1
"POINT (12.380625265000049 51.344043633000069)",Unfall 115761 (2020) Kat:3, Licht: 0,115761,3,6,4,07,20,4,1,0,1,0,0,0,0,0
"POINT (12.358255150000048 51.375076610000065)",Unfall 115767 (2020) Kat:3, Licht: 0,115767,3,6,2,07,18,3,0,0,0,1,0,0,0,0
"POINT (12.451360814000054 51.363580126000045)",Unfall 115768 (2020) Kat:3, Licht: 0,115768,3,6,2,06,17,2,0,0,0,1,0,0,0,0
"POINT (12.404473349000057 51.321056205000048)",Unfall 115796 (2020) Kat:3, Licht: 0,115796,3,4,0,08,16,3,0,0,0,0,1,0,0,1
"POINT (12.455076300000030 51.350400247000039)",Unfall 115805 (2020) Kat:2, Licht: 0,115805,2,3,5,08,17,6,0,0,1,1,0,0,0,0
"POINT (12.361360720000050 51.375608924000062)",Unfall 115815 (2020) Kat:3, Licht: 0,115815,3,3,5,10,17,1,0,0,1,1,0,0,0,0
"POINT (12.297388179000052 51.337326304000044)",Unfall 115826 (2020) Kat:3, Licht: 0,115826,3,2,2,09,15,7,0,0,0,1,0,0,0,0
"POINT (12.507216196000059 51.343619982000064)",Unfall 115829 (2020) Kat:3, Licht: 0,115829,3,6,2,10,14,6,0,0,0,1,0,0,0,0
"POINT (12.391833139000028 51.351634280000042)",Unfall 115832 (2020) Kat:3, Licht: 0,115832,3,3,5,09,12,4,0,0,1,1,0,0,0,0
"POINT (12.376378468000041 51.391631667000070)",Unfall 115881 (2020) Kat:3, Licht: 2,115881,3,2,5,08,05,2,0,2,0,1,0,0,1,0
"POINT (12.426450477000060 51.351811419000057)",Unfall 115940 (2020) Kat:3, Licht: 2,115940,3,2,5,10,18,4,1,2,1,1,0,0,0,0
"POINT (12.380113160000064 51.344255260000068)",Unfall 115961 (2020) Kat:3, Licht: 0,115961,3,6,2,09,12,3,0,0,0,1,0,0,0,0
"POINT (12.457462201000055 51.366141436000078)",Unfall 115968 (2020) Kat:3, Licht: 0,115968,3,6,2,08,15,6,0,0,0,1,0,0,0,1
"POINT (12.353641134000043 51.340915086000052)",Unfall 115975 (2020) Kat:3, Licht: 2,115975,3,2,2,09,20,6,0,2,0,1,0,0,0,0
"POINT (12.369383625000069 51.376100495000060)",Unfall 115979 (2020) Kat:2, Licht: 0,115979,2,6,3,08,08,5,0,0,0,1,0,1,0,0
"POINT (12.392109413000071 51.346381953000048)",Unfall 115980 (2020) Kat:3, Licht: 2,115980,3,2,5,09,05,6,1,2,1,1,0,0,0,0
"POINT (12.393510049000042 51.349032842000042)",Unfall 115982 (2020) Kat:3, Licht: 0,115982,3,1,9,10,10,3,1,0,0,1,0,0,0,0
"POINT (12.437437677000048 51.350977091000061)",Unfall 115983 (2020) Kat:3, Licht: 0,115983,3,2,5,08,18,5,0,0,1,1,0,0,0,0
"POINT (12.264050382000050 51.316524868000045)",Unfall 116039 (2020) Kat:3, Licht: 0,116039,3,2,5,09,08,4,0,0,1,1,0,0,0,0
"POINT (12.460835250000059 51.367256010000062)",Unfall 116064 (2020) Kat:3, Licht: 0,116064,3,2,5,09,16,5,0,0,1,1,0,0,0,0
"POINT (12.394187943000077 51.314562142000057)",Unfall 116112 (2020) Kat:3, Licht: 0,116112,3,2,4,10,16,7,0,0,1,1,0,0,0,0
"POINT (12.347243822000053 51.339698574000067)",Unfall 116117 (2020) Kat:2, Licht: 0,116117,2,6,3,08,14,7,0,0,0,1,0,1,0,0
"POINT (12.390589407000050 51.347062956000059)",Unfall 116135 (2020) Kat:2, Licht: 0,116135,2,2,4,10,16,6,0,0,1,1,0,0,0,0
"POINT (12.301762237000048 51.342663071000061)",Unfall 116173 (2020) Kat:3, Licht: 0,116173,3,3,5,08,11,1,0,0,0,1,0,0,0,0
"POINT (12.425925754000048 51.304066687000045)",Unfall 116178 (2020) Kat:3, Licht: 0,116178,3,4,6,09,16,3,0,0,0,1,1,0,0,0
"POINT (12.443565821000050 51.388230542000031)",Unfall 116214 (2020) Kat:3, Licht: 0,116214,3,6,3,08,16,6,0,0,0,1,0,0,0,0
"POINT (12.387823424000032 51.403688029000079)",Unfall 116236 (2020) Kat:3, Licht: 0,116236,3,6,3,08,15,5,0,0,0,1,0,0,0,0
"POINT (12.369367323000063 51.344162973000039)",Unfall 116266 (2020) Kat:3, Licht: 0,116266,3,2,4,08,15,4,0,0,1,1,0,0,0,0
"POINT (12.391342842000029 51.346399343000030)",Unfall 116276 (2020) Kat:3, Licht: 0,116276,3,3,5,09,06,6,0,0,1,1,0,0,0,0
"POINT (12.357440064000059 51.342045911000071)",Unfall 116310 (2020) Kat:3, Licht: 0,116310,3,4,6,09,17,3,0,0,0,1,1,0,0,0
"POINT (12.389625817000024 51.346450351000044)",Unfall 116355 (2020) Kat:3, Licht: 0,116355,3,1,5,08,15,5,0,0,1,1,0,0,0,0
"POINT (12.397396376000074 51.369544912000038)",Unfall 116361 (2020) Kat:3, Licht: 0,116361,3,6,2,08,17,6,0,0,0,1,0,0,0,0
"POINT (12.431096807000074 51.354035231000069)",Unfall 116383 (2020) Kat:3, Licht: 0,116383,3,1,9,09,18,7,0,0,0,1,0,0,0,0
"POINT (12.471211068000059 51.351179557000080)",Unfall 116395 (2020) Kat:3, Licht: 0,116395,3,6,2,10,16,4,1,0,0,1,0,0,0,0
"POINT (12.395821123000076 51.314468961000046)",Unfall 116412 (2020) Kat:3, Licht: 0,116412,3,2,5,09,12,7,0,0,1,1,0,0,0,0
"POINT (12.399518791000048 51.362317281000060)",Unfall 116416 (2020) Kat:3, Licht: 0,116416,3,6,2,10,13,2,1,0,0,1,0,0,0,1
"POINT (12.321345628000074 51.300123403000043)",Unfall 116451 (2020) Kat:2, Licht: 0,116451,2,1,8,10,14,1,0,0,0,0,0,1,0,0
"POINT (12.327740992000031 51.299556673000041)",Unfall 116452 (2020) Kat:3, Licht: 0,116452,3,6,4,08,05,4,0,0,1,0,0,0,0,0
"POINT (12.344841994000035 51.339183485000035)",Unfall 116457 (2020) Kat:3, Licht: 0,116457,3,3,5,08,07,4,0,0,1,1,0,0,0,0
"POINT (12.406089546000032 51.319578828000033)",Unfall 116462 (2020) Kat:3, Licht: 0,116462,3,2,5,09,18,7,0,0,1,1,0,0,0,0
"POINT (12.343609177000076 51.338913771000080)",Unfall 116465 (2020) Kat:3, Licht: 1,116465,3,3,5,10,18,6,0,1,1,1,0,0,0,0
"POINT (12.327563886000064 51.377992447000054)",Unfall 116466 (2020) Kat:2, Licht: 0,116466,2,6,3,08,19,4,0,0,0,1,0,1,0,0
"POINT (12.353562710000062 51.340897585000050)",Unfall 116471 (2020) Kat:3, Licht: 0,116471,3,2,3,08,14,4,0,0,1,1,0,0,0,0
"POINT (12.399497850000046 51.363410685000076)",Unfall 116503 (2020) Kat:2, Licht: 0,116503,2,3,5,09,18,1,0,0,1,1,0,0,0,0
"POINT (12.450300620000064 51.280847353000070)",Unfall 116519 (2020) Kat:3, Licht: 0,116519,3,6,2,08,14,2,0,0,0,1,0,0,0,0
"POINT (12.263970343000040 51.316513287000078)",Unfall 116580 (2020) Kat:3, Licht: 0,116580,3,3,5,08,17,3,0,0,1,1,0,0,0,0
"POINT (12.394430363000026 51.336792283000079)",Unfall 116581 (2020) Kat:3, Licht: 1,116581,3,2,5,09,18,5,0,1,0,1,0,0,0,0
"POINT (12.403881492000039 51.321753996000041)",Unfall 116587 (2020) Kat:3, Licht: 0,116587,3,7,6,08,15,3,0,0,0,1,1,0,0,0
"POINT (12.359212593000052 51.375244000000066)",Unfall 116613 (2020) Kat:3, Licht: 0,116613,3,3,5,09,11,3,0,0,0,1,0,0,0,0
"POINT (12.343702187000076 51.338934119000044)",Unfall 116615 (2020) Kat:3, Licht: 2,116615,3,7,0,09,19,6,0,2,1,0,0,0,0,0
"POINT (12.319101966000062 51.380226286000038)",Unfall 116626 (2020) Kat:2, Licht: 0,116626,2,3,5,09,15,5,0,0,0,1,0,1,0,0
"POINT (12.387354032000076 51.345791662000067)",Unfall 116658 (2020) Kat:3, Licht: 0,116658,3,6,3,09,15,4,0,0,0,1,0,0,0,1
"POINT (12.394874624000067 51.342813026000044)",Unfall 116660 (2020) Kat:3, Licht: 0,116660,3,6,2,09,11,6,0,0,0,1,0,0,0,1
"POINT (12.359486060000052 51.342108605000078)",Unfall 116698 (2020) Kat:3, Licht: 2,116698,3,1,0,08,20,3,0,2,0,0,0,1,0,0
"POINT (12.254663010000058 51.281150602000082)",Unfall 116705 (2020) Kat:3, Licht: 0,116705,3,3,5,10,15,4,0,0,0,1,0,0,1,0
"POINT (12.394124268000041 51.336057158000074)",Unfall 116708 (2020) Kat:3, Licht: 0,116708,3,7,0,08,19,2,0,0,1,0,0,0,0,0
"POINT (12.426636291000023 51.303497197000070)",Unfall 116716 (2020) Kat:3, Licht: 0,116716,3,7,0,10,13,2,0,0,0,0,0,0,0,1
"POINT (12.305078516000037 51.378226135000034)",Unfall 116762 (2020) Kat:3, Licht: 0,116762,3,7,5,10,12,1,0,0,0,1,0,0,0,0
"POINT (12.268408935000025 51.317162074000066)",Unfall 116776 (2020) Kat:3, Licht: 2,116776,3,2,4,10,21,6,0,2,0,1,0,0,0,0
"POINT (12.495706923000057 51.355697612000029)",Unfall 116785 (2020) Kat:3, Licht: 0,116785,3,6,2,08,14,7,0,0,0,1,0,0,0,0
"POINT (12.372562016000074 51.344074131000070)",Unfall 116814 (2020) Kat:3, Licht: 0,116814,3,6,5,08,17,4,0,0,1,0,0,0,0,0
"POINT (12.439181696000048 51.357932733000041)",Unfall 116823 (2020) Kat:3, Licht: 0,116823,3,3,5,09,16,2,0,0,1,1,0,0,0,0
"POINT (12.386414721000051 51.405694157000028)",Unfall 116856 (2020) Kat:2, Licht: 0,116856,2,1,9,08,17,7,0,0,0,0,0,1,0,0
"POINT (12.406799567000064 51.318998932000056)",Unfall 116863 (2020) Kat:3, Licht: 0,116863,3,6,6,08,13,4,0,0,1,0,1,0,0,0
"POINT (12.457649799000023 51.350355011000033)",Unfall 116864 (2020) Kat:3, Licht: 0,116864,3,3,5,09,12,1,0,0,0,1,0,0,0,1
"POINT (12.260208420000026 51.313000568000064)",Unfall 116868 (2020) Kat:3, Licht: 0,116868,3,3,5,09,13,4,0,0,0,1,0,0,0,1
"POINT (12.371717286000035 51.395454392000033)",Unfall 116877 (2020) Kat:3, Licht: 0,116877,3,7,2,08,17,5,0,0,1,1,0,0,0,0
"POINT (12.391628359000038 51.394196519000047)",Unfall 116879 (2020) Kat:3, Licht: 0,116879,3,3,5,08,16,4,0,0,0,1,0,0,0,1
"POINT (12.278666398000041 51.395788084000060)",Unfall 116884 (2020) Kat:3, Licht: 2,116884,3,6,6,09,05,1,0,2,0,1,1,0,0,0
"POINT (12.340011806000064 51.414233792000061)",Unfall 116899 (2020) Kat:2, Licht: 0,116899,2,6,3,08,18,1,1,0,0,1,0,0,0,0
"POINT (12.399997126000073 51.361594020000041)",Unfall 116911 (2020) Kat:3, Licht: 0,116911,3,6,2,09,14,3,0,0,0,1,0,0,0,0
"POINT (12.391066415000068 51.405776089000028)",Unfall 116949 (2020) Kat:3, Licht: 1,116949,3,1,9,10,17,6,1,1,0,0,0,1,0,0
"POINT (12.392029403000038 51.346417290000034)",Unfall 116962 (2020) Kat:3, Licht: 0,116962,3,3,5,08,06,6,0,0,0,1,0,0,0,0
"POINT (12.376812081000026 51.375886692000051)",Unfall 116970 (2020) Kat:3, Licht: 0,116970,3,3,5,09,13,4,0,0,0,1,0,0,0,0
"POINT (12.399501849000046 51.363367482000058)",Unfall 116972 (2020) Kat:3, Licht: 1,116972,3,6,3,09,06,6,0,1,0,1,0,0,0,0
"POINT (12.426741827000058 51.301525344000027)",Unfall 116975 (2020) Kat:2, Licht: 2,116975,2,2,4,10,19,5,0,2,0,1,0,1,0,0
"POINT (12.395298086000025 51.332107645000065)",Unfall 116978 (2020) Kat:3, Licht: 2,116978,3,2,5,08,20,6,0,2,1,1,0,0,0,0
"POINT (12.260848698000075 51.316057483000066)",Unfall 116980 (2020) Kat:3, Licht: 0,116980,3,2,5,08,08,6,0,0,1,1,0,0,0,0
"POINT (12.290380931000072 51.392834092000044)",Unfall 117017 (2020) Kat:2, Licht: 0,117017,2,2,5,09,05,6,1,0,0,1,0,0,0,0
"POINT (12.257865201000072 51.316155836000064)",Unfall 117049 (2020) Kat:3, Licht: 0,117049,3,2,2,09,13,7,0,0,0,1,0,0,0,0
"POINT (12.294242105000023 51.290958188000047)",Unfall 117105 (2020) Kat:3, Licht: 0,117105,3,3,5,10,11,6,0,0,0,1,0,0,0,0
"POINT (12.358592174000023 51.341965491000053)",Unfall 117109 (2020) Kat:3, Licht: 0,117109,3,2,6,09,07,5,0,0,0,1,1,0,0,0
"POINT (12.257827049000070 51.316162584000040)",Unfall 117111 (2020) Kat:3, Licht: 0,117111,3,2,2,08,09,5,0,0,0,1,0,0,0,0
"POINT (12.388504296000065 51.346340770000040)",Unfall 117158 (2020) Kat:3, Licht: 0,117158,3,6,6,08,17,2,0,0,1,0,1,0,0,0
"POINT (12.314327770000034 51.340542059000029)",Unfall 117168 (2020) Kat:3, Licht: 2,117168,3,2,5,10,20,3,1,2,1,1,0,0,0,0
"POINT (12.304007444000035 51.301609851000080)",Unfall 117211 (2020) Kat:3, Licht: 0,117211,3,3,5,08,10,4,0,0,0,1,0,0,0,1
"POINT (12.320898312000054 51.339254821000054)",Unfall 117217 (2020) Kat:3, Licht: 0,117217,3,2,5,10,14,5,0,0,1,1,0,0,0,0
"POINT (12.271865906000073 51.263175834000037)",Unfall 117241 (2020) Kat:3, Licht: 0,117241,3,6,3,10,10,1,0,0,0,1,0,0,0,0
"POINT (12.277437208000038 51.401769986000033)",Unfall 117258 (2020) Kat:3, Licht: 0,117258,3,6,2,09,14,5,0,0,1,1,0,0,0,0
"POINT (12.345111149000047 51.375175808000051)",Unfall 117264 (2020) Kat:3, Licht: 1,117264,3,3,5,08,19,4,0,1,0,1,0,1,0,0
"POINT (12.274137377000045 51.396998194000048)",Unfall 117270 (2020) Kat:3, Licht: 0,117270,3,2,5,08,13,4,0,0,0,1,0,0,0,0
"POINT (12.429276117000029 51.351459043000034)",Unfall 117283 (2020) Kat:3, Licht: 0,117283,3,5,3,10,11,4,1,0,0,1,0,1,0,0
"POINT (12.247379392000028 51.318165889000056)",Unfall 117294 (2020) Kat:3, Licht: 2,117294,3,6,2,09,19,2,0,2,1,0,0,0,0,0
"POINT (12.427746267000032 51.400142635000066)",Unfall 117305 (2020) Kat:3, Licht: 0,117305,3,2,2,08,09,6,0,0,0,1,0,0,0,1
"POINT (12.320460560000072 51.300257325000075)",Unfall 117338 (2020) Kat:3, Licht: 0,117338,3,1,9,08,11,6,0,0,0,1,0,0,0,0
"POINT (12.429483354000070 51.286769916000026)",Unfall 117358 (2020) Kat:3, Licht: 0,117358,3,2,5,09,18,7,0,0,1,0,0,0,0,0