WKT,Name,OBJECTID,UKATEGORIE,UTYP1,UART,UMONAT,USTUNDE,UWOCHENTAG,STRZUSTAND,ULICHTVERH,ISTRAD,ISTPKW,ISTFUSS,ISTKRAD,ISTGKFZ,ISTSONSTIG
"POINT (12.394476993000069 51.354712798000037)",Unfall 117362 (2020) Kat:3, Licht: 0,117362,3,3,5,10,16,2,0,0,1,1,0,0,0,0
"POINT (12.473625101000039 51.351428714000065)",Unfall 117384 (2020) Kat:3, Licht: 2,117384,3,3,5,11,17,2,0,2,0,1,0,0,0,0
"POINT (12.507217187000037 51.343617649000066)",Unfall 117386 (2020) Kat:3, Licht: 2,117386,3,6,2,11,16,4,0,2,0,1,0,0,0,0
"POINT (12.398148394000032 51.330082104000041)",Unfall 117397 (2020) Kat:3, Licht: 0,117397,3,2,5,11,11,5,0,0,0,1,0,0,1,0
"POINT (12.427284875000055 51.295024125000054)",Unfall 117409 (2020) Kat:2, Licht: 0,117409,2,3,5,11,16,3,0,0,0,1,0,0,0,0
"POINT (12.264751746000059 51.333215887000051)",Unfall 117432 (2020) Kat:2, Licht: 2,117432,2,1,0,11,21,6,0,2,1,0,0,0,0,0
"POINT (12.358894219000035 51.342051481000055)",Unfall 117463 (2020) Kat:3, Licht: 2,117463,3,6,3,10,18,4,1,2,1,1,0,0,0,0
"POINT (12.411517044000050 51.314616501000046)",Unfall 117469 (2020) Kat:3, Licht: 0,117469,3,6,2,10,10,4,0,0,0,1,0,0,0,0
"POINT (12.382672075000073 51.314945981000051)",Unfall 117477 (2020) Kat:3, Licht: 0,117477,3,3,5,11,14,1,0,0,1,1,0,0,0,0
"POINT (12.394172347000051 51.314562913000032)",Unfall 117479 (2020) Kat:3, Licht: 2,117479,3,2,5,12,18,7,1,2,0,1,0,0,0,0
"POINT (12.358590926000034 51.342082520000076)",Unfall 117487 (2020) Kat:3, Licht: 0,117487,3,3,5,11,10,5,0,0,1,0,0,0,1,0
"POINT (12.369271728000058 51.344144081000081)",Unfall 117496 (2020) Kat:3, Licht: 0,117496,3,3,5,11,07,4,1,0,1,0,0,0,0,1
"POINT (12.401554421000071 51.324148691000062)",Unfall 117499 (2020) Kat:2, Licht: 2,117499,2,2,5,11,18,4,0,2,1,0,0,1,0,0
"POINT (12.403964844000029 51.321640532000060)",Unfall 117503 (2020) Kat:3, Licht: 0,117503,3,6,2,10,15,3,0,0,0,1,0,0,0,0
"POINT (12.392144475000066 51.393737714000054)",Unfall 117510 (2020) Kat:3, Licht: 0,117510,3,6,3,10,13,3,0,0,0,1,0,0,0,0
"POINT (12.390963017000047 51.405782902000055)",Unfall 117512 (2020) Kat:3, Licht: 0,117512,3,1,8,12,15,5,1,0,0,1,0,0,0,0
"POINT (12.357622248000041 51.341799681000055)",Unfall 117514 (2020) Kat:3, Licht: 0,117514,3,3,5,11,09,2,0,0,1,1,0,0,0,0
"POINT (12.458785138000053 51.366504417000044)",Unfall 117515 (2020) Kat:3, Licht: 0,117515,3,2,2,10,09,3,0,0,0,1,0,0,0,0
"POINT (12.455112890000066 51.350295502000051)",Unfall 117520 (2020) Kat:3, Licht: 0,117520,3,3,5,12,08,6,0,0,1,1,0,0,0,0
"POINT (12.374991370000032 51.408421230000044)",Unfall 117526 (2020) Kat:2, Licht: 2,117526,2,6,3,11,17,2,0,2,0,1,0,0,0,0
"POINT (12.381289147000075 51.375795419000042)",Unfall 117544 (2020) Kat:3, Licht: 0,117544,3,2,5,11,12,5,0,0,0,1,0,0,0,0
"POINT (12.274974726000039 51.254174065000029)",Unfall 117562 (2020) Kat:3, Licht: 0,117562,3,3,5,10,06,2,1,0,0,1,0,0,1,0
"POINT (12.322429776000035 51.299824372000046)",Unfall 117564 (2020) Kat:3, Licht: 1,117564,3,1,8,11,16,2,0,1,0,1,1,0,0,0
"POINT (12.319174524000061 51.380250546000070)",Unfall 117568 (2020) Kat:3, Licht: 2,117568,3,2,5,10,05,2,1,2,0,1,0,0,0,0
"POINT (12.378311771000028 51.314939580000043)",Unfall 117573 (2020) Kat:3, Licht: 2,117573,3,2,6,10,06,2,1,2,0,1,1,0,0,0
"POINT (12.391958502000023 51.346459186000061)",Unfall 117581 (2020) Kat:3, Licht: 0,117581,3,2,2,10,12,2,0,0,0,1,0,0,0,0
"POINT (12.305025895000028 51.342281590000027)",Unfall 117586 (2020) Kat:2, Licht: 0,117586,2,6,3,11,07,4,0,0,0,1,0,0,1,0
"POINT (12.439138312000068 51.294837091000034)",Unfall 117589 (2020) Kat:3, Licht: 0,117589,3,3,5,12,10,4,1,0,0,1,0,0,0,0
"POINT (12.344841994000035 51.339183485000035)",Unfall 117590 (2020) Kat:3, Licht: 2,117590,3,3,5,11,19,2,0,2,1,1,0,0,0,0
"POINT (12.521952240000076 51.318716688000052)",Unfall 117643 (2020) Kat:1, Licht: 0,117643,1,1,8,12,13,4,0,0,0,0,0,0,1,0
"POINT (12.457683271000064 51.350356025000053)",Unfall 117669 (2020) Kat:3, Licht: 1,117669,3,2,2,12,16,7,1,1,0,1,0,0,0,0
"POINT (12.422333961000049 51.351695691000032)",Unfall 117685 (2020) Kat:3, Licht: 1,117685,3,2,6,12,07,2,1,1,0,1,1,0,0,0
"POINT (12.263249166000037 51.276138852000031)",Unfall 117687 (2020) Kat:3, Licht: 0,117687,3,2,2,10,14,7,0,0,0,1,0,0,0,0
"POINT (12.285103462000052 51.419786046000070)",Unfall 117701 (2020) Kat:3, Licht: 2,117701,3,2,2,12,19,7,0,2,0,1,0,0,0,0
"POINT (12.339111120000041 51.394004053000060)",Unfall 117734 (2020) Kat:3, Licht: 0,117734,3,3,5,11,18,5,0,0,0,1,0,0,0,0
"POINT (12.495661810000058 51.355692239000064)",Unfall 117748 (2020) Kat:3, Licht: 2,117748,3,6,2,12,18,3,0,2,0,1,0,0,0,0
"POINT (12.413673709000022 51.313483388000066)",Unfall 117762 (2020) Kat:3, Licht: 0,117762,3,6,4,11,07,4,1,0,1,0,0,0,0,0
"POINT (12.382676087000050 51.314945945000034)",Unfall 117772 (2020) Kat:3, Licht: 2,117772,3,2,5,11,19,2,1,2,0,1,0,0,0,0
"POINT (12.395315089000064 51.339181231000055)",Unfall 117784 (2020) Kat:3, Licht: 0,117784,3,6,5,11,07,6,0,0,1,1,0,0,0,0
"POINT (12.294272141000022 51.290964846000065)",Unfall 117800 (2020) Kat:3, Licht: 1,117800,3,3,5,10,07,6,0,1,0,1,0,0,0,0
"POINT (12.397393467000029 51.369596961000070)",Unfall 117815 (2020) Kat:3, Licht: 0,117815,3,7,5,12,14,4,1,0,0,1,0,0,0,0
"POINT (12.263645107000059 51.275823641000045)",Unfall 117830 (2020) Kat:3, Licht: 2,117830,3,1,8,10,00,7,0,2,0,1,0,0,0,0
"POINT (12.393861973000071 51.333146482000075)",Unfall 117852 (2020) Kat:3, Licht: 0,117852,3,6,2,10,07,5,0,0,0,1,0,0,0,0
"POINT (12.378786985000033 51.392903431000036)",Unfall 117855 (2020) Kat:3, Licht: 0,117855,3,1,8,11,10,3,0,0,1,0,0,0,0,0
"POINT (12.401806200000067 51.351374164000049)",Unfall 117887 (2020) Kat:3, Licht: 0,117887,3,3,5,12,12,4,0,0,1,1,0,0,0,0
"POINT (12.399369787000069 51.363423822000073)",Unfall 117888 (2020) Kat:3, Licht: 0,117888,3,2,5,11,07,3,0,0,1,1,0,0,0,0
"POINT (12.518338535000055 51.312423983000031)",Unfall 117906 (2020) Kat:3, Licht: 0,117906,3,3,5,11,07,3,0,0,0,1,0,0,0,0
"POINT (12.464762032000067 51.306508204000068)",Unfall 117907 (2020) Kat:2, Licht: 0,117907,2,4,6,11,14,5,0,0,0,0,1,0,0,1
"POINT (12.315106595000032 51.300682497000082)",Unfall 117918 (2020) Kat:3, Licht: 2,117918,3,6,2,11,18,2,0,2,0,1,0,0,0,1
"POINT (12.386262220000049 51.406675220000068)",Unfall 117919 (2020) Kat:3, Licht: 0,117919,3,6,2,11,06,3,0,0,0,1,0,0,0,0
"POINT (12.245738065000069 51.346964389000050)",Unfall 117939 (2020) Kat:3, Licht: 1,117939,3,6,2,12,16,6,1,1,0,1,0,0,0,0
"POINT (12.464734427000053 51.306403202000070)",Unfall 117945 (2020) Kat:3, Licht: 1,117945,3,2,5,12,18,5,0,1,0,1,0,0,0,0
"POINT (12.340085283000064 51.414085692000072)",Unfall 117965 (2020) Kat:3, Licht: 2,117965,3,6,2,11,19,2,1,2,0,0,0,0,1,1
"POINT (12.430522829000040 51.351364420000039)",Unfall 117985 (2020) Kat:3, Licht: 2,117985,3,2,5,12,17,2,0,2,0,1,0,0,0,0
"POINT (12.254403121000053 51.403035432000081)",Unfall 117989 (2020) Kat:3, Licht: 2,117989,3,1,8,11,18,7,0,2,0,1,0,0,0,0
"POINT (12.420331134000037 51.392786571000045)",Unfall 117992 (2020) Kat:3, Licht: 2,117992,3,1,8,12,18,7,1,2,0,1,0,0,0,0
"POINT (12.392029403000038 51.346417290000034)",Unfall 118009 (2020) Kat:3, Licht: 2,118009,3,2,5,11,19,3,0,2,0,1,0,0,0,1
"POINT (12.383695160000059 51.343872696000062)",Unfall 118013 (2020) Kat:3, Licht: 2,118013,3,3,5,11,17,4,0,2,1,1,0,0,0,0
"POINT (12.338570202000028 51.396471060000067)",Unfall 118029 (2020) Kat:3, Licht: 0,118029,3,2,5,10,08,4,1,0,0,1,0,0,0,0
"POINT (12.273498034000056 51.384607140000071)",Unfall 118034 (2020) Kat:3, Licht: 2,118034,3,4,6,12,17,6,0,2,0,1,1,0,0,0
"POINT (12.394162112000060 51.351087919000065)",Unfall 118036 (2020) Kat:3, Licht: 0,118036,3,6,2,10,08,4,1,0,0,1,0,0,0,0
"POINT (12.469517071000041 51.313155523000034)",Unfall 118057 (2020) Kat:2, Licht: 0,118057,2,7,7,11,13,5,0,0,0,1,0,0,0,0
"POINT (12.376343640000073 51.375900401000081)",Unfall 118102 (2020) Kat:3, Licht: 0,118102,3,6,2,12,12,4,1,0,0,1,0,0,0,0
"POINT (12.406937758000026 51.318882140000028)",Unfall 118103 (2020) Kat:3, Licht: 0,118103,3,6,2,11,06,2,1,0,0,1,0,0,0,0
"POINT (12.460835250000059 51.367256010000062)",Unfall 118112 (2020) Kat:3, Licht: 2,118112,3,2,5,12,16,5,0,2,1,1,0,0,0,0
"POINT (12.394409850000045 51.336741249000056)",Unfall 118125 (2020) Kat:3, Licht: 0,118125,3,7,5,10,16,3,0,0,1,1,0,0,0,0
"POINT (12.263613256000042 51.275677517000076)",Unfall 118129 (2020) Kat:3, Licht: 2,118129,3,1,8,10,23,3,1,2,0,1,0,0,0,0
"POINT (12.421745171000055 51.308054493000043)",Unfall 118132 (2020) Kat:3, Licht: 2,118132,3,6,4,10,22,3,1,2,1,0,0,0,0,0
"POINT (12.439112193000028 51.294855620000078)",Unfall 118133 (2020) Kat:3, Licht: 0,118133,3,2,3,10,12,3,0,0,0,1,0,0,0,1
"POINT (12.489790995000021 51.354638063000039)",Unfall 118134 (2020) Kat:3, Licht: 1,118134,3,6,2,11,16,6,0,1,0,1,0,0,0,0
"POINT (12.370557934000033 51.376067204000037)",Unfall 118212 (2020) Kat:3, Licht: 0,118212,3,7,0,10,15,5,1,0,1,0,0,0,0,0
"POINT (12.361432854000043 51.314052685000036)",Unfall 118238 (2020) Kat:3, Licht: 0,118238,3,3,5,11,16,1,0,0,1,1,0,0,0,0
"POINT (12.439149239000074 51.294829244000027)",Unfall 118248 (2020) Kat:3, Licht: 0,118248,3,3,5,11,12,5,0,0,1,0,0,0,0,1
"POINT (12.267477006000036 51.385030883000070)",Unfall 118256 (2020) Kat:2, Licht: 2,118256,2,1,9,12,06,3,1,2,0,1,0,0,0,0
"POINT (12.391978887000050 51.346359007000046)",Unfall 118272 (2020) Kat:3, Licht: 0,118272,3,2,5,10,14,6,1,0,1,1,0,0,0,0
"POINT (12.387791981000021 51.376167236000072)",Unfall 118273 (2020) Kat:2, Licht: 0,118273,2,1,8,12,13,5,1,0,0,1,0,0,0,0
"POINT (12.422294726000075 51.351686800000039)",Unfall 118276 (2020) Kat:3, Licht: 0,118276,3,7,4,11,15,4,0,0,0,1,0,1,0,0
"POINT (12.364769727000066 51.343140292000044)",Unfall 118286 (2020) Kat:3, Licht: 0,118286,3,3,5,11,08,2,0,0,0,1,0,1,0,0
"POINT (12.376647368000022 51.314942559000031)",Unfall 118288 (2020) Kat:3, Licht: 0,118288,3,6,2,10,15,6,1,0,0,1,0,0,0,0
"POINT (12.393281214000069 51.348904790000063)",Unfall 118300 (2020) Kat:3, Licht: 0,118300,3,1,9,10,08,6,1,0,0,0,0,0,0,1
"POINT (12.457792443000073 51.350461424000059)",Unfall 118304 (2020) Kat:3, Licht: 2,118304,3,6,2,11,21,5,1,2,0,1,0,0,0,0
"POINT (12.447409380000067 51.350327363000076)",Unfall 118315 (2020) Kat:3, Licht: 0,118315,3,6,2,10,12,7,0,0,0,1,0,0,0,0
"POINT (12.304007444000035 51.301609851000080)",Unfall 118353 (2020) Kat:3, Licht: 0,118353,3,3,5,11,13,7,0,0,0,1,0,0,0,0
"POINT (12.369031806000066 51.376108542000054)",Unfall 118355 (2020) Kat:3, Licht: 1,118355,3,3,5,12,16,6,0,1,0,1,0,0,0,0
"POINT (12.508731251000029 51.340314645000035)",Unfall 118368 (2020) Kat:3, Licht: 0,118368,3,6,2,12,11,6,0,0,0,1,0,0,0,1
"POINT (12.507577264000076 51.342775495000069)",Unfall 118386 (2020) Kat:2, Licht: 0,118386,2,6,2,10,16,6,1,0,0,1,0,0,0,0
"POINT (12.398128796000037 51.394304057000056)",Unfall 118419 (2020) Kat:3, Licht: 2,118419,3,3,5,12,20,2,0,2,0,1,0,0,0,0
"POINT (12.358599944000048 51.341966818000060)",Unfall 118426 (2020) Kat:3, Licht: 2,118426,3,2,6,10,06,6,1,2,0,1,1,0,0,0
"POINT (12.386906849000070 51.345724441000073)",Unfall 118430 (2020) Kat:3, Licht: 2,118430,3,2,5,11,17,3,0,2,1,1,0,0,0,0
"POINT (12.378270561000022 51.375843991000067)",Unfall 118457 (2020) Kat:2, Licht: 1,118457,2,2,5,11,06,3,0,1,1,1,0,0,0,0
"POINT (12.394172137000055 51.314562924000029)",Unfall 118459 (2020) Kat:3, Licht: 0,118459,3,2,5,10,13,5,0,0,0,1,0,0,0,0
"POINT (12.399713082000062 51.394161254000039)",Unfall 118492 (2020) Kat:3, Licht: 2,118492,3,4,6,12,05,5,0,2,1,0,1,0,0,0
"POINT (12.277443795000067 51.401781107000033)",Unfall 118494 (2020) Kat:2, Licht: 2,118494,2,3,5,11,22,5,1,2,0,1,0,0,0,0
"POINT (12.318675909000035 51.375665022000078)",Unfall 118543 (2020) Kat:3, Licht: 0,118543,3,3,5,12,11,6,0,0,0,1,0,0,0,1
"POINT (12.385000045000027 51.344378842000026)",Unfall 118567 (2020) Kat:3, Licht: 1,118567,3,6,2,10,17,5,1,1,0,1,0,0,0,0
"POINT (12.300230416000034 51.340437757000075)",Unfall 118568 (2020) Kat:3, Licht: 0,118568,3,3,5,10,15,5,1,0,1,1,0,0,0,0
"POINT (12.301777438000045 51.342661324000062)",Unfall 118569 (2020) Kat:3, Licht: 2,118569,3,2,5,11,20,6,1,2,0,1,0,0,1,0
"POINT (12.449531728000068 51.287267153000073)",Unfall 118571 (2020) Kat:3, Licht: 0,118571,3,1,0,10,10,5,1,0,0,0,0,1,0,0
"POINT (12.421554999000023 51.351538680000033)",Unfall 118594 (2020) Kat:3, Licht: 2,118594,3,1,8,10,06,5,1,2,0,1,0,0,0,0
"POINT (12.394999962000043 51.332148799000038)",Unfall 118596 (2020) Kat:3, Licht: 2,118596,3,6,2,11,18,6,0,2,0,1,0,0,0,0
"POINT (12.403950568000027 51.321659965000038)",Unfall 118610 (2020) Kat:3, Licht: 0,118610,3,6,2,12,07,4,1,0,0,1,0,0,0,0
"POINT (12.531999061000022 51.314730327000063)",Unfall 118616 (2020) Kat:2, Licht: 1,118616,2,6,2,11,06,2,1,1,0,1,0,0,0,0
"POINT (12.389605519000042 51.321766474000071)",Unfall 224319 (2020) Kat:3, Licht: 0,224319,3,3,5,01,12,4,0,0,1,1,0,0,0,0
"POINT (12.384290566000061 51.364867831000026)",Unfall 224428 (2020) Kat:3, Licht: 2,224428,3,6,2,01,02,5,0,2,0,1,0,0,0,0
"POINT (12.327575906000050 51.373255784000037)",Unfall 224502 (2020) Kat:3, Licht: 1,224502,3,1,0,01,19,4,0,1,0,0,0,1,0,0
"POINT (12.386452396000038 51.299091226000030)",Unfall 224603 (2020) Kat:3, Licht: 0,224603,3,3,5,01,11,4,0,0,1,0,0,0,0,1
"POINT (12.285366281000051 51.359229341000059)",Unfall 224611 (2020) Kat:3, Licht: 0,224611,3,5,1,01,10,5,0,0,1,1,0,0,0,0
"POINT (12.282227736000038 51.307764013000053)",Unfall 224614 (2020) Kat:3, Licht: 0,224614,3,7,0,01,14,3,0,0,0,1,0,0,0,0
"POINT (12.398541472000034 51.287346272000036)",Unfall 224616 (2020) Kat:3, Licht: 2,224616,3,3,5,01,07,6,1,2,1,1,0,0,0,0
"POINT (12.373089461000063 51.311625486000082)",Unfall 224621 (2020) Kat:3, Licht: 2,224621,3,3,5,01,17,3,1,2,1,1,0,0,0,0
"POINT (12.418749114000036 51.321940604000076)",Unfall 224623 (2020) Kat:3, Licht: 2,224623,3,3,5,01,17,3,1,2,0,1,0,0,0,0
"POINT (12.418740955000032 51.321940462000043)",Unfall 224629 (2020) Kat:3, Licht: 1,224629,3,3,5,01,07,3,0,1,0,1,0,0,0,0
"POINT (12.368044649000069 51.322287075000077)",Unfall 224638 (2020) Kat:3, Licht: 0,224638,3,5,1,01,07,2,0,0,1,1,0,0,0,0
"POINT (12.369279577000043 51.324205088000042)",Unfall 224641 (2020) Kat:2, Licht: 0,224641,2,6,3,01,15,4,0,0,1,1,0,0,0,0
"POINT (12.380646444000035 51.330728405000059)",Unfall 224645 (2020) Kat:3, Licht: 2,224645,3,2,5,01,18,4,1,2,1,1,0,0,0,0
"POINT (12.421424875000071 51.379231782000033)",Unfall 224646 (2020) Kat:3, Licht: 0,224646,3,3,5,01,13,1,1,0,1,1,0,0,0,0
"POINT (12.405889304000027 51.343773392000060)",Unfall 224648 (2020) Kat:3, Licht: 2,224648,3,2,3,01,07,4,0,2,1,1,0,0,0,0
"POINT (12.373710740000035 51.331228859000078)",Unfall 224656 (2020) Kat:3, Licht: 2,224656,3,3,5,01,04,7,1,2,1,1,0,0,0,0
"POINT (12.318587307000030 51.331493089000048)",Unfall 224659 (2020) Kat:3, Licht: 0,224659,3,2,4,01,13,5,0,0,0,1,0,0,0,0
"POINT (12.383358453000028 51.334899764000056)",Unfall 224661 (2020) Kat:3, Licht: 0,224661,3,3,5,01,08,3,0,0,1,1,0,0,0,0
"POINT (12.260181761000069 51.343934603000037)",Unfall 224669 (2020) Kat:2, Licht: 1,224669,2,2,5,01,06,6,0,1,0,1,1,0,0,0
"POINT (12.382062920000067 51.332606895000026)",Unfall 224671 (2020) Kat:3, Licht: 2,224671,3,2,4,01,17,2,1,2,1,1,0,0,0,0
"POINT (12.386462311000059 51.320932445000039)",Unfall 224673 (2020) Kat:3, Licht: 2,224673,3,6,2,01,17,2,0,2,0,1,0,0,0,0
"POINT (12.333423226000036 51.337986119000050)",Unfall 224678 (2020) Kat:3, Licht: 0,224678,3,3,5,01,15,5,0,0,1,1,0,0,0,0
"POINT (12.376900999000043 51.356435820000058)",Unfall 224680 (2020) Kat:3, Licht: 0,224680,3,4,6,01,12,6,0,0,0,1,1,0,0,0
"POINT (12.366273671000044 51.334483551000062)",Unfall 224683 (2020) Kat:2, Licht: 0,224683,2,6,3,01,16,2,0,0,1,1,0,0,0,0
"POINT (12.385015780000060 51.298896893000062)",Unfall 224684 (2020) Kat:3, Licht: 1,224684,3,3,5,01,18,2,0,1,1,1,0,0,0,0
"POINT (12.430512778000036 51.351307012000063)",Unfall 224687 (2020) Kat:3, Licht: 2,224687,3,2,6,01,20,2,0,2,0,1,1,0,0,0
"POINT (12.290326322000055 51.359754788000032)",Unfall 224690 (2020) Kat:3, Licht: 0,224690,3,3,5,01,15,4,0,0,0,1,0,0,0,0
"POINT (12.381960057000072 51.304412709000076)",Unfall 224697 (2020) Kat:3, Licht: 0,224697,3,2,5,01,07,4,0,0,1,1,0,0,0,0
"POINT (12.396538424000028 51.308908328000030)",Unfall 224705 (2020) Kat:3, Licht: 2,224705,3,3,5,01,05,3,0,2,1,1,0,0,0,0
"POINT (12.376877271000069 51.356108950000078)",Unfall 224706 (2020) Kat:1, Licht: 0,224706,1,4,6,01,11,7,0,0,0,0,1,0,0,1
"POINT (12.347903799000051 51.328775205000056)",Unfall 224715 (2020) Kat:3, Licht: 0,224715,3,2,3,01,07,5,0,0,1,0,0,0,0,1
"POINT (12.430854721000060 51.365695107000079)",Unfall 224731 (2020) Kat:3, Licht: 2,224731,3,2,4,01,07,6,1,2,0,1,0,0,0,0
"POINT (12.389441186000056 51.322617815000058)",Unfall 224732 (2020) Kat:3, Licht: 2,224732,3,3,5,01,06,5,1,2,0,1,0,0,0,0
"POINT (12.368240536000030 51.288672189000067)",Unfall 224736 (2020) Kat:3, Licht: 0,224736,3,3,5,01,10,4,1,0,1,1,0,0,0,0
"POINT (12.371139619000076 51.328933402000075)",Unfall 224739 (2020) Kat:3, Licht: 0,224739,3,3,5,01,09,4,1,0,1,1,0,0,0,0
"POINT (12.458401050000077 51.351849377000065)",Unfall 224748 (2020) Kat:3, Licht: 1,224748,3,2,4,01,16,4,0,1,0,1,0,0,0,0
"POINT (12.393322767000029 51.405616850000058)",Unfall 224750 (2020) Kat:2, Licht: 2,224750,2,6,4,01,18,4,1,2,1,0,0,0,0,1
"POINT (12.373642644000029 51.320701569000050)",Unfall 224752 (2020) Kat:3, Licht: 0,224752,3,2,4,01,14,5,1,0,0,1,0,0,0,0
"POINT (12.366687246000026 51.359850676000065)",Unfall 224753 (2020) Kat:3, Licht: 2,224753,3,1,8,01,18,4,1,2,0,1,0,0,0,0
"POINT (12.421425235000072 51.379228780000062)",Unfall 224755 (2020) Kat:3, Licht: 0,224755,3,3,5,01,15,5,1,0,0,1,0,0,0,0
"POINT (12.479169903000070 51.342777964000049)",Unfall 224760 (2020) Kat:3, Licht: 0,224760,3,3,5,01,12,4,0,0,0,1,0,0,0,0
"POINT (12.318404107000049 51.327364239000076)",Unfall 224762 (2020) Kat:3, Licht: 0,224762,3,7,6,01,15,7,1,0,0,1,1,0,0,0
"POINT (12.405932725000071 51.345477819000052)",Unfall 224764 (2020) Kat:3, Licht: 2,224764,3,4,6,01,00,7,1,2,0,1,1,0,0,0
"POINT (12.386293786000067 51.360629891000031)",Unfall 224766 (2020) Kat:2, Licht: 2,224766,2,2,6,01,06,5,0,2,0,1,1,0,0,0
"POINT (12.406107153000050 51.348559557000044)",Unfall 224767 (2020) Kat:3, Licht: 0,224767,3,6,2,01,16,7,0,0,0,1,0,0,0,0
"POINT (12.365325272000064 51.362454290000073)",Unfall 224769 (2020) Kat:2, Licht: 0,224769,2,3,5,01,14,7,1,0,1,1,0,0,0,0
"POINT (12.408646538000028 51.359948379000059)",Unfall 224770 (2020) Kat:3, Licht: 1,224770,3,3,5,01,06,5,1,1,1,1,0,0,0,0
"POINT (12.395308517000046 51.343453200000056)",Unfall 224772 (2020) Kat:2, Licht: 2,224772,2,5,1,01,06,6,1,2,1,1,0,0,0,0
"POINT (12.372999532000051 51.309706553000069)",Unfall 224773 (2020) Kat:3, Licht: 2,224773,3,3,5,01,17,5,1,2,1,1,0,0,0,0
"POINT (12.263837587000069 51.306836046000058)",Unfall 224776 (2020) Kat:3, Licht: 2,224776,3,3,5,01,17,3,0,2,1,1,0,0,0,0
"POINT (12.378908633000037 51.317580780000071)",Unfall 224778 (2020) Kat:3, Licht: 2,224778,3,6,3,01,05,6,0,2,1,1,0,0,0,0
"POINT (12.428052544000025 51.319877292000058)",Unfall 224795 (2020) Kat:3, Licht: 1,224795,3,1,8,01,16,2,0,1,0,1,0,0,0,1
"POINT (12.369602669000074 51.338136739000049)",Unfall 224799 (2020) Kat:2, Licht: 2,224799,2,4,6,01,19,4,0,2,1,0,1,0,0,0
"POINT (12.392470127000024 51.334145221000028)",Unfall 224800 (2020) Kat:3, Licht: 2,224800,3,2,5,01,17,6,1,2,1,0,0,0,0,1
"POINT (12.292312983000045 51.317926143000079)",Unfall 224806 (2020) Kat:3, Licht: 0,224806,3,5,1,01,15,4,1,0,1,1,0,0,0,0
"POINT (12.437615071000039 51.302142236000066)",Unfall 224811 (2020) Kat:2, Licht: 0,224811,2,3,5,01,15,6,0,0,0,1,0,0,0,1
"POINT (12.330508727000051 51.339973864000058)",Unfall 224814 (2020) Kat:3, Licht: 0,224814,3,5,1,01,10,7,0,0,1,1,0,0,0,0
"POINT (12.373671293000029 51.332787073000077)",Unfall 224817 (2020) Kat:1, Licht: 2,224817,1,4,6,01,00,6,0,2,0,0,1,0,0,1
"POINT (12.380143125000075 51.339295697000068)",Unfall 224824 (2020) Kat:2, Licht: 0,224824,2,3,5,01,12,3,0,0,0,1,0,0,0,1
"POINT (12.398529154000073 51.360994558000073)",Unfall 224833 (2020) Kat:3, Licht: 2,224833,3,7,0,01,18,3,0,2,1,0,0,0,0,0
"POINT (12.400440863000028 51.329531864000046)",Unfall 224844 (2020) Kat:3, Licht: 2,224844,3,5,1,01,07,2,0,2,1,1,0,0,0,0
"POINT (12.373615515000040 51.321529299000076)",Unfall 224849 (2020) Kat:3, Licht: 2,224849,3,4,6,01,02,4,0,2,1,0,1,0,0,0
"POINT (12.349904887000037 51.366046596000047)",Unfall 224854 (2020) Kat:3, Licht: 1,224854,3,2,4,01,07,4,0,1,0,1,0,0,0,0
"POINT (12.416876110000032 51.315538435000065)",Unfall 224855 (2020) Kat:3, Licht: 0,224855,3,1,9,01,11,1,1,0,0,1,0,0,0,0
"POINT (12.363120908000042 51.373194665000028)",Unfall 224859 (2020) Kat:3, Licht: 0,224859,3,3,5,01,13,5,0,0,1,0,0,0,0,1
"POINT (12.396248364000030 51.301189212000054)",Unfall 224860 (2020) Kat:2, Licht: 2,224860,2,3,5,01,18,3,0,2,1,0,0,0,0,1
"POINT (12.317916301000025 51.320424726000056)",Unfall 224861 (2020) Kat:3, Licht: 0,224861,3,6,2,02,15,6,0,0,0,1,0,0,0,1
"POINT (12.381691120000028 51.320233060000078)",Unfall 224864 (2020) Kat:3, Licht: 0,224864,3,7,0,02,08,6,0,0,1,1,0,0,0,0
"POINT (12.366203968000036 51.336345946000051)",Unfall 224875 (2020) Kat:2, Licht: 2,224875,2,1,8,02,00,6,1,2,0,1,0,0,0,0
"POINT (12.419544928000050 51.318237234000037)",Unfall 224877 (2020) Kat:3, Licht: 0,224877,3,3,5,02,15,3,1,0,1,1,0,0,0,0
"POINT (12.330472436000036 51.342076302000066)",Unfall 224886 (2020) Kat:3, Licht: 0,224886,3,3,5,02,07,5,0,0,0,1,0,0,0,0
"POINT (12.406966164000039 51.342823841000040)",Unfall 224900 (2020) Kat:3, Licht: 0,224900,3,3,5,02,14,5,0,0,0,1,0,0,0,0
"POINT (12.267940201000044 51.320748943000069)",Unfall 224901 (2020) Kat:3, Licht: 2,224901,3,6,6,02,05,4,1,2,1,0,1,0,0,0
"POINT (12.331163661000062 51.371991110000067)",Unfall 224905 (2020) Kat:3, Licht: 2,224905,3,3,5,02,06,4,0,2,1,1,0,0,0,0
"POINT (12.365337889000045 51.362451333000081)",Unfall 224906 (2020) Kat:3, Licht: 2,224906,3,4,6,02,22,4,0,2,0,1,1,0,0,0
"POINT (12.362676816000032 51.338997966000079)",Unfall 224909 (2020) Kat:3, Licht: 2,224909,3,7,0,02,17,4,0,2,1,1,0,0,0,0