WKT,Name,OBJECTID,UKATEGORIE,UTYP1,UART,UMONAT,USTUNDE,UWOCHENTAG,STRZUSTAND,ULICHTVERH,ISTRAD,ISTPKW,ISTFUSS,ISTKRAD,ISTGKFZ,ISTSONSTIG
"POINT (12.313203144000056 51.281626674000051)",Unfall 224910 (2020) Kat:3, Licht: 2,224910,3,4,6,02,00,4,0,2,1,0,1,0,0,0
"POINT (12.338104082000029 51.395325093000054)",Unfall 224927 (2020) Kat:3, Licht: 2,224927,3,1,8,02,07,3,1,2,0,1,0,0,0,0
"POINT (12.328390897000077 51.375511317000075)",Unfall 224945 (2020) Kat:1, Licht: 0,224945,1,7,9,02,15,3,1,0,0,1,0,0,0,0
"POINT (12.357973047000030 51.344103706000055)",Unfall 224950 (2020) Kat:3, Licht: 2,224950,3,3,5,02,06,2,1,2,1,1,0,0,0,0
"POINT (12.309492262000049 51.349735171000077)",Unfall 224951 (2020) Kat:3, Licht: 0,224951,3,4,6,02,15,2,0,0,1,0,1,0,0,0
"POINT (12.307684892000054 51.311977924000075)",Unfall 224956 (2020) Kat:3, Licht: 0,224956,3,3,5,02,11,7,0,0,1,1,0,0,0,0
"POINT (12.413172276000068 51.323641097000063)",Unfall 224959 (2020) Kat:3, Licht: 2,224959,3,5,1,02,20,7,0,2,1,1,0,0,0,0
"POINT (12.366140873000063 51.365029719000063)",Unfall 224967 (2020) Kat:3, Licht: 0,224967,3,2,5,01,12,1,0,0,0,1,0,0,0,1
"POINT (12.413164134000056 51.345149345000038)",Unfall 224973 (2020) Kat:3, Licht: 2,224973,3,5,3,02,18,1,1,2,1,1,0,0,0,0
"POINT (12.414426118000051 51.345092923000038)",Unfall 224974 (2020) Kat:3, Licht: 0,224974,3,2,5,02,13,1,1,0,0,1,0,0,0,0
"POINT (12.385343702000057 51.341180282000039)",Unfall 224975 (2020) Kat:3, Licht: 0,224975,3,2,5,02,09,2,0,0,1,1,0,0,0,0
"POINT (12.361173848000021 51.361708015000033)",Unfall 224977 (2020) Kat:3, Licht: 0,224977,3,3,5,01,16,1,0,0,0,1,0,0,0,0
"POINT (12.326906473000065 51.339091281000037)",Unfall 224980 (2020) Kat:2, Licht: 2,224980,2,3,5,01,18,1,0,2,1,1,0,0,0,0
"POINT (12.375828458000058 51.366891164000037)",Unfall 224982 (2020) Kat:3, Licht: 2,224982,3,3,5,01,06,1,0,2,0,1,0,0,0,0
"POINT (12.373361066000029 51.353061475000061)",Unfall 224984 (2020) Kat:3, Licht: 2,224984,3,3,5,02,20,7,1,2,1,1,0,0,0,0
"POINT (12.461321043000055 51.352740131000076)",Unfall 224985 (2020) Kat:3, Licht: 0,224985,3,2,5,02,11,2,0,0,0,1,0,0,0,0
"POINT (12.374118320000036 51.303343240000061)",Unfall 224986 (2020) Kat:2, Licht: 0,224986,2,3,5,02,12,7,0,0,1,1,0,0,0,0
"POINT (12.370803407000039 51.338199389000067)",Unfall 224987 (2020) Kat:3, Licht: 0,224987,3,2,6,02,16,3,1,0,0,1,1,0,0,0
"POINT (12.390227719000052 51.290983932000074)",Unfall 224997 (2020) Kat:3, Licht: 2,224997,3,7,0,02,05,2,1,2,0,1,1,0,0,0
"POINT (12.365651813000056 51.363446706000047)",Unfall 225001 (2020) Kat:3, Licht: 2,225001,3,3,5,01,18,7,0,2,0,1,0,1,0,0
"POINT (12.395043448000024 51.318573713000035)",Unfall 225002 (2020) Kat:2, Licht: 2,225002,2,3,5,02,19,7,0,2,0,1,0,0,0,0
"POINT (12.362179903000026 51.332099430000028)",Unfall 225003 (2020) Kat:2, Licht: 2,225003,2,3,5,01,23,6,0,2,1,1,0,0,0,0
"POINT (12.377165412000068 51.333213664000027)",Unfall 225005 (2020) Kat:3, Licht: 2,225005,3,2,5,01,17,6,0,2,1,1,0,0,0,0
"POINT (12.395305053000072 51.399995128000057)",Unfall 225011 (2020) Kat:3, Licht: 0,225011,3,3,5,02,10,5,0,0,1,1,0,0,0,0
"POINT (12.382801129000029 51.382267689000059)",Unfall 225017 (2020) Kat:2, Licht: 0,225017,2,6,3,02,09,2,1,0,0,0,0,0,1,1
"POINT (12.332449915000041 51.337852062000081)",Unfall 225028 (2020) Kat:3, Licht: 2,225028,3,2,1,01,22,5,1,2,0,1,0,1,0,0
"POINT (12.395794677000026 51.363289323000060)",Unfall 225029 (2020) Kat:3, Licht: 0,225029,3,3,5,01,10,5,0,0,1,1,0,0,0,0
"POINT (12.374890133000065 51.359998677000078)",Unfall 225032 (2020) Kat:3, Licht: 0,225032,3,3,5,01,15,5,0,0,1,1,0,0,0,0
"POINT (12.325850847000027 51.311177098000030)",Unfall 225034 (2020) Kat:3, Licht: 0,225034,3,2,2,01,07,5,0,0,0,1,0,0,0,0
"POINT (12.377632020000021 51.346733707000055)",Unfall 225036 (2020) Kat:2, Licht: 0,225036,2,7,6,01,13,5,0,0,0,1,1,0,0,0
"POINT (12.371245741000052 51.335613585000033)",Unfall 225055 (2020) Kat:3, Licht: 2,225055,3,2,2,01,18,6,0,2,0,1,0,0,0,0
"POINT (12.303522638000061 51.334577006000075)",Unfall 225057 (2020) Kat:3, Licht: 0,225057,3,5,3,02,14,3,1,0,0,1,0,0,0,0
"POINT (12.289598001000059 51.312923138000031)",Unfall 225059 (2020) Kat:3, Licht: 0,225059,3,6,4,01,16,6,0,0,1,1,0,0,0,0
"POINT (12.371308940000063 51.320787796000047)",Unfall 225061 (2020) Kat:3, Licht: 2,225061,3,2,6,01,17,6,0,2,0,1,1,0,0,0
"POINT (12.408661689000041 51.359996790000082)",Unfall 225065 (2020) Kat:2, Licht: 0,225065,2,3,5,02,14,5,0,0,1,1,0,0,0,0
"POINT (12.403071633000025 51.345684965000032)",Unfall 225066 (2020) Kat:2, Licht: 0,225066,2,2,5,01,13,4,0,0,1,1,0,0,0,0
"POINT (12.409356926000044 51.339125331000048)",Unfall 225067 (2020) Kat:3, Licht: 2,225067,3,1,9,01,03,4,0,2,0,1,0,0,0,0
"POINT (12.392290974000048 51.382065083000043)",Unfall 225068 (2020) Kat:3, Licht: 2,225068,3,3,5,01,22,6,1,2,1,0,0,0,0,1
"POINT (12.437254842000073 51.395776125000054)",Unfall 225070 (2020) Kat:3, Licht: 0,225070,3,2,5,01,15,4,0,0,0,1,0,0,0,0
"POINT (12.399435696000069 51.376403988000050)",Unfall 225077 (2020) Kat:3, Licht: 0,225077,3,3,5,01,07,3,1,0,1,1,0,0,0,0
"POINT (12.389781059000029 51.362865978000059)",Unfall 225078 (2020) Kat:3, Licht: 0,225078,3,1,0,01,08,6,0,0,1,0,0,0,0,0
"POINT (12.450685136000061 51.411959561000060)",Unfall 225080 (2020) Kat:3, Licht: 0,225080,3,6,2,01,16,3,0,0,0,1,0,0,0,0
"POINT (12.375828458000058 51.366891164000037)",Unfall 225081 (2020) Kat:2, Licht: 1,225081,2,2,5,01,06,3,1,1,0,1,0,0,0,0
"POINT (12.350748247000070 51.365852351000058)",Unfall 225085 (2020) Kat:3, Licht: 0,225085,3,4,6,01,09,6,0,0,0,0,1,0,0,1
"POINT (12.370863414000041 51.338252937000050)",Unfall 225107 (2020) Kat:3, Licht: 0,225107,3,7,0,01,11,2,0,0,1,1,0,0,0,0
"POINT (12.361804788000029 51.332551666000029)",Unfall 225108 (2020) Kat:3, Licht: 2,225108,3,3,5,02,19,3,0,2,1,1,0,0,0,0
"POINT (12.366722697000057 51.325194413000077)",Unfall 225114 (2020) Kat:3, Licht: 2,225114,3,3,5,01,18,2,1,2,1,1,0,0,0,0
"POINT (12.340312249000021 51.325039153000034)",Unfall 225116 (2020) Kat:3, Licht: 0,225116,3,3,5,01,09,2,0,0,1,1,0,0,0,0
"POINT (12.327166385000055 51.334934836000059)",Unfall 225117 (2020) Kat:3, Licht: 0,225117,3,7,1,01,12,2,0,0,1,0,0,0,0,1
"POINT (12.335811582000076 51.327633765000030)",Unfall 225118 (2020) Kat:3, Licht: 0,225118,3,2,5,02,16,5,1,0,1,1,0,0,0,0
"POINT (12.330761491000032 51.372134705000065)",Unfall 225119 (2020) Kat:3, Licht: 1,225119,3,2,5,01,07,2,0,1,1,1,0,0,0,0
"POINT (12.428282822000028 51.398310982000055)",Unfall 225120 (2020) Kat:3, Licht: 0,225120,3,6,2,01,13,2,0,0,0,1,0,0,0,0
"POINT (12.305406916000038 51.326955195000039)",Unfall 225123 (2020) Kat:2, Licht: 0,225123,2,4,6,01,11,2,0,0,0,1,1,0,0,0
"POINT (12.380189179000070 51.339254241000049)",Unfall 225125 (2020) Kat:3, Licht: 2,225125,3,4,6,01,18,2,1,2,1,0,1,0,0,0
"POINT (12.325849515000073 51.311183081000081)",Unfall 225127 (2020) Kat:3, Licht: 0,225127,3,2,2,02,15,4,0,0,0,1,0,0,0,0
"POINT (12.327910619000022 51.300610106000079)",Unfall 225128 (2020) Kat:1, Licht: 0,225128,1,2,6,01,10,2,0,0,0,0,1,0,1,0
"POINT (12.386082899000030 51.352826163000032)",Unfall 225130 (2020) Kat:3, Licht: 0,225130,3,6,2,01,14,5,0,0,0,1,0,1,0,0
"POINT (12.418744098000047 51.344870014000037)",Unfall 225132 (2020) Kat:3, Licht: 0,225132,3,5,3,03,08,6,0,0,1,0,0,0,0,1
"POINT (12.334856568000077 51.349852390000081)",Unfall 225133 (2020) Kat:2, Licht: 1,225133,2,6,2,03,06,3,1,1,0,1,0,1,0,0
"POINT (12.394196918000034 51.333375549000039)",Unfall 225142 (2020) Kat:3, Licht: 0,225142,3,7,6,02,09,6,0,0,0,1,1,0,0,0
"POINT (12.371281772000032 51.339667100000042)",Unfall 225146 (2020) Kat:3, Licht: 0,225146,3,6,2,02,10,5,0,0,0,1,0,0,0,0
"POINT (12.396166274000052 51.301187412000047)",Unfall 225150 (2020) Kat:3, Licht: 0,225150,3,2,4,03,07,5,0,0,1,1,0,0,0,0
"POINT (12.373482643000045 51.316996276000054)",Unfall 225155 (2020) Kat:3, Licht: 0,225155,3,5,1,03,07,2,1,0,1,1,0,0,0,0
"POINT (12.317224674000045 51.333029323000062)",Unfall 225160 (2020) Kat:3, Licht: 0,225160,3,7,3,03,12,7,0,0,0,1,0,0,0,0
"POINT (12.395771566000064 51.363300699000035)",Unfall 225167 (2020) Kat:3, Licht: 2,225167,3,3,5,02,22,5,0,2,1,1,0,0,0,0
"POINT (12.370928938000077 51.337253833000034)",Unfall 225168 (2020) Kat:3, Licht: 0,225168,3,6,2,02,15,5,0,0,0,1,0,0,0,0
"POINT (12.310724239000024 51.349163529000066)",Unfall 225173 (2020) Kat:3, Licht: 0,225173,3,2,5,03,10,3,1,0,1,1,0,0,0,0
"POINT (12.380130419000068 51.330242370000065)",Unfall 225174 (2020) Kat:3, Licht: 0,225174,3,3,5,02,09,5,0,0,1,1,0,0,0,0
"POINT (12.272356247000062 51.325331567000035)",Unfall 225180 (2020) Kat:3, Licht: 2,225180,3,1,8,02,02,7,1,2,0,1,0,0,0,0
"POINT (12.323794836000047 51.374592736000068)",Unfall 225181 (2020) Kat:3, Licht: 0,225181,3,2,6,02,07,4,1,0,0,1,1,0,0,0
"POINT (12.386305511000046 51.360543463000056)",Unfall 225187 (2020) Kat:3, Licht: 0,225187,3,2,4,02,11,6,0,0,0,1,0,0,0,0
"POINT (12.355369123000060 51.348795647000031)",Unfall 225194 (2020) Kat:3, Licht: 0,225194,3,3,5,03,07,2,1,0,1,1,0,0,0,0
"POINT (12.405751741000074 51.331753364000065)",Unfall 225197 (2020) Kat:3, Licht: 0,225197,3,2,3,03,09,4,0,0,1,1,0,0,0,0
"POINT (12.395572550000054 51.346080575000030)",Unfall 225204 (2020) Kat:3, Licht: 0,225204,3,3,5,03,10,5,0,0,1,1,0,0,0,0
"POINT (12.368645584000035 51.357231112000079)",Unfall 225213 (2020) Kat:3, Licht: 0,225213,3,4,6,02,11,5,0,0,0,1,1,0,0,0
"POINT (12.371506959000044 51.337700036000058)",Unfall 225220 (2020) Kat:3, Licht: 2,225220,3,6,6,02,05,7,1,2,0,1,1,0,0,0
"POINT (12.393166461000021 51.336919496000064)",Unfall 225221 (2020) Kat:3, Licht: 2,225221,3,3,5,02,21,4,0,2,1,1,0,0,0,0
"POINT (12.374118320000036 51.303343240000061)",Unfall 225224 (2020) Kat:3, Licht: 1,225224,3,3,5,03,16,3,0,1,0,1,0,0,0,0
"POINT (12.385001933000069 51.338305116000072)",Unfall 225226 (2020) Kat:3, Licht: 0,225226,3,2,4,02,13,1,0,0,0,1,0,0,0,0
"POINT (12.378708364000033 51.345631477000040)",Unfall 225228 (2020) Kat:3, Licht: 1,225228,3,1,0,03,06,3,1,1,1,0,0,0,0,0
"POINT (12.417449320000060 51.316076495000061)",Unfall 225229 (2020) Kat:3, Licht: 1,225229,3,3,5,02,06,3,0,1,1,1,0,0,0,0
"POINT (12.373706345000073 51.351669533000063)",Unfall 225230 (2020) Kat:2, Licht: 0,225230,2,1,1,02,15,1,1,0,1,1,0,0,0,0
"POINT (12.362665100000072 51.338972181000031)",Unfall 225234 (2020) Kat:3, Licht: 2,225234,3,3,5,03,19,2,0,2,1,1,0,0,0,0
"POINT (12.393202999000039 51.336947284000075)",Unfall 225235 (2020) Kat:3, Licht: 0,225235,3,2,3,03,17,4,0,0,1,1,0,0,0,0
"POINT (12.336377456000037 51.328537464000078)",Unfall 225238 (2020) Kat:3, Licht: 2,225238,3,3,5,02,21,3,0,2,0,1,0,0,0,0
"POINT (12.385189822000029 51.339591798000072)",Unfall 225240 (2020) Kat:3, Licht: 0,225240,3,7,0,03,08,2,1,0,0,1,0,0,0,0
"POINT (12.315227934000063 51.357194915000036)",Unfall 225247 (2020) Kat:2, Licht: 2,225247,2,1,4,02,18,3,1,2,0,1,0,0,0,0
"POINT (12.401877131000049 51.364026564000028)",Unfall 225251 (2020) Kat:2, Licht: 0,225251,2,3,5,02,16,3,0,0,1,1,0,0,0,0
"POINT (12.329629883000052 51.322691345000067)",Unfall 225258 (2020) Kat:3, Licht: 2,225258,3,7,1,03,23,5,1,2,0,1,0,1,0,0
"POINT (12.307061219000047 51.323120486000050)",Unfall 225259 (2020) Kat:3, Licht: 0,225259,3,2,4,02,14,3,0,0,0,1,0,0,0,1
"POINT (12.373148482000033 51.311688386000071)",Unfall 225267 (2020) Kat:2, Licht: 2,225267,2,6,3,03,05,2,1,2,1,1,0,0,0,0
"POINT (12.314997613000060 51.325888035000048)",Unfall 225270 (2020) Kat:3, Licht: 0,225270,3,3,5,02,08,2,0,0,1,0,0,0,0,1
"POINT (12.314727779000066 51.357064860000037)",Unfall 225273 (2020) Kat:3, Licht: 2,225273,3,1,9,03,01,7,1,2,0,1,0,0,0,0
"POINT (12.358017079000035 51.335359502000074)",Unfall 225275 (2020) Kat:3, Licht: 0,225275,3,2,5,02,15,2,0,0,1,1,0,0,0,0
"POINT (12.310598809000055 51.317374283000049)",Unfall 225277 (2020) Kat:3, Licht: 0,225277,3,3,5,02,14,2,0,0,1,1,0,0,0,0
"POINT (12.305067829000052 51.313321425000026)",Unfall 225278 (2020) Kat:3, Licht: 2,225278,3,1,8,02,01,7,1,2,1,0,0,0,0,0
"POINT (12.307285584000056 51.355669470000066)",Unfall 225284 (2020) Kat:3, Licht: 0,225284,3,3,5,03,07,3,1,0,1,1,0,0,0,0
"POINT (12.392299541000057 51.297023662000072)",Unfall 225287 (2020) Kat:3, Licht: 0,225287,3,5,1,02,15,2,1,0,1,1,0,0,0,0
"POINT (12.408645943000067 51.359946478000040)",Unfall 225289 (2020) Kat:3, Licht: 0,225289,3,6,1,02,17,2,1,0,1,1,0,0,0,0
"POINT (12.436421742000050 51.345485242000052)",Unfall 225292 (2020) Kat:1, Licht: 0,225292,1,4,6,03,13,4,0,0,0,0,1,0,1,0
"POINT (12.392807796000056 51.328522970000051)",Unfall 225294 (2020) Kat:2, Licht: 0,225294,2,4,0,02,16,4,0,0,1,0,1,0,0,0
"POINT (12.326970324000058 51.332786886000065)",Unfall 225300 (2020) Kat:3, Licht: 0,225300,3,2,3,02,10,6,1,0,1,1,0,0,0,0
"POINT (12.327338078000025 51.325458916000059)",Unfall 225306 (2020) Kat:3, Licht: 0,225306,3,3,5,02,10,1,0,0,0,1,0,0,0,0
"POINT (12.330612740000049 51.372187380000071)",Unfall 225310 (2020) Kat:3, Licht: 0,225310,3,6,4,02,12,2,0,0,0,1,0,0,0,0
"POINT (12.401915345000077 51.379967943000054)",Unfall 225313 (2020) Kat:2, Licht: 0,225313,2,2,4,02,13,1,0,0,0,1,0,1,0,0
"POINT (12.361735886000076 51.363396069000032)",Unfall 225316 (2020) Kat:2, Licht: 0,225316,2,6,3,03,11,5,0,0,1,0,0,0,1,0
"POINT (12.381611729000042 51.350913048000052)",Unfall 225321 (2020) Kat:3, Licht: 0,225321,3,2,3,03,12,2,0,0,1,1,0,0,0,0
"POINT (12.369720329000074 51.324477244000036)",Unfall 225326 (2020) Kat:2, Licht: 0,225326,2,2,5,03,17,7,0,0,1,1,0,0,0,0
"POINT (12.407392268000024 51.325980956000080)",Unfall 225335 (2020) Kat:3, Licht: 2,225335,3,3,5,02,19,7,0,2,0,1,0,0,0,0
"POINT (12.371068150000042 51.328888826000082)",Unfall 225336 (2020) Kat:3, Licht: 0,225336,3,3,5,02,08,2,0,0,1,1,0,0,0,0
"POINT (12.366739594000023 51.325208993000047)",Unfall 225337 (2020) Kat:3, Licht: 0,225337,3,2,2,02,11,4,1,0,0,1,0,0,0,0
"POINT (12.337659347000056 51.336927605000028)",Unfall 225340 (2020) Kat:3, Licht: 1,225340,3,6,1,03,20,3,0,1,0,1,0,0,0,0
"POINT (12.407308909000051 51.346198645000072)",Unfall 225341 (2020) Kat:3, Licht: 0,225341,3,6,4,02,19,7,0,0,1,0,0,0,0,0
"POINT (12.359218210000051 51.334482356000080)",Unfall 225345 (2020) Kat:3, Licht: 2,225345,3,3,5,02,04,7,1,2,1,1,0,0,0,0
"POINT (12.408630484000071 51.359897084000067)",Unfall 225346 (2020) Kat:3, Licht: 0,225346,3,2,6,02,07,4,1,0,0,1,1,0,0,0
"POINT (12.362704837000024 51.338943039000071)",Unfall 225351 (2020) Kat:3, Licht: 0,225351,3,2,5,02,14,7,0,0,1,1,0,0,0,0
"POINT (12.407380064000051 51.325984206000044)",Unfall 225358 (2020) Kat:3, Licht: 1,225358,3,3,5,02,06,7,0,1,1,1,0,0,0,0
"POINT (12.406182008000030 51.347595840000054)",Unfall 225360 (2020) Kat:2, Licht: 2,225360,2,1,0,02,01,7,1,2,1,0,0,0,0,0
"POINT (12.457619967000028 51.313474876000043)",Unfall 225364 (2020) Kat:2, Licht: 2,225364,2,6,2,02,19,7,0,2,1,1,0,0,0,0
"POINT (12.362708469000040 51.338940374000060)",Unfall 225370 (2020) Kat:3, Licht: 0,225370,3,2,3,03,07,5,0,0,1,1,0,0,0,0
"POINT (12.371135492000064 51.328924770000071)",Unfall 225371 (2020) Kat:3, Licht: 0,225371,3,3,5,02,14,3,0,0,1,1,0,0,0,0
"POINT (12.299754246000077 51.268307614000037)",Unfall 225377 (2020) Kat:3, Licht: 0,225377,3,3,5,03,14,2,0,0,1,1,0,0,0,0
"POINT (12.388092012000072 51.338147850000041)",Unfall 225383 (2020) Kat:3, Licht: 0,225383,3,2,3,03,14,7,0,0,1,1,0,0,0,0
"POINT (12.318421167000054 51.331525354000064)",Unfall 225387 (2020) Kat:2, Licht: 1,225387,2,4,6,02,18,7,0,1,0,1,1,0,0,0
"POINT (12.364093904000072 51.327707597000028)",Unfall 225388 (2020) Kat:3, Licht: 0,225388,3,3,3,02,07,4,1,0,1,1,0,0,0,0
"POINT (12.371429562000060 51.331524380000076)",Unfall 225393 (2020) Kat:2, Licht: 0,225393,2,4,6,03,15,3,0,0,0,1,1,0,0,0
"POINT (12.452781716000061 51.325812780000035)",Unfall 225394 (2020) Kat:2, Licht: 2,225394,2,3,5,02,06,6,1,2,1,1,0,0,0,0
"POINT (12.393561937000072 51.322792934000063)",Unfall 225396 (2020) Kat:3, Licht: 0,225396,3,2,5,02,16,2,1,0,0,1,0,0,0,0
"POINT (12.361611338000046 51.363328194000076)",Unfall 225400 (2020) Kat:3, Licht: 0,225400,3,2,4,03,10,2,1,0,0,1,0,0,0,0
"POINT (12.336563584000032 51.328827508000074)",Unfall 225401 (2020) Kat:3, Licht: 0,225401,3,3,5,03,13,4,0,0,1,1,0,0,0,0
"POINT (12.389237046000062 51.388032830000043)",Unfall 225404 (2020) Kat:3, Licht: 0,225404,3,7,7,02,16,6,1,0,0,1,0,0,0,0
"POINT (12.361697317000051 51.363404825000032)",Unfall 225405 (2020) Kat:3, Licht: 0,225405,3,2,2,03,17,2,0,0,0,1,0,0,0,0
"POINT (12.284827563000022 51.312030459000027)",Unfall 225413 (2020) Kat:2, Licht: 0,225413,2,2,5,04,10,1,0,0,0,1,0,0,0,1
"POINT (12.326050470000041 51.307300350000048)",Unfall 225415 (2020) Kat:3, Licht: 2,225415,3,3,5,03,20,7,0,2,0,1,0,0,0,0
"POINT (12.396428792000052 51.303450093000038)",Unfall 225417 (2020) Kat:3, Licht: 2,225417,3,1,9,03,22,7,0,2,0,1,0,0,0,0
"POINT (12.263840613000070 51.306831105000072)",Unfall 225423 (2020) Kat:2, Licht: 0,225423,2,2,5,04,18,4,0,0,0,1,0,0,0,1
"POINT (12.296206835000021 51.317626636000057)",Unfall 225428 (2020) Kat:3, Licht: 0,225428,3,3,5,03,09,7,0,0,1,1,0,0,0,0
"POINT (12.306375823000053 51.351328171000034)",Unfall 225431 (2020) Kat:3, Licht: 0,225431,3,2,5,03,13,3,0,0,1,1,0,0,0,0
"POINT (12.308358153000029 51.320994604000077)",Unfall 225444 (2020) Kat:3, Licht: 2,225444,3,3,5,04,21,2,0,2,1,1,0,0,0,0
"POINT (12.332054433000053 51.322483348000048)",Unfall 225450 (2020) Kat:3, Licht: 0,225450,3,6,1,03,13,6,0,0,0,1,0,0,0,0
"POINT (12.301038352000035 51.325729503000048)",Unfall 225457 (2020) Kat:3, Licht: 0,225457,3,1,9,03,15,7,0,0,0,1,0,0,0,0
"POINT (12.460411816000033 51.356852853000078)",Unfall 225481 (2020) Kat:3, Licht: 0,225481,3,2,4,03,09,6,0,0,0,1,0,0,0,0
"POINT (12.315532223000048 51.370922360000066)",Unfall 225487 (2020) Kat:3, Licht: 0,225487,3,1,4,03,13,5,0,0,0,1,0,0,0,0
"POINT (12.402489089000028 51.338936115000081)",Unfall 225488 (2020) Kat:3, Licht: 0,225488,3,2,5,03,14,5,0,0,1,0,0,0,0,1
"POINT (12.378040169000030 51.337122323000074)",Unfall 225490 (2020) Kat:3, Licht: 0,225490,3,3,5,03,08,5,0,0,1,1,0,0,0,0
"POINT (12.300231986000028 51.351852274000066)",Unfall 225499 (2020) Kat:3, Licht: 0,225499,3,1,8,03,12,4,0,0,0,1,0,0,0,0
"POINT (12.340898632000062 51.367163129000062)",Unfall 225503 (2020) Kat:2, Licht: 2,225503,2,1,9,04,20,1,0,2,1,0,0,0,0,0
"POINT (12.317562967000072 51.370895388000065)",Unfall 225520 (2020) Kat:3, Licht: 0,225520,3,2,3,04,15,1,0,0,1,0,0,1,0,0
"POINT (12.293268037000075 51.359245094000073)",Unfall 225535 (2020) Kat:3, Licht: 0,225535,3,5,3,03,06,4,1,0,0,1,0,0,0,0
"POINT (12.378597707000040 51.324110998000037)",Unfall 225537 (2020) Kat:3, Licht: 2,225537,3,4,6,03,19,4,0,2,0,1,1,0,0,0
"POINT (12.347394759000053 51.350685512000041)",Unfall 225542 (2020) Kat:3, Licht: 0,225542,3,3,5,03,16,1,0,0,1,1,0,0,0,0
"POINT (12.406106425000075 51.346854169000039)",Unfall 225543 (2020) Kat:2, Licht: 0,225543,2,3,5,03,14,7,0,0,0,1,0,0,0,0
"POINT (12.409966305000069 51.375391283000056)",Unfall 225544 (2020) Kat:3, Licht: 0,225544,3,3,5,03,17,4,0,0,1,1,0,0,0,0
"POINT (12.408658256000024 51.359985818000041)",Unfall 225546 (2020) Kat:2, Licht: 2,225546,2,3,5,03,22,4,1,2,1,1,0,0,0,0
"POINT (12.405762663000075 51.345538650000037)",Unfall 225549 (2020) Kat:3, Licht: 0,225549,3,7,0,03,08,6,0,0,1,0,0,0,0,0
"POINT (12.406144144000052 51.348134176000030)",Unfall 225553 (2020) Kat:2, Licht: 0,225553,2,3,5,03,09,6,0,0,0,1,0,1,0,0
"POINT (12.373554790000071 51.330154552000067)",Unfall 225562 (2020) Kat:3, Licht: 0,225562,3,1,0,03,10,5,0,0,1,0,0,0,0,0
"POINT (12.364190077000046 51.344436779000034)",Unfall 225564 (2020) Kat:3, Licht: 0,225564,3,2,4,03,12,5,0,0,1,1,0,0,0,0
"POINT (12.419029935000026 51.353339074000075)",Unfall 225565 (2020) Kat:3, Licht: 0,225565,3,7,0,03,17,5,0,0,1,0,0,0,0,0
"POINT (12.424761560000036 51.357463663000033)",Unfall 225568 (2020) Kat:3, Licht: 1,225568,3,4,6,03,05,5,0,1,0,0,1,0,0,1
"POINT (12.367378661000032 51.369072097000071)",Unfall 225569 (2020) Kat:3, Licht: 0,225569,3,5,1,03,12,5,0,0,0,1,0,0,0,0
"POINT (12.372737783000048 51.337188411000056)",Unfall 225580 (2020) Kat:3, Licht: 0,225580,3,6,6,03,11,3,1,0,0,1,1,0,0,0
"POINT (12.379775412000072 51.353216839000027)",Unfall 225587 (2020) Kat:3, Licht: 0,225587,3,7,1,03,08,3,0,0,0,1,0,0,0,0
"POINT (12.396488924000039 51.343050475000041)",Unfall 225589 (2020) Kat:3, Licht: 0,225589,3,1,0,03,09,3,1,0,1,0,0,0,0,0
"POINT (12.369305140000051 51.356522144000053)",Unfall 225595 (2020) Kat:3, Licht: 2,225595,3,5,1,03,20,3,1,2,1,1,0,0,0,0
"POINT (12.377496316000077 51.365735763000032)",Unfall 225600 (2020) Kat:3, Licht: 0,225600,3,3,5,03,09,3,1,0,0,1,0,0,0,0
"POINT (12.369424178000031 51.364114484000027)",Unfall 225601 (2020) Kat:3, Licht: 0,225601,3,3,5,03,15,3,1,0,1,1,0,0,0,0
"POINT (12.433687963000068 51.344252300000051)",Unfall 225603 (2020) Kat:2, Licht: 2,225603,2,1,8,04,23,7,0,2,0,1,0,0,0,0
"POINT (12.410597680000024 51.345286573000067)",Unfall 225605 (2020) Kat:3, Licht: 0,225605,3,4,6,04,10,2,0,0,0,1,1,0,0,0
"POINT (12.273605061000069 51.302363040000046)",Unfall 225611 (2020) Kat:3, Licht: 0,225611,3,7,6,04,15,5,0,0,0,1,1,0,0,0
"POINT (12.417568432000053 51.358594105000066)",Unfall 225618 (2020) Kat:3, Licht: 2,225618,3,1,8,04,21,5,0,2,0,1,0,0,0,0
"POINT (12.456601447000025 51.284479571000077)",Unfall 225621 (2020) Kat:3, Licht: 0,225621,3,7,1,03,14,3,0,0,0,1,0,0,0,1
"POINT (12.310251440000059 51.317722621000030)",Unfall 225622 (2020) Kat:2, Licht: 0,225622,2,3,5,03,07,3,0,0,1,1,0,0,0,0
"POINT (12.420397179000076 51.347616059000075)",Unfall 225638 (2020) Kat:3, Licht: 0,225638,3,7,1,03,12,2,0,0,0,1,1,0,0,0
"POINT (12.396415932000025 51.310257323000030)",Unfall 225641 (2020) Kat:3, Licht: 0,225641,3,6,1,03,15,2,0,0,0,1,0,0,0,0
"POINT (12.359683202000042 51.341040264000071)",Unfall 225642 (2020) Kat:3, Licht: 0,225642,3,1,8,03,08,2,0,0,0,1,0,0,0,0
"POINT (12.421423987000026 51.379239216000030)",Unfall 225644 (2020) Kat:2, Licht: 0,225644,2,3,5,03,11,2,0,0,0,1,0,1,0,0
"POINT (12.374110155000039 51.335609460000057)",Unfall 225651 (2020) Kat:3, Licht: 0,225651,3,6,2,03,11,2,0,0,0,1,0,0,1,0