WKT,Name,OBJECTID,UKATEGORIE,UTYP1,UART,UMONAT,USTUNDE,UWOCHENTAG,STRZUSTAND,ULICHTVERH,ISTRAD,ISTPKW,ISTFUSS,ISTKRAD,ISTGKFZ,ISTSONSTIG
"POINT (12.400011832000075 51.330155268000055)",Unfall 225654 (2020) Kat:3, Licht: 1,225654,3,3,5,04,20,2,0,1,1,1,0,0,0,0
"POINT (12.378096643000049 51.374981622000064)",Unfall 225658 (2020) Kat:2, Licht: 0,225658,2,4,6,03,12,1,0,0,0,1,1,0,0,0
"POINT (12.367106449000062 51.325475773000051)",Unfall 225660 (2020) Kat:3, Licht: 2,225660,3,2,4,03,19,2,1,2,0,1,0,0,0,1
"POINT (12.471663937000073 51.323882402000038)",Unfall 225663 (2020) Kat:3, Licht: 0,225663,3,6,3,03,15,1,0,0,0,0,0,1,0,0
"POINT (12.371070627000051 51.338294197000039)",Unfall 225669 (2020) Kat:2, Licht: 0,225669,2,6,2,03,15,2,0,0,1,0,0,0,0,0
"POINT (12.411437301000035 51.323421307000046)",Unfall 225670 (2020) Kat:3, Licht: 0,225670,3,7,1,04,15,1,0,0,1,1,0,0,0,0
"POINT (12.455110209000054 51.293886484000041)",Unfall 225677 (2020) Kat:3, Licht: 2,225677,3,1,0,04,04,2,1,2,1,0,0,0,0,0
"POINT (12.440133923000076 51.331815777000031)",Unfall 225679 (2020) Kat:3, Licht: 1,225679,3,2,5,04,05,2,1,1,0,1,0,0,0,0
"POINT (12.360501208000073 51.384105859000044)",Unfall 225682 (2020) Kat:3, Licht: 0,225682,3,3,5,04,14,2,0,0,1,1,0,0,0,0
"POINT (12.378676727000027 51.335867848000078)",Unfall 225688 (2020) Kat:3, Licht: 0,225688,3,2,2,04,10,3,0,0,0,1,0,0,0,0
"POINT (12.434343294000030 51.317271848000075)",Unfall 225692 (2020) Kat:3, Licht: 0,225692,3,1,0,04,14,1,0,0,1,0,0,0,0,0
"POINT (12.417976541000030 51.344903418000058)",Unfall 225694 (2020) Kat:2, Licht: 0,225694,2,4,6,04,18,6,0,0,1,0,1,0,0,0
"POINT (12.354067187000055 51.362422363000064)",Unfall 225699 (2020) Kat:3, Licht: 0,225699,3,6,3,04,19,1,0,0,1,1,0,0,0,0
"POINT (12.419616892000022 51.338281070000050)",Unfall 225703 (2020) Kat:3, Licht: 0,225703,3,1,1,04,19,1,0,0,1,1,0,0,0,0
"POINT (12.378640275000066 51.330684204000079)",Unfall 225710 (2020) Kat:3, Licht: 0,225710,3,2,4,04,08,5,0,0,1,1,0,0,0,0
"POINT (12.413823878000073 51.345852397000044)",Unfall 225712 (2020) Kat:3, Licht: 0,225712,3,7,4,04,18,3,0,0,0,1,1,0,0,0
"POINT (12.405540728000062 51.331374930000038)",Unfall 225721 (2020) Kat:3, Licht: 0,225721,3,6,2,04,14,5,0,0,0,1,0,0,0,0
"POINT (12.430385683000054 51.321775698000067)",Unfall 225724 (2020) Kat:3, Licht: 0,225724,3,3,1,04,06,3,0,0,1,1,0,0,0,0
"POINT (12.308707539000068 51.347268170000063)",Unfall 225731 (2020) Kat:3, Licht: 1,225731,3,3,5,04,21,4,0,1,0,1,0,0,0,0
"POINT (12.371010367000054 51.335197648000076)",Unfall 225738 (2020) Kat:3, Licht: 0,225738,3,3,5,04,17,7,0,0,1,0,0,0,0,1
"POINT (12.378472374000069 51.320507640000073)",Unfall 225739 (2020) Kat:3, Licht: 0,225739,3,3,5,04,15,2,0,0,0,1,0,0,0,1
"POINT (12.305129377000071 51.326875030000053)",Unfall 225746 (2020) Kat:3, Licht: 0,225746,3,6,3,04,18,7,0,0,0,1,0,1,0,0
"POINT (12.374407998000038 51.339900581000052)",Unfall 225764 (2020) Kat:3, Licht: 2,225764,3,3,5,04,22,3,0,2,1,0,0,0,0,1
"POINT (12.378435166000031 51.334844286000077)",Unfall 225768 (2020) Kat:3, Licht: 0,225768,3,5,3,04,17,3,0,0,1,1,0,0,0,0
"POINT (12.406668427000056 51.375680732000035)",Unfall 225773 (2020) Kat:2, Licht: 0,225773,2,6,3,04,14,5,0,0,1,0,0,0,0,1
"POINT (12.403380830000060 51.347608817000037)",Unfall 225780 (2020) Kat:3, Licht: 0,225780,3,3,5,04,17,7,0,0,1,1,0,0,0,0
"POINT (12.444589997000037 51.338808653000058)",Unfall 225793 (2020) Kat:2, Licht: 0,225793,2,2,4,04,13,2,0,0,0,1,0,0,0,1
"POINT (12.298110502000043 51.325104979000059)",Unfall 225795 (2020) Kat:3, Licht: 0,225795,3,3,5,04,09,6,0,0,0,1,0,0,0,0
"POINT (12.387202735000074 51.326813052000034)",Unfall 225796 (2020) Kat:3, Licht: 0,225796,3,2,6,04,18,4,0,0,0,1,1,0,0,0
"POINT (12.400899000000038 51.339292078000028)",Unfall 225801 (2020) Kat:3, Licht: 0,225801,3,5,3,04,15,4,0,0,1,1,0,0,0,0
"POINT (12.415642239000022 51.323924279000039)",Unfall 225803 (2020) Kat:3, Licht: 0,225803,3,3,5,04,11,2,0,0,0,1,0,0,0,0
"POINT (12.405868868000027 51.331620082000029)",Unfall 225806 (2020) Kat:3, Licht: 0,225806,3,5,2,04,16,6,0,0,1,1,0,0,0,0
"POINT (12.371536668000033 51.355647785000031)",Unfall 225811 (2020) Kat:3, Licht: 0,225811,3,7,7,04,18,3,0,0,1,0,1,0,0,0
"POINT (12.334890165000047 51.320497325000076)",Unfall 225816 (2020) Kat:3, Licht: 0,225816,3,5,1,04,16,1,0,0,1,1,0,0,0,0
"POINT (12.368532147000053 51.334913496000070)",Unfall 225817 (2020) Kat:3, Licht: 0,225817,3,6,2,04,18,5,0,0,0,1,0,0,0,0
"POINT (12.457999538000024 51.351933569000039)",Unfall 225818 (2020) Kat:3, Licht: 1,225818,3,3,5,04,20,4,0,1,0,1,0,0,0,0
"POINT (12.376927328000022 51.344130962000065)",Unfall 225824 (2020) Kat:3, Licht: 2,225824,3,7,0,04,22,5,0,2,0,0,0,1,0,0
"POINT (12.311180459000070 51.310075695000080)",Unfall 225826 (2020) Kat:3, Licht: 0,225826,3,3,5,04,07,3,0,0,1,1,0,0,0,0
"POINT (12.367079851000028 51.338910063000071)",Unfall 225827 (2020) Kat:3, Licht: 0,225827,3,5,1,04,14,5,0,0,1,1,0,0,0,0
"POINT (12.369344236000074 51.346851934000028)",Unfall 225829 (2020) Kat:2, Licht: 0,225829,2,1,9,04,07,1,0,0,0,1,0,0,0,0
"POINT (12.314793490000056 51.353468943000053)",Unfall 225831 (2020) Kat:3, Licht: 0,225831,3,1,0,04,11,4,0,0,1,0,0,0,0,0
"POINT (12.395342768000035 51.339112763000060)",Unfall 225832 (2020) Kat:3, Licht: 0,225832,3,2,2,04,14,5,0,0,1,1,0,0,0,0
"POINT (12.376529427000037 51.353307913000037)",Unfall 225835 (2020) Kat:3, Licht: 0,225835,3,6,2,04,13,4,0,0,0,1,0,1,1,0
"POINT (12.319048590000023 51.385109946000057)",Unfall 225837 (2020) Kat:3, Licht: 0,225837,3,3,5,04,16,3,0,0,1,1,0,0,0,0
"POINT (12.327312386000074 51.302312165000046)",Unfall 225838 (2020) Kat:3, Licht: 0,225838,3,3,5,04,18,5,0,0,0,1,0,0,0,0
"POINT (12.327539658000035 51.335072430000082)",Unfall 225839 (2020) Kat:3, Licht: 0,225839,3,6,2,04,12,3,0,0,0,1,0,0,0,0
"POINT (12.358631066000044 51.342235110000047)",Unfall 225845 (2020) Kat:3, Licht: 0,225845,3,4,6,04,13,4,0,0,0,1,1,0,0,0
"POINT (12.452963120000049 51.383810584000059)",Unfall 225846 (2020) Kat:3, Licht: 0,225846,3,1,7,04,16,5,0,0,0,1,0,0,0,0
"POINT (12.369219318000034 51.363087929000073)",Unfall 225848 (2020) Kat:3, Licht: 0,225848,3,3,5,04,11,5,0,0,1,0,0,0,0,1
"POINT (12.459199597000065 51.401940141000068)",Unfall 225853 (2020) Kat:3, Licht: 0,225853,3,3,5,04,14,4,0,0,1,1,0,0,0,0
"POINT (12.271951092000052 51.309189092000054)",Unfall 225854 (2020) Kat:1, Licht: 0,225854,1,1,9,04,16,5,0,0,0,1,0,0,0,0
"POINT (12.393566956000029 51.322790258000055)",Unfall 225855 (2020) Kat:3, Licht: 0,225855,3,3,5,04,13,2,0,0,1,1,0,0,0,0
"POINT (12.319756939000058 51.346243128000026)",Unfall 225861 (2020) Kat:3, Licht: 0,225861,3,3,5,04,16,2,0,0,0,1,0,1,0,0
"POINT (12.382276223000076 51.365883273000065)",Unfall 225878 (2020) Kat:3, Licht: 0,225878,3,2,4,04,09,5,0,0,1,1,0,0,0,0
"POINT (12.378919396000072 51.387414117000048)",Unfall 225879 (2020) Kat:3, Licht: 0,225879,3,3,5,04,14,4,0,0,1,1,0,0,0,0
"POINT (12.301099918000034 51.313944332000062)",Unfall 225880 (2020) Kat:2, Licht: 0,225880,2,3,5,04,16,3,0,0,1,0,0,0,0,1
"POINT (12.389696032000074 51.309253321000028)",Unfall 225887 (2020) Kat:3, Licht: 1,225887,3,7,7,04,19,1,0,1,0,0,1,0,0,1
"POINT (12.375084088000051 51.302865471000075)",Unfall 225889 (2020) Kat:3, Licht: 0,225889,3,6,2,04,17,5,0,0,0,1,0,0,0,0
"POINT (12.359627613000043 51.358225494000067)",Unfall 225903 (2020) Kat:3, Licht: 0,225903,3,6,3,04,17,4,0,0,1,0,0,0,1,0
"POINT (12.398649638000052 51.332239059000074)",Unfall 225905 (2020) Kat:3, Licht: 0,225905,3,2,3,04,18,4,0,0,1,0,0,0,0,0
"POINT (12.384448262000035 51.365776849000042)",Unfall 225906 (2020) Kat:3, Licht: 0,225906,3,6,2,04,13,2,0,0,0,1,0,0,0,0
"POINT (12.387222593000047 51.297360911000055)",Unfall 225913 (2020) Kat:2, Licht: 0,225913,2,3,5,04,08,4,0,0,0,1,0,0,0,0
"POINT (12.433729180000057 51.301487873000042)",Unfall 225928 (2020) Kat:3, Licht: 0,225928,3,3,5,04,13,1,0,0,1,0,0,1,0,0
"POINT (12.353951349000056 51.350967200000071)",Unfall 225930 (2020) Kat:3, Licht: 0,225930,3,6,2,04,15,4,1,0,0,1,0,0,0,0
"POINT (12.344071565000036 51.318862179000064)",Unfall 225932 (2020) Kat:2, Licht: 0,225932,2,6,3,04,11,3,0,0,0,1,0,0,0,1
"POINT (12.372384471000032 51.349623197000028)",Unfall 225935 (2020) Kat:3, Licht: 0,225935,3,3,5,04,15,3,0,0,1,1,0,0,0,0
"POINT (12.416537734000030 51.356742994000058)",Unfall 225938 (2020) Kat:3, Licht: 0,225938,3,1,0,04,17,1,0,0,1,0,0,0,0,0
"POINT (12.303102706000061 51.353142188000049)",Unfall 225947 (2020) Kat:3, Licht: 0,225947,3,6,2,04,18,7,0,0,0,1,0,0,0,0
"POINT (12.451293202000045 51.345495029000062)",Unfall 225957 (2020) Kat:3, Licht: 0,225957,3,2,3,05,12,7,0,0,0,1,0,1,0,0
"POINT (12.370992913000066 51.320801276000054)",Unfall 225959 (2020) Kat:3, Licht: 2,225959,3,6,3,05,22,7,0,2,1,1,0,0,0,0
"POINT (12.385025301000042 51.298898017000056)",Unfall 225960 (2020) Kat:2, Licht: 0,225960,2,1,5,05,09,7,0,0,1,0,0,0,0,1
"POINT (12.449732895000068 51.345561579000048)",Unfall 225962 (2020) Kat:2, Licht: 0,225962,2,3,5,05,14,7,0,0,1,0,0,0,0,1
"POINT (12.428150033000065 51.328147241000067)",Unfall 225963 (2020) Kat:2, Licht: 2,225963,2,4,6,05,23,7,0,2,1,0,1,0,0,0
"POINT (12.385322572000064 51.340126893000047)",Unfall 225972 (2020) Kat:3, Licht: 0,225972,3,4,6,05,14,6,0,0,0,1,1,0,0,0
"POINT (12.331660476000025 51.321991856000068)",Unfall 225973 (2020) Kat:3, Licht: 0,225973,3,5,1,05,13,6,0,0,1,1,0,0,0,0
"POINT (12.373858993000056 51.305067306000069)",Unfall 225974 (2020) Kat:3, Licht: 0,225974,3,4,6,05,16,3,0,0,1,0,1,0,0,0
"POINT (12.395730797000056 51.399857379000082)",Unfall 225976 (2020) Kat:3, Licht: 0,225976,3,6,4,05,09,6,0,0,0,1,0,0,0,0
"POINT (12.388055511000061 51.338152598000079)",Unfall 225978 (2020) Kat:3, Licht: 0,225978,3,2,2,05,15,6,0,0,0,1,0,0,0,0
"POINT (12.379045464000058 51.362194350000038)",Unfall 226003 (2020) Kat:3, Licht: 0,226003,3,7,6,05,15,5,0,0,0,1,1,0,0,0
"POINT (12.432554938000067 51.379567809000037)",Unfall 226005 (2020) Kat:3, Licht: 0,226005,3,3,5,05,11,5,0,0,1,1,0,0,0,0
"POINT (12.413259982000056 51.336545934000071)",Unfall 226013 (2020) Kat:2, Licht: 0,226013,2,4,6,05,13,3,0,0,1,0,1,0,0,0
"POINT (12.313885458000073 51.346244890000037)",Unfall 226016 (2020) Kat:3, Licht: 0,226016,3,3,5,05,07,2,0,0,0,1,0,0,0,0
"POINT (12.321007551000037 51.302774040000031)",Unfall 226018 (2020) Kat:3, Licht: 0,226018,3,3,5,05,09,2,0,0,1,0,0,0,0,1
"POINT (12.388647052000067 51.342420310000080)",Unfall 226023 (2020) Kat:3, Licht: 0,226023,3,3,5,05,16,4,0,0,1,1,0,0,0,0
"POINT (12.394488516000024 51.284853579000071)",Unfall 226026 (2020) Kat:3, Licht: 0,226026,3,3,1,05,13,4,0,0,1,1,0,0,0,0
"POINT (12.387222221000059 51.297361624000075)",Unfall 226027 (2020) Kat:3, Licht: 0,226027,3,3,0,05,15,2,1,0,1,0,0,0,0,1
"POINT (12.379681338000069 51.365207526000063)",Unfall 226028 (2020) Kat:2, Licht: 0,226028,2,4,6,05,15,4,0,0,0,1,1,0,0,0
"POINT (12.364947045000065 51.406871165000041)",Unfall 226029 (2020) Kat:2, Licht: 0,226029,2,3,4,05,15,2,1,0,0,1,0,1,0,0
"POINT (12.357622059000050 51.364277596000079)",Unfall 226048 (2020) Kat:3, Licht: 0,226048,3,1,0,05,16,3,0,0,1,0,0,0,0,0
"POINT (12.385307693000073 51.357066834000079)",Unfall 226052 (2020) Kat:3, Licht: 2,226052,3,1,9,05,01,3,1,2,0,1,0,0,0,0
"POINT (12.375378522000062 51.320701283000062)",Unfall 226067 (2020) Kat:3, Licht: 0,226067,3,6,2,05,16,2,1,0,0,1,0,1,0,0
"POINT (12.415454481000040 51.320838050000077)",Unfall 226079 (2020) Kat:3, Licht: 2,226079,3,1,1,05,02,1,0,2,1,1,0,0,0,0
"POINT (12.433430148000070 51.390414851000060)",Unfall 226080 (2020) Kat:3, Licht: 0,226080,3,3,5,05,12,1,0,0,1,0,0,0,0,0
"POINT (12.383924973000035 51.380578399000058)",Unfall 226085 (2020) Kat:3, Licht: 1,226085,3,2,3,05,20,7,1,1,1,1,0,0,0,0
"POINT (12.313831948000029 51.305507669000065)",Unfall 226091 (2020) Kat:3, Licht: 0,226091,3,1,8,05,16,7,0,0,0,1,0,0,0,0
"POINT (12.329314595000028 51.340053099000045)",Unfall 226092 (2020) Kat:2, Licht: 0,226092,2,3,5,05,19,1,0,0,1,1,0,0,0,0
"POINT (12.404608078000024 51.344702959000074)",Unfall 226095 (2020) Kat:3, Licht: 0,226095,3,6,6,05,09,2,0,0,0,1,1,0,0,0
"POINT (12.351968523000039 51.343763296000077)",Unfall 226098 (2020) Kat:3, Licht: 0,226098,3,3,5,05,17,2,0,0,1,0,0,0,1,0
"POINT (12.327933252000037 51.342442617000074)",Unfall 226101 (2020) Kat:3, Licht: 0,226101,3,3,5,05,11,7,1,0,0,1,0,0,0,0
"POINT (12.369449743000075 51.341772661000050)",Unfall 226103 (2020) Kat:3, Licht: 0,226103,3,6,2,05,18,7,0,0,0,1,0,1,0,0
"POINT (12.381778120000035 51.338630660000035)",Unfall 226116 (2020) Kat:3, Licht: 0,226116,3,2,3,05,08,2,0,0,1,1,0,0,0,0
"POINT (12.376345303000051 51.348612679000041)",Unfall 226120 (2020) Kat:3, Licht: 0,226120,3,6,2,05,15,3,0,0,0,1,0,0,0,0
"POINT (12.358631066000044 51.342235110000047)",Unfall 226126 (2020) Kat:3, Licht: 0,226126,3,4,6,05,13,6,0,0,0,1,1,0,0,0
"POINT (12.324608837000028 51.340090177000036)",Unfall 226127 (2020) Kat:3, Licht: 0,226127,3,3,5,05,11,6,0,0,1,1,0,0,0,0
"POINT (12.323199741000053 51.355137020000029)",Unfall 226129 (2020) Kat:3, Licht: 0,226129,3,5,1,05,17,6,0,0,1,1,0,0,0,0
"POINT (12.305025895000028 51.302835785000070)",Unfall 226131 (2020) Kat:2, Licht: 0,226131,2,1,8,05,07,6,0,0,0,0,0,1,0,0
"POINT (12.440210586000035 51.331716877000076)",Unfall 226140 (2020) Kat:3, Licht: 0,226140,3,6,2,05,12,2,0,0,0,0,0,1,1,0
"POINT (12.429781898000044 51.379589749000047)",Unfall 226157 (2020) Kat:3, Licht: 0,226157,3,2,4,05,17,5,0,0,1,1,0,0,0,0
"POINT (12.364251996000064 51.327329529000053)",Unfall 226158 (2020) Kat:3, Licht: 0,226158,3,6,2,05,15,5,0,0,0,1,0,0,0,0
"POINT (12.349319116000061 51.348509122000053)",Unfall 226161 (2020) Kat:2, Licht: 0,226161,2,2,4,05,14,5,0,0,0,1,0,0,0,0
"POINT (12.339467037000077 51.334354830000052)",Unfall 226163 (2020) Kat:3, Licht: 0,226163,3,2,2,05,10,5,0,0,0,1,0,0,0,1
"POINT (12.330294405000075 51.337824944000033)",Unfall 226165 (2020) Kat:3, Licht: 0,226165,3,3,5,05,17,5,0,0,1,1,0,0,0,0
"POINT (12.419611005000036 51.385044883000035)",Unfall 226177 (2020) Kat:3, Licht: 0,226177,3,3,5,04,14,5,0,0,1,1,0,0,0,0
"POINT (12.347042674000022 51.328889719000074)",Unfall 226185 (2020) Kat:3, Licht: 0,226185,3,6,3,04,07,5,0,0,1,1,0,0,0,0
"POINT (12.326006328000062 51.307270483000082)",Unfall 226190 (2020) Kat:3, Licht: 0,226190,3,3,5,05,08,4,0,0,1,1,0,0,0,0
"POINT (12.337971644000049 51.369638098000053)",Unfall 226196 (2020) Kat:3, Licht: 0,226196,3,2,6,05,20,2,0,0,0,1,1,0,0,0
"POINT (12.286975331000065 51.354049481000061)",Unfall 226199 (2020) Kat:3, Licht: 0,226199,3,3,5,05,11,2,0,0,0,1,0,1,0,0
"POINT (12.410067705000074 51.341221093000058)",Unfall 226204 (2020) Kat:3, Licht: 2,226204,3,1,1,05,01,6,0,2,1,1,0,0,0,0
"POINT (12.292353835000029 51.356751294000048)",Unfall 226216 (2020) Kat:3, Licht: 0,226216,3,5,3,05,15,6,0,0,1,1,0,0,0,0
"POINT (12.309080097000049 51.331032995000044)",Unfall 226222 (2020) Kat:2, Licht: 0,226222,2,1,0,05,15,4,0,0,1,0,0,0,0,0
"POINT (12.405969537000033 51.342209556000057)",Unfall 226223 (2020) Kat:3, Licht: 1,226223,3,1,0,05,20,1,1,1,1,0,0,0,0,0
"POINT (12.317173263000029 51.275196349000055)",Unfall 226237 (2020) Kat:3, Licht: 1,226237,3,1,0,05,20,5,0,1,1,0,0,0,0,0
"POINT (12.340990275000024 51.337868687000082)",Unfall 226242 (2020) Kat:2, Licht: 0,226242,2,1,0,05,08,3,0,0,1,0,0,0,0,1
"POINT (12.279481111000052 51.311160505000032)",Unfall 226246 (2020) Kat:3, Licht: 0,226246,3,3,5,05,16,7,0,0,0,0,0,0,0,1
"POINT (12.426113051000073 51.311142650000079)",Unfall 226251 (2020) Kat:2, Licht: 0,226251,2,6,2,05,07,5,1,0,0,1,0,1,0,0
"POINT (12.293008801000042 51.359321797000064)",Unfall 226252 (2020) Kat:1, Licht: 0,226252,1,1,0,06,09,5,0,0,1,0,0,0,0,0
"POINT (12.465198899000029 51.364530367000043)",Unfall 226254 (2020) Kat:3, Licht: 0,226254,3,2,4,05,16,6,0,0,0,1,0,0,0,0
"POINT (12.308043916000031 51.346991962000061)",Unfall 226259 (2020) Kat:3, Licht: 0,226259,3,4,6,06,12,6,0,0,0,1,1,0,0,0
"POINT (12.376728626000045 51.343050479000055)",Unfall 226267 (2020) Kat:3, Licht: 0,226267,3,2,5,06,08,3,0,0,1,0,0,0,0,0
"POINT (12.378906201000063 51.325102941000068)",Unfall 226269 (2020) Kat:2, Licht: 0,226269,2,1,1,06,18,3,0,0,1,1,0,0,0,0
"POINT (12.378671752000059 51.366448157000036)",Unfall 226270 (2020) Kat:2, Licht: 0,226270,2,2,4,05,06,6,0,0,1,1,0,0,0,0
"POINT (12.358800407000047 51.365218555000070)",Unfall 226275 (2020) Kat:3, Licht: 0,226275,3,2,4,06,05,3,0,0,1,1,0,0,0,0
"POINT (12.430333166000025 51.349952248000079)",Unfall 226277 (2020) Kat:3, Licht: 0,226277,3,3,5,06,16,3,0,0,1,1,0,0,0,0
"POINT (12.386740071000077 51.328434381000079)",Unfall 226286 (2020) Kat:2, Licht: 0,226286,2,4,6,06,18,3,0,0,0,0,1,0,0,1
"POINT (12.333967435000034 51.319330254000079)",Unfall 226287 (2020) Kat:3, Licht: 0,226287,3,3,5,05,19,5,0,0,1,1,0,0,0,0
"POINT (12.378611855000031 51.324276481000027)",Unfall 226288 (2020) Kat:2, Licht: 0,226288,2,2,6,06,08,3,0,0,0,1,1,0,0,0
"POINT (12.410190857000032 51.341133205000062)",Unfall 226292 (2020) Kat:3, Licht: 2,226292,3,6,1,05,01,6,0,2,1,1,0,0,0,0
"POINT (12.332949172000042 51.338683135000053)",Unfall 226298 (2020) Kat:3, Licht: 0,226298,3,3,5,06,09,4,0,0,1,1,0,0,0,0
"POINT (12.314981068000066 51.308162428000060)",Unfall 226307 (2020) Kat:3, Licht: 2,226307,3,1,4,06,22,4,0,2,1,0,0,1,0,0
"POINT (12.343603854000037 51.319794886000068)",Unfall 226312 (2020) Kat:3, Licht: 0,226312,3,5,1,05,07,4,0,0,1,1,0,0,0,0
"POINT (12.378103577000047 51.375009634000037)",Unfall 226314 (2020) Kat:3, Licht: 0,226314,3,2,2,06,08,6,0,0,0,1,0,0,0,0
"POINT (12.331442959000071 51.349644524000041)",Unfall 226322 (2020) Kat:3, Licht: 0,226322,3,3,5,05,11,6,0,0,1,1,0,0,0,0
"POINT (12.267969930000049 51.356203975000028)",Unfall 226341 (2020) Kat:3, Licht: 0,226341,3,3,5,06,19,4,1,0,1,1,0,0,0,0
"POINT (12.407525953000061 51.351303129000030)",Unfall 226342 (2020) Kat:2, Licht: 0,226342,2,3,5,05,10,5,0,0,1,1,0,0,0,0
"POINT (12.421673843000065 51.332555912000032)",Unfall 226345 (2020) Kat:3, Licht: 0,226345,3,2,5,06,17,5,0,0,1,1,0,0,0,0
"POINT (12.376339784000038 51.350095859000078)",Unfall 226348 (2020) Kat:3, Licht: 0,226348,3,6,2,05,08,4,0,0,1,0,0,0,0,0
"POINT (12.365708229000063 51.363456608000035)",Unfall 226350 (2020) Kat:3, Licht: 0,226350,3,3,5,05,15,3,0,0,1,1,0,0,0,0
"POINT (12.372984335000069 51.301387189000081)",Unfall 226351 (2020) Kat:3, Licht: 0,226351,3,3,5,05,14,6,0,0,1,1,0,0,0,0
"POINT (12.460788791000027 51.367465676000052)",Unfall 226353 (2020) Kat:3, Licht: 0,226353,3,6,2,06,12,4,0,0,0,1,0,1,0,0
"POINT (12.377569055000038 51.357757795000055)",Unfall 226354 (2020) Kat:3, Licht: 0,226354,3,3,5,05,17,7,0,0,1,1,0,0,0,0
"POINT (12.395800814000040 51.363286302000063)",Unfall 226362 (2020) Kat:3, Licht: 0,226362,3,3,5,05,07,6,0,0,1,1,0,0,0,0
"POINT (12.450666466000030 51.282997640000076)",Unfall 226364 (2020) Kat:3, Licht: 0,226364,3,1,4,06,14,4,0,0,0,1,0,0,0,1
"POINT (12.408817226000053 51.325576674000047)",Unfall 226366 (2020) Kat:3, Licht: 0,226366,3,3,5,05,11,4,0,0,0,1,0,0,0,0
"POINT (12.408661689000041 51.359996790000082)",Unfall 226367 (2020) Kat:2, Licht: 1,226367,2,3,5,06,05,6,1,1,1,1,0,0,0,0
"POINT (12.349323727000069 51.348510149000049)",Unfall 226374 (2020) Kat:3, Licht: 0,226374,3,2,4,05,18,6,0,0,0,1,0,1,0,0
"POINT (12.408654791000060 51.359974748000070)",Unfall 226375 (2020) Kat:3, Licht: 0,226375,3,2,3,05,18,4,0,0,0,1,0,1,0,0
"POINT (12.340665052000077 51.331026806000068)",Unfall 226379 (2020) Kat:3, Licht: 0,226379,3,3,5,06,09,2,0,0,0,1,0,0,0,0
"POINT (12.385966394000036 51.363595793000059)",Unfall 226380 (2020) Kat:3, Licht: 0,226380,3,1,0,05,17,6,0,0,1,0,0,0,0,0
"POINT (12.368855435000057 51.320942833000061)",Unfall 226381 (2020) Kat:3, Licht: 0,226381,3,6,3,05,14,4,0,0,1,0,0,0,0,1
"POINT (12.357010808000041 51.320489696000038)",Unfall 226384 (2020) Kat:3, Licht: 0,226384,3,3,5,05,11,1,0,0,1,1,0,0,0,0
"POINT (12.307229673000052 51.330160539000076)",Unfall 226396 (2020) Kat:3, Licht: 0,226396,3,7,6,05,15,5,0,0,1,0,1,0,0,0
"POINT (12.394926296000051 51.346115173000044)",Unfall 226403 (2020) Kat:2, Licht: 0,226403,2,1,4,05,17,6,1,0,0,0,0,1,0,1
"POINT (12.419133342000066 51.353898486000048)",Unfall 226405 (2020) Kat:2, Licht: 2,226405,2,7,0,06,00,4,0,2,0,0,0,1,0,0
"POINT (12.369137329000068 51.356705701000067)",Unfall 226406 (2020) Kat:3, Licht: 0,226406,3,1,0,05,12,7,0,0,1,0,0,0,0,0
"POINT (12.370935313000075 51.369472656000028)",Unfall 226408 (2020) Kat:2, Licht: 0,226408,2,4,6,06,16,6,0,0,0,1,1,0,0,0
"POINT (12.338104298000076 51.327182071000038)",Unfall 226410 (2020) Kat:3, Licht: 0,226410,3,3,0,06,18,4,1,0,1,1,0,0,0,0
"POINT (12.329771887000049 51.366398443000037)",Unfall 226414 (2020) Kat:3, Licht: 0,226414,3,7,1,06,17,5,0,0,1,1,0,0,0,0
"POINT (12.337145063000037 51.329756869000050)",Unfall 226416 (2020) Kat:3, Licht: 0,226416,3,5,1,05,15,6,0,0,1,1,0,0,0,0
"POINT (12.373710389000053 51.331211979000045)",Unfall 226422 (2020) Kat:3, Licht: 0,226422,3,2,3,05,14,4,0,0,1,1,0,0,0,0
"POINT (12.328494460000059 51.336701432000041)",Unfall 226430 (2020) Kat:3, Licht: 0,226430,3,2,5,05,10,6,0,0,1,1,0,0,0,0
"POINT (12.382981127000050 51.334174267000037)",Unfall 226441 (2020) Kat:3, Licht: 0,226441,3,7,1,05,10,1,0,0,0,1,0,0,0,0
"POINT (12.479205338000043 51.346016731000077)",Unfall 226442 (2020) Kat:3, Licht: 0,226442,3,1,8,05,17,6,0,0,0,0,0,1,0,0
"POINT (12.276704789000064 51.381155437000075)",Unfall 226462 (2020) Kat:3, Licht: 0,226462,3,7,0,06,19,4,1,0,1,0,1,0,0,0
"POINT (12.421614381000040 51.343743444000040)",Unfall 226466 (2020) Kat:3, Licht: 0,226466,3,2,3,05,07,6,0,0,1,1,0,0,0,0
"POINT (12.448525452000069 51.390491281000038)",Unfall 226480 (2020) Kat:3, Licht: 0,226480,3,3,5,06,14,3,0,0,1,0,0,0,0,0
"POINT (12.299447473000043 51.413190312000040)",Unfall 226487 (2020) Kat:3, Licht: 1,226487,3,7,7,06,20,3,0,1,0,0,0,1,0,0
"POINT (12.373637963000022 51.330514481000080)",Unfall 226488 (2020) Kat:3, Licht: 0,226488,3,2,5,06,10,4,0,0,1,1,0,0,0,0