WKT,Name,OBJECTID,UKATEGORIE,UTYP1,UART,UMONAT,USTUNDE,UWOCHENTAG,STRZUSTAND,ULICHTVERH,ISTRAD,ISTPKW,ISTFUSS,ISTKRAD,ISTGKFZ,ISTSONSTIG
"POINT (12.337536387000057 51.396577686000057)",Unfall 226490 (2020) Kat:3, Licht: 0,226490,3,6,9,06,15,3,0,0,1,0,0,0,0,1
"POINT (12.302972631000046 51.353231108000045)",Unfall 226494 (2020) Kat:3, Licht: 0,226494,3,6,2,06,11,6,0,0,0,1,0,0,0,0
"POINT (12.396466919000034 51.309601112000053)",Unfall 226502 (2020) Kat:3, Licht: 0,226502,3,3,5,06,11,4,0,0,1,1,0,0,0,0
"POINT (12.322752367000021 51.304490848000057)",Unfall 226503 (2020) Kat:3, Licht: 0,226503,3,3,5,06,11,5,0,0,0,1,0,0,0,0
"POINT (12.374112089000050 51.303322695000077)",Unfall 226506 (2020) Kat:3, Licht: 0,226506,3,2,6,06,11,6,1,0,0,1,1,0,0,0
"POINT (12.343097214000068 51.328644774000054)",Unfall 226510 (2020) Kat:3, Licht: 0,226510,3,5,1,06,13,4,0,0,1,1,0,0,0,0
"POINT (12.340678558000036 51.331046678000064)",Unfall 226512 (2020) Kat:3, Licht: 0,226512,3,3,5,06,16,1,0,0,0,1,0,0,0,0
"POINT (12.409134591000054 51.345371514000078)",Unfall 226513 (2020) Kat:3, Licht: 0,226513,3,3,5,06,09,2,0,0,0,1,0,0,0,0
"POINT (12.372228027000062 51.349668950000080)",Unfall 226521 (2020) Kat:3, Licht: 0,226521,3,2,5,06,11,4,0,0,0,1,0,0,0,1
"POINT (12.334240819000058 51.319324461000065)",Unfall 226532 (2020) Kat:3, Licht: 0,226532,3,7,5,06,13,2,0,0,1,0,0,0,0,0
"POINT (12.287729204000073 51.357250622000038)",Unfall 226535 (2020) Kat:3, Licht: 0,226535,3,3,5,06,15,2,0,0,1,1,0,0,0,0
"POINT (12.268043072000069 51.344843429000036)",Unfall 226536 (2020) Kat:2, Licht: 0,226536,2,3,5,06,17,3,0,0,0,1,0,0,0,0
"POINT (12.341201503000036 51.325763040000027)",Unfall 226537 (2020) Kat:3, Licht: 0,226537,3,3,5,06,11,7,0,0,1,0,0,1,0,0
"POINT (12.429515421000076 51.291566517000035)",Unfall 226540 (2020) Kat:3, Licht: 0,226540,3,5,1,06,12,2,0,0,0,1,0,0,0,0
"POINT (12.378880236000043 51.335979056000042)",Unfall 226541 (2020) Kat:3, Licht: 2,226541,3,1,8,06,04,4,0,2,0,1,0,0,0,0
"POINT (12.323891130000050 51.320390560000078)",Unfall 226543 (2020) Kat:3, Licht: 0,226543,3,2,2,06,06,2,0,0,0,1,0,0,0,0
"POINT (12.428661357000067 51.321099925000055)",Unfall 226546 (2020) Kat:3, Licht: 0,226546,3,3,5,06,10,1,0,0,1,1,0,0,0,0
"POINT (12.305655519000027 51.333433733000049)",Unfall 226550 (2020) Kat:3, Licht: 0,226550,3,2,5,06,17,6,0,0,0,1,0,1,0,0
"POINT (12.394683765000025 51.318556003000026)",Unfall 226552 (2020) Kat:3, Licht: 0,226552,3,3,5,06,09,4,0,0,1,1,0,0,0,0
"POINT (12.440530049000074 51.332528729000046)",Unfall 226553 (2020) Kat:3, Licht: 0,226553,3,2,5,06,16,5,0,0,0,1,0,1,0,0
"POINT (12.284838108000031 51.312010642000075)",Unfall 226570 (2020) Kat:3, Licht: 0,226570,3,3,5,06,16,5,0,0,0,1,0,0,0,1
"POINT (12.373450871000045 51.315709663000064)",Unfall 226581 (2020) Kat:3, Licht: 0,226581,3,4,6,06,15,2,0,0,1,0,1,0,0,0
"POINT (12.326227466000034 51.309578979000037)",Unfall 226594 (2020) Kat:3, Licht: 0,226594,3,7,1,06,14,4,0,0,0,1,0,1,0,0
"POINT (12.405853008000065 51.344683990000078)",Unfall 226604 (2020) Kat:3, Licht: 0,226604,3,2,5,06,14,6,0,0,1,1,0,0,0,1
"POINT (12.395202329000028 51.312898030000042)",Unfall 226607 (2020) Kat:2, Licht: 0,226607,2,2,5,06,15,4,0,0,0,1,0,0,0,1
"POINT (12.294540674000075 51.358789364000074)",Unfall 226612 (2020) Kat:3, Licht: 0,226612,3,1,0,06,16,5,0,0,1,0,0,0,0,0
"POINT (12.373639366000077 51.330514373000028)",Unfall 226613 (2020) Kat:3, Licht: 0,226613,3,2,5,06,16,1,0,0,1,1,0,0,0,0
"POINT (12.389459697000063 51.291592111000057)",Unfall 226615 (2020) Kat:2, Licht: 0,226615,2,1,0,06,12,6,1,0,1,0,0,0,0,0
"POINT (12.384896520000041 51.338141978000067)",Unfall 226616 (2020) Kat:3, Licht: 0,226616,3,2,5,06,18,1,0,0,1,1,0,0,0,0
"POINT (12.417093843000032 51.344988260000036)",Unfall 226622 (2020) Kat:3, Licht: 0,226622,3,3,5,06,16,1,0,0,1,1,0,0,0,0
"POINT (12.379332908000038 51.343387337000081)",Unfall 226623 (2020) Kat:3, Licht: 0,226623,3,2,5,06,10,2,0,0,1,1,0,0,0,0
"POINT (12.350391551000030 51.335444666000058)",Unfall 226627 (2020) Kat:3, Licht: 0,226627,3,7,1,06,09,7,0,0,1,1,0,0,0,0
"POINT (12.396074659000021 51.310154861000058)",Unfall 226630 (2020) Kat:2, Licht: 0,226630,2,2,5,06,19,1,0,0,1,1,0,0,0,0
"POINT (12.363451470000030 51.362757122000062)",Unfall 226646 (2020) Kat:3, Licht: 0,226646,3,6,1,06,08,3,0,0,1,1,0,0,0,0
"POINT (12.404968526000062 51.336032362000026)",Unfall 226651 (2020) Kat:3, Licht: 0,226651,3,3,5,06,15,4,0,0,1,1,0,0,0,0
"POINT (12.373333237000054 51.311906987000043)",Unfall 226657 (2020) Kat:3, Licht: 0,226657,3,6,3,06,18,6,0,0,1,1,0,0,0,0
"POINT (12.430383535000033 51.321773996000047)",Unfall 226658 (2020) Kat:3, Licht: 0,226658,3,3,5,06,18,7,0,0,1,1,0,0,0,0
"POINT (12.404734567000048 51.345593976000032)",Unfall 226660 (2020) Kat:3, Licht: 1,226660,3,7,3,06,20,6,0,1,1,1,0,0,0,0
"POINT (12.366639577000058 51.325245386000063)",Unfall 226661 (2020) Kat:3, Licht: 0,226661,3,2,2,06,06,7,0,0,0,1,0,0,0,0
"POINT (12.412474289000045 51.317341972000065)",Unfall 226662 (2020) Kat:3, Licht: 0,226662,3,3,5,06,07,4,0,0,1,1,0,0,0,0
"POINT (12.434106294000060 51.379828408000037)",Unfall 226667 (2020) Kat:2, Licht: 1,226667,2,2,5,06,21,6,0,1,0,1,0,1,0,0
"POINT (12.316532266000024 51.324913230000050)",Unfall 226679 (2020) Kat:3, Licht: 0,226679,3,7,6,06,13,7,0,0,0,1,1,0,0,0
"POINT (12.372985622000044 51.301389641000071)",Unfall 226680 (2020) Kat:3, Licht: 0,226680,3,3,5,06,19,5,0,0,1,1,0,0,0,0
"POINT (12.425203513000042 51.343041610000057)",Unfall 226684 (2020) Kat:2, Licht: 0,226684,2,7,1,06,15,3,0,0,1,1,0,0,0,0
"POINT (12.407392447000063 51.363858622000066)",Unfall 226689 (2020) Kat:3, Licht: 2,226689,3,1,0,06,22,2,0,2,0,0,0,1,0,0
"POINT (12.309206631000052 51.328059709000058)",Unfall 226696 (2020) Kat:3, Licht: 0,226696,3,2,5,06,14,3,0,0,1,1,0,0,0,0
"POINT (12.277944939000065 51.319039817000032)",Unfall 226697 (2020) Kat:3, Licht: 0,226697,3,2,2,06,08,7,0,0,0,1,0,0,0,0
"POINT (12.354877075000047 51.330469920000041)",Unfall 226701 (2020) Kat:2, Licht: 0,226701,2,2,5,06,15,4,0,0,1,0,0,0,0,0
"POINT (12.314459265000039 51.348846114000025)",Unfall 226702 (2020) Kat:3, Licht: 0,226702,3,6,3,06,06,5,0,0,1,1,0,0,0,0
"POINT (12.301695427000027 51.343505870000058)",Unfall 226707 (2020) Kat:3, Licht: 0,226707,3,3,5,06,14,6,0,0,0,1,0,0,0,0
"POINT (12.451737289000050 51.299674044000028)",Unfall 226712 (2020) Kat:3, Licht: 0,226712,3,1,4,06,13,6,0,0,0,1,0,0,0,0
"POINT (12.327303775000075 51.338273515000026)",Unfall 226713 (2020) Kat:3, Licht: 0,226713,3,4,6,06,11,4,0,0,0,1,1,0,0,0
"POINT (12.384754128000054 51.365768518000039)",Unfall 226714 (2020) Kat:3, Licht: 0,226714,3,7,8,06,13,5,0,0,0,1,0,0,0,0
"POINT (12.390333030000022 51.361757616000034)",Unfall 226715 (2020) Kat:3, Licht: 0,226715,3,6,6,06,15,6,0,0,0,1,1,0,0,0
"POINT (12.403272333000075 51.338667744000077)",Unfall 226719 (2020) Kat:3, Licht: 0,226719,3,2,5,06,11,6,1,0,1,1,0,0,0,0
"POINT (12.365089915000055 51.361257651000074)",Unfall 226720 (2020) Kat:3, Licht: 0,226720,3,1,0,06,20,1,1,0,1,1,0,0,0,0
"POINT (12.333661135000057 51.391156746000036)",Unfall 226722 (2020) Kat:3, Licht: 2,226722,3,7,2,06,23,6,0,2,0,1,0,1,0,0
"POINT (12.359284137000031 51.337334540000029)",Unfall 226727 (2020) Kat:3, Licht: 0,226727,3,3,5,06,13,2,0,0,1,1,0,0,0,0
"POINT (12.332937341000047 51.322237359000042)",Unfall 226732 (2020) Kat:3, Licht: 0,226732,3,7,8,06,18,6,0,0,1,1,0,0,0,0
"POINT (12.401555223000059 51.347124883000049)",Unfall 226734 (2020) Kat:3, Licht: 0,226734,3,3,5,06,08,3,0,0,1,0,0,0,0,0
"POINT (12.376833293000061 51.343015699000034)",Unfall 226735 (2020) Kat:3, Licht: 0,226735,3,5,1,06,16,3,0,0,1,1,0,0,0,0
"POINT (12.303124257000036 51.314390765000041)",Unfall 226737 (2020) Kat:3, Licht: 0,226737,3,2,5,07,16,4,0,0,1,0,0,0,0,1
"POINT (12.329204132000029 51.335564272000056)",Unfall 226738 (2020) Kat:3, Licht: 0,226738,3,2,5,06,06,3,0,0,1,1,0,0,0,0
"POINT (12.363602621000041 51.362972023000054)",Unfall 226740 (2020) Kat:3, Licht: 0,226740,3,6,1,06,10,3,0,0,0,1,0,0,0,0
"POINT (12.446017218000065 51.346178383000051)",Unfall 226743 (2020) Kat:3, Licht: 0,226743,3,3,5,06,18,3,0,0,1,1,0,0,0,0
"POINT (12.389334142000052 51.291784725000070)",Unfall 226745 (2020) Kat:3, Licht: 0,226745,3,3,5,06,15,3,0,0,1,1,0,0,0,0
"POINT (12.369154463000029 51.341713927000058)",Unfall 226746 (2020) Kat:2, Licht: 0,226746,2,3,5,06,16,3,0,0,1,1,0,0,0,0
"POINT (12.403313647000061 51.327006944000061)",Unfall 226748 (2020) Kat:3, Licht: 0,226748,3,2,6,06,11,3,0,0,0,1,1,0,0,0
"POINT (12.287896127000067 51.312642121000067)",Unfall 226749 (2020) Kat:3, Licht: 0,226749,3,1,1,07,15,5,0,0,1,1,0,0,0,0
"POINT (12.429965029000073 51.291316285000050)",Unfall 226763 (2020) Kat:3, Licht: 0,226763,3,5,1,07,15,4,0,0,0,1,0,0,0,0
"POINT (12.310297177000052 51.349315794000063)",Unfall 226778 (2020) Kat:3, Licht: 0,226778,3,7,0,06,14,2,0,0,0,0,0,0,0,1
"POINT (12.342767955000056 51.318731776000050)",Unfall 226779 (2020) Kat:3, Licht: 0,226779,3,6,2,06,08,2,0,0,0,1,0,0,0,0
"POINT (12.378484557000036 51.307776205000039)",Unfall 226784 (2020) Kat:3, Licht: 0,226784,3,7,7,06,10,2,0,0,1,0,0,0,0,0
"POINT (12.412075403000074 51.335205890000054)",Unfall 226785 (2020) Kat:3, Licht: 0,226785,3,4,6,06,13,2,0,0,0,1,1,0,0,0
"POINT (12.305026886000064 51.412860271000056)",Unfall 226786 (2020) Kat:3, Licht: 0,226786,3,3,5,06,14,2,0,0,1,1,0,0,0,0
"POINT (12.368695715000058 51.357267578000062)",Unfall 226789 (2020) Kat:3, Licht: 0,226789,3,3,5,06,12,2,0,0,1,1,0,0,0,0
"POINT (12.336951983000063 51.329450532000067)",Unfall 226791 (2020) Kat:3, Licht: 0,226791,3,2,3,06,17,2,0,0,1,1,0,0,0,0
"POINT (12.323089259000028 51.327117484000041)",Unfall 226792 (2020) Kat:3, Licht: 0,226792,3,3,5,06,19,3,0,0,1,0,0,1,0,0
"POINT (12.386452353000038 51.299096033000069)",Unfall 226793 (2020) Kat:3, Licht: 0,226793,3,2,5,06,14,2,0,0,0,1,0,0,0,0
"POINT (12.457948099000077 51.332264202000033)",Unfall 226794 (2020) Kat:3, Licht: 0,226794,3,1,1,06,19,3,0,0,0,1,0,1,0,0
"POINT (12.417446900000073 51.316091786000072)",Unfall 226797 (2020) Kat:2, Licht: 0,226797,2,2,5,06,13,3,0,0,1,1,0,0,0,0
"POINT (12.371830386000056 51.362114140000074)",Unfall 226815 (2020) Kat:3, Licht: 0,226815,3,6,6,07,17,5,0,0,1,0,1,0,0,0
"POINT (12.361603833000061 51.346101312000030)",Unfall 226854 (2020) Kat:3, Licht: 0,226854,3,4,6,06,18,7,0,0,0,1,1,0,0,0
"POINT (12.384968388000061 51.298891294000043)",Unfall 226856 (2020) Kat:3, Licht: 0,226856,3,3,5,06,16,7,0,0,1,1,0,0,0,0
"POINT (12.378701902000046 51.345711008000080)",Unfall 226858 (2020) Kat:2, Licht: 0,226858,2,1,0,07,13,5,0,0,1,0,0,0,0,0
"POINT (12.439138461000027 51.352124522000054)",Unfall 226859 (2020) Kat:3, Licht: 0,226859,3,3,5,06,10,7,0,0,1,1,0,0,0,0
"POINT (12.459152288000041 51.345685755000034)",Unfall 226870 (2020) Kat:3, Licht: 0,226870,3,2,5,07,16,5,0,0,0,1,0,0,0,0
"POINT (12.364187212000047 51.344443463000061)",Unfall 226883 (2020) Kat:3, Licht: 0,226883,3,2,5,06,10,6,0,0,1,1,0,0,0,0
"POINT (12.420920914000021 51.314317801000072)",Unfall 226884 (2020) Kat:3, Licht: 2,226884,3,1,0,06,23,6,0,2,0,0,0,0,0,1
"POINT (12.333265577000077 51.297232898000061)",Unfall 226887 (2020) Kat:3, Licht: 2,226887,3,6,2,06,23,6,0,2,1,0,0,0,0,0
"POINT (12.301507592000064 51.315217725000082)",Unfall 226889 (2020) Kat:3, Licht: 0,226889,3,2,5,06,14,6,0,0,0,1,0,1,0,0
"POINT (12.326547821000077 51.308166733000064)",Unfall 226892 (2020) Kat:3, Licht: 0,226892,3,3,5,06,10,6,0,0,1,1,0,0,0,0
"POINT (12.358017079000035 51.335359502000074)",Unfall 226893 (2020) Kat:3, Licht: 0,226893,3,2,5,06,17,6,0,0,1,1,0,0,0,0
"POINT (12.374118320000036 51.303343240000061)",Unfall 226895 (2020) Kat:2, Licht: 0,226895,2,2,3,06,19,6,0,0,1,1,0,0,0,0
"POINT (12.407149633000074 51.361472059000050)",Unfall 226896 (2020) Kat:3, Licht: 0,226896,3,6,4,06,17,6,0,0,0,1,0,0,0,0
"POINT (12.377657930000055 51.338727025000026)",Unfall 226903 (2020) Kat:3, Licht: 0,226903,3,7,5,06,05,2,0,0,0,1,0,1,0,0
"POINT (12.356212062000054 51.355546805000074)",Unfall 226905 (2020) Kat:3, Licht: 0,226905,3,3,5,06,16,2,0,0,1,0,0,0,0,1
"POINT (12.411598859000037 51.342570286000068)",Unfall 226908 (2020) Kat:3, Licht: 0,226908,3,3,5,06,18,2,0,0,1,1,0,0,0,0
"POINT (12.340875842000059 51.318604924000056)",Unfall 226912 (2020) Kat:3, Licht: 0,226912,3,6,3,06,10,2,0,0,1,1,0,0,0,0
"POINT (12.350527011000054 51.332642556000053)",Unfall 226917 (2020) Kat:3, Licht: 0,226917,3,2,5,06,06,2,0,0,1,1,0,0,0,0
"POINT (12.361606871000049 51.363356972000076)",Unfall 226920 (2020) Kat:3, Licht: 0,226920,3,6,1,06,10,2,0,0,1,1,0,0,0,0
"POINT (12.372484268000051 51.332850816000075)",Unfall 226924 (2020) Kat:3, Licht: 0,226924,3,5,1,06,19,5,0,0,1,1,0,0,0,0
"POINT (12.368388707000065 51.357798602000059)",Unfall 226926 (2020) Kat:3, Licht: 0,226926,3,1,8,07,07,5,1,0,0,1,0,0,0,0
"POINT (12.408038345000023 51.344546313000080)",Unfall 226927 (2020) Kat:3, Licht: 0,226927,3,6,4,06,17,5,0,0,1,1,0,0,0,0
"POINT (12.373646099000041 51.333046200000069)",Unfall 226928 (2020) Kat:3, Licht: 1,226928,3,1,0,06,21,5,0,1,1,0,0,0,0,0
"POINT (12.321814727000060 51.328856109000071)",Unfall 226930 (2020) Kat:3, Licht: 0,226930,3,3,5,06,15,5,0,0,1,1,0,0,0,0
"POINT (12.360776993000059 51.341798035000068)",Unfall 226931 (2020) Kat:3, Licht: 0,226931,3,5,1,06,08,5,0,0,1,1,0,0,0,0
"POINT (12.277610166000045 51.314264738000077)",Unfall 226933 (2020) Kat:3, Licht: 0,226933,3,3,5,06,20,5,0,0,1,1,0,0,0,0
"POINT (12.345683941000061 51.327527456000041)",Unfall 226936 (2020) Kat:3, Licht: 0,226936,3,7,0,06,08,5,1,0,1,0,0,0,0,0
"POINT (12.327646092000066 51.326707365000061)",Unfall 226937 (2020) Kat:3, Licht: 0,226937,3,3,5,06,08,5,0,0,1,1,0,0,0,0
"POINT (12.378357932000029 51.384177072000057)",Unfall 226940 (2020) Kat:3, Licht: 0,226940,3,6,6,06,11,5,0,0,0,0,1,1,0,0
"POINT (12.408698924000078 51.359998107000081)",Unfall 226943 (2020) Kat:3, Licht: 0,226943,3,3,5,06,14,5,0,0,1,0,0,0,0,1
"POINT (12.342726803000062 51.350830860000030)",Unfall 226950 (2020) Kat:2, Licht: 0,226950,2,1,0,06,12,3,0,0,1,0,0,0,0,0
"POINT (12.396290589000046 51.307880619000059)",Unfall 226977 (2020) Kat:3, Licht: 1,226977,3,2,5,07,20,5,1,1,1,1,0,0,0,0
"POINT (12.319881152000050 51.344573904000072)",Unfall 226982 (2020) Kat:3, Licht: 0,226982,3,6,3,06,14,4,0,0,1,0,0,0,0,0
"POINT (12.411542838000059 51.342145123000080)",Unfall 226984 (2020) Kat:3, Licht: 0,226984,3,2,5,06,08,4,0,0,1,1,0,0,0,0
"POINT (12.408235423000065 51.336050173000046)",Unfall 226986 (2020) Kat:3, Licht: 0,226986,3,6,2,06,13,4,0,0,0,1,0,1,0,0
"POINT (12.369337080000037 51.342264190000037)",Unfall 226994 (2020) Kat:3, Licht: 0,226994,3,6,2,07,09,4,0,0,0,1,0,0,0,0
"POINT (12.415290108000022 51.316621968000049)",Unfall 226996 (2020) Kat:3, Licht: 0,226996,3,3,5,07,18,4,0,0,1,1,0,0,0,0
"POINT (12.383226118000039 51.342989329000034)",Unfall 227003 (2020) Kat:2, Licht: 0,227003,2,4,6,07,11,5,1,0,1,0,1,0,0,0
"POINT (12.392543700000033 51.287339101000043)",Unfall 227009 (2020) Kat:3, Licht: 0,227009,3,2,5,07,19,2,0,0,1,1,0,0,0,0
"POINT (12.378042217000029 51.337118594000060)",Unfall 227016 (2020) Kat:3, Licht: 0,227016,3,3,5,07,07,3,0,0,1,1,0,0,0,0
"POINT (12.407562848000055 51.351298455000062)",Unfall 227017 (2020) Kat:3, Licht: 0,227017,3,3,5,07,08,3,0,0,0,1,0,0,0,1
"POINT (12.401954340000032 51.351355420000061)",Unfall 227021 (2020) Kat:3, Licht: 0,227021,3,6,2,07,08,5,1,0,0,1,0,1,0,0
"POINT (12.385929226000030 51.364295919000028)",Unfall 227022 (2020) Kat:3, Licht: 0,227022,3,1,0,07,11,2,0,0,1,0,0,0,0,0
"POINT (12.287269701000071 51.357401540000069)",Unfall 227027 (2020) Kat:3, Licht: 2,227027,3,1,1,07,00,6,0,2,0,1,0,0,0,0
"POINT (12.413878741000076 51.316985886000055)",Unfall 227035 (2020) Kat:3, Licht: 0,227035,3,3,5,07,12,4,0,0,0,1,0,0,0,0
"POINT (12.380651126000032 51.371558087000039)",Unfall 227047 (2020) Kat:3, Licht: 0,227047,3,7,0,07,18,1,0,0,1,0,0,0,0,0
"POINT (12.374566217000051 51.339294405000032)",Unfall 227053 (2020) Kat:2, Licht: 2,227053,2,1,0,07,23,1,0,2,1,0,0,0,0,0
"POINT (12.357246940000039 51.345486228000027)",Unfall 227056 (2020) Kat:3, Licht: 0,227056,3,7,2,07,17,4,1,0,1,1,0,0,0,0
"POINT (12.371300104000056 51.340399535000074)",Unfall 227057 (2020) Kat:3, Licht: 0,227057,3,1,8,07,14,1,0,0,0,0,0,1,0,0
"POINT (12.381179529000065 51.342704470000058)",Unfall 227058 (2020) Kat:3, Licht: 0,227058,3,2,5,07,16,5,1,0,0,0,0,0,0,1
"POINT (12.376024591000032 51.318581315000074)",Unfall 227064 (2020) Kat:3, Licht: 0,227064,3,5,1,07,12,2,0,0,1,1,0,0,0,0
"POINT (12.425202008000042 51.304855441000029)",Unfall 227071 (2020) Kat:3, Licht: 0,227071,3,4,6,07,06,3,0,0,0,1,1,0,0,0
"POINT (12.413559520000035 51.338769862000049)",Unfall 227073 (2020) Kat:3, Licht: 0,227073,3,2,5,07,18,5,0,0,1,1,0,0,0,0
"POINT (12.320955700000070 51.328481361000058)",Unfall 227075 (2020) Kat:3, Licht: 0,227075,3,2,3,07,10,7,0,0,0,1,0,1,0,0
"POINT (12.398656796000068 51.332462840000062)",Unfall 227077 (2020) Kat:3, Licht: 0,227077,3,5,1,07,16,3,0,0,1,1,0,0,0,0
"POINT (12.461889796000037 51.285397945000057)",Unfall 227078 (2020) Kat:2, Licht: 0,227078,2,7,6,07,10,5,0,0,0,0,1,0,0,1
"POINT (12.407386951000035 51.325982372000055)",Unfall 227079 (2020) Kat:3, Licht: 0,227079,3,2,5,07,17,2,0,0,1,1,0,0,0,0
"POINT (12.419636199000024 51.348152803000062)",Unfall 227084 (2020) Kat:3, Licht: 0,227084,3,1,0,07,07,6,0,0,1,0,0,0,0,0
"POINT (12.353994841000031 51.350911111000073)",Unfall 227089 (2020) Kat:3, Licht: 0,227089,3,3,5,07,14,3,0,0,1,1,0,0,0,0
"POINT (12.368550010000035 51.317830985000057)",Unfall 227094 (2020) Kat:3, Licht: 0,227094,3,3,5,07,18,4,0,0,1,1,0,0,0,0
"POINT (12.430255118000048 51.343508923000059)",Unfall 227099 (2020) Kat:3, Licht: 2,227099,3,1,1,07,21,1,0,2,1,1,0,0,0,0
"POINT (12.412479859000030 51.343520411000043)",Unfall 227101 (2020) Kat:3, Licht: 0,227101,3,6,3,07,17,7,0,0,1,1,0,0,0,0
"POINT (12.379159283000035 51.346058389000063)",Unfall 227105 (2020) Kat:3, Licht: 2,227105,3,4,6,07,02,7,0,2,0,1,1,0,0,0
"POINT (12.305722865000064 51.326042936000078)",Unfall 227107 (2020) Kat:3, Licht: 0,227107,3,2,5,07,14,4,0,0,0,1,0,0,0,0
"POINT (12.328751269000065 51.317320336000080)",Unfall 227112 (2020) Kat:3, Licht: 0,227112,3,3,5,07,15,4,0,0,1,1,0,0,0,0
"POINT (12.316965980000077 51.349844265000058)",Unfall 227114 (2020) Kat:3, Licht: 1,227114,3,7,8,07,04,5,0,1,0,1,0,0,0,0
"POINT (12.408645315000058 51.359944471000063)",Unfall 227115 (2020) Kat:3, Licht: 2,227115,3,2,6,07,01,7,0,2,0,1,1,0,0,0
"POINT (12.373743583000021 51.343132655000034)",Unfall 227120 (2020) Kat:3, Licht: 0,227120,3,6,4,07,13,5,0,0,1,0,0,0,0,0
"POINT (12.475235952000048 51.357893200000035)",Unfall 227121 (2020) Kat:3, Licht: 0,227121,3,1,8,07,12,2,0,0,0,1,0,0,0,0
"POINT (12.381662380000023 51.318581366000046)",Unfall 227125 (2020) Kat:3, Licht: 1,227125,3,1,0,07,19,2,0,1,0,0,0,1,0,0
"POINT (12.328957579000075 51.330117802000075)",Unfall 227126 (2020) Kat:2, Licht: 0,227126,2,7,0,07,06,7,0,0,1,0,0,0,0,0
"POINT (12.373203329000035 51.310764982000080)",Unfall 227129 (2020) Kat:3, Licht: 0,227129,3,4,6,07,07,5,1,0,1,0,1,0,0,0
"POINT (12.360384600000032 51.357911330000036)",Unfall 227133 (2020) Kat:3, Licht: 0,227133,3,6,2,07,15,3,0,0,0,1,0,0,0,0
"POINT (12.366993456000046 51.328841525000030)",Unfall 227145 (2020) Kat:2, Licht: 0,227145,2,5,1,07,12,3,0,0,1,1,0,0,0,0
"POINT (12.350641373000030 51.365876224000033)",Unfall 227153 (2020) Kat:3, Licht: 0,227153,3,1,0,07,07,4,1,0,0,0,0,1,0,0
"POINT (12.323715400000026 51.327063366000061)",Unfall 227174 (2020) Kat:3, Licht: 0,227174,3,3,5,07,17,5,0,0,1,1,0,0,0,0
"POINT (12.390370044000065 51.324746028000050)",Unfall 227176 (2020) Kat:3, Licht: 0,227176,3,4,6,07,10,5,1,0,1,0,1,0,0,0
"POINT (12.414522997000063 51.304570096000077)",Unfall 227182 (2020) Kat:3, Licht: 0,227182,3,5,5,07,09,2,0,0,0,1,0,1,0,0
"POINT (12.407693748000042 51.339338576000046)",Unfall 227189 (2020) Kat:3, Licht: 1,227189,3,2,2,07,21,3,0,1,0,1,0,0,0,0
"POINT (12.265911635000066 51.307297150000068)",Unfall 227190 (2020) Kat:3, Licht: 0,227190,3,3,5,07,10,3,0,0,1,0,0,0,0,1
"POINT (12.376339625000071 51.348402420000070)",Unfall 227191 (2020) Kat:3, Licht: 0,227191,3,6,3,07,07,2,0,0,1,1,0,0,0,0
"POINT (12.337435229000050 51.332427321000068)",Unfall 227195 (2020) Kat:3, Licht: 0,227195,3,3,0,07,15,7,0,0,1,1,0,0,0,0
"POINT (12.314422477000051 51.330277158000058)",Unfall 227198 (2020) Kat:1, Licht: 0,227198,1,3,5,07,11,5,0,0,1,0,0,0,0,1
"POINT (12.378601623000066 51.335258128000078)",Unfall 227199 (2020) Kat:3, Licht: 0,227199,3,6,3,07,16,2,0,0,0,1,0,0,0,0
"POINT (12.376784756000063 51.320517439000071)",Unfall 227204 (2020) Kat:3, Licht: 0,227204,3,3,5,07,09,6,0,0,1,1,0,0,0,0
"POINT (12.416695249000043 51.319687619000035)",Unfall 227210 (2020) Kat:3, Licht: 0,227210,3,6,2,07,09,6,0,0,0,1,0,0,0,0
"POINT (12.416651171000069 51.323709047000079)",Unfall 227212 (2020) Kat:3, Licht: 0,227212,3,1,0,07,17,6,0,0,1,0,0,0,0,0
"POINT (12.319931789000066 51.330347360000076)",Unfall 227214 (2020) Kat:3, Licht: 0,227214,3,1,0,07,19,6,0,0,1,0,0,0,0,0
"POINT (12.376614698000026 51.346005454000078)",Unfall 227218 (2020) Kat:3, Licht: 0,227218,3,2,3,07,09,2,0,0,1,0,0,0,0,1
"POINT (12.324216694000029 51.341346436000038)",Unfall 227220 (2020) Kat:2, Licht: 0,227220,2,5,2,07,15,1,0,0,0,1,0,1,0,0
"POINT (12.373340181000060 51.315758506000066)",Unfall 227222 (2020) Kat:2, Licht: 0,227222,2,4,6,07,07,6,0,0,0,0,1,0,0,1
"POINT (12.365045703000021 51.339243078000038)",Unfall 227227 (2020) Kat:3, Licht: 0,227227,3,2,6,07,06,2,0,0,0,1,1,0,0,0
"POINT (12.377093659000025 51.357022255000061)",Unfall 227229 (2020) Kat:3, Licht: 2,227229,3,3,5,07,22,4,1,2,1,0,0,1,0,0
"POINT (12.375752877000025 51.360589033000053)",Unfall 227233 (2020) Kat:3, Licht: 0,227233,3,7,0,07,08,4,1,0,0,0,0,1,0,0
"POINT (12.331039408000038 51.320068517000038)",Unfall 227235 (2020) Kat:3, Licht: 0,227235,3,5,1,07,20,5,0,0,1,0,0,0,0,1
"POINT (12.343385572000045 51.324495394000053)",Unfall 227236 (2020) Kat:3, Licht: 1,227236,3,5,5,07,21,6,0,1,1,1,0,0,0,0