WKT,Name,OBJECTID,UKATEGORIE,UTYP1,UART,UMONAT,USTUNDE,UWOCHENTAG,STRZUSTAND,ULICHTVERH,ISTRAD,ISTPKW,ISTFUSS,ISTKRAD,ISTGKFZ,ISTSONSTIG
"POINT (12.395916211000042 51.310882033000041)",Unfall 227241 (2020) Kat:3, Licht: 0,227241,3,6,2,07,15,2,0,0,0,1,0,0,0,0
"POINT (12.365246678000062 51.323621415000048)",Unfall 227247 (2020) Kat:3, Licht: 0,227247,3,2,5,07,12,5,0,0,1,1,0,0,0,0
"POINT (12.376557502000026 51.369672306000041)",Unfall 227251 (2020) Kat:3, Licht: 0,227251,3,5,1,07,15,3,0,0,1,1,0,0,0,0
"POINT (12.396581456000035 51.346030086000042)",Unfall 227252 (2020) Kat:3, Licht: 0,227252,3,5,1,07,12,5,0,0,1,1,0,0,0,0
"POINT (12.341722360000063 51.318565466000052)",Unfall 227254 (2020) Kat:3, Licht: 0,227254,3,2,5,07,12,6,0,0,1,1,0,0,0,0
"POINT (12.373798986000054 51.320710083000051)",Unfall 227264 (2020) Kat:3, Licht: 0,227264,3,6,2,07,09,3,0,0,1,1,0,0,0,0
"POINT (12.420365229000026 51.322798730000045)",Unfall 227265 (2020) Kat:2, Licht: 0,227265,2,3,5,07,20,3,0,0,0,1,0,0,0,0
"POINT (12.375111922000031 51.335719193000045)",Unfall 227270 (2020) Kat:3, Licht: 0,227270,3,7,6,07,19,4,0,0,0,0,1,0,0,1
"POINT (12.372983747000035 51.301386067000067)",Unfall 227275 (2020) Kat:3, Licht: 0,227275,3,3,5,07,09,1,0,0,1,1,0,0,0,0
"POINT (12.438477329000023 51.380141996000077)",Unfall 227283 (2020) Kat:3, Licht: 0,227283,3,6,3,07,14,2,0,0,1,1,0,0,0,0
"POINT (12.317988576000062 51.331306325000071)",Unfall 227288 (2020) Kat:3, Licht: 0,227288,3,6,3,07,07,5,1,0,0,1,0,0,0,1
"POINT (12.387199846000044 51.326814991000049)",Unfall 227302 (2020) Kat:3, Licht: 0,227302,3,2,3,07,07,2,0,0,1,1,0,0,0,0
"POINT (12.407565689000023 51.351298095000061)",Unfall 227304 (2020) Kat:3, Licht: 0,227304,3,3,5,07,07,2,0,0,1,1,0,0,0,0
"POINT (12.408198579000043 51.335565711000072)",Unfall 227305 (2020) Kat:3, Licht: 0,227305,3,2,5,08,14,3,0,0,1,1,0,0,0,0
"POINT (12.385773168000071 51.372629689000064)",Unfall 227306 (2020) Kat:3, Licht: 0,227306,3,3,5,07,16,2,0,0,1,1,0,0,0,0
"POINT (12.365524843000060 51.339582478000068)",Unfall 227325 (2020) Kat:3, Licht: 0,227325,3,3,5,07,07,5,0,0,1,1,0,0,0,0
"POINT (12.364155942000025 51.371802544000047)",Unfall 227326 (2020) Kat:3, Licht: 0,227326,3,6,2,07,16,5,0,0,1,0,0,0,0,0
"POINT (12.396790168000052 51.332175314000040)",Unfall 227328 (2020) Kat:3, Licht: 0,227328,3,5,3,07,16,5,0,0,0,1,0,0,0,1
"POINT (12.479194407000023 51.345777919000056)",Unfall 227333 (2020) Kat:3, Licht: 0,227333,3,2,3,08,06,7,0,0,1,1,0,0,0,0
"POINT (12.442965555000058 51.331404224000039)",Unfall 227335 (2020) Kat:3, Licht: 0,227335,3,5,1,07,10,5,0,0,1,1,0,0,0,0
"POINT (12.408440626000072 51.337631247000047)",Unfall 227341 (2020) Kat:2, Licht: 0,227341,2,6,3,07,15,5,0,0,1,1,0,0,0,0
"POINT (12.325603743000045 51.312606269000071)",Unfall 227342 (2020) Kat:3, Licht: 2,227342,3,1,0,07,23,7,0,2,1,0,0,0,0,0
"POINT (12.389613439000073 51.321768589000044)",Unfall 227360 (2020) Kat:3, Licht: 0,227360,3,3,5,07,18,6,0,0,1,1,0,0,0,0
"POINT (12.373711220000075 51.331251908000070)",Unfall 227362 (2020) Kat:3, Licht: 1,227362,3,6,2,07,21,6,0,1,0,1,0,0,0,0
"POINT (12.410870435000049 51.344518770000036)",Unfall 227364 (2020) Kat:3, Licht: 2,227364,3,4,6,07,22,6,0,2,1,0,1,0,0,0
"POINT (12.328573964000043 51.340665820000027)",Unfall 227365 (2020) Kat:3, Licht: 0,227365,3,3,5,07,10,6,0,0,0,1,0,1,0,0
"POINT (12.375867541000048 51.307684205000044)",Unfall 227367 (2020) Kat:3, Licht: 0,227367,3,3,6,07,15,6,0,0,1,0,1,0,0,0
"POINT (12.281527358000062 51.311588983000036)",Unfall 227369 (2020) Kat:3, Licht: 0,227369,3,6,2,07,13,6,0,0,0,1,0,0,0,0
"POINT (12.373001130000034 51.309699772000045)",Unfall 227371 (2020) Kat:3, Licht: 0,227371,3,3,5,07,18,6,0,0,0,1,0,1,0,0
"POINT (12.437012493000054 51.327893179000057)",Unfall 227372 (2020) Kat:3, Licht: 0,227372,3,7,5,08,19,3,0,0,1,1,0,0,0,0
"POINT (12.429004424000027 51.344052971000053)",Unfall 227376 (2020) Kat:3, Licht: 0,227376,3,1,0,08,11,3,0,0,1,0,0,0,0,0
"POINT (12.378013244000044 51.368484882000075)",Unfall 227379 (2020) Kat:3, Licht: 0,227379,3,5,1,08,14,1,0,0,1,1,0,0,0,0
"POINT (12.381604903000039 51.331758444000059)",Unfall 227388 (2020) Kat:3, Licht: 0,227388,3,2,5,07,07,4,0,0,1,1,0,0,0,0
"POINT (12.380944002000035 51.342050182000037)",Unfall 227389 (2020) Kat:3, Licht: 0,227389,3,2,3,07,10,6,0,0,1,0,0,0,0,0
"POINT (12.322164005000047 51.342833816000052)",Unfall 227392 (2020) Kat:3, Licht: 0,227392,3,5,3,07,14,4,0,0,1,1,0,0,0,0
"POINT (12.396013746000051 51.383924650000040)",Unfall 227393 (2020) Kat:3, Licht: 0,227393,3,2,6,07,09,6,0,0,0,1,1,0,0,0
"POINT (12.392051604000073 51.338792961000081)",Unfall 227397 (2020) Kat:3, Licht: 0,227397,3,3,5,08,14,2,0,0,1,1,0,0,0,0
"POINT (12.350092782000047 51.364113854000038)",Unfall 227401 (2020) Kat:3, Licht: 0,227401,3,3,5,07,18,4,0,0,1,0,0,0,0,0
"POINT (12.521658065000054 51.312547315000074)",Unfall 227402 (2020) Kat:3, Licht: 0,227402,3,1,8,07,17,6,0,0,0,1,0,0,0,0
"POINT (12.407726348000040 51.356205071000034)",Unfall 227412 (2020) Kat:3, Licht: 0,227412,3,3,5,07,11,4,0,0,1,0,0,0,0,1
"POINT (12.390555573000029 51.386003602000073)",Unfall 227414 (2020) Kat:3, Licht: 0,227414,3,3,5,07,05,4,0,0,1,1,0,0,0,0
"POINT (12.343171603000030 51.322780020000039)",Unfall 227415 (2020) Kat:3, Licht: 0,227415,3,6,3,07,17,5,0,0,1,1,0,0,0,0
"POINT (12.378521506000027 51.336129004000043)",Unfall 227416 (2020) Kat:2, Licht: 0,227416,2,3,5,07,17,4,0,0,1,1,0,0,0,0
"POINT (12.413817815000073 51.345852696000065)",Unfall 227421 (2020) Kat:3, Licht: 2,227421,3,1,1,07,22,5,0,2,0,1,0,0,0,1
"POINT (12.411158215000057 51.342671819000032)",Unfall 227424 (2020) Kat:3, Licht: 0,227424,3,5,3,07,10,4,0,0,1,1,0,0,0,0
"POINT (12.399766629000055 51.398985004000053)",Unfall 227427 (2020) Kat:3, Licht: 0,227427,3,4,6,07,06,4,0,0,1,0,1,0,0,0
"POINT (12.429794453000056 51.379525859000069)",Unfall 227431 (2020) Kat:3, Licht: 0,227431,3,2,6,08,09,3,0,0,0,1,1,0,0,0
"POINT (12.377736632000051 51.308065600000077)",Unfall 227438 (2020) Kat:3, Licht: 2,227438,3,4,6,07,21,6,0,2,0,0,1,0,0,1
"POINT (12.400151463000043 51.319016294000050)",Unfall 227447 (2020) Kat:3, Licht: 0,227447,3,3,5,07,16,4,0,0,1,1,0,0,0,0
"POINT (12.381089753000026 51.330704609000065)",Unfall 227449 (2020) Kat:2, Licht: 0,227449,2,7,0,07,12,4,0,0,0,0,0,0,0,1
"POINT (12.329987046000042 51.330397328000060)",Unfall 227451 (2020) Kat:3, Licht: 2,227451,3,7,0,07,23,6,0,2,1,1,0,0,0,0
"POINT (12.335554844000058 51.327228805000061)",Unfall 227452 (2020) Kat:3, Licht: 0,227452,3,1,0,07,15,4,0,0,0,0,0,0,0,1
"POINT (12.300643138000055 51.315658501000030)",Unfall 227456 (2020) Kat:2, Licht: 0,227456,2,3,5,08,14,2,0,0,0,1,0,0,0,1
"POINT (12.404965254000047 51.336032643000067)",Unfall 227474 (2020) Kat:3, Licht: 0,227474,3,3,5,08,10,3,0,0,1,1,0,0,0,0
"POINT (12.378816506000021 51.343557002000068)",Unfall 227488 (2020) Kat:3, Licht: 0,227488,3,4,6,07,10,3,0,0,1,0,1,0,0,0
"POINT (12.356981612000027 51.336114835000046)",Unfall 227489 (2020) Kat:3, Licht: 0,227489,3,2,5,08,11,3,0,0,1,1,0,0,0,0
"POINT (12.423297995000041 51.314637140000059)",Unfall 227490 (2020) Kat:3, Licht: 0,227490,3,3,5,07,15,3,0,0,1,1,0,0,0,0
"POINT (12.444501353000021 51.326486305000060)",Unfall 227491 (2020) Kat:2, Licht: 0,227491,2,5,1,07,10,3,0,0,1,1,0,0,0,0
"POINT (12.411422056000049 51.342162341000062)",Unfall 227493 (2020) Kat:3, Licht: 0,227493,3,2,3,07,17,3,0,0,1,1,0,0,0,0
"POINT (12.427921556000058 51.319894664000060)",Unfall 227495 (2020) Kat:3, Licht: 0,227495,3,1,9,08,19,1,1,0,0,1,0,0,0,0
"POINT (12.407331975000034 51.382713023000065)",Unfall 227515 (2020) Kat:3, Licht: 0,227515,3,3,5,08,06,2,0,0,0,1,0,0,0,0
"POINT (12.382897492000041 51.320488038000065)",Unfall 227520 (2020) Kat:3, Licht: 0,227520,3,2,5,07,08,2,0,0,0,1,0,0,0,1
"POINT (12.378282031000026 51.375675690000037)",Unfall 227521 (2020) Kat:3, Licht: 0,227521,3,6,3,07,14,2,0,0,1,0,0,0,0,0
"POINT (12.355457006000051 51.381263325000077)",Unfall 227522 (2020) Kat:3, Licht: 0,227522,3,2,3,07,15,2,0,0,1,1,0,0,0,0
"POINT (12.376113667000027 51.330930720000026)",Unfall 227525 (2020) Kat:3, Licht: 0,227525,3,5,3,07,08,3,0,0,1,1,0,0,0,0
"POINT (12.279378690000044 51.311128960000076)",Unfall 227527 (2020) Kat:3, Licht: 0,227527,3,1,0,07,10,3,0,0,1,0,0,0,0,0
"POINT (12.408261179000021 51.340016498000068)",Unfall 227529 (2020) Kat:3, Licht: 0,227529,3,2,3,07,10,3,0,0,1,1,0,0,0,0
"POINT (12.346766397000067 51.350759995000033)",Unfall 227531 (2020) Kat:2, Licht: 0,227531,2,1,9,07,06,3,0,0,0,1,0,0,0,0
"POINT (12.479196520000073 51.345704855000065)",Unfall 227540 (2020) Kat:3, Licht: 0,227540,3,6,2,07,16,3,0,0,0,1,0,0,0,0
"POINT (12.405925004000039 51.368257833000030)",Unfall 227545 (2020) Kat:3, Licht: 0,227545,3,6,2,07,15,3,0,0,0,1,0,0,0,0
"POINT (12.383907600000043 51.380606551000028)",Unfall 227547 (2020) Kat:3, Licht: 0,227547,3,2,3,08,09,3,0,0,1,1,0,0,0,0
"POINT (12.329773624000040 51.334480032000045)",Unfall 227555 (2020) Kat:3, Licht: 2,227555,3,3,5,07,00,1,0,2,0,1,0,0,0,0
"POINT (12.338077869000074 51.395398973000056)",Unfall 227557 (2020) Kat:3, Licht: 0,227557,3,6,4,07,17,1,0,0,1,0,0,0,0,0
"POINT (12.411943076000057 51.353001770000049)",Unfall 227558 (2020) Kat:3, Licht: 2,227558,3,2,5,07,21,1,0,2,1,1,0,0,0,0
"POINT (12.376741211000024 51.375003555000035)",Unfall 227567 (2020) Kat:3, Licht: 0,227567,3,5,1,08,18,2,0,0,1,1,0,0,0,0
"POINT (12.278606562000050 51.317239130000075)",Unfall 227577 (2020) Kat:3, Licht: 0,227577,3,7,0,08,12,5,0,0,1,0,0,0,0,0
"POINT (12.408572262000064 51.352029359000028)",Unfall 227579 (2020) Kat:3, Licht: 0,227579,3,2,5,08,16,3,0,0,1,1,0,0,0,0
"POINT (12.376752678000059 51.320542181000064)",Unfall 227593 (2020) Kat:3, Licht: 0,227593,3,3,5,08,18,6,0,0,1,1,0,0,0,0
"POINT (12.344709927000054 51.323756618000061)",Unfall 227600 (2020) Kat:3, Licht: 0,227600,3,6,4,08,16,2,0,0,1,0,0,0,0,0
"POINT (12.371101412000030 51.339775575000033)",Unfall 227603 (2020) Kat:3, Licht: 2,227603,3,3,6,08,21,6,0,2,0,1,1,0,0,0
"POINT (12.373664456000029 51.332861451000042)",Unfall 227605 (2020) Kat:3, Licht: 2,227605,3,7,0,08,21,7,0,2,1,0,0,0,0,0
"POINT (12.258599704000062 51.344038372000057)",Unfall 227606 (2020) Kat:2, Licht: 0,227606,2,5,3,08,11,4,0,0,1,1,0,0,0,0
"POINT (12.432697303000054 51.320010093000064)",Unfall 227607 (2020) Kat:3, Licht: 1,227607,3,3,5,08,19,6,0,1,1,1,0,0,0,0
"POINT (12.296850077000045 51.313600722000047)",Unfall 227611 (2020) Kat:3, Licht: 0,227611,3,3,5,08,16,6,0,0,0,1,0,1,0,0
"POINT (12.479429594000067 51.350604571000076)",Unfall 227612 (2020) Kat:3, Licht: 2,227612,3,3,5,08,21,6,1,2,1,1,0,0,0,0
"POINT (12.383331887000054 51.328641571000048)",Unfall 227614 (2020) Kat:3, Licht: 0,227614,3,6,3,08,10,6,0,0,1,0,0,0,0,0
"POINT (12.396203597000067 51.299118697000040)",Unfall 227615 (2020) Kat:3, Licht: 0,227615,3,3,5,08,18,4,0,0,0,1,0,0,0,1
"POINT (12.335800153000037 51.327617568000051)",Unfall 227617 (2020) Kat:3, Licht: 0,227617,3,2,5,08,13,2,0,0,1,0,0,0,1,0
"POINT (12.378877738000028 51.325027164000062)",Unfall 227619 (2020) Kat:3, Licht: 0,227619,3,3,5,08,10,6,0,0,0,1,0,0,0,0
"POINT (12.373729473000026 51.331778666000048)",Unfall 227623 (2020) Kat:3, Licht: 0,227623,3,2,5,08,10,7,0,0,1,1,0,0,0,0
"POINT (12.371119614000065 51.347399355000050)",Unfall 227628 (2020) Kat:3, Licht: 0,227628,3,3,5,08,11,3,0,0,0,1,0,0,0,0
"POINT (12.263142912000035 51.313396685000043)",Unfall 227633 (2020) Kat:3, Licht: 0,227633,3,3,1,08,09,5,0,0,1,1,0,0,0,0
"POINT (12.263554260000035 51.324328406000063)",Unfall 227634 (2020) Kat:3, Licht: 0,227634,3,3,5,08,12,7,0,0,1,1,0,0,0,0
"POINT (12.360371875000055 51.377371112000048)",Unfall 227635 (2020) Kat:3, Licht: 2,227635,3,1,1,08,01,3,0,2,0,1,0,0,0,0
"POINT (12.327690285000074 51.328831603000026)",Unfall 227646 (2020) Kat:3, Licht: 0,227646,3,3,5,08,16,5,0,0,0,1,0,0,0,1
"POINT (12.429823058000068 51.379380288000050)",Unfall 227651 (2020) Kat:3, Licht: 0,227651,3,6,3,08,13,7,0,0,1,1,0,0,0,0
"POINT (12.354012220000072 51.350911896000071)",Unfall 227652 (2020) Kat:3, Licht: 0,227652,3,3,3,08,16,6,0,0,0,1,0,0,0,1
"POINT (12.326869689000034 51.344148721000067)",Unfall 227656 (2020) Kat:3, Licht: 0,227656,3,1,1,08,07,4,0,0,0,1,0,0,0,0
"POINT (12.367740037000033 51.358471526000073)",Unfall 227658 (2020) Kat:3, Licht: 0,227658,3,3,5,08,11,2,0,0,1,1,0,0,0,0
"POINT (12.358568645000048 51.364400784000054)",Unfall 227659 (2020) Kat:3, Licht: 0,227659,3,5,1,08,18,2,0,0,1,0,0,0,0,1
"POINT (12.371026199000028 51.347367375000033)",Unfall 227662 (2020) Kat:3, Licht: 0,227662,3,6,2,08,12,2,0,0,0,1,0,0,1,0
"POINT (12.270069204000038 51.312676675000034)",Unfall 227667 (2020) Kat:3, Licht: 0,227667,3,1,0,08,16,4,0,0,1,0,0,0,0,0
"POINT (12.405571361000057 51.331099727000037)",Unfall 227674 (2020) Kat:3, Licht: 0,227674,3,6,6,08,15,5,0,0,1,0,1,0,0,0
"POINT (12.318417062000037 51.331528551000076)",Unfall 227677 (2020) Kat:3, Licht: 0,227677,3,2,5,08,14,6,0,0,1,1,0,0,0,0
"POINT (12.420829161000029 51.319344113000056)",Unfall 227679 (2020) Kat:3, Licht: 0,227679,3,1,0,08,12,5,0,0,1,0,0,0,0,0
"POINT (12.415683605000027 51.356428777000076)",Unfall 227682 (2020) Kat:2, Licht: 0,227682,2,1,8,08,17,4,0,0,0,0,0,1,0,0
"POINT (12.280746694000072 51.312554151000029)",Unfall 227684 (2020) Kat:2, Licht: 0,227684,2,3,5,08,08,3,0,0,1,0,0,0,0,0
"POINT (12.373333654000021 51.392006440000046)",Unfall 227689 (2020) Kat:3, Licht: 0,227689,3,3,5,08,12,5,0,0,1,1,0,0,0,0
"POINT (12.385229073000062 51.352547978000075)",Unfall 227690 (2020) Kat:3, Licht: 0,227690,3,6,2,08,16,5,0,0,0,1,0,0,0,1
"POINT (12.337478768000040 51.331054956000060)",Unfall 227691 (2020) Kat:3, Licht: 1,227691,3,3,5,08,20,5,1,1,1,0,0,1,0,0
"POINT (12.374140864000026 51.303607974000045)",Unfall 227697 (2020) Kat:3, Licht: 0,227697,3,3,5,08,18,3,0,0,1,1,0,0,0,0
"POINT (12.423727188000043 51.319923343000028)",Unfall 227699 (2020) Kat:2, Licht: 2,227699,2,4,6,08,21,5,0,2,0,0,1,0,0,1
"POINT (12.384105264000027 51.361312828000052)",Unfall 227702 (2020) Kat:3, Licht: 0,227702,3,3,5,08,16,5,0,0,1,1,0,0,0,1
"POINT (12.361179301000050 51.374093671000026)",Unfall 227710 (2020) Kat:3, Licht: 0,227710,3,2,5,08,17,6,0,0,1,0,0,0,0,1
"POINT (12.376708346000044 51.318556902000068)",Unfall 227712 (2020) Kat:2, Licht: 0,227712,2,4,6,08,10,6,0,0,0,1,1,0,0,0
"POINT (12.372627478000027 51.353720506000059)",Unfall 227722 (2020) Kat:3, Licht: 0,227722,3,1,1,08,09,2,0,0,1,1,0,0,0,0
"POINT (12.370899997000038 51.292148950000069)",Unfall 227728 (2020) Kat:3, Licht: 0,227728,3,1,0,08,13,4,0,0,1,0,0,0,0,0
"POINT (12.399707280000030 51.400721810000050)",Unfall 227731 (2020) Kat:3, Licht: 0,227731,3,3,5,08,16,3,0,0,1,1,0,0,0,0
"POINT (12.384929731000057 51.378819400000054)",Unfall 227735 (2020) Kat:2, Licht: 0,227735,2,3,5,08,13,4,0,0,1,1,0,0,0,0
"POINT (12.374521997000045 51.335831024000072)",Unfall 227737 (2020) Kat:3, Licht: 2,227737,3,3,5,08,22,2,0,2,1,1,0,0,0,0
"POINT (12.334579574000031 51.337157552000065)",Unfall 227753 (2020) Kat:3, Licht: 0,227753,3,7,1,08,16,5,0,0,0,0,1,0,0,1
"POINT (12.408918145000030 51.387311931000056)",Unfall 227755 (2020) Kat:3, Licht: 0,227755,3,3,5,08,07,3,0,0,1,0,0,0,0,0
"POINT (12.384961921000070 51.298890530000051)",Unfall 227766 (2020) Kat:2, Licht: 2,227766,2,1,0,08,00,5,0,2,1,0,0,0,0,0
"POINT (12.365543946000059 51.339617351000072)",Unfall 227771 (2020) Kat:3, Licht: 0,227771,3,3,5,08,20,7,0,0,1,1,0,0,0,0
"POINT (12.370823629000029 51.336352873000067)",Unfall 227776 (2020) Kat:3, Licht: 0,227776,3,3,5,08,08,4,0,0,1,1,0,0,0,0
"POINT (12.378480892000027 51.321112532000029)",Unfall 227778 (2020) Kat:3, Licht: 0,227778,3,5,1,08,13,2,0,0,1,1,0,0,0,0
"POINT (12.408273260000044 51.340063666000049)",Unfall 227780 (2020) Kat:3, Licht: 2,227780,3,3,5,08,23,6,1,2,0,1,0,1,0,0
"POINT (12.344385719000059 51.332211607000033)",Unfall 227789 (2020) Kat:3, Licht: 2,227789,3,3,5,08,21,4,0,2,1,1,0,0,0,0
"POINT (12.361561260000030 51.338502195000046)",Unfall 227797 (2020) Kat:3, Licht: 0,227797,3,7,0,08,19,4,0,0,1,0,0,0,0,0
"POINT (12.392579015000024 51.348434506000046)",Unfall 227800 (2020) Kat:3, Licht: 0,227800,3,2,3,08,06,3,0,0,1,1,0,0,0,0
"POINT (12.365774008000074 51.346921445000078)",Unfall 227803 (2020) Kat:3, Licht: 0,227803,3,6,2,08,14,4,0,0,0,1,0,0,0,1
"POINT (12.376687656000058 51.355968668000060)",Unfall 227805 (2020) Kat:3, Licht: 2,227805,3,7,3,08,01,3,0,2,1,1,0,0,0,0
"POINT (12.367588019000038 51.331386483000074)",Unfall 227810 (2020) Kat:3, Licht: 0,227810,3,3,5,08,16,4,0,0,1,1,0,0,0,0
"POINT (12.407072475000064 51.365480352000077)",Unfall 227811 (2020) Kat:3, Licht: 0,227811,3,5,2,08,12,5,0,0,0,1,0,0,0,0
"POINT (12.347548065000069 51.328809261000060)",Unfall 227817 (2020) Kat:2, Licht: 0,227817,2,6,6,08,16,4,0,0,1,0,1,0,0,0
"POINT (12.371547545000055 51.345200849000037)",Unfall 227820 (2020) Kat:2, Licht: 0,227820,2,7,0,08,12,7,0,0,0,0,1,0,0,1
"POINT (12.389708587000030 51.321603653000068)",Unfall 227827 (2020) Kat:3, Licht: 2,227827,3,3,5,08,20,7,0,2,0,1,0,0,0,0
"POINT (12.412820518000046 51.375315490000048)",Unfall 227828 (2020) Kat:2, Licht: 0,227828,2,2,1,08,09,6,0,0,0,1,0,1,0,0
"POINT (12.257361072000037 51.320505702000048)",Unfall 227830 (2020) Kat:3, Licht: 0,227830,3,3,5,08,12,6,0,0,0,1,0,0,0,1
"POINT (12.378652582000029 51.336078674000078)",Unfall 227839 (2020) Kat:3, Licht: 0,227839,3,6,2,08,15,2,0,0,0,1,0,0,0,0
"POINT (12.371404930000040 51.348230759000046)",Unfall 227840 (2020) Kat:3, Licht: 0,227840,3,6,3,08,11,2,0,0,0,1,0,1,0,0
"POINT (12.368591723000065 51.317851193000081)",Unfall 227845 (2020) Kat:3, Licht: 0,227845,3,2,3,08,10,4,0,0,1,1,0,0,0,0
"POINT (12.392311121000034 51.305972264000047)",Unfall 227851 (2020) Kat:3, Licht: 0,227851,3,7,3,08,09,2,0,0,1,0,0,0,0,1
"POINT (12.456148739000071 51.391029283000080)",Unfall 227853 (2020) Kat:3, Licht: 0,227853,3,7,9,08,08,6,1,0,0,0,0,0,1,0
"POINT (12.380695571000047 51.341398275000074)",Unfall 227858 (2020) Kat:3, Licht: 0,227858,3,1,0,08,14,4,0,0,1,0,0,1,0,0
"POINT (12.381680135000067 51.331774757000062)",Unfall 227861 (2020) Kat:3, Licht: 0,227861,3,2,5,08,13,3,1,0,1,1,0,0,0,0
"POINT (12.404135860000054 51.319028491000040)",Unfall 227865 (2020) Kat:3, Licht: 0,227865,3,3,5,08,12,5,0,0,1,1,0,1,0,0
"POINT (12.382278343000053 51.351125238000066)",Unfall 227868 (2020) Kat:3, Licht: 0,227868,3,5,1,08,15,4,0,0,0,1,0,0,0,1
"POINT (12.336803577000069 51.339768715000048)",Unfall 227869 (2020) Kat:3, Licht: 0,227869,3,7,1,09,15,6,0,0,0,1,0,0,0,0
"POINT (12.418814074000068 51.317517267000028)",Unfall 227870 (2020) Kat:3, Licht: 0,227870,3,7,0,09,15,7,1,0,0,0,0,1,0,0
"POINT (12.370435834000034 51.361137141000029)",Unfall 227873 (2020) Kat:2, Licht: 0,227873,2,1,0,09,13,6,0,0,1,0,0,0,0,0
"POINT (12.372728517000041 51.353639521000048)",Unfall 227875 (2020) Kat:3, Licht: 0,227875,3,3,5,08,14,4,0,0,1,1,0,0,0,0
"POINT (12.370823629000029 51.336352873000067)",Unfall 227876 (2020) Kat:3, Licht: 0,227876,3,3,5,09,09,6,0,0,1,1,0,0,0,0
"POINT (12.363760046000039 51.337697058000060)",Unfall 227880 (2020) Kat:3, Licht: 0,227880,3,3,5,09,10,6,0,0,1,1,0,0,0,0
"POINT (12.380661029000066 51.330819412000039)",Unfall 227882 (2020) Kat:3, Licht: 0,227882,3,3,5,09,16,6,0,0,0,1,0,0,0,0
"POINT (12.377692307000075 51.308103996000057)",Unfall 227883 (2020) Kat:3, Licht: 2,227883,3,6,2,09,21,6,0,2,0,0,0,0,0,1
"POINT (12.386787716000072 51.359067923000055)",Unfall 227884 (2020) Kat:3, Licht: 1,227884,3,3,5,09,06,6,0,1,1,1,0,0,0,0
"POINT (12.365633926000044 51.339575970000055)",Unfall 227893 (2020) Kat:3, Licht: 0,227893,3,3,5,09,18,2,0,0,1,1,0,0,0,0
"POINT (12.374052034000044 51.334243998000034)",Unfall 227899 (2020) Kat:3, Licht: 0,227899,3,2,5,09,14,7,0,0,1,1,0,0,0,0
"POINT (12.403898514000048 51.328357257000050)",Unfall 227900 (2020) Kat:3, Licht: 0,227900,3,2,2,09,07,3,0,0,0,1,0,0,0,0
"POINT (12.363480222000021 51.362862864000078)",Unfall 227903 (2020) Kat:3, Licht: 0,227903,3,3,5,09,09,5,0,0,1,1,0,0,0,0
"POINT (12.386305759000038 51.360541635000061)",Unfall 227905 (2020) Kat:2, Licht: 0,227905,2,3,5,09,11,5,0,0,0,1,0,0,0,0
"POINT (12.407224189000033 51.344566817000043)",Unfall 227908 (2020) Kat:3, Licht: 0,227908,3,2,6,09,08,5,0,0,0,1,1,0,0,0
"POINT (12.321908965000034 51.350039697000057)",Unfall 227909 (2020) Kat:3, Licht: 0,227909,3,2,5,09,15,5,0,0,1,1,0,0,0,0
"POINT (12.347367123000026 51.350490668000077)",Unfall 227927 (2020) Kat:3, Licht: 0,227927,3,3,5,08,10,3,0,0,1,1,0,0,0,0
"POINT (12.349927932000071 51.366041346000031)",Unfall 227934 (2020) Kat:3, Licht: 0,227934,3,6,1,08,13,3,0,0,0,1,0,0,0,0
"POINT (12.317769817000055 51.350119182000071)",Unfall 227935 (2020) Kat:3, Licht: 0,227935,3,2,5,09,08,4,0,0,1,1,0,0,0,0
"POINT (12.414093163000075 51.304602345000035)",Unfall 227936 (2020) Kat:3, Licht: 0,227936,3,2,3,08,11,3,0,0,0,1,0,0,0,0
"POINT (12.308361601000058 51.274016728000049)",Unfall 227938 (2020) Kat:2, Licht: 0,227938,2,3,5,08,09,3,0,0,1,1,0,0,0,0
"POINT (12.424066530000061 51.319966904000069)",Unfall 227939 (2020) Kat:3, Licht: 0,227939,3,3,5,09,14,4,0,0,1,0,0,0,0,0
"POINT (12.396382717000051 51.308917889000043)",Unfall 227943 (2020) Kat:2, Licht: 0,227943,2,3,0,09,12,4,0,0,0,1,0,0,0,1
"POINT (12.430533682000032 51.362562437000065)",Unfall 227945 (2020) Kat:3, Licht: 2,227945,3,5,1,09,05,4,0,2,0,0,0,0,1,0
"POINT (12.405215722000037 51.374137523000059)",Unfall 227946 (2020) Kat:2, Licht: 0,227946,2,1,9,09,11,4,0,0,0,1,0,1,0,0
"POINT (12.346372588000065 51.328808424000044)",Unfall 227951 (2020) Kat:3, Licht: 0,227951,3,1,0,09,17,4,0,0,1,0,0,0,0,0
"POINT (12.423935543000027 51.304550013000039)",Unfall 227957 (2020) Kat:3, Licht: 0,227957,3,7,6,09,10,2,0,0,0,0,1,0,1,0
"POINT (12.369268758000032 51.322252904000038)",Unfall 227975 (2020) Kat:2, Licht: 0,227975,2,7,0,09,10,3,0,0,1,0,0,0,0,0
"POINT (12.414627019000022 51.324079843000050)",Unfall 227981 (2020) Kat:3, Licht: 0,227981,3,6,2,09,17,1,0,0,0,1,0,0,0,0
"POINT (12.374635322000074 51.335778237000056)",Unfall 227982 (2020) Kat:3, Licht: 0,227982,3,6,3,09,16,3,0,0,0,1,0,0,0,0