WKT,Name,OBJECTID,UKATEGORIE,UTYP1,UART,UMONAT,USTUNDE,UWOCHENTAG,STRZUSTAND,ULICHTVERH,ISTRAD,ISTPKW,ISTFUSS,ISTKRAD,ISTGKFZ,ISTSONSTIG
"POINT (12.385049318000029 51.338302712000029)",Unfall 227983 (2020) Kat:3, Licht: 0,227983,3,2,5,09,12,3,0,0,1,1,0,0,0,0
"POINT (12.448344165000037 51.383011636000049)",Unfall 227989 (2020) Kat:2, Licht: 0,227989,2,3,5,09,13,3,0,0,1,1,0,0,0,0
"POINT (12.366735066000047 51.346936571000072)",Unfall 227993 (2020) Kat:3, Licht: 0,227993,3,2,2,09,12,1,0,0,0,1,0,1,0,0
"POINT (12.385006897000039 51.338304864000065)",Unfall 228016 (2020) Kat:2, Licht: 0,228016,2,7,0,09,14,2,0,0,1,0,0,0,0,0
"POINT (12.374118320000036 51.303343240000061)",Unfall 228021 (2020) Kat:3, Licht: 0,228021,3,1,0,08,18,2,0,0,1,0,0,0,0,0
"POINT (12.376940491000028 51.343761547000042)",Unfall 228022 (2020) Kat:3, Licht: 0,228022,3,2,2,08,14,2,0,0,1,1,0,0,0,0
"POINT (12.317969851000043 51.379307163000078)",Unfall 228024 (2020) Kat:3, Licht: 0,228024,3,3,5,09,09,3,0,0,0,1,0,0,0,0
"POINT (12.406231057000070 51.341443679000065)",Unfall 228026 (2020) Kat:2, Licht: 0,228026,2,1,0,08,16,2,1,0,1,0,0,0,0,0
"POINT (12.304846915000041 51.313438245000043)",Unfall 228027 (2020) Kat:3, Licht: 0,228027,3,3,5,08,10,2,0,0,1,1,0,0,0,0
"POINT (12.362688643000070 51.333409403000076)",Unfall 228029 (2020) Kat:3, Licht: 0,228029,3,3,5,08,17,2,1,0,1,1,0,0,0,0
"POINT (12.332253476000062 51.322730353000054)",Unfall 228031 (2020) Kat:3, Licht: 0,228031,3,6,3,08,17,2,0,0,1,1,0,0,0,0
"POINT (12.336147152000024 51.330283180000038)",Unfall 228034 (2020) Kat:3, Licht: 0,228034,3,5,3,09,18,2,0,0,1,1,0,0,0,0
"POINT (12.352470437000022 51.333692944000063)",Unfall 228038 (2020) Kat:3, Licht: 0,228038,3,6,6,08,16,2,0,0,0,1,1,0,0,0
"POINT (12.374118320000036 51.303343240000061)",Unfall 228049 (2020) Kat:3, Licht: 0,228049,3,1,0,08,15,2,0,0,1,0,0,0,0,0
"POINT (12.378641652000056 51.313186833000032)",Unfall 228056 (2020) Kat:3, Licht: 0,228056,3,1,1,08,05,2,0,0,0,1,0,0,0,0
"POINT (12.353961744000060 51.350957755000081)",Unfall 228057 (2020) Kat:3, Licht: 0,228057,3,6,2,08,17,1,1,0,0,1,0,0,0,0
"POINT (12.342682629000024 51.332277417000057)",Unfall 228060 (2020) Kat:3, Licht: 0,228060,3,3,5,08,19,2,0,0,1,1,0,0,0,0
"POINT (12.321912100000077 51.350055212000029)",Unfall 228061 (2020) Kat:3, Licht: 0,228061,3,3,5,08,11,1,0,0,0,1,0,1,0,0
"POINT (12.378958786000055 51.345124401000078)",Unfall 228062 (2020) Kat:3, Licht: 1,228062,3,2,5,09,05,2,0,1,1,1,0,0,0,0
"POINT (12.297333450000053 51.315244358000029)",Unfall 228065 (2020) Kat:3, Licht: 2,228065,3,4,6,08,20,2,0,2,0,1,1,0,0,0
"POINT (12.398323905000041 51.339217578000046)",Unfall 228071 (2020) Kat:3, Licht: 0,228071,3,3,5,08,16,2,0,0,1,1,0,0,0,0
"POINT (12.421264428000029 51.353013567000062)",Unfall 228073 (2020) Kat:2, Licht: 2,228073,2,3,5,08,23,2,0,2,1,0,0,0,0,1
"POINT (12.376478363000047 51.348375481000062)",Unfall 228076 (2020) Kat:2, Licht: 0,228076,2,3,5,09,13,2,0,0,0,1,0,0,0,0
"POINT (12.349911444000043 51.332306450000033)",Unfall 228078 (2020) Kat:2, Licht: 2,228078,2,7,0,08,02,7,0,2,1,0,0,0,0,0
"POINT (12.395238070000062 51.312905286000046)",Unfall 228095 (2020) Kat:3, Licht: 0,228095,3,3,5,08,07,6,1,0,1,1,0,0,0,0
"POINT (12.371429090000049 51.331531602000041)",Unfall 228098 (2020) Kat:3, Licht: 0,228098,3,6,2,08,10,6,0,0,0,1,0,0,0,0
"POINT (12.327171635000070 51.329637071000036)",Unfall 228099 (2020) Kat:3, Licht: 0,228099,3,2,4,08,07,6,1,0,1,1,0,0,0,0
"POINT (12.362658670000030 51.321043149000047)",Unfall 228100 (2020) Kat:3, Licht: 2,228100,3,2,5,09,22,6,0,2,1,1,0,0,0,0
"POINT (12.405801646000043 51.350688430000048)",Unfall 228102 (2020) Kat:3, Licht: 0,228102,3,6,2,08,11,6,0,0,0,1,0,1,0,0
"POINT (12.307037954000066 51.323066479000033)",Unfall 228103 (2020) Kat:3, Licht: 0,228103,3,3,5,08,13,6,0,0,1,1,0,0,0,0
"POINT (12.382078859000046 51.332573428000046)",Unfall 228109 (2020) Kat:3, Licht: 0,228109,3,2,3,09,14,6,0,0,1,1,0,0,0,0
"POINT (12.408593027000052 51.346726926000031)",Unfall 228131 (2020) Kat:3, Licht: 0,228131,3,4,6,08,17,5,0,0,1,0,1,0,0,0
"POINT (12.281722473000059 51.312117715000056)",Unfall 228132 (2020) Kat:3, Licht: 0,228132,3,6,4,08,08,5,1,0,0,1,0,1,0,0
"POINT (12.407627598000033 51.339306329000067)",Unfall 228135 (2020) Kat:3, Licht: 0,228135,3,3,5,08,16,5,0,0,1,1,0,0,0,0
"POINT (12.405687158000035 51.368018426000049)",Unfall 228136 (2020) Kat:3, Licht: 1,228136,3,1,1,08,05,5,0,1,0,1,0,0,0,0
"POINT (12.384354987000052 51.360155610000049)",Unfall 228137 (2020) Kat:3, Licht: 0,228137,3,3,5,09,16,2,0,0,1,0,0,0,0,1
"POINT (12.376619411000036 51.353275308000036)",Unfall 228138 (2020) Kat:1, Licht: 0,228138,1,2,5,08,13,5,0,0,0,1,0,0,0,1
"POINT (12.416756418000034 51.357478409000066)",Unfall 228139 (2020) Kat:3, Licht: 0,228139,3,4,6,08,10,5,0,0,0,0,1,0,0,1
"POINT (12.382826302000069 51.317587057000026)",Unfall 228140 (2020) Kat:3, Licht: 0,228140,3,3,5,08,08,5,0,0,0,1,0,0,0,0
"POINT (12.367457080000065 51.362106355000037)",Unfall 228143 (2020) Kat:3, Licht: 0,228143,3,5,1,09,18,3,0,0,1,1,0,0,0,0
"POINT (12.355866823000042 51.370165982000060)",Unfall 228150 (2020) Kat:3, Licht: 0,228150,3,6,3,09,07,2,0,0,1,1,0,0,0,0
"POINT (12.303142499000046 51.353119793000076)",Unfall 228154 (2020) Kat:3, Licht: 2,228154,3,7,0,08,23,1,0,2,1,0,0,0,0,0
"POINT (12.334261251000044 51.319306988000051)",Unfall 228156 (2020) Kat:3, Licht: 2,228156,3,7,0,09,02,6,1,2,1,0,0,0,0,0
"POINT (12.353879182000071 51.330210355000077)",Unfall 228173 (2020) Kat:3, Licht: 2,228173,3,7,0,09,03,6,0,2,1,0,0,0,0,0
"POINT (12.395773274000021 51.363299858000062)",Unfall 228175 (2020) Kat:3, Licht: 0,228175,3,3,5,09,15,4,0,0,1,1,0,0,0,0
"POINT (12.325759066000046 51.319197206000069)",Unfall 228176 (2020) Kat:3, Licht: 0,228176,3,3,5,09,07,5,0,0,1,0,0,0,0,1
"POINT (12.305209994000052 51.333650740000053)",Unfall 228179 (2020) Kat:3, Licht: 0,228179,3,6,2,09,08,6,0,0,0,1,0,0,0,0
"POINT (12.341849659000047 51.318590128000039)",Unfall 228182 (2020) Kat:3, Licht: 1,228182,3,6,2,09,19,6,0,1,0,1,0,1,0,0
"POINT (12.404312478000065 51.326766737000071)",Unfall 228187 (2020) Kat:3, Licht: 0,228187,3,1,1,09,10,6,0,0,1,1,0,0,0,0
"POINT (12.396281015000056 51.306083855000054)",Unfall 228188 (2020) Kat:3, Licht: 0,228188,3,2,6,09,17,6,0,0,0,1,1,0,0,0
"POINT (12.399385763000055 51.299849203000065)",Unfall 228192 (2020) Kat:3, Licht: 0,228192,3,7,0,09,16,6,0,0,1,0,0,0,0,0
"POINT (12.385026836000065 51.338303852000081)",Unfall 228195 (2020) Kat:3, Licht: 0,228195,3,3,5,09,07,6,0,0,0,1,0,0,0,0
"POINT (12.400167417000034 51.333642587000043)",Unfall 228201 (2020) Kat:3, Licht: 0,228201,3,3,1,09,18,2,0,0,1,1,0,0,0,0
"POINT (12.417214669000032 51.359289493000063)",Unfall 228204 (2020) Kat:3, Licht: 0,228204,3,6,2,09,12,3,0,0,0,1,0,0,0,1
"POINT (12.374633266000046 51.347980235000080)",Unfall 228206 (2020) Kat:3, Licht: 0,228206,3,3,5,09,18,6,0,0,1,1,0,0,0,0
"POINT (12.407527542000025 51.351302928000052)",Unfall 228207 (2020) Kat:2, Licht: 2,228207,2,3,5,09,05,3,0,2,1,1,0,0,0,0
"POINT (12.417417948000036 51.316062651000038)",Unfall 228210 (2020) Kat:3, Licht: 0,228210,3,3,5,09,14,5,0,0,0,1,0,0,0,0
"POINT (12.308373644000028 51.263419489000057)",Unfall 228214 (2020) Kat:3, Licht: 0,228214,3,6,4,09,19,3,0,0,1,0,0,0,0,1
"POINT (12.451054309000028 51.411735489000080)",Unfall 228216 (2020) Kat:3, Licht: 0,228216,3,2,5,09,09,2,0,0,0,1,0,0,0,0
"POINT (12.417099045000043 51.346669232000067)",Unfall 228222 (2020) Kat:3, Licht: 0,228222,3,6,3,09,16,5,0,0,1,1,0,0,0,0
"POINT (12.331440541000063 51.349658637000061)",Unfall 228223 (2020) Kat:3, Licht: 1,228223,3,2,5,09,18,7,0,1,1,1,0,0,0,0
"POINT (12.396182934000024 51.300340439000081)",Unfall 228229 (2020) Kat:3, Licht: 0,228229,3,7,6,09,17,3,0,0,0,1,1,0,0,0
"POINT (12.378502575000027 51.335814614000071)",Unfall 228230 (2020) Kat:3, Licht: 0,228230,3,2,5,09,10,4,0,0,1,1,0,0,0,0
"POINT (12.414341598000021 51.345089095000048)",Unfall 228235 (2020) Kat:3, Licht: 0,228235,3,2,5,09,09,3,0,0,1,1,0,0,0,0
"POINT (12.376649783000062 51.357136293000053)",Unfall 228248 (2020) Kat:3, Licht: 0,228248,3,3,5,09,06,6,0,0,1,1,0,0,0,0
"POINT (12.480446500000028 51.323387381000032)",Unfall 228258 (2020) Kat:2, Licht: 2,228258,2,3,5,09,23,1,0,2,0,1,0,0,0,0
"POINT (12.381182083000056 51.342711550000047)",Unfall 228271 (2020) Kat:3, Licht: 0,228271,3,2,5,09,12,3,0,0,1,1,0,0,0,0
"POINT (12.420542647000048 51.344793957000036)",Unfall 228279 (2020) Kat:3, Licht: 2,228279,3,7,0,09,22,2,0,2,0,0,0,0,0,1
"POINT (12.373710301000074 51.331207772000027)",Unfall 228281 (2020) Kat:1, Licht: 2,228281,1,3,5,09,23,7,0,2,0,1,0,0,0,1
"POINT (12.427995806000069 51.321605402000046)",Unfall 228286 (2020) Kat:3, Licht: 0,228286,3,5,1,09,16,3,0,0,1,1,0,0,0,0
"POINT (12.340937873000030 51.337842257000034)",Unfall 228289 (2020) Kat:3, Licht: 2,228289,3,1,0,09,19,4,0,2,1,0,0,0,0,0
"POINT (12.369166274000065 51.338129063000054)",Unfall 228293 (2020) Kat:3, Licht: 0,228293,3,7,0,09,11,6,0,0,1,0,0,0,0,0
"POINT (12.367408290000071 51.332008975000065)",Unfall 228298 (2020) Kat:3, Licht: 0,228298,3,3,5,09,10,5,0,0,1,0,0,0,0,1
"POINT (12.373411454000063 51.352442241000062)",Unfall 228301 (2020) Kat:2, Licht: 0,228301,2,3,5,09,12,5,0,0,0,1,0,0,0,0
"POINT (12.396464508000065 51.306055259000061)",Unfall 228304 (2020) Kat:3, Licht: 1,228304,3,6,3,09,06,5,0,1,1,1,0,0,0,0
"POINT (12.282282901000031 51.309660817000065)",Unfall 228307 (2020) Kat:3, Licht: 0,228307,3,3,5,09,16,5,0,0,1,1,0,0,0,0
"POINT (12.386452398000074 51.299090955000054)",Unfall 228310 (2020) Kat:3, Licht: 0,228310,3,3,5,09,15,6,0,0,1,1,0,0,0,0
"POINT (12.317306640000027 51.331096069000068)",Unfall 228315 (2020) Kat:3, Licht: 2,228315,3,6,2,09,20,2,0,2,0,1,0,0,0,0
"POINT (12.373662106000040 51.332882340000026)",Unfall 228317 (2020) Kat:2, Licht: 2,228317,2,6,4,09,22,5,0,2,1,0,0,0,0,0
"POINT (12.395313486000077 51.312579644000039)",Unfall 228318 (2020) Kat:2, Licht: 0,228318,2,6,2,09,08,2,0,0,1,0,0,0,0,1
"POINT (12.364187921000052 51.344441811000081)",Unfall 228319 (2020) Kat:3, Licht: 0,228319,3,3,5,09,15,1,0,0,1,1,0,0,0,0
"POINT (12.453542265000067 51.354702127000053)",Unfall 228320 (2020) Kat:3, Licht: 0,228320,3,3,5,09,16,5,0,0,1,0,0,0,0,1
"POINT (12.373195210000063 51.347498134000034)",Unfall 228325 (2020) Kat:3, Licht: 1,228325,3,3,5,09,19,2,0,1,0,1,0,1,0,0
"POINT (12.363785572000040 51.371136943000067)",Unfall 228326 (2020) Kat:3, Licht: 0,228326,3,2,4,09,17,4,0,0,1,1,0,0,0,0
"POINT (12.448672624000039 51.345645179000030)",Unfall 228329 (2020) Kat:3, Licht: 2,228329,3,7,1,09,22,2,0,2,1,1,0,0,0,0
"POINT (12.263164214000028 51.344625683000061)",Unfall 228330 (2020) Kat:3, Licht: 0,228330,3,2,5,09,11,7,0,0,1,1,0,0,0,0
"POINT (12.404762557000026 51.338175672000034)",Unfall 228334 (2020) Kat:2, Licht: 0,228334,2,6,3,09,13,2,0,0,0,1,0,0,0,1
"POINT (12.316599279000059 51.332920208000075)",Unfall 228337 (2020) Kat:3, Licht: 2,228337,3,2,4,09,20,5,0,2,1,1,0,0,0,0
"POINT (12.361731699000075 51.363397019000047)",Unfall 228340 (2020) Kat:3, Licht: 0,228340,3,6,2,09,15,2,0,0,0,1,0,0,0,0
"POINT (12.376727417000041 51.343044444000043)",Unfall 228341 (2020) Kat:3, Licht: 0,228341,3,3,5,09,13,4,0,0,1,0,0,0,0,0
"POINT (12.377278966000063 51.327195811000081)",Unfall 228342 (2020) Kat:3, Licht: 2,228342,3,6,4,09,20,2,0,2,1,1,0,0,0,0
"POINT (12.367500883000048 51.388464243000044)",Unfall 228349 (2020) Kat:3, Licht: 0,228349,3,3,5,09,15,5,0,0,1,1,0,0,0,0
"POINT (12.333793152000055 51.324620591000041)",Unfall 228353 (2020) Kat:3, Licht: 0,228353,3,2,5,09,13,3,0,0,1,1,0,0,0,0
"POINT (12.373208128000044 51.308516405000034)",Unfall 228355 (2020) Kat:3, Licht: 0,228355,3,5,1,09,16,2,0,0,1,1,0,0,0,0
"POINT (12.328142028000059 51.320350867000059)",Unfall 228356 (2020) Kat:3, Licht: 0,228356,3,3,5,09,17,4,0,0,1,1,0,0,0,0
"POINT (12.524364485000035 51.321576765000032)",Unfall 228363 (2020) Kat:3, Licht: 0,228363,3,2,5,09,15,4,0,0,0,1,0,0,0,0
"POINT (12.315060983000023 51.358085397000082)",Unfall 228368 (2020) Kat:2, Licht: 0,228368,2,6,2,09,16,1,0,0,0,1,0,1,0,0
"POINT (12.363971291000041 51.371735953000041)",Unfall 228376 (2020) Kat:2, Licht: 0,228376,2,2,5,09,15,6,0,0,1,1,0,0,0,0
"POINT (12.387164101000053 51.326838976000033)",Unfall 228392 (2020) Kat:3, Licht: 0,228392,3,2,5,09,12,4,0,0,1,1,0,0,0,0
"POINT (12.392386210000041 51.334199390000038)",Unfall 228395 (2020) Kat:3, Licht: 0,228395,3,6,2,09,12,4,0,0,0,1,0,1,0,0
"POINT (12.262836096000058 51.347868464000044)",Unfall 228397 (2020) Kat:3, Licht: 0,228397,3,3,5,09,09,5,0,0,1,0,0,0,0,1
"POINT (12.376544572000057 51.350421695000080)",Unfall 228400 (2020) Kat:3, Licht: 2,228400,3,3,5,09,21,7,0,2,1,1,0,0,0,0
"POINT (12.406870820000051 51.338110726000082)",Unfall 228402 (2020) Kat:3, Licht: 0,228402,3,7,5,09,13,4,0,0,0,1,0,0,0,1
"POINT (12.370934523000074 51.336399746000041)",Unfall 228403 (2020) Kat:3, Licht: 0,228403,3,2,5,09,14,2,0,0,0,1,0,0,0,0
"POINT (12.402021113000046 51.332347201000061)",Unfall 228404 (2020) Kat:3, Licht: 2,228404,3,5,3,09,21,4,0,2,1,1,0,0,0,0
"POINT (12.373793742000032 51.305202143000031)",Unfall 228406 (2020) Kat:3, Licht: 0,228406,3,7,0,09,15,4,0,0,1,0,0,0,0,0
"POINT (12.302459473000056 51.353654316000075)",Unfall 228407 (2020) Kat:3, Licht: 0,228407,3,2,2,09,09,2,0,0,0,1,1,0,0,0
"POINT (12.335818176000032 51.327643112000032)",Unfall 228408 (2020) Kat:3, Licht: 0,228408,3,2,3,09,14,4,0,0,1,1,0,0,0,0
"POINT (12.369661217000044 51.290548311000066)",Unfall 228409 (2020) Kat:3, Licht: 0,228409,3,7,5,09,15,7,0,0,1,1,0,0,0,0
"POINT (12.300213785000039 51.350844335000033)",Unfall 228410 (2020) Kat:3, Licht: 0,228410,3,2,5,09,07,4,0,0,1,0,0,0,0,1
"POINT (12.401012268000045 51.341198339000073)",Unfall 228413 (2020) Kat:3, Licht: 0,228413,3,3,5,09,14,3,0,0,1,1,0,0,0,0
"POINT (12.380694087000052 51.350241861000029)",Unfall 228416 (2020) Kat:2, Licht: 0,228416,2,6,3,09,09,4,0,0,0,1,0,0,1,0
"POINT (12.301530390000039 51.315206337000063)",Unfall 228418 (2020) Kat:3, Licht: 0,228418,3,2,5,09,08,4,0,0,1,1,0,0,0,0
"POINT (12.385296415000028 51.338184450000028)",Unfall 228420 (2020) Kat:3, Licht: 0,228420,3,4,6,09,18,4,0,0,0,0,1,0,0,1
"POINT (12.387919307000061 51.309208018000049)",Unfall 228421 (2020) Kat:2, Licht: 0,228421,2,6,4,09,16,4,0,0,0,1,0,0,0,0
"POINT (12.385576242000070 51.374854200000073)",Unfall 228424 (2020) Kat:3, Licht: 0,228424,3,7,0,09,13,1,0,0,0,0,0,0,0,1
"POINT (12.341182767000078 51.332331428000032)",Unfall 228426 (2020) Kat:3, Licht: 2,228426,3,3,5,09,22,5,0,2,0,1,0,0,0,0
"POINT (12.376529703000074 51.353312328000072)",Unfall 228429 (2020) Kat:2, Licht: 0,228429,2,6,2,09,11,4,0,0,0,1,0,1,0,0
"POINT (12.385869821000028 51.364882026000032)",Unfall 228430 (2020) Kat:3, Licht: 0,228430,3,7,5,09,14,1,0,0,0,1,0,1,0,0
"POINT (12.270557540000027 51.362744104000058)",Unfall 228434 (2020) Kat:3, Licht: 0,228434,3,3,5,09,09,6,0,0,0,1,0,1,0,0
"POINT (12.307027326000025 51.323187237000070)",Unfall 228436 (2020) Kat:3, Licht: 0,228436,3,6,2,09,17,1,0,0,0,1,0,0,0,0
"POINT (12.380177284000069 51.307002968000063)",Unfall 228439 (2020) Kat:3, Licht: 2,228439,3,7,6,09,00,1,0,2,0,0,1,0,0,1
"POINT (12.338779025000065 51.337217666000072)",Unfall 228453 (2020) Kat:3, Licht: 0,228453,3,3,5,09,15,7,0,0,1,1,0,0,0,0
"POINT (12.309337793000054 51.349846141000057)",Unfall 228457 (2020) Kat:3, Licht: 0,228457,3,3,5,09,12,3,0,0,1,1,0,0,0,0
"POINT (12.376319898000077 51.336851402000036)",Unfall 228459 (2020) Kat:3, Licht: 0,228459,3,1,0,09,12,5,0,0,1,0,0,0,0,0
"POINT (12.384196567000060 51.364774611000030)",Unfall 228460 (2020) Kat:3, Licht: 0,228460,3,3,5,09,08,5,0,0,1,1,0,0,0,0
"POINT (12.362447750000058 51.366458879000049)",Unfall 228471 (2020) Kat:3, Licht: 2,228471,3,7,3,09,20,5,0,2,0,1,0,1,0,0
"POINT (12.443697305000057 51.323769209000034)",Unfall 228472 (2020) Kat:3, Licht: 0,228472,3,5,1,09,07,3,0,0,0,1,0,0,0,0
"POINT (12.378025683000033 51.309589725000080)",Unfall 228478 (2020) Kat:3, Licht: 1,228478,3,7,0,09,18,4,0,1,1,1,0,0,0,0
"POINT (12.371514677000050 51.320828280000057)",Unfall 228480 (2020) Kat:2, Licht: 0,228480,2,3,5,10,14,6,1,0,1,1,0,0,0,0
"POINT (12.373375269000064 51.352728882000065)",Unfall 228481 (2020) Kat:3, Licht: 1,228481,3,3,5,10,18,5,0,1,1,1,0,0,0,0
"POINT (12.371655535000059 51.338694489000034)",Unfall 228483 (2020) Kat:3, Licht: 2,228483,3,5,3,09,19,3,0,2,1,1,0,0,0,0
"POINT (12.406045801000062 51.346283541000048)",Unfall 228484 (2020) Kat:3, Licht: 0,228484,3,3,1,09,18,3,0,0,1,1,0,0,0,0
"POINT (12.372978880000062 51.301376793000031)",Unfall 228487 (2020) Kat:3, Licht: 0,228487,3,3,5,09,09,3,0,0,1,1,0,0,0,0
"POINT (12.405751837000025 51.331753537000054)",Unfall 228488 (2020) Kat:3, Licht: 2,228488,3,2,5,10,19,6,0,2,1,1,0,0,0,0
"POINT (12.372997618000056 51.309714670000062)",Unfall 228493 (2020) Kat:2, Licht: 0,228493,2,3,5,10,17,5,0,0,1,0,0,0,0,1
"POINT (12.421425770000042 51.379224299000043)",Unfall 228495 (2020) Kat:3, Licht: 0,228495,3,3,5,09,06,3,0,0,1,1,0,0,0,0
"POINT (12.385165714000038 51.342721444000063)",Unfall 228497 (2020) Kat:3, Licht: 0,228497,3,3,5,10,15,7,0,0,1,1,0,0,0,0
"POINT (12.398304894000034 51.339216942000064)",Unfall 228498 (2020) Kat:3, Licht: 0,228498,3,2,5,09,14,3,0,0,1,1,0,0,0,0
"POINT (12.465205474000072 51.364534679000030)",Unfall 228503 (2020) Kat:3, Licht: 0,228503,3,2,4,09,14,3,0,0,0,1,0,0,0,0
"POINT (12.308276458000023 51.333246287000065)",Unfall 228504 (2020) Kat:3, Licht: 0,228504,3,1,1,09,07,4,0,0,0,1,0,1,0,1
"POINT (12.376931788000036 51.344103559000075)",Unfall 228506 (2020) Kat:3, Licht: 2,228506,3,7,6,10,19,6,1,2,0,1,1,0,0,0
"POINT (12.414716333000058 51.355798776000029)",Unfall 228507 (2020) Kat:3, Licht: 0,228507,3,3,5,09,11,3,0,0,0,1,0,1,0,0
"POINT (12.279277313000023 51.325971659000061)",Unfall 228508 (2020) Kat:3, Licht: 0,228508,3,3,5,09,14,3,0,0,1,1,0,0,0,0
"POINT (12.429607866000026 51.321338724000043)",Unfall 228509 (2020) Kat:3, Licht: 0,228509,3,6,2,10,16,1,0,0,0,1,0,1,0,0
"POINT (12.342712566000046 51.372377912000047)",Unfall 228511 (2020) Kat:3, Licht: 0,228511,3,3,5,09,14,3,0,0,1,1,0,0,0,0
"POINT (12.406946999000070 51.338106756000059)",Unfall 228517 (2020) Kat:3, Licht: 0,228517,3,7,0,10,17,7,0,0,1,0,0,0,0,1
"POINT (12.263806607000049 51.306886638000037)",Unfall 228519 (2020) Kat:3, Licht: 0,228519,3,3,5,10,11,4,0,0,1,1,0,0,0,0
"POINT (12.343105315000059 51.322656635000044)",Unfall 228522 (2020) Kat:3, Licht: 0,228522,3,2,2,10,09,4,0,0,1,1,0,0,0,0
"POINT (12.326557227000023 51.334694401000036)",Unfall 228523 (2020) Kat:3, Licht: 0,228523,3,3,5,10,16,2,0,0,1,1,0,0,0,0
"POINT (12.372184767000022 51.331444293000061)",Unfall 228527 (2020) Kat:3, Licht: 2,228527,3,3,5,10,21,6,1,2,1,1,0,0,0,0
"POINT (12.386390825000035 51.360531667000032)",Unfall 228528 (2020) Kat:3, Licht: 0,228528,3,2,5,10,07,5,0,0,1,1,0,0,0,0
"POINT (12.444048482000028 51.346231254000031)",Unfall 228535 (2020) Kat:2, Licht: 0,228535,2,4,6,10,14,6,0,0,0,1,1,0,0,0
"POINT (12.393335410000077 51.356806933000030)",Unfall 228542 (2020) Kat:3, Licht: 0,228542,3,3,5,10,10,5,0,0,1,0,0,0,0,1
"POINT (12.376757089000023 51.320710996000059)",Unfall 228543 (2020) Kat:2, Licht: 0,228543,2,3,5,10,16,5,0,0,0,1,0,0,0,0
"POINT (12.362684878000039 51.338957676000064)",Unfall 228550 (2020) Kat:3, Licht: 0,228550,3,2,2,10,13,5,1,0,0,1,0,0,0,0
"POINT (12.423634666000055 51.355066185000055)",Unfall 228567 (2020) Kat:3, Licht: 0,228567,3,3,5,09,18,2,0,0,1,1,0,0,0,0
"POINT (12.411261910000064 51.354363175000060)",Unfall 228569 (2020) Kat:3, Licht: 0,228569,3,2,2,10,11,7,0,0,0,1,0,0,0,0
"POINT (12.418910720000042 51.317617760000076)",Unfall 228570 (2020) Kat:3, Licht: 0,228570,3,6,2,10,15,6,1,0,0,1,0,0,0,0
"POINT (12.355918316000043 51.343757143000062)",Unfall 228572 (2020) Kat:3, Licht: 0,228572,3,3,5,10,17,4,1,0,1,1,0,0,0,0
"POINT (12.372085467000034 51.356865623000033)",Unfall 228582 (2020) Kat:2, Licht: 0,228582,2,3,5,10,11,6,1,0,1,1,0,0,0,0
"POINT (12.404826840000055 51.336043787000051)",Unfall 228589 (2020) Kat:3, Licht: 2,228589,3,5,3,10,19,1,1,2,1,1,0,0,0,0
"POINT (12.328123728000037 51.333481431000052)",Unfall 228591 (2020) Kat:3, Licht: 0,228591,3,6,2,10,13,6,0,0,1,1,0,0,0,0
"POINT (12.378027383000074 51.358587907000071)",Unfall 228615 (2020) Kat:3, Licht: 0,228615,3,6,6,10,09,4,0,0,0,1,1,0,0,0
"POINT (12.421525863000056 51.378387069000041)",Unfall 228617 (2020) Kat:2, Licht: 2,228617,2,1,8,09,01,1,1,2,0,1,0,0,0,0
"POINT (12.340710317000060 51.331005015000073)",Unfall 228623 (2020) Kat:3, Licht: 0,228623,3,3,5,10,11,7,0,0,1,1,0,0,0,0
"POINT (12.441034842000022 51.333355059000041)",Unfall 228626 (2020) Kat:3, Licht: 0,228626,3,2,2,10,07,4,0,0,0,1,0,0,0,0
"POINT (12.393174498000064 51.336936807000029)",Unfall 228629 (2020) Kat:3, Licht: 1,228629,3,3,5,10,06,2,1,1,1,1,0,0,0,0
"POINT (12.323554880000074 51.328720634000035)",Unfall 228633 (2020) Kat:2, Licht: 0,228633,2,2,5,10,07,6,1,0,1,1,0,0,0,0
"POINT (12.412057973000060 51.335378456000058)",Unfall 228634 (2020) Kat:3, Licht: 1,228634,3,3,5,10,18,5,0,1,1,1,0,0,0,0
"POINT (12.252644619000023 51.328572473000065)",Unfall 228641 (2020) Kat:3, Licht: 0,228641,3,3,5,10,10,6,0,0,1,1,0,0,0,0
"POINT (12.335955660000025 51.328956733000041)",Unfall 228644 (2020) Kat:3, Licht: 0,228644,3,3,6,09,08,4,0,0,0,1,1,0,0,0
"POINT (12.417177635000030 51.344936761000042)",Unfall 228649 (2020) Kat:3, Licht: 0,228649,3,2,6,10,09,5,0,0,0,1,1,0,0,0
"POINT (12.373460071000068 51.329535488000033)",Unfall 228652 (2020) Kat:3, Licht: 2,228652,3,6,2,09,23,7,1,2,0,1,0,0,0,0
"POINT (12.387213206000069 51.326892038000040)",Unfall 228654 (2020) Kat:2, Licht: 2,228654,2,7,0,10,04,7,1,2,1,0,0,0,0,1
"POINT (12.349416491000056 51.318923021000046)",Unfall 228655 (2020) Kat:3, Licht: 0,228655,3,2,2,09,13,7,1,0,0,1,0,0,0,0
"POINT (12.373710018000054 51.331194225000047)",Unfall 228657 (2020) Kat:3, Licht: 0,228657,3,2,5,10,09,5,0,0,1,1,0,0,0,0