WKT,Name,OBJECTID,UKATEGORIE,UTYP1,UART,UMONAT,USTUNDE,UWOCHENTAG,STRZUSTAND,ULICHTVERH,ISTRAD,ISTPKW,ISTFUSS,ISTKRAD,ISTGKFZ,ISTSONSTIG
"POINT (12.376474333000033 51.391614612000069)",Unfall 121797 (2021) Kat:3, Licht: 0,121797,3,6,4,05,12,1,0,0,1,0,0,0,0,0
"POINT (12.379372232000037 51.393022000000030)",Unfall 121813 (2021) Kat:3, Licht: 0,121813,3,7,0,06,14,6,0,0,1,0,0,0,0,0
"POINT (12.461111974000062 51.367349161000050)",Unfall 121837 (2021) Kat:2, Licht: 0,121837,2,3,5,01,09,7,1,0,1,0,0,0,0,1
"POINT (12.329598331000057 51.336067547000027)",Unfall 121841 (2021) Kat:3, Licht: 0,121841,3,3,5,03,14,4,0,0,1,1,0,0,0,0
"POINT (12.345184121000045 51.339257478000036)",Unfall 121849 (2021) Kat:3, Licht: 0,121849,3,6,2,02,16,4,1,0,0,1,0,0,0,0
"POINT (12.391407589000039 51.347451295000042)",Unfall 121861 (2021) Kat:3, Licht: 0,121861,3,2,0,06,15,5,0,0,1,1,0,0,0,0
"POINT (12.385052844000029 51.344413826000050)",Unfall 121869 (2021) Kat:3, Licht: 0,121869,3,2,2,05,13,2,0,0,0,1,0,0,0,0
"POINT (12.363332865000075 51.342816602000028)",Unfall 121879 (2021) Kat:3, Licht: 0,121879,3,3,5,03,09,3,0,0,0,1,0,0,0,1
"POINT (12.312963244000059 51.413642917000061)",Unfall 121886 (2021) Kat:2, Licht: 0,121886,2,6,2,03,14,2,0,0,0,1,0,0,0,1
"POINT (12.371099680000043 51.409265160000075)",Unfall 121898 (2021) Kat:3, Licht: 0,121898,3,1,8,05,19,7,1,0,0,1,0,0,0,0
"POINT (12.507245084000033 51.343552201000080)",Unfall 121904 (2021) Kat:3, Licht: 0,121904,3,6,2,05,16,6,1,0,0,1,0,0,0,0
"POINT (12.333928908000075 51.335997522000071)",Unfall 121934 (2021) Kat:3, Licht: 0,121934,3,2,5,06,17,5,1,0,1,1,0,0,0,0
"POINT (12.378338848000055 51.314839186000029)",Unfall 121966 (2021) Kat:3, Licht: 2,121966,3,2,5,03,05,4,0,2,1,1,0,0,0,0
"POINT (12.263066073000061 51.344583084000078)",Unfall 121977 (2021) Kat:3, Licht: 0,121977,3,3,5,03,11,6,0,0,0,1,0,0,0,0
"POINT (12.398313942000073 51.352906861000065)",Unfall 121978 (2021) Kat:3, Licht: 0,121978,3,6,4,03,16,3,0,0,1,0,0,0,0,0
"POINT (12.455614801000024 51.365472718000035)",Unfall 121983 (2021) Kat:3, Licht: 0,121983,3,6,2,03,16,4,1,0,0,1,0,0,0,0
"POINT (12.416237295000030 51.311842221000063)",Unfall 121991 (2021) Kat:3, Licht: 0,121991,3,6,2,02,13,1,0,0,0,1,0,0,0,0
"POINT (12.262786795000068 51.346210968000037)",Unfall 122044 (2021) Kat:3, Licht: 0,122044,3,3,5,01,10,5,1,0,0,1,0,0,0,0
"POINT (12.290393158000029 51.392830966000076)",Unfall 122050 (2021) Kat:3, Licht: 0,122050,3,3,5,03,11,4,0,0,0,1,0,0,1,0
"POINT (12.484187435000024 51.299517517000027)",Unfall 122052 (2021) Kat:2, Licht: 0,122052,2,1,9,05,12,7,0,0,0,0,0,1,0,0
"POINT (12.388416342000028 51.346435554000038)",Unfall 122080 (2021) Kat:3, Licht: 0,122080,3,6,4,04,16,2,0,0,1,0,0,0,0,0
"POINT (12.382484723000061 51.314947623000080)",Unfall 122082 (2021) Kat:3, Licht: 0,122082,3,6,3,05,17,1,0,0,1,0,0,0,0,0
"POINT (12.371197810000069 51.344093742000041)",Unfall 122094 (2021) Kat:3, Licht: 0,122094,3,6,2,01,15,4,0,0,0,1,0,0,0,1
"POINT (12.506669623000050 51.345395671000063)",Unfall 122102 (2021) Kat:3, Licht: 0,122102,3,6,2,04,12,3,0,0,0,1,0,0,0,0
"POINT (12.332837969000025 51.400340016000030)",Unfall 122109 (2021) Kat:3, Licht: 0,122109,3,1,8,01,07,3,2,0,0,1,0,0,0,0
"POINT (12.377584975000048 51.408113797000055)",Unfall 122116 (2021) Kat:3, Licht: 0,122116,3,6,3,01,12,5,0,0,0,1,0,0,0,0
"POINT (12.372426495000070 51.344461649000039)",Unfall 122140 (2021) Kat:3, Licht: 0,122140,3,6,2,02,12,5,1,0,0,1,0,0,0,0
"POINT (12.260833909000041 51.306578827000067)",Unfall 122143 (2021) Kat:3, Licht: 0,122143,3,1,1,04,18,1,0,0,0,1,0,0,0,0
"POINT (12.319891533000032 51.375423675000036)",Unfall 122151 (2021) Kat:3, Licht: 0,122151,3,2,3,03,15,3,0,0,0,1,0,0,0,1
"POINT (12.271721323000065 51.263364405000061)",Unfall 122157 (2021) Kat:3, Licht: 0,122157,3,1,9,02,16,1,0,0,0,1,0,0,0,0
"POINT (12.457710488000032 51.350459293000029)",Unfall 122166 (2021) Kat:3, Licht: 2,122166,3,2,5,01,18,1,1,2,0,1,0,0,0,0
"POINT (12.395317072000068 51.332094805000054)",Unfall 122173 (2021) Kat:3, Licht: 0,122173,3,3,5,02,16,5,0,0,1,1,0,0,0,0
"POINT (12.396142570000052 51.415499940000075)",Unfall 122186 (2021) Kat:2, Licht: 2,122186,2,2,5,06,22,4,0,2,0,1,0,0,0,0
"POINT (12.426767300000051 51.351978540000061)",Unfall 122203 (2021) Kat:3, Licht: 0,122203,3,6,8,06,18,4,0,0,1,0,0,0,0,0
"POINT (12.392482868000059 51.345381733000067)",Unfall 122208 (2021) Kat:3, Licht: 0,122208,3,6,2,02,14,4,1,0,0,1,0,0,0,0
"POINT (12.392568006000033 51.348427154000035)",Unfall 122220 (2021) Kat:3, Licht: 0,122220,3,7,0,03,07,3,1,0,1,0,0,0,0,0
"POINT (12.387640858000054 51.403431292000050)",Unfall 122258 (2021) Kat:3, Licht: 0,122258,3,6,0,03,13,5,0,0,0,1,0,0,0,0
"POINT (12.311524359000032 51.414657698000042)",Unfall 122268 (2021) Kat:3, Licht: 2,122268,3,3,5,01,07,2,1,2,0,1,0,0,0,0
"POINT (12.398328596000056 51.352899825000065)",Unfall 122271 (2021) Kat:2, Licht: 0,122271,2,6,4,04,17,6,0,0,1,0,0,0,0,0
"POINT (12.312132769000073 51.340947653000057)",Unfall 122280 (2021) Kat:2, Licht: 1,122280,2,4,6,02,16,2,1,1,0,1,1,0,0,0
"POINT (12.356719985000041 51.374804385000061)",Unfall 122282 (2021) Kat:3, Licht: 0,122282,3,6,2,04,17,2,0,0,0,1,0,0,0,0
"POINT (12.394034264000027 51.351232781000078)",Unfall 122290 (2021) Kat:3, Licht: 0,122290,3,3,3,05,08,2,0,0,1,0,0,1,0,0
"POINT (12.445680510000045 51.350651120000066)",Unfall 122302 (2021) Kat:3, Licht: 0,122302,3,3,5,06,06,3,0,0,1,1,0,0,0,0
"POINT (12.379537934000041 51.344493275000048)",Unfall 122304 (2021) Kat:3, Licht: 0,122304,3,6,4,03,13,1,0,0,1,0,0,0,0,0
"POINT (12.332589109000025 51.414503459000059)",Unfall 122311 (2021) Kat:1, Licht: 0,122311,1,1,8,03,17,6,1,0,0,1,0,0,1,0
"POINT (12.396154333000027 51.415503390000026)",Unfall 122343 (2021) Kat:2, Licht: 0,122343,2,2,5,05,19,6,1,0,0,1,0,0,0,0
"POINT (12.507864067000071 51.342048100000056)",Unfall 122357 (2021) Kat:2, Licht: 0,122357,2,6,2,05,16,6,1,0,0,1,0,0,0,1
"POINT (12.394193011000027 51.350690321000059)",Unfall 122359 (2021) Kat:3, Licht: 0,122359,3,6,2,02,13,5,0,0,0,1,0,0,0,0
"POINT (12.396583918000033 51.353587113000060)",Unfall 122365 (2021) Kat:3, Licht: 2,122365,3,3,5,04,23,6,0,2,0,1,0,0,0,0
"POINT (12.263060053000061 51.344616991000066)",Unfall 122368 (2021) Kat:2, Licht: 2,122368,2,3,5,01,20,4,1,2,1,1,0,0,0,0
"POINT (12.337671526000065 51.335379210000042)",Unfall 122382 (2021) Kat:3, Licht: 0,122382,3,4,6,04,09,6,0,0,0,1,1,0,0,0
"POINT (12.266629551000051 51.267184324000027)",Unfall 122398 (2021) Kat:2, Licht: 2,122398,2,1,1,02,20,3,0,2,0,1,0,0,0,1
"POINT (12.262479175000067 51.346237193000036)",Unfall 122406 (2021) Kat:3, Licht: 0,122406,3,6,2,01,09,2,1,0,0,1,0,0,0,0
"POINT (12.392676283000071 51.334020860000066)",Unfall 122425 (2021) Kat:3, Licht: 0,122425,3,6,2,04,14,5,0,0,1,0,0,0,0,0
"POINT (12.305024775000049 51.378235974000063)",Unfall 122497 (2021) Kat:3, Licht: 0,122497,3,2,5,02,13,7,0,0,0,1,0,0,0,0
"POINT (12.343653993000032 51.393817141000056)",Unfall 122499 (2021) Kat:3, Licht: 0,122499,3,6,2,01,13,3,1,0,0,1,0,0,0,0
"POINT (12.324370759000033 51.338422081000033)",Unfall 122521 (2021) Kat:3, Licht: 0,122521,3,6,2,05,15,3,0,0,0,1,0,0,0,0
"POINT (12.271854225000027 51.263055276000046)",Unfall 122531 (2021) Kat:3, Licht: 0,122531,3,6,3,02,15,4,0,0,0,0,0,1,1,0
"POINT (12.416293419000056 51.311659475000056)",Unfall 122540 (2021) Kat:3, Licht: 0,122540,3,2,5,06,09,6,0,0,1,1,0,0,0,0
"POINT (12.440705445000049 51.390335867000033)",Unfall 122553 (2021) Kat:3, Licht: 0,122553,3,1,9,04,08,5,0,0,0,0,0,0,1,0
"POINT (12.412005544000067 51.314584778000039)",Unfall 122604 (2021) Kat:3, Licht: 0,122604,3,2,3,05,15,6,0,0,1,1,0,0,0,0
"POINT (12.390033563000031 51.346678862000033)",Unfall 122631 (2021) Kat:2, Licht: 0,122631,2,7,5,04,14,3,0,0,0,1,0,1,0,0
"POINT (12.450831911000023 51.350196673000028)",Unfall 122678 (2021) Kat:3, Licht: 0,122678,3,1,9,04,12,4,0,0,0,0,0,0,0,1
"POINT (12.386789014000044 51.345650768000041)",Unfall 122691 (2021) Kat:3, Licht: 0,122691,3,6,2,06,07,2,0,0,0,1,0,0,0,0
"POINT (12.350959257000056 51.340603222000027)",Unfall 122693 (2021) Kat:3, Licht: 0,122693,3,4,6,04,08,2,0,0,0,1,1,0,0,0
"POINT (12.322140731000047 51.338943687000040)",Unfall 122717 (2021) Kat:2, Licht: 0,122717,2,4,6,03,17,6,0,0,0,0,1,0,0,1
"POINT (12.455633162000026 51.365479365000056)",Unfall 122721 (2021) Kat:3, Licht: 0,122721,3,7,3,05,17,2,0,0,0,1,0,0,0,0
"POINT (12.349010973000077 51.340159586000027)",Unfall 122736 (2021) Kat:3, Licht: 1,122736,3,6,2,03,18,2,1,1,0,1,0,0,0,0
"POINT (12.385422361000053 51.376139061000060)",Unfall 122740 (2021) Kat:3, Licht: 0,122740,3,2,2,01,15,4,1,0,0,1,0,0,0,0
"POINT (12.317263132000051 51.339991801000053)",Unfall 122745 (2021) Kat:3, Licht: 0,122745,3,4,6,03,17,6,0,0,0,1,1,0,0,0
"POINT (12.423118307000038 51.305690633000040)",Unfall 122760 (2021) Kat:3, Licht: 0,122760,3,3,5,04,10,6,0,0,1,1,0,0,0,0
"POINT (12.464213058000041 51.283528557000068)",Unfall 122779 (2021) Kat:3, Licht: 0,122779,3,5,5,02,13,7,0,0,0,0,0,1,0,1
"POINT (12.331418039000027 51.335850385000072)",Unfall 122797 (2021) Kat:3, Licht: 0,122797,3,6,2,04,06,2,0,0,0,1,0,0,0,0
"POINT (12.333468805000052 51.298800320000055)",Unfall 122802 (2021) Kat:3, Licht: 0,122802,3,6,3,01,14,4,1,0,1,1,0,0,0,0
"POINT (12.447303249000072 51.350238700000034)",Unfall 122820 (2021) Kat:3, Licht: 2,122820,3,3,5,01,22,6,1,2,0,1,0,0,0,0
"POINT (12.323415730000022 51.379557803000068)",Unfall 122830 (2021) Kat:3, Licht: 0,122830,3,7,3,02,16,2,0,0,0,1,0,0,0,0
"POINT (12.358375476000049 51.341928181000071)",Unfall 122853 (2021) Kat:3, Licht: 0,122853,3,6,1,07,11,4,1,0,0,1,0,0,0,0
"POINT (12.359781185000031 51.342137090000051)",Unfall 122862 (2021) Kat:2, Licht: 0,122862,2,7,0,08,08,3,1,0,1,0,0,0,0,0
"POINT (12.425680253000053 51.304039625000030)",Unfall 122863 (2021) Kat:3, Licht: 0,122863,3,2,3,08,18,1,0,0,1,1,0,0,0,0
"POINT (12.427114775000064 51.303187232000028)",Unfall 122871 (2021) Kat:3, Licht: 0,122871,3,3,5,08,17,7,0,0,1,1,0,0,0,0
"POINT (12.394294232000050 51.336789426000053)",Unfall 122921 (2021) Kat:2, Licht: 0,122921,2,2,5,08,15,4,0,0,1,1,0,0,0,0
"POINT (12.302415877000044 51.342608816000052)",Unfall 122935 (2021) Kat:3, Licht: 0,122935,3,3,5,07,12,4,0,0,1,1,0,0,0,0
"POINT (12.291082718000041 51.335148917000026)",Unfall 122948 (2021) Kat:3, Licht: 0,122948,3,1,9,07,13,5,0,0,0,1,0,0,0,0
"POINT (12.479886274000023 51.426113399000030)",Unfall 122959 (2021) Kat:3, Licht: 0,122959,3,6,4,06,19,6,0,0,0,1,0,0,0,0
"POINT (12.480917232000024 51.331724648000034)",Unfall 122967 (2021) Kat:2, Licht: 0,122967,2,7,0,09,18,1,0,0,0,0,0,1,0,0
"POINT (12.362797573000023 51.314240885000061)",Unfall 122975 (2021) Kat:3, Licht: 0,122975,3,3,5,08,10,4,0,0,1,0,0,0,0,1
"POINT (12.347182038000028 51.413481200000035)",Unfall 122977 (2021) Kat:2, Licht: 0,122977,2,1,9,08,13,5,1,0,0,1,0,0,0,0
"POINT (12.335580005000054 51.335596105000036)",Unfall 122985 (2021) Kat:3, Licht: 0,122985,3,6,3,07,18,7,0,0,1,0,0,0,0,0
"POINT (12.323698801000035 51.338580477000050)",Unfall 122986 (2021) Kat:3, Licht: 0,122986,3,4,6,07,14,5,1,0,0,1,1,0,0,0
"POINT (12.464376140000070 51.350537858000052)",Unfall 122991 (2021) Kat:3, Licht: 0,122991,3,3,5,06,17,7,0,0,1,1,0,0,0,0
"POINT (12.389254403000052 51.386084013000072)",Unfall 122993 (2021) Kat:3, Licht: 0,122993,3,6,2,07,15,6,0,0,0,1,0,0,0,1
"POINT (12.392050502000075 51.346319312000048)",Unfall 122995 (2021) Kat:3, Licht: 0,122995,3,3,5,07,15,1,0,0,0,1,0,0,0,0
"POINT (12.426822311000024 51.300323075000051)",Unfall 123004 (2021) Kat:3, Licht: 0,123004,3,6,2,09,15,6,0,0,1,0,0,0,0,0
"POINT (12.322351571000070 51.299848825000026)",Unfall 123008 (2021) Kat:3, Licht: 0,123008,3,3,5,08,17,5,1,0,0,1,0,0,0,0
"POINT (12.479483460000040 51.352019300000052)",Unfall 123014 (2021) Kat:3, Licht: 0,123014,3,2,5,08,17,6,1,0,0,1,0,0,0,0
"POINT (12.392007192000051 51.352081873000031)",Unfall 123023 (2021) Kat:3, Licht: 0,123023,3,1,8,06,08,2,0,0,0,0,0,0,0,1
"POINT (12.392333757000074 51.345379759000082)",Unfall 123032 (2021) Kat:3, Licht: 0,123032,3,3,5,07,06,2,0,0,1,1,0,0,0,1
"POINT (12.491210653000053 51.357201046000057)",Unfall 123037 (2021) Kat:3, Licht: 0,123037,3,6,0,07,10,4,1,0,0,1,0,0,0,0
"POINT (12.451194921000024 51.363633265000033)",Unfall 123055 (2021) Kat:3, Licht: 0,123055,3,6,3,07,10,5,0,0,0,1,0,0,1,0
"POINT (12.401644666000038 51.324285639000038)",Unfall 123067 (2021) Kat:3, Licht: 0,123067,3,3,5,06,20,6,0,0,0,1,0,0,0,0
"POINT (12.393194543000050 51.372143729000072)",Unfall 123094 (2021) Kat:3, Licht: 1,123094,3,1,9,07,07,7,1,1,0,1,0,0,0,0
"POINT (12.382666708000045 51.314946028000065)",Unfall 123123 (2021) Kat:3, Licht: 0,123123,3,3,5,09,07,5,0,0,1,1,0,0,0,0
"POINT (12.391409036000027 51.347466528000041)",Unfall 123128 (2021) Kat:3, Licht: 0,123128,3,2,5,07,12,7,0,0,0,1,0,0,0,1
"POINT (12.342485712000041 51.338420883000026)",Unfall 123132 (2021) Kat:3, Licht: 0,123132,3,3,5,09,17,4,0,0,1,1,0,0,0,0
"POINT (12.393039311000052 51.334497098000043)",Unfall 123147 (2021) Kat:3, Licht: 0,123147,3,2,5,06,14,1,0,0,1,1,0,0,0,0
"POINT (12.426620536000030 51.303506158000062)",Unfall 123164 (2021) Kat:3, Licht: 0,123164,3,7,3,07,11,3,0,0,0,1,0,0,0,1
"POINT (12.429630912000050 51.286135828000056)",Unfall 123167 (2021) Kat:2, Licht: 0,123167,2,3,5,09,18,1,0,0,1,1,0,0,0,0
"POINT (12.370812303000037 51.344103050000058)",Unfall 123222 (2021) Kat:3, Licht: 0,123222,3,2,6,07,10,6,0,0,0,1,1,0,0,0
"POINT (12.300238752000041 51.340447277000067)",Unfall 123229 (2021) Kat:3, Licht: 0,123229,3,3,5,09,18,4,0,0,1,1,0,0,0,0
"POINT (12.265882620000070 51.270418922000033)",Unfall 123239 (2021) Kat:3, Licht: 0,123239,3,6,3,09,09,3,0,0,0,1,0,1,0,0
"POINT (12.377007997000021 51.344504858000050)",Unfall 123279 (2021) Kat:3, Licht: 0,123279,3,3,5,06,09,6,0,0,1,1,0,0,0,0
"POINT (12.379796491000036 51.344386297000028)",Unfall 123303 (2021) Kat:3, Licht: 0,123303,3,4,6,08,12,6,1,0,0,0,1,0,0,1
"POINT (12.381672567000066 51.407212858000037)",Unfall 123319 (2021) Kat:3, Licht: 0,123319,3,6,3,09,11,6,0,0,0,1,0,0,1,0
"POINT (12.369298267000033 51.376102893000052)",Unfall 123324 (2021) Kat:3, Licht: 0,123324,3,2,5,07,19,1,0,0,1,1,0,0,0,0
"POINT (12.454977333000045 51.350292261000050)",Unfall 123356 (2021) Kat:3, Licht: 0,123356,3,3,5,07,07,7,0,0,1,1,0,0,0,0
"POINT (12.261588022000069 51.316158336000058)",Unfall 123404 (2021) Kat:3, Licht: 0,123404,3,6,2,09,07,6,0,0,1,1,0,0,0,0
"POINT (12.507871313000066 51.342029666000030)",Unfall 123437 (2021) Kat:3, Licht: 0,123437,3,6,2,08,14,6,0,0,0,1,0,0,0,0
"POINT (12.378283925000062 51.314839532000065)",Unfall 123464 (2021) Kat:3, Licht: 0,123464,3,2,5,08,14,4,0,0,1,0,0,0,0,1
"POINT (12.455528416000050 51.365441227000076)",Unfall 123470 (2021) Kat:3, Licht: 0,123470,3,3,5,09,11,3,0,0,0,1,0,0,0,0
"POINT (12.336825701000066 51.299725623000029)",Unfall 123481 (2021) Kat:3, Licht: 0,123481,3,6,3,06,17,2,0,0,1,0,0,0,0,0
"POINT (12.273575346000030 51.397055765000061)",Unfall 123516 (2021) Kat:3, Licht: 2,123516,3,6,2,09,04,2,0,2,0,1,0,0,1,0
"POINT (12.437833511000065 51.357289533000028)",Unfall 123530 (2021) Kat:2, Licht: 0,123530,2,2,5,09,16,2,0,0,1,1,0,0,0,0
"POINT (12.358709738000073 51.342065849000051)",Unfall 123548 (2021) Kat:3, Licht: 0,123548,3,2,5,06,17,3,0,0,0,1,0,1,0,0
"POINT (12.357671277000065 51.342071389000068)",Unfall 123551 (2021) Kat:3, Licht: 0,123551,3,3,5,07,07,2,0,0,1,0,0,0,0,1
"POINT (12.451212649000070 51.280975127000033)",Unfall 123554 (2021) Kat:3, Licht: 0,123554,3,3,5,09,10,4,0,0,0,1,0,1,0,0
"POINT (12.369298267000033 51.376102893000052)",Unfall 123562 (2021) Kat:3, Licht: 0,123562,3,3,5,09,12,3,0,0,1,1,0,0,0,0
"POINT (12.405522280000071 51.320045156000049)",Unfall 123570 (2021) Kat:3, Licht: 0,123570,3,6,3,09,14,6,0,0,1,0,0,0,0,0
"POINT (12.375397576000069 51.375925120000034)",Unfall 123587 (2021) Kat:3, Licht: 0,123587,3,2,6,07,14,7,0,0,0,1,1,0,0,0
"POINT (12.271176811000032 51.276764074000027)",Unfall 123593 (2021) Kat:3, Licht: 0,123593,3,7,8,08,18,2,1,0,0,0,0,0,0,1
"POINT (12.365621295000039 51.343398278000052)",Unfall 123594 (2021) Kat:3, Licht: 0,123594,3,4,6,09,11,6,0,0,0,0,1,0,0,1
"POINT (12.384393288000069 51.394049807000044)",Unfall 123597 (2021) Kat:3, Licht: 0,123597,3,3,5,07,16,5,0,0,0,1,0,0,0,0
"POINT (12.277783618000058 51.318994795000037)",Unfall 123617 (2021) Kat:3, Licht: 0,123617,3,2,5,10,11,7,0,0,1,1,0,0,0,0
"POINT (12.392595425000025 51.333888413000068)",Unfall 123618 (2021) Kat:2, Licht: 0,123618,2,3,5,07,15,4,0,0,1,1,0,0,0,0
"POINT (12.302866779000055 51.378639044000067)",Unfall 123632 (2021) Kat:3, Licht: 0,123632,3,3,5,09,16,2,0,0,0,1,0,1,0,0
"POINT (12.392621992000045 51.334130821000031)",Unfall 123650 (2021) Kat:3, Licht: 0,123650,3,3,5,08,12,4,0,0,1,1,0,0,0,0
"POINT (12.326900478000027 51.298144166000043)",Unfall 123712 (2021) Kat:3, Licht: 0,123712,3,3,5,07,14,6,0,0,1,1,0,0,0,0
"POINT (12.439139237000063 51.294836427000064)",Unfall 123714 (2021) Kat:3, Licht: 2,123714,3,3,5,09,05,3,0,2,1,1,0,0,0,0
"POINT (12.376731822000067 51.314832179000064)",Unfall 123724 (2021) Kat:3, Licht: 0,123724,3,6,3,08,13,1,0,0,1,0,0,0,0,0
"POINT (12.260838501000023 51.306613962000029)",Unfall 123763 (2021) Kat:3, Licht: 0,123763,3,3,5,07,11,2,0,0,1,1,0,0,0,0
"POINT (12.385570877000077 51.406867997000063)",Unfall 123769 (2021) Kat:3, Licht: 0,123769,3,1,8,07,07,4,1,0,0,0,0,1,0,0
"POINT (12.392075426000076 51.346495080000068)",Unfall 123791 (2021) Kat:3, Licht: 0,123791,3,1,0,06,20,5,1,0,0,0,0,1,0,0
"POINT (12.392625084000031 51.348465276000070)",Unfall 123801 (2021) Kat:3, Licht: 2,123801,3,1,0,08,03,7,0,2,1,0,0,0,0,0
"POINT (12.484134686000061 51.299531411000032)",Unfall 123835 (2021) Kat:2, Licht: 0,123835,2,1,4,07,13,7,0,0,0,1,0,1,0,0
"POINT (12.392111691000025 51.351747248000038)",Unfall 123838 (2021) Kat:3, Licht: 0,123838,3,6,2,09,11,4,0,0,0,1,0,0,0,0
"POINT (12.395099981000044 51.338985276000074)",Unfall 123879 (2021) Kat:3, Licht: 0,123879,3,6,3,09,17,3,0,0,1,1,0,0,0,0
"POINT (12.386797059000060 51.345653795000032)",Unfall 123882 (2021) Kat:3, Licht: 0,123882,3,6,2,07,17,3,0,0,0,1,0,0,0,0
"POINT (12.279131265000046 51.262391467000043)",Unfall 123921 (2021) Kat:3, Licht: 0,123921,3,6,3,09,14,5,0,0,0,1,0,1,0,0
"POINT (12.396158145000072 51.415504507000037)",Unfall 123946 (2021) Kat:2, Licht: 0,123946,2,2,5,08,06,3,0,0,0,1,0,0,0,1
"POINT (12.402920750000021 51.322694328000068)",Unfall 123962 (2021) Kat:3, Licht: 0,123962,3,4,6,07,11,5,0,0,1,0,1,0,0,0
"POINT (12.302420241000050 51.342608457000040)",Unfall 123965 (2021) Kat:3, Licht: 0,123965,3,2,2,07,13,5,1,0,0,1,0,0,0,1
"POINT (12.316891420000047 51.375999385000057)",Unfall 123981 (2021) Kat:3, Licht: 0,123981,3,3,5,06,07,4,0,0,0,1,0,0,0,1
"POINT (12.319078957000045 51.380242800000076)",Unfall 123990 (2021) Kat:3, Licht: 0,123990,3,3,5,06,08,4,1,0,0,1,0,0,0,0
"POINT (12.444281472000057 51.360284792000073)",Unfall 123992 (2021) Kat:3, Licht: 0,123992,3,7,3,06,13,1,0,0,0,1,0,0,0,0
"POINT (12.262897534000047 51.346200707000037)",Unfall 124000 (2021) Kat:3, Licht: 2,124000,3,6,2,07,23,1,1,2,0,1,0,0,0,0
"POINT (12.439144189000046 51.294832870000050)",Unfall 124009 (2021) Kat:2, Licht: 0,124009,2,3,5,08,12,6,0,0,1,1,0,0,0,0
"POINT (12.291468312000063 51.343643085000053)",Unfall 124015 (2021) Kat:3, Licht: 1,124015,3,3,5,06,21,7,0,1,1,1,0,0,0,0
"POINT (12.333182433000047 51.298750847000065)",Unfall 124017 (2021) Kat:3, Licht: 0,124017,3,1,0,07,19,7,0,0,1,0,0,0,0,0
"POINT (12.392081831000041 51.346473762000073)",Unfall 124018 (2021) Kat:3, Licht: 0,124018,3,3,5,10,10,6,0,0,1,1,0,0,0,0
"POINT (12.412013016000060 51.314578517000029)",Unfall 124053 (2021) Kat:3, Licht: 0,124053,3,6,2,08,16,2,0,0,0,1,0,1,0,0
"POINT (12.401799890000063 51.351378977000081)",Unfall 124069 (2021) Kat:3, Licht: 2,124069,3,3,5,09,05,2,0,2,1,1,0,0,0,0
"POINT (12.525291978000041 51.316784762000054)",Unfall 124070 (2021) Kat:3, Licht: 0,124070,3,6,2,07,10,2,0,0,0,1,0,0,1,0
"POINT (12.254516178000074 51.346885359000055)",Unfall 124081 (2021) Kat:3, Licht: 0,124081,3,6,2,07,09,3,0,0,0,1,0,0,0,0
"POINT (12.277905262000047 51.319054347000076)",Unfall 124100 (2021) Kat:3, Licht: 0,124100,3,6,2,09,11,5,0,0,0,1,0,0,0,0
"POINT (12.324361168000053 51.414753381000025)",Unfall 124104 (2021) Kat:3, Licht: 2,124104,3,6,2,08,21,1,0,2,0,1,0,0,1,0
"POINT (12.389912812000034 51.346562326000026)",Unfall 124128 (2021) Kat:2, Licht: 2,124128,2,3,5,09,06,2,0,2,1,1,0,0,0,0
"POINT (12.372234421000030 51.408912248000036)",Unfall 124149 (2021) Kat:3, Licht: 0,124149,3,6,3,07,14,5,1,0,0,1,0,0,0,0
"POINT (12.297813331000043 51.255616767000049)",Unfall 124154 (2021) Kat:3, Licht: 0,124154,3,6,3,09,09,6,0,0,0,1,0,0,0,0
"POINT (12.363321382000038 51.342813974000080)",Unfall 124165 (2021) Kat:3, Licht: 0,124165,3,2,2,06,17,4,0,0,1,1,0,0,0,0
"POINT (12.342486352000037 51.338432289000082)",Unfall 124166 (2021) Kat:3, Licht: 0,124166,3,3,5,08,16,7,0,0,1,0,0,0,0,0
"POINT (12.373238471000036 51.314914712000075)",Unfall 124191 (2021) Kat:3, Licht: 0,124191,3,2,4,06,20,6,0,0,1,1,0,0,0,0
"POINT (12.330095199000027 51.335741596000048)",Unfall 124192 (2021) Kat:3, Licht: 2,124192,3,3,5,09,20,6,0,2,0,1,0,0,0,1
"POINT (12.376851281000029 51.344491672000061)",Unfall 124214 (2021) Kat:3, Licht: 0,124214,3,2,2,08,07,4,0,0,0,1,0,0,0,0
"POINT (12.363733429000035 51.376054107000073)",Unfall 124220 (2021) Kat:3, Licht: 0,124220,3,2,3,09,14,5,0,0,1,1,0,0,0,0
"POINT (12.273953156000061 51.396942204000027)",Unfall 124224 (2021) Kat:3, Licht: 0,124224,3,6,2,07,10,4,0,0,0,1,0,0,0,0
"POINT (12.438935531000027 51.391744254000059)",Unfall 124256 (2021) Kat:3, Licht: 0,124256,3,1,8,07,14,6,0,0,0,1,0,0,0,0
"POINT (12.490963450000038 51.357336367000073)",Unfall 124288 (2021) Kat:1, Licht: 0,124288,1,1,8,06,14,1,0,0,0,1,0,0,0,0
"POINT (12.396829466000042 51.356712682000079)",Unfall 124299 (2021) Kat:3, Licht: 0,124299,3,6,1,09,12,7,0,0,0,1,0,0,0,0