WKT,Name,OBJECTID,UKATEGORIE,UTYP1,UART,UMONAT,USTUNDE,UWOCHENTAG,STRZUSTAND,ULICHTVERH,ISTRAD,ISTPKW,ISTFUSS,ISTKRAD,ISTGKFZ,ISTSONSTIG
"POINT (12.395019162000040 51.332136735000063)",Unfall 124302 (2021) Kat:3, Licht: 0,124302,3,3,5,08,07,4,0,0,0,1,0,0,0,0
"POINT (12.431060988000070 51.300462659000061)",Unfall 124303 (2021) Kat:3, Licht: 0,124303,3,6,6,08,14,5,0,0,0,0,1,0,0,1
"POINT (12.379458574000068 51.344521563000058)",Unfall 124305 (2021) Kat:3, Licht: 0,124305,3,3,5,10,15,3,1,0,1,0,0,0,1,0
"POINT (12.380463837000036 51.344110324000042)",Unfall 124329 (2021) Kat:2, Licht: 0,124329,2,7,6,09,07,6,0,0,1,0,1,0,0,0
"POINT (12.311298842000042 51.377048712000033)",Unfall 124333 (2021) Kat:3, Licht: 0,124333,3,2,5,07,08,3,0,0,1,1,0,0,0,0
"POINT (12.281157099000040 51.383417494000071)",Unfall 124336 (2021) Kat:2, Licht: 0,124336,2,2,2,07,11,4,0,0,0,1,0,0,0,0
"POINT (12.339133942000046 51.394003250000026)",Unfall 124345 (2021) Kat:3, Licht: 0,124345,3,3,5,08,13,7,0,0,1,1,0,0,0,0
"POINT (12.515339604000076 51.324727929000062)",Unfall 124357 (2021) Kat:3, Licht: 0,124357,3,6,2,09,10,1,0,0,0,1,0,0,0,0
"POINT (12.362255431000051 51.342571786000065)",Unfall 124364 (2021) Kat:1, Licht: 0,124364,1,2,6,06,07,6,0,0,0,1,1,0,0,0
"POINT (12.460835250000059 51.367256010000062)",Unfall 124419 (2021) Kat:3, Licht: 2,124419,3,2,5,09,22,1,0,2,0,1,0,0,0,0
"POINT (12.406241942000065 51.401480880000065)",Unfall 124428 (2021) Kat:2, Licht: 0,124428,2,6,2,09,08,4,0,0,0,1,0,0,1,0
"POINT (12.457276532000037 51.365951308000035)",Unfall 124429 (2021) Kat:3, Licht: 0,124429,3,7,0,06,14,2,0,0,0,0,0,1,0,0
"POINT (12.401684777000071 51.324240694000082)",Unfall 124447 (2021) Kat:3, Licht: 0,124447,3,6,2,09,09,3,0,0,0,1,0,0,0,0
"POINT (12.263615719000029 51.275852355000040)",Unfall 124460 (2021) Kat:2, Licht: 1,124460,2,2,5,09,06,4,0,1,0,1,0,0,0,0
"POINT (12.480856873000050 51.332121923000045)",Unfall 124466 (2021) Kat:3, Licht: 1,124466,3,1,0,09,19,2,0,1,1,0,0,0,0,0
"POINT (12.263064709000048 51.344590768000046)",Unfall 124490 (2021) Kat:3, Licht: 0,124490,3,3,5,08,15,5,0,0,0,1,0,0,0,0
"POINT (12.457143848000044 51.281884423000065)",Unfall 124515 (2021) Kat:3, Licht: 0,124515,3,3,3,08,16,3,0,0,0,1,0,0,0,0
"POINT (12.371353991000035 51.344453167000040)",Unfall 124527 (2021) Kat:3, Licht: 0,124527,3,2,5,10,14,3,1,0,1,1,0,0,0,0
"POINT (12.385459908000030 51.376139819000059)",Unfall 124547 (2021) Kat:3, Licht: 2,124547,3,2,2,10,06,2,1,2,0,1,0,0,0,0
"POINT (12.392620031000035 51.334128543000077)",Unfall 124549 (2021) Kat:3, Licht: 0,124549,3,3,5,09,08,5,0,0,1,1,0,0,0,0
"POINT (12.254684326000074 51.346883201000026)",Unfall 124559 (2021) Kat:3, Licht: 0,124559,3,3,5,07,16,2,0,0,1,1,0,0,0,0
"POINT (12.341096514000071 51.383774345000063)",Unfall 124565 (2021) Kat:3, Licht: 0,124565,3,1,8,08,13,1,0,0,0,1,0,0,0,0
"POINT (12.380967919000057 51.343902073000038)",Unfall 124578 (2021) Kat:3, Licht: 0,124578,3,6,6,06,19,3,0,0,1,0,1,0,0,0
"POINT (12.337737010000069 51.394364722000034)",Unfall 124580 (2021) Kat:2, Licht: 0,124580,2,1,9,08,11,6,0,0,0,0,0,1,0,0
"POINT (12.398338554000077 51.352895045000082)",Unfall 124604 (2021) Kat:3, Licht: 0,124604,3,6,4,07,11,2,0,0,1,0,0,0,0,0
"POINT (12.394421146000070 51.336769352000033)",Unfall 124630 (2021) Kat:3, Licht: 0,124630,3,6,2,09,15,4,0,0,0,1,0,0,0,0
"POINT (12.394420103000073 51.336766758000067)",Unfall 124646 (2021) Kat:3, Licht: 0,124646,3,3,5,07,07,1,0,0,0,1,0,0,0,0
"POINT (12.345104557000070 51.375175804000037)",Unfall 124665 (2021) Kat:3, Licht: 0,124665,3,2,2,09,07,4,1,0,0,1,0,0,0,0
"POINT (12.277821546000041 51.319005581000056)",Unfall 124681 (2021) Kat:3, Licht: 0,124681,3,2,5,06,15,6,0,0,0,1,0,0,0,1
"POINT (12.373043578000022 51.344074403000036)",Unfall 124714 (2021) Kat:2, Licht: 2,124714,2,6,3,07,21,3,0,2,0,1,0,0,0,0
"POINT (12.394558743000061 51.354624424000065)",Unfall 124732 (2021) Kat:3, Licht: 0,124732,3,6,2,09,11,6,0,0,0,1,0,0,0,0
"POINT (12.353514851000057 51.340887011000063)",Unfall 124746 (2021) Kat:3, Licht: 2,124746,3,6,2,06,20,4,0,2,0,1,0,0,0,0
"POINT (12.364981570000054 51.376143856000056)",Unfall 124747 (2021) Kat:3, Licht: 0,124747,3,2,6,09,11,4,0,0,0,1,1,0,0,0
"POINT (12.275745386000040 51.318566031000046)",Unfall 124769 (2021) Kat:3, Licht: 0,124769,3,3,5,06,17,7,0,0,1,1,0,0,0,0
"POINT (12.318105893000052 51.381098436000059)",Unfall 124770 (2021) Kat:2, Licht: 0,124770,2,1,8,08,08,5,1,0,0,1,0,0,0,0
"POINT (12.378199088000031 51.375846090000039)",Unfall 124773 (2021) Kat:2, Licht: 0,124773,2,2,5,07,14,1,0,0,0,0,0,1,0,1
"POINT (12.398151051000070 51.358411721000039)",Unfall 124778 (2021) Kat:3, Licht: 0,124778,3,1,0,09,16,6,0,0,1,0,0,0,0,0
"POINT (12.427127429000052 51.351628361000053)",Unfall 124795 (2021) Kat:3, Licht: 0,124795,3,3,5,08,17,5,0,0,0,1,0,1,0,0
"POINT (12.345010002000038 51.375175888000058)",Unfall 124813 (2021) Kat:3, Licht: 0,124813,3,2,5,09,10,4,0,0,0,1,0,0,0,1
"POINT (12.382666044000075 51.314946033000069)",Unfall 124818 (2021) Kat:3, Licht: 0,124818,3,2,5,10,09,2,0,0,1,1,0,0,0,0
"POINT (12.368283048000023 51.314544527000066)",Unfall 124829 (2021) Kat:2, Licht: 0,124829,2,1,8,06,16,7,0,0,0,0,0,1,0,0
"POINT (12.390444236000064 51.377578132000053)",Unfall 124853 (2021) Kat:3, Licht: 0,124853,3,6,2,09,07,2,1,0,0,1,0,0,0,0
"POINT (12.403689935000045 51.321762880000051)",Unfall 124865 (2021) Kat:3, Licht: 0,124865,3,6,2,06,15,3,1,0,0,1,0,0,0,0
"POINT (12.393725793000044 51.409055394000063)",Unfall 124877 (2021) Kat:3, Licht: 1,124877,3,6,3,09,19,1,0,1,0,1,0,1,0,0
"POINT (12.357623602000047 51.341799941000033)",Unfall 124880 (2021) Kat:3, Licht: 2,124880,3,6,2,08,22,6,1,2,0,1,0,0,0,0
"POINT (12.443919765000032 51.360128753000026)",Unfall 124898 (2021) Kat:3, Licht: 0,124898,3,6,1,09,08,5,0,0,0,1,0,0,0,0
"POINT (12.381380133000050 51.343731772000069)",Unfall 124921 (2021) Kat:1, Licht: 0,124921,1,4,6,07,13,5,0,0,0,0,1,0,0,1
"POINT (12.519389986000022 51.343408338000074)",Unfall 124923 (2021) Kat:3, Licht: 0,124923,3,1,4,09,14,2,0,0,0,1,0,0,0,0
"POINT (12.409508637000044 51.316701616000046)",Unfall 124956 (2021) Kat:3, Licht: 0,124956,3,3,5,06,07,3,0,0,1,1,0,0,0,0
"POINT (12.435384415000044 51.393263001000037)",Unfall 124969 (2021) Kat:3, Licht: 2,124969,3,1,9,09,03,3,0,2,0,1,0,0,1,0
"POINT (12.439791475000050 51.390962097000056)",Unfall 125001 (2021) Kat:3, Licht: 0,125001,3,1,9,08,07,3,0,0,0,1,0,0,0,0
"POINT (12.405931549000059 51.313915220000069)",Unfall 125026 (2021) Kat:3, Licht: 0,125026,3,3,5,10,08,7,0,0,1,1,0,0,0,0
"POINT (12.365344046000075 51.376159607000034)",Unfall 125045 (2021) Kat:3, Licht: 0,125045,3,6,1,08,17,6,0,0,0,1,0,0,0,1
"POINT (12.460835250000059 51.367256010000062)",Unfall 125071 (2021) Kat:2, Licht: 2,125071,2,2,5,07,22,6,0,2,0,1,0,0,0,0
"POINT (12.378090469000028 51.375849270000060)",Unfall 125074 (2021) Kat:2, Licht: 0,125074,2,4,6,06,15,7,0,0,0,1,1,0,0,0
"POINT (12.338032880000071 51.335385332000044)",Unfall 125077 (2021) Kat:3, Licht: 0,125077,3,6,2,07,11,7,0,0,0,1,0,1,0,0
"POINT (12.353557114000068 51.340896348000058)",Unfall 125089 (2021) Kat:3, Licht: 0,125089,3,2,2,08,08,5,0,0,0,1,0,0,0,0
"POINT (12.260714647000043 51.346388092000041)",Unfall 125114 (2021) Kat:2, Licht: 0,125114,2,6,3,10,17,2,0,0,0,1,0,1,0,0
"POINT (12.424140514000044 51.305055587000027)",Unfall 125119 (2021) Kat:3, Licht: 0,125119,3,5,3,08,17,7,0,0,0,1,0,0,0,0
"POINT (12.348826112000040 51.375165944000059)",Unfall 125143 (2021) Kat:3, Licht: 0,125143,3,6,3,07,16,5,0,0,0,1,0,1,0,0
"POINT (12.446874265000076 51.361571294000044)",Unfall 125151 (2021) Kat:3, Licht: 2,125151,3,4,6,07,21,6,0,2,0,0,1,0,0,1
"POINT (12.274649971000031 51.318333931000041)",Unfall 125152 (2021) Kat:3, Licht: 0,125152,3,2,5,09,11,3,0,0,0,1,0,1,0,0
"POINT (12.398141405000047 51.330087795000054)",Unfall 125155 (2021) Kat:3, Licht: 0,125155,3,2,5,08,14,1,1,0,0,1,0,0,0,0
"POINT (12.261661356000047 51.316169184000046)",Unfall 125181 (2021) Kat:3, Licht: 0,125181,3,2,5,06,19,7,0,0,1,1,0,0,0,0
"POINT (12.358497059000058 51.341949195000041)",Unfall 125182 (2021) Kat:3, Licht: 0,125182,3,6,2,09,12,2,0,0,0,1,0,0,0,0
"POINT (12.452267340000049 51.350227665000034)",Unfall 125269 (2021) Kat:3, Licht: 1,125269,3,7,5,12,16,5,1,1,0,1,0,0,0,0
"POINT (12.427284875000055 51.295024124000065)",Unfall 125295 (2021) Kat:3, Licht: 2,125295,3,3,5,10,07,7,1,2,1,1,0,0,0,0
"POINT (12.427654062000045 51.395819235000033)",Unfall 125301 (2021) Kat:2, Licht: 0,125301,2,6,3,12,16,2,0,0,0,1,0,0,0,0
"POINT (12.394600461000039 51.417362216000072)",Unfall 125308 (2021) Kat:3, Licht: 0,125308,3,7,9,11,09,5,0,0,0,1,0,0,0,0
"POINT (12.322807936000061 51.375553504000038)",Unfall 125368 (2021) Kat:2, Licht: 1,125368,2,5,1,11,16,3,1,1,1,1,0,0,0,0
"POINT (12.344893010000021 51.339194519000046)",Unfall 125385 (2021) Kat:3, Licht: 0,125385,3,3,5,12,15,1,0,0,1,1,0,0,0,0
"POINT (12.357985268000050 51.341861281000035)",Unfall 125517 (2021) Kat:3, Licht: 0,125517,3,2,3,10,15,4,0,0,1,1,0,0,0,0
"POINT (12.496909033000065 51.353918371000077)",Unfall 125523 (2021) Kat:3, Licht: 0,125523,3,6,3,12,13,6,0,0,0,1,0,0,0,0
"POINT (12.323796173000062 51.379427743000065)",Unfall 125554 (2021) Kat:3, Licht: 1,125554,3,2,5,12,07,2,1,1,0,1,1,0,0,0
"POINT (12.312334147000058 51.383039290000056)",Unfall 125576 (2021) Kat:1, Licht: 2,125576,1,4,6,12,22,1,1,2,0,1,1,0,0,0
"POINT (12.401496901000030 51.324210545000028)",Unfall 125585 (2021) Kat:3, Licht: 0,125585,3,6,3,12,15,6,0,0,0,1,0,0,0,0
"POINT (12.395363173000021 51.339236773000039)",Unfall 125592 (2021) Kat:2, Licht: 0,125592,2,2,5,12,08,7,0,0,1,0,0,0,1,0
"POINT (12.484259873000042 51.333726956000078)",Unfall 125610 (2021) Kat:1, Licht: 0,125610,1,2,6,12,14,6,0,0,0,1,1,0,0,0
"POINT (12.263256630000058 51.276133012000059)",Unfall 125666 (2021) Kat:3, Licht: 1,125666,3,2,2,11,16,2,0,1,0,1,0,0,0,0
"POINT (12.345191970000030 51.375175852000041)",Unfall 125680 (2021) Kat:3, Licht: 0,125680,3,6,2,10,14,6,0,0,0,1,0,0,0,0
"POINT (12.393036964000032 51.334493938000037)",Unfall 125713 (2021) Kat:3, Licht: 0,125713,3,3,5,12,15,3,0,0,1,1,0,0,0,0
"POINT (12.409534243000053 51.316679409000074)",Unfall 125724 (2021) Kat:3, Licht: 0,125724,3,3,5,10,12,5,0,0,1,1,0,0,0,0
"POINT (12.401457947000040 51.324261760000070)",Unfall 125785 (2021) Kat:3, Licht: 2,125785,3,6,2,11,18,2,0,2,0,1,0,0,0,0
"POINT (12.401575466000054 51.324366233000035)",Unfall 125792 (2021) Kat:2, Licht: 0,125792,2,6,2,11,15,1,0,0,1,1,0,0,0,0
"POINT (12.395198037000057 51.332174016000067)",Unfall 125796 (2021) Kat:3, Licht: 0,125796,3,2,5,11,11,2,0,0,1,1,0,0,0,0
"POINT (12.395327784000074 51.332087561000037)",Unfall 125813 (2021) Kat:2, Licht: 0,125813,2,3,5,12,15,4,1,0,1,0,0,0,0,1
"POINT (12.479331608000052 51.352003229000047)",Unfall 125857 (2021) Kat:3, Licht: 2,125857,3,3,5,12,21,6,1,2,0,1,0,0,0,0
"POINT (12.397247824000033 51.369642262000070)",Unfall 125860 (2021) Kat:3, Licht: 2,125860,3,6,2,10,21,1,0,2,0,1,0,0,0,0
"POINT (12.479490250000026 51.352020099000072)",Unfall 125888 (2021) Kat:3, Licht: 0,125888,3,2,5,12,15,3,0,0,0,1,0,0,0,1
"POINT (12.407231094000053 51.318426780000038)",Unfall 125926 (2021) Kat:2, Licht: 0,125926,2,6,4,11,11,1,0,0,1,0,0,0,0,0
"POINT (12.446157250000056 51.361229039000079)",Unfall 125980 (2021) Kat:3, Licht: 0,125980,3,2,5,11,07,5,1,0,1,1,0,0,0,0
"POINT (12.455635074000043 51.365480057000070)",Unfall 126006 (2021) Kat:3, Licht: 1,126006,3,6,2,12,16,3,0,1,0,1,0,0,0,0
"POINT (12.347023633000049 51.339651312000058)",Unfall 126143 (2021) Kat:3, Licht: 0,126143,3,6,2,10,17,5,0,0,0,1,0,1,0,0
"POINT (12.366771727000071 51.314457318000052)",Unfall 126204 (2021) Kat:3, Licht: 0,126204,3,3,5,11,12,2,1,0,0,1,0,0,0,0
"POINT (12.303185853000059 51.296489226000062)",Unfall 126223 (2021) Kat:2, Licht: 0,126223,2,1,8,10,15,2,0,0,0,0,0,0,0,1
"POINT (12.452716552000027 51.379994980000049)",Unfall 126245 (2021) Kat:3, Licht: 0,126245,3,6,3,11,13,3,1,0,0,1,0,0,0,1
"POINT (12.389970986000037 51.346592520000058)",Unfall 126259 (2021) Kat:3, Licht: 0,126259,3,2,2,12,13,3,0,0,0,1,0,0,0,0
"POINT (12.298953245000064 51.342971782000063)",Unfall 126311 (2021) Kat:3, Licht: 0,126311,3,6,2,11,08,3,0,0,0,1,0,0,1,0
"POINT (12.399935335000066 51.361900160000062)",Unfall 126345 (2021) Kat:3, Licht: 2,126345,3,3,5,11,01,1,0,2,0,1,0,0,0,0
"POINT (12.405943462000039 51.313997213000050)",Unfall 126353 (2021) Kat:3, Licht: 2,126353,3,3,5,10,18,3,0,2,1,1,0,0,0,0
"POINT (12.475507317000051 51.351728981000065)",Unfall 126394 (2021) Kat:3, Licht: 0,126394,3,6,2,11,10,6,1,0,0,1,0,0,0,0
"POINT (12.406445575000077 51.319310179000070)",Unfall 126469 (2021) Kat:3, Licht: 0,126469,3,2,5,11,13,2,0,0,1,1,0,0,0,0
"POINT (12.373234678000074 51.314914485000031)",Unfall 126475 (2021) Kat:3, Licht: 0,126475,3,2,5,10,14,3,0,0,1,1,0,0,0,0
"POINT (12.343543410000052 51.393992334000075)",Unfall 126505 (2021) Kat:3, Licht: 2,126505,3,3,5,11,22,3,1,2,0,1,0,0,0,0
"POINT (12.337731704000078 51.335380230000055)",Unfall 126624 (2021) Kat:3, Licht: 0,126624,3,6,2,10,10,5,1,0,0,1,0,0,0,0
"POINT (12.522763068000074 51.318033751000030)",Unfall 126626 (2021) Kat:3, Licht: 1,126626,3,6,3,11,07,3,0,1,0,1,0,0,0,0
"POINT (12.447024146000047 51.350288770000077)",Unfall 126632 (2021) Kat:2, Licht: 0,126632,2,6,2,10,16,3,0,0,0,1,0,0,0,0
"POINT (12.364702773000033 51.343130012000074)",Unfall 126677 (2021) Kat:3, Licht: 2,126677,3,2,6,11,17,5,1,2,0,1,1,0,0,0
"POINT (12.383315519000064 51.343702896000082)",Unfall 126731 (2021) Kat:3, Licht: 1,126731,3,6,3,12,16,5,0,1,0,1,0,0,0,0
"POINT (12.337972145000037 51.335384303000069)",Unfall 126748 (2021) Kat:2, Licht: 0,126748,2,3,5,10,14,7,0,0,1,1,0,0,0,0
"POINT (12.495052028000032 51.354403518000026)",Unfall 126786 (2021) Kat:3, Licht: 2,126786,3,1,9,12,17,3,0,2,0,1,0,0,0,0
"POINT (12.396200659000044 51.415458521000062)",Unfall 126919 (2021) Kat:3, Licht: 0,126919,3,6,3,12,11,3,0,0,0,1,0,0,0,0
"POINT (12.302405867000061 51.342609639000045)",Unfall 126920 (2021) Kat:3, Licht: 2,126920,3,3,5,12,05,6,0,2,1,1,0,0,0,0
"POINT (12.392571702000055 51.348429622000026)",Unfall 126956 (2021) Kat:2, Licht: 0,126956,2,3,5,10,14,3,0,0,1,1,0,0,0,0
"POINT (12.285841965000031 51.330948469000077)",Unfall 127010 (2021) Kat:3, Licht: 0,127010,3,3,5,10,13,6,0,0,1,1,0,0,0,0
"POINT (12.461280215000045 51.367409437000049)",Unfall 127077 (2021) Kat:3, Licht: 0,127077,3,2,6,12,13,5,1,0,0,1,1,0,0,0
"POINT (12.398011886000063 51.330011292000052)",Unfall 127084 (2021) Kat:3, Licht: 1,127084,3,3,5,11,07,2,1,1,0,1,0,0,0,1
"POINT (12.403769126000043 51.321642146000045)",Unfall 127092 (2021) Kat:3, Licht: 2,127092,3,2,5,11,16,1,0,2,1,1,0,0,0,0
"POINT (12.362086082000076 51.342530406000037)",Unfall 127119 (2021) Kat:3, Licht: 0,127119,3,3,5,11,08,5,0,0,0,1,0,0,0,1
"POINT (12.360380438000050 51.342207743000074)",Unfall 127293 (2021) Kat:3, Licht: 0,127293,3,7,0,12,08,4,1,0,0,0,0,1,0,0
"POINT (12.395092442000077 51.332089089000078)",Unfall 127294 (2021) Kat:2, Licht: 0,127294,2,2,5,11,14,7,0,0,1,1,0,0,0,0
"POINT (12.427330004000055 51.294886142000053)",Unfall 127358 (2021) Kat:3, Licht: 2,127358,3,3,5,11,06,3,1,2,1,1,0,0,0,0
"POINT (12.454989806000071 51.350292559000081)",Unfall 127417 (2021) Kat:3, Licht: 0,127417,3,3,5,10,08,1,1,0,1,1,0,0,0,0
"POINT (12.344841994000035 51.339183485000035)",Unfall 127440 (2021) Kat:1, Licht: 0,127440,1,3,5,10,11,5,0,0,1,1,0,0,0,0
"POINT (12.257624036000038 51.316208469000060)",Unfall 127442 (2021) Kat:2, Licht: 2,127442,2,6,4,10,05,1,0,2,0,1,0,0,0,0
"POINT (12.327597074000039 51.390757251000082)",Unfall 127537 (2021) Kat:2, Licht: 0,127537,2,2,6,11,14,3,1,0,0,1,1,0,0,0
"POINT (12.392050502000075 51.346319312000048)",Unfall 127565 (2021) Kat:3, Licht: 0,127565,3,2,3,10,08,4,0,0,1,1,0,0,0,0
"POINT (12.373472525000068 51.314924563000034)",Unfall 127596 (2021) Kat:3, Licht: 2,127596,3,2,5,11,19,6,0,2,0,1,0,0,0,0
"POINT (12.320951832000048 51.339241111000035)",Unfall 127629 (2021) Kat:3, Licht: 1,127629,3,3,5,11,18,4,0,1,0,1,0,1,0,0
"POINT (12.345080849000055 51.375175790000071)",Unfall 127647 (2021) Kat:2, Licht: 0,127647,2,3,5,10,10,3,0,0,0,1,0,0,0,0
"POINT (12.391411205000054 51.347411354000030)",Unfall 127680 (2021) Kat:3, Licht: 0,127680,3,2,6,10,10,2,0,0,0,1,1,0,0,0
"POINT (12.394893242000023 51.338873019000062)",Unfall 127682 (2021) Kat:2, Licht: 2,127682,2,1,1,10,03,4,0,2,0,1,0,0,0,0
"POINT (12.376199276000023 51.299881734000053)",Unfall 127740 (2021) Kat:2, Licht: 2,127740,2,6,2,12,17,2,1,2,0,1,0,0,0,1
"POINT (12.376996938000048 51.344503661000033)",Unfall 127747 (2021) Kat:3, Licht: 2,127747,3,3,5,11,18,4,0,2,0,1,0,0,0,1
"POINT (12.399370198000042 51.363415515000042)",Unfall 127786 (2021) Kat:3, Licht: 0,127786,3,2,5,12,15,5,1,0,1,1,0,0,0,0
"POINT (12.323781548000056 51.379432629000064)",Unfall 127948 (2021) Kat:3, Licht: 2,127948,3,2,5,11,16,2,0,2,0,1,0,0,1,0
"POINT (12.422388805000026 51.351708118000033)",Unfall 127966 (2021) Kat:3, Licht: 0,127966,3,2,5,10,09,2,0,0,1,1,0,0,0,0
"POINT (12.286874450000028 51.287605641000027)",Unfall 127982 (2021) Kat:3, Licht: 0,127982,3,1,8,10,17,5,0,0,0,1,0,0,0,0
"POINT (12.405583501000024 51.319994828000063)",Unfall 127994 (2021) Kat:3, Licht: 2,127994,3,7,0,11,18,2,0,2,0,0,0,0,0,1
"POINT (12.267492664000031 51.262118029000078)",Unfall 127996 (2021) Kat:3, Licht: 2,127996,3,1,9,11,02,2,1,2,0,1,0,0,0,0
"POINT (12.344896206000044 51.339195210000071)",Unfall 128078 (2021) Kat:3, Licht: 0,128078,3,3,5,12,13,6,0,0,1,1,0,0,0,0
"POINT (12.358755693000035 51.342055533000064)",Unfall 128084 (2021) Kat:3, Licht: 2,128084,3,6,2,11,17,3,1,2,1,1,0,0,0,0
"POINT (12.464868776000060 51.289800399000057)",Unfall 128145 (2021) Kat:2, Licht: 2,128145,2,1,4,11,19,5,0,2,0,1,0,0,0,0
"POINT (12.394314616000031 51.336505002000081)",Unfall 128172 (2021) Kat:3, Licht: 2,128172,3,6,4,12,17,2,0,2,1,0,0,0,0,0
"POINT (12.403909868000028 51.321715368000071)",Unfall 128179 (2021) Kat:3, Licht: 0,128179,3,2,5,11,09,4,0,0,1,1,0,0,0,0
"POINT (12.403754257000060 51.321662992000029)",Unfall 128206 (2021) Kat:3, Licht: 0,128206,3,6,2,11,17,3,1,0,0,1,0,0,0,0
"POINT (12.397178866000047 51.330840294000041)",Unfall 128285 (2021) Kat:3, Licht: 0,128285,3,2,5,10,08,2,0,0,1,1,0,0,0,0
"POINT (12.362094337000030 51.342532423000080)",Unfall 128297 (2021) Kat:3, Licht: 2,128297,3,2,5,10,00,6,0,2,1,1,0,0,0,0
"POINT (12.401688849000038 51.324236182000050)",Unfall 128366 (2021) Kat:2, Licht: 0,128366,2,6,2,10,10,4,0,0,0,1,0,0,0,0
"POINT (12.380598226000075 51.421450292000031)",Unfall 128411 (2021) Kat:3, Licht: 0,128411,3,2,5,11,11,2,1,0,0,0,0,0,1,0
"POINT (12.438373276000050 51.357547046000036)",Unfall 128477 (2021) Kat:3, Licht: 0,128477,3,7,8,11,13,3,0,0,0,1,0,0,0,0
"POINT (12.396341633000077 51.415536842000051)",Unfall 128517 (2021) Kat:3, Licht: 0,128517,3,6,2,10,12,4,0,0,0,1,0,0,0,1
"POINT (12.460835250000059 51.367256010000062)",Unfall 128523 (2021) Kat:3, Licht: 0,128523,3,2,5,11,15,7,0,0,0,1,0,0,0,0
"POINT (12.370882237000046 51.344100799000046)",Unfall 128531 (2021) Kat:3, Licht: 1,128531,3,2,3,10,07,3,0,1,1,1,0,0,0,0
"POINT (12.332979862000059 51.336048582000046)",Unfall 128544 (2021) Kat:3, Licht: 0,128544,3,3,1,12,12,5,0,0,1,1,0,0,0,0
"POINT (12.344004121000069 51.374970067000049)",Unfall 128561 (2021) Kat:2, Licht: 2,128561,2,1,8,11,19,1,1,2,0,1,0,0,0,0
"POINT (12.491770510000038 51.355080319000081)",Unfall 128570 (2021) Kat:3, Licht: 0,128570,3,6,2,11,11,6,1,0,0,1,0,0,0,0
"POINT (12.405927106000036 51.313915262000080)",Unfall 128592 (2021) Kat:3, Licht: 2,128592,3,3,5,11,06,6,0,2,1,1,0,0,0,0
"POINT (12.443962019000026 51.291453684000032)",Unfall 128680 (2021) Kat:3, Licht: 0,128680,3,3,5,11,09,3,1,0,1,1,0,0,0,0
"POINT (12.261650731000032 51.316167643000028)",Unfall 128706 (2021) Kat:3, Licht: 0,128706,3,2,5,12,09,6,0,0,1,1,0,0,0,0
"POINT (12.331869381000047 51.335904880000044)",Unfall 128721 (2021) Kat:3, Licht: 1,128721,3,2,5,10,19,6,0,1,1,1,0,0,0,0
"POINT (12.467746660000046 51.370229667000046)",Unfall 128770 (2021) Kat:3, Licht: 0,128770,3,6,3,11,08,3,0,0,0,1,0,0,0,0
"POINT (12.382660924000049 51.314946078000048)",Unfall 128792 (2021) Kat:2, Licht: 2,128792,2,3,5,11,21,1,1,2,1,1,0,0,0,0
"POINT (12.309000046000051 51.316316181000047)",Unfall 222698 (2021) Kat:3, Licht: 2,222698,3,1,8,01,01,6,0,2,0,1,0,0,0,0
"POINT (12.434388459000047 51.317254022000043)",Unfall 222750 (2021) Kat:3, Licht: 0,222750,3,3,5,01,10,1,2,0,1,1,0,0,0,0
"POINT (12.440248957000051 51.330036119000056)",Unfall 222772 (2021) Kat:3, Licht: 0,222772,3,4,6,01,15,2,1,0,0,1,1,0,0,0
"POINT (12.427945667000074 51.358673192000026)",Unfall 222783 (2021) Kat:3, Licht: 2,222783,3,3,5,01,04,3,1,2,0,1,0,0,0,1
"POINT (12.384940732000075 51.338379381000038)",Unfall 222863 (2021) Kat:3, Licht: 1,222863,3,2,5,01,16,2,1,1,1,1,0,0,0,0
"POINT (12.365661688000046 51.321030553000071)",Unfall 222897 (2021) Kat:3, Licht: 0,222897,3,2,5,01,07,2,1,0,1,1,0,0,0,0
"POINT (12.406055614000024 51.346375904000070)",Unfall 222902 (2021) Kat:3, Licht: 0,222902,3,6,2,01,13,6,1,0,0,1,0,0,0,0
"POINT (12.393230279000022 51.336943851000058)",Unfall 222936 (2021) Kat:3, Licht: 0,222936,3,3,5,01,13,4,1,0,1,1,0,0,0,0
"POINT (12.437757255000065 51.327534859000082)",Unfall 222979 (2021) Kat:2, Licht: 2,222979,2,3,5,01,18,4,0,2,0,1,0,0,0,0
"POINT (12.457376964000048 51.345588428000042)",Unfall 223014 (2021) Kat:3, Licht: 2,223014,3,4,6,01,04,3,1,2,0,1,1,0,0,0
"POINT (12.404675944000076 51.286718353000026)",Unfall 223051 (2021) Kat:3, Licht: 2,223051,3,7,3,01,06,3,2,2,0,1,0,0,0,0
"POINT (12.385499243000027 51.373777408000080)",Unfall 223155 (2021) Kat:3, Licht: 0,223155,3,3,5,01,12,2,0,0,0,1,0,0,0,0
"POINT (12.386182818000066 51.368160070000044)",Unfall 223173 (2021) Kat:3, Licht: 2,223173,3,7,1,01,20,3,1,2,0,1,0,0,0,0
"POINT (12.374529355000050 51.343058184000029)",Unfall 223211 (2021) Kat:3, Licht: 0,223211,3,6,3,01,15,6,1,0,1,0,0,0,0,1
"POINT (12.378453337000053 51.319609129000071)",Unfall 223250 (2021) Kat:3, Licht: 0,223250,3,3,5,01,14,2,0,0,1,1,0,0,0,0