WKT,Name,OBJECTID,UKATEGORIE,UTYP1,UART,UMONAT,USTUNDE,UWOCHENTAG,STRZUSTAND,ULICHTVERH,ISTRAD,ISTPKW,ISTFUSS,ISTKRAD,ISTGKFZ,ISTSONSTIG
"POINT (12.376739903000043 51.340485876000059)",Unfall 223420 (2021) Kat:3, Licht: 2,223420,3,1,0,01,21,3,1,2,1,0,0,0,0,0
"POINT (12.452709224000046 51.298913025000047)",Unfall 223449 (2021) Kat:3, Licht: 0,223449,3,3,1,01,09,7,1,0,0,1,0,0,0,0
"POINT (12.373711318000062 51.305636466000067)",Unfall 223470 (2021) Kat:3, Licht: 2,223470,3,3,5,01,06,2,1,2,1,1,0,0,0,0
"POINT (12.327577878000056 51.326713627000061)",Unfall 223503 (2021) Kat:2, Licht: 0,223503,2,2,6,01,15,5,1,0,0,1,1,0,0,0
"POINT (12.404080239000052 51.332121368000060)",Unfall 223515 (2021) Kat:3, Licht: 2,223515,3,3,5,01,20,1,0,2,0,1,0,0,0,0
"POINT (12.398870101000057 51.336860132000027)",Unfall 223528 (2021) Kat:3, Licht: 2,223528,3,1,1,01,22,4,1,2,1,1,0,0,0,0
"POINT (12.419230734000053 51.343889002000026)",Unfall 223555 (2021) Kat:3, Licht: 2,223555,3,4,6,01,17,2,1,2,1,0,1,0,0,0
"POINT (12.370292756000026 51.343395566000027)",Unfall 223578 (2021) Kat:3, Licht: 0,223578,3,7,0,01,14,3,1,0,1,0,0,0,0,0
"POINT (12.497469893000073 51.347612391000041)",Unfall 223639 (2021) Kat:2, Licht: 2,223639,2,1,8,01,04,1,2,2,0,1,0,0,0,0
"POINT (12.371721980000075 51.361123319000058)",Unfall 223650 (2021) Kat:3, Licht: 2,223650,3,1,0,01,02,6,1,2,1,0,0,0,0,0
"POINT (12.351378192000027 51.365709480000078)",Unfall 223654 (2021) Kat:3, Licht: 2,223654,3,4,6,01,20,4,2,2,0,1,1,0,0,0
"POINT (12.375730934000046 51.308879503000071)",Unfall 223673 (2021) Kat:3, Licht: 0,223673,3,2,6,01,15,3,1,0,0,1,1,0,0,0
"POINT (12.288805796000076 51.323309998000070)",Unfall 223685 (2021) Kat:2, Licht: 2,223685,2,3,5,01,18,2,1,2,0,0,0,0,0,1
"POINT (12.401031404000037 51.341209742000046)",Unfall 223720 (2021) Kat:3, Licht: 2,223720,3,3,5,01,18,7,0,2,1,1,0,0,0,0
"POINT (12.380344174000072 51.360750584000073)",Unfall 223763 (2021) Kat:3, Licht: 0,223763,3,3,5,01,14,3,0,0,1,1,0,0,0,0
"POINT (12.339967142000035 51.326438250000081)",Unfall 223801 (2021) Kat:3, Licht: 2,223801,3,1,0,01,16,5,1,2,1,0,0,0,0,0
"POINT (12.376897656000040 51.306813689000080)",Unfall 223811 (2021) Kat:3, Licht: 0,223811,3,7,6,01,11,2,0,0,0,1,1,0,1,0
"POINT (12.373712319000049 51.331304585000055)",Unfall 223832 (2021) Kat:3, Licht: 2,223832,3,4,6,01,17,5,0,2,1,1,1,0,0,0
"POINT (12.368713830000047 51.317343764000043)",Unfall 223885 (2021) Kat:2, Licht: 0,223885,2,2,2,01,10,7,1,0,0,1,0,0,0,0
"POINT (12.424092291000022 51.319969915000058)",Unfall 223894 (2021) Kat:2, Licht: 0,223894,2,7,8,01,16,4,0,0,1,0,0,0,0,0
"POINT (12.322683684000026 51.331160922000038)",Unfall 223917 (2021) Kat:3, Licht: 0,223917,3,7,6,01,12,2,0,0,0,0,1,0,0,1
"POINT (12.377829828000074 51.333894488000055)",Unfall 223956 (2021) Kat:3, Licht: 0,223956,3,6,3,05,15,6,0,0,1,0,0,0,0,0
"POINT (12.430177230000027 51.370663420000028)",Unfall 223957 (2021) Kat:3, Licht: 1,223957,3,3,5,03,06,4,0,1,1,1,0,0,0,0
"POINT (12.388589266000054 51.298122559000035)",Unfall 223958 (2021) Kat:3, Licht: 0,223958,3,3,5,03,11,1,0,0,1,1,0,0,0,0
"POINT (12.411874994000073 51.331879362000052)",Unfall 223961 (2021) Kat:3, Licht: 0,223961,3,1,0,04,07,4,0,0,1,0,0,0,0,0
"POINT (12.355775707000078 51.335472079000056)",Unfall 223971 (2021) Kat:3, Licht: 0,223971,3,2,5,04,16,3,0,0,1,1,0,0,0,0
"POINT (12.420897891000038 51.358395229000052)",Unfall 223974 (2021) Kat:2, Licht: 0,223974,2,3,5,03,18,2,0,0,1,0,0,0,0,1
"POINT (12.388141163000057 51.338756027000045)",Unfall 223979 (2021) Kat:3, Licht: 0,223979,3,6,4,04,11,4,0,0,1,1,0,0,0,0
"POINT (12.380650413000069 51.306543904000080)",Unfall 223982 (2021) Kat:3, Licht: 0,223982,3,3,5,05,17,3,0,0,1,1,0,0,0,0
"POINT (12.341791829000044 51.320273565000036)",Unfall 223984 (2021) Kat:3, Licht: 0,223984,3,5,5,02,15,4,1,0,0,1,0,0,0,0
"POINT (12.320164845000022 51.332015564000073)",Unfall 223988 (2021) Kat:3, Licht: 0,223988,3,6,6,04,10,1,0,0,0,0,1,0,0,1
"POINT (12.477258258000063 51.339612699000043)",Unfall 223990 (2021) Kat:3, Licht: 0,223990,3,6,6,02,11,7,0,0,1,0,1,0,0,0
"POINT (12.474845962000074 51.338100355000051)",Unfall 223993 (2021) Kat:3, Licht: 0,223993,3,3,5,05,10,6,0,0,1,1,0,0,0,0
"POINT (12.414294399000028 51.359443853000073)",Unfall 223997 (2021) Kat:3, Licht: 1,223997,3,6,3,03,22,3,0,1,1,0,0,0,0,0
"POINT (12.268129505000047 51.326432746000080)",Unfall 224009 (2021) Kat:3, Licht: 0,224009,3,3,5,03,13,6,0,0,0,1,0,0,0,0
"POINT (12.327457486000071 51.335043270000028)",Unfall 224010 (2021) Kat:3, Licht: 0,224010,3,2,2,02,14,4,2,0,0,1,0,0,0,0
"POINT (12.369334317000039 51.356490952000058)",Unfall 224011 (2021) Kat:3, Licht: 0,224011,3,6,3,04,15,2,0,0,1,1,0,0,0,0
"POINT (12.382465849000027 51.333262019000074)",Unfall 224013 (2021) Kat:3, Licht: 2,224013,3,5,1,03,17,5,1,2,1,1,0,0,0,0
"POINT (12.306438656000068 51.351329957000075)",Unfall 224014 (2021) Kat:3, Licht: 0,224014,3,1,0,04,15,3,0,0,1,1,0,0,0,0
"POINT (12.396386883000048 51.301209588000063)",Unfall 224017 (2021) Kat:2, Licht: 0,224017,2,3,5,03,16,2,0,0,0,1,0,0,0,1
"POINT (12.373325829000066 51.353058722000071)",Unfall 224020 (2021) Kat:2, Licht: 0,224020,2,3,5,05,15,4,0,0,1,1,0,0,0,0
"POINT (12.459735267000042 51.352274315000045)",Unfall 224026 (2021) Kat:3, Licht: 0,224026,3,3,5,03,14,4,0,0,1,1,0,0,0,0
"POINT (12.392165524000063 51.322488498000041)",Unfall 224030 (2021) Kat:2, Licht: 0,224030,2,2,3,05,09,2,0,0,1,1,0,0,0,0
"POINT (12.423231420000036 51.341980115000069)",Unfall 224031 (2021) Kat:3, Licht: 0,224031,3,3,5,03,14,3,0,0,1,0,0,0,0,0
"POINT (12.376654913000039 51.316834980000067)",Unfall 224033 (2021) Kat:3, Licht: 0,224033,3,7,1,04,19,4,0,0,1,1,0,0,0,0
"POINT (12.347342083000058 51.366628188000050)",Unfall 224039 (2021) Kat:3, Licht: 2,224039,3,1,1,05,05,1,1,2,0,1,0,0,0,0
"POINT (12.331276141000046 51.332292728000027)",Unfall 224042 (2021) Kat:3, Licht: 2,224042,3,3,5,01,22,6,1,2,1,1,0,0,0,0
"POINT (12.404042518000040 51.345632258000080)",Unfall 224043 (2021) Kat:3, Licht: 0,224043,3,5,1,04,08,2,0,0,1,0,0,0,0,1
"POINT (12.313313551000022 51.347898973000042)",Unfall 224054 (2021) Kat:1, Licht: 0,224054,1,2,6,04,07,4,0,0,0,1,1,0,0,0
"POINT (12.464472676000071 51.324276200000043)",Unfall 224056 (2021) Kat:3, Licht: 0,224056,3,6,3,02,12,4,0,0,0,1,0,0,1,1
"POINT (12.406399536000038 51.368552220000026)",Unfall 224057 (2021) Kat:3, Licht: 0,224057,3,6,2,05,09,2,0,0,0,1,0,0,0,0
"POINT (12.445116358000064 51.342618965000042)",Unfall 224063 (2021) Kat:2, Licht: 0,224063,2,6,3,03,11,4,0,0,1,1,0,0,0,0
"POINT (12.312276686000075 51.342746435000038)",Unfall 224064 (2021) Kat:3, Licht: 0,224064,3,5,1,04,15,2,0,0,1,1,0,0,0,0
"POINT (12.392203285000051 51.322296089000076)",Unfall 224071 (2021) Kat:2, Licht: 0,224071,2,6,2,04,19,5,0,0,0,1,0,0,0,0
"POINT (12.376306020000072 51.368540029000030)",Unfall 224075 (2021) Kat:3, Licht: 0,224075,3,2,5,05,18,6,0,0,0,1,0,0,0,0
"POINT (12.279309191000038 51.325983544000053)",Unfall 224077 (2021) Kat:3, Licht: 0,224077,3,1,4,02,12,4,0,0,0,1,0,0,0,0
"POINT (12.373489237000058 51.329748442000039)",Unfall 224078 (2021) Kat:3, Licht: 0,224078,3,6,2,05,15,4,1,0,0,1,0,0,0,0
"POINT (12.396239383000022 51.303616195000075)",Unfall 224082 (2021) Kat:3, Licht: 0,224082,3,2,5,05,15,5,0,0,1,0,0,0,0,1
"POINT (12.399641649000046 51.361863106000044)",Unfall 224088 (2021) Kat:3, Licht: 0,224088,3,2,2,04,08,7,1,0,0,1,0,0,0,0
"POINT (12.411632979000046 51.342606800000056)",Unfall 224092 (2021) Kat:3, Licht: 0,224092,3,2,5,05,18,3,1,0,1,1,0,0,0,0
"POINT (12.431215727000051 51.322517272000027)",Unfall 224102 (2021) Kat:3, Licht: 0,224102,3,6,2,02,14,6,1,0,0,1,0,0,0,0
"POINT (12.429249488000039 51.373261674000048)",Unfall 224103 (2021) Kat:3, Licht: 0,224103,3,2,2,04,13,5,0,0,0,1,0,0,0,1
"POINT (12.389409568000076 51.289818710000077)",Unfall 224108 (2021) Kat:3, Licht: 0,224108,3,3,5,05,16,3,0,0,1,1,0,0,0,0
"POINT (12.339174058000026 51.333271073000049)",Unfall 224111 (2021) Kat:2, Licht: 2,224111,2,1,0,04,22,7,0,2,1,0,0,0,0,0
"POINT (12.365593958000034 51.362516181000046)",Unfall 224117 (2021) Kat:2, Licht: 0,224117,2,4,6,05,12,7,0,0,0,1,1,0,0,0
"POINT (12.380890983000029 51.342059204000066)",Unfall 224123 (2021) Kat:3, Licht: 0,224123,3,3,5,04,14,6,0,0,1,1,0,0,0,0
"POINT (12.368496910000033 51.289023519000068)",Unfall 224124 (2021) Kat:3, Licht: 0,224124,3,6,3,03,07,3,0,0,1,0,0,0,0,1
"POINT (12.385813010000049 51.363111304000029)",Unfall 224126 (2021) Kat:3, Licht: 0,224126,3,7,1,05,14,4,0,0,1,1,0,0,0,0
"POINT (12.365750434000063 51.363436774000036)",Unfall 224130 (2021) Kat:3, Licht: 0,224130,3,2,5,03,18,2,0,0,1,1,0,0,0,0
"POINT (12.338487719000057 51.331901461000029)",Unfall 224140 (2021) Kat:3, Licht: 2,224140,3,6,2,03,18,5,1,2,0,1,0,0,0,1
"POINT (12.317552771000067 51.318692294000073)",Unfall 224141 (2021) Kat:3, Licht: 0,224141,3,2,2,04,13,4,1,0,0,1,0,0,0,1
"POINT (12.294242439000072 51.313465070000063)",Unfall 224142 (2021) Kat:3, Licht: 0,224142,3,6,2,05,15,3,0,0,0,1,0,0,0,0
"POINT (12.376913440000067 51.325116543000036)",Unfall 224155 (2021) Kat:3, Licht: 0,224155,3,3,5,02,17,2,0,0,0,1,0,0,0,0
"POINT (12.377560461000030 51.348819346000028)",Unfall 224156 (2021) Kat:3, Licht: 0,224156,3,6,2,05,14,3,0,0,0,1,0,0,0,0
"POINT (12.390855300000055 51.339184641000031)",Unfall 224157 (2021) Kat:3, Licht: 0,224157,3,6,2,03,15,5,0,0,1,1,0,0,0,0
"POINT (12.405978081000058 51.343010278000065)",Unfall 224159 (2021) Kat:3, Licht: 0,224159,3,2,5,04,14,1,0,0,1,1,0,0,0,0
"POINT (12.366423642000029 51.320999833000030)",Unfall 224166 (2021) Kat:3, Licht: 0,224166,3,6,3,05,19,6,1,0,1,0,0,0,0,1
"POINT (12.382640115000072 51.382238937000068)",Unfall 224171 (2021) Kat:2, Licht: 0,224171,2,2,5,04,10,6,0,0,0,1,0,0,0,1
"POINT (12.329709566000076 51.320336378000036)",Unfall 224173 (2021) Kat:3, Licht: 1,224173,3,6,2,03,05,4,1,1,1,1,0,0,0,0
"POINT (12.382824279000033 51.341891384000064)",Unfall 224174 (2021) Kat:3, Licht: 2,224174,3,6,3,04,20,7,1,2,0,1,0,0,0,0
"POINT (12.359264402000065 51.320932635000077)",Unfall 224179 (2021) Kat:3, Licht: 0,224179,3,6,2,03,15,3,0,0,0,1,0,0,0,1
"POINT (12.373661030000051 51.323446657000034)",Unfall 224183 (2021) Kat:3, Licht: 0,224183,3,5,1,05,13,2,0,0,1,1,0,0,0,0
"POINT (12.296601421000048 51.317912474000082)",Unfall 224185 (2021) Kat:3, Licht: 2,224185,3,3,5,02,17,6,1,2,0,1,0,0,0,0
"POINT (12.392340015000059 51.288044222000053)",Unfall 224191 (2021) Kat:2, Licht: 0,224191,2,7,0,02,10,3,0,0,1,0,0,0,0,0
"POINT (12.433004195000024 51.294440316000077)",Unfall 224197 (2021) Kat:3, Licht: 0,224197,3,1,1,04,13,4,0,0,1,1,0,0,0,0
"POINT (12.405728961000023 51.351262567000049)",Unfall 224203 (2021) Kat:3, Licht: 0,224203,3,7,0,03,13,4,0,0,1,0,0,0,0,0
"POINT (12.395787647000077 51.363292783000077)",Unfall 224205 (2021) Kat:2, Licht: 0,224205,2,3,5,01,14,6,1,0,1,1,0,0,0,0
"POINT (12.324630795000076 51.340099283000029)",Unfall 224207 (2021) Kat:3, Licht: 0,224207,3,5,3,04,18,3,0,0,1,1,0,0,0,0
"POINT (12.378277891000039 51.375743323000052)",Unfall 224211 (2021) Kat:3, Licht: 0,224211,3,6,3,04,14,4,0,0,1,0,0,0,1,0
"POINT (12.410828380000055 51.337914211000054)",Unfall 224217 (2021) Kat:3, Licht: 0,224217,3,2,3,03,13,4,0,0,1,1,0,0,0,0
"POINT (12.399794683000039 51.311282799000026)",Unfall 224229 (2021) Kat:3, Licht: 0,224229,3,3,5,05,14,5,1,0,1,1,0,0,0,0
"POINT (12.372196482000049 51.311621971000079)",Unfall 224234 (2021) Kat:3, Licht: 0,224234,3,1,0,05,19,3,1,0,0,0,0,1,0,0
"POINT (12.372978880000062 51.301376793000031)",Unfall 224237 (2021) Kat:3, Licht: 0,224237,3,3,5,04,13,7,0,0,1,1,0,0,0,0
"POINT (12.380423483000072 51.350811659000044)",Unfall 224240 (2021) Kat:3, Licht: 0,224240,3,6,3,04,14,3,0,0,1,1,0,0,0,0
"POINT (12.407331443000032 51.345470368000065)",Unfall 224244 (2021) Kat:3, Licht: 0,224244,3,3,5,05,12,5,0,0,0,1,0,0,0,1
"POINT (12.373254937000070 51.308242619000055)",Unfall 224247 (2021) Kat:3, Licht: 0,224247,3,4,6,02,12,3,0,0,0,1,1,0,0,0
"POINT (12.390620112000022 51.291118568000059)",Unfall 224249 (2021) Kat:3, Licht: 0,224249,3,6,2,04,14,5,0,0,1,1,0,0,0,0
"POINT (12.373647368000036 51.323140427000055)",Unfall 224250 (2021) Kat:3, Licht: 0,224250,3,4,6,04,16,1,0,0,1,0,1,0,0,0
"POINT (12.386628631000065 51.343517688000077)",Unfall 224251 (2021) Kat:3, Licht: 0,224251,3,5,1,05,19,5,0,0,1,1,0,0,0,0
"POINT (12.322070484000051 51.332688222000058)",Unfall 224258 (2021) Kat:2, Licht: 2,224258,2,1,9,04,00,4,0,2,0,1,0,0,0,0
"POINT (12.479075863000048 51.272262473000069)",Unfall 224268 (2021) Kat:3, Licht: 0,224268,3,3,5,05,09,3,0,0,1,1,0,0,0,0
"POINT (12.331945574000031 51.340274373000057)",Unfall 224273 (2021) Kat:3, Licht: 0,224273,3,3,5,04,07,4,1,0,0,1,0,0,0,0
"POINT (12.272795546000054 51.324688730000048)",Unfall 224276 (2021) Kat:3, Licht: 0,224276,3,2,4,02,10,1,1,0,0,1,0,0,0,0
"POINT (12.365282456000045 51.369804415000033)",Unfall 224278 (2021) Kat:2, Licht: 2,224278,2,6,3,04,20,5,0,2,1,1,0,0,0,0
"POINT (12.362659222000048 51.321027986000047)",Unfall 224279 (2021) Kat:3, Licht: 0,224279,3,2,5,05,07,4,1,0,1,1,0,0,0,0
"POINT (12.408349870000052 51.337551061000056)",Unfall 224281 (2021) Kat:3, Licht: 0,224281,3,3,5,03,09,6,1,0,1,1,0,0,0,0
"POINT (12.335814023000069 51.327637224000057)",Unfall 224288 (2021) Kat:3, Licht: 0,224288,3,2,5,04,18,7,0,0,1,1,0,0,0,0
"POINT (12.310237660000041 51.317717058000028)",Unfall 224289 (2021) Kat:3, Licht: 0,224289,3,3,5,04,18,2,0,0,1,1,0,0,0,0
"POINT (12.376472364000051 51.348373995000031)",Unfall 224290 (2021) Kat:3, Licht: 0,224290,3,3,5,03,10,5,1,0,0,1,0,0,0,0
"POINT (12.368395952000071 51.357792482000036)",Unfall 224298 (2021) Kat:3, Licht: 0,224298,3,1,0,02,15,3,1,0,1,0,0,0,0,0
"POINT (12.351135296000052 51.365765184000054)",Unfall 224299 (2021) Kat:3, Licht: 0,224299,3,1,8,04,08,6,0,0,0,1,0,0,0,0
"POINT (12.425900049000063 51.320684824000068)",Unfall 224301 (2021) Kat:3, Licht: 0,224301,3,3,5,04,12,6,0,0,0,1,0,1,0,0
"POINT (12.433307974000058 51.344022916000029)",Unfall 224305 (2021) Kat:2, Licht: 1,224305,2,1,0,05,20,5,1,1,1,0,0,0,0,0
"POINT (12.281593307000037 51.311601070000052)",Unfall 224310 (2021) Kat:3, Licht: 0,224310,3,4,6,03,08,2,1,0,0,0,1,0,0,1
"POINT (12.398388749000048 51.323890044000052)",Unfall 224314 (2021) Kat:3, Licht: 1,224314,3,6,2,02,16,4,1,1,0,1,0,0,0,1
"POINT (12.416695333000064 51.380903992000071)",Unfall 224316 (2021) Kat:3, Licht: 0,224316,3,5,1,04,14,4,0,0,1,1,0,0,0,0
"POINT (12.408206882000059 51.342787076000036)",Unfall 224317 (2021) Kat:3, Licht: 2,224317,3,4,6,03,19,2,0,2,0,1,1,0,0,0
"POINT (12.429545419000021 51.321312753000029)",Unfall 224319 (2021) Kat:3, Licht: 0,224319,3,2,2,04,10,5,0,0,0,1,0,0,0,0
"POINT (12.329063077000058 51.319415152000033)",Unfall 224321 (2021) Kat:3, Licht: 0,224321,3,6,3,02,15,4,0,0,1,1,0,0,0,0
"POINT (12.407631522000031 51.339305080000031)",Unfall 224326 (2021) Kat:3, Licht: 0,224326,3,3,5,04,14,2,0,0,1,1,0,0,0,0
"POINT (12.410304925000048 51.333809029000065)",Unfall 224327 (2021) Kat:3, Licht: 0,224327,3,3,5,04,18,1,0,0,0,1,0,0,0,0
"POINT (12.416158140000050 51.375372685000059)",Unfall 224329 (2021) Kat:3, Licht: 0,224329,3,3,5,04,18,2,0,0,0,1,0,0,0,0
"POINT (12.316703403000076 51.349744292000082)",Unfall 224335 (2021) Kat:3, Licht: 0,224335,3,1,8,01,08,7,1,0,0,1,0,0,0,0
"POINT (12.377047753000056 51.371106921000035)",Unfall 224340 (2021) Kat:3, Licht: 0,224340,3,3,5,04,12,1,0,0,1,0,0,0,0,1
"POINT (12.398008062000031 51.323878427000068)",Unfall 224350 (2021) Kat:3, Licht: 0,224350,3,5,1,04,09,5,0,0,1,1,0,0,0,0
"POINT (12.353535387000022 51.365225119000058)",Unfall 224352 (2021) Kat:3, Licht: 0,224352,3,2,2,04,17,7,0,0,0,1,0,0,0,0
"POINT (12.389580482000042 51.362860318000060)",Unfall 224354 (2021) Kat:3, Licht: 0,224354,3,7,1,02,09,3,2,0,0,1,0,0,0,0
"POINT (12.384345512000039 51.300516965000043)",Unfall 224367 (2021) Kat:2, Licht: 0,224367,2,3,5,04,12,4,0,0,1,1,0,0,0,0
"POINT (12.414986823000049 51.345412134000071)",Unfall 224370 (2021) Kat:2, Licht: 0,224370,2,4,6,05,07,2,0,0,0,1,1,0,0,0
"POINT (12.378359491000026 51.332199337000077)",Unfall 224372 (2021) Kat:3, Licht: 0,224372,3,3,5,05,17,2,0,0,1,1,0,0,0,0
"POINT (12.263604300000054 51.347110969000028)",Unfall 224373 (2021) Kat:3, Licht: 0,224373,3,3,5,03,10,5,0,0,1,1,0,0,0,0
"POINT (12.318547333000026 51.331427078000047)",Unfall 224374 (2021) Kat:3, Licht: 0,224374,3,2,5,02,12,5,1,0,1,0,0,0,0,1
"POINT (12.376811193000037 51.322017301000074)",Unfall 224376 (2021) Kat:3, Licht: 2,224376,3,3,5,04,20,5,0,2,0,1,0,0,0,0
"POINT (12.401736913000036 51.364028485000063)",Unfall 224389 (2021) Kat:3, Licht: 0,224389,3,1,9,04,15,6,0,0,0,0,0,1,0,0
"POINT (12.311295594000057 51.348970172000065)",Unfall 224391 (2021) Kat:3, Licht: 0,224391,3,6,2,02,07,2,2,0,0,1,0,0,0,0
"POINT (12.325829079000073 51.320368486000064)",Unfall 224393 (2021) Kat:3, Licht: 0,224393,3,2,5,05,17,4,1,0,0,1,0,0,0,0
"POINT (12.445321641000021 51.346302747000038)",Unfall 224398 (2021) Kat:3, Licht: 0,224398,3,2,5,05,07,2,0,0,0,1,0,0,0,0
"POINT (12.397590064000042 51.332202306000056)",Unfall 224415 (2021) Kat:3, Licht: 0,224415,3,3,5,04,16,2,0,0,1,1,0,0,0,0
"POINT (12.372851319000063 51.343180286000063)",Unfall 224421 (2021) Kat:3, Licht: 0,224421,3,4,6,05,15,3,0,0,1,0,1,0,0,0
"POINT (12.350731677000056 51.384119311000063)",Unfall 224428 (2021) Kat:3, Licht: 0,224428,3,3,5,05,08,1,0,0,1,1,0,0,0,0
"POINT (12.398298571000055 51.374745081000071)",Unfall 224431 (2021) Kat:1, Licht: 2,224431,1,1,9,05,00,1,0,2,0,1,0,0,0,0
"POINT (12.335398890000022 51.326980494000054)",Unfall 224432 (2021) Kat:3, Licht: 0,224432,3,3,5,05,19,6,0,0,1,1,0,0,0,0
"POINT (12.322388012000033 51.320393753000076)",Unfall 224434 (2021) Kat:3, Licht: 0,224434,3,2,5,01,13,4,0,0,1,1,0,0,0,0
"POINT (12.312327387000039 51.316413998000030)",Unfall 224435 (2021) Kat:3, Licht: 0,224435,3,2,3,04,13,3,0,0,0,1,0,0,0,0
"POINT (12.421810114000039 51.421969473000047)",Unfall 224441 (2021) Kat:3, Licht: 0,224441,3,3,5,02,08,5,0,0,1,1,0,0,0,0
"POINT (12.373166465000054 51.308760089000032)",Unfall 224442 (2021) Kat:3, Licht: 0,224442,3,5,0,05,11,5,1,0,1,1,0,0,0,0
"POINT (12.407567524000058 51.351297862000081)",Unfall 224444 (2021) Kat:3, Licht: 0,224444,3,3,1,03,06,2,0,0,1,1,0,0,0,0
"POINT (12.330947528000024 51.330723304000060)",Unfall 224445 (2021) Kat:3, Licht: 0,224445,3,3,5,04,15,6,0,0,1,1,0,0,0,0
"POINT (12.278510783000058 51.344316324000033)",Unfall 224446 (2021) Kat:3, Licht: 0,224446,3,3,5,05,13,2,0,0,1,0,0,0,0,0
"POINT (12.426358649000065 51.318635144000041)",Unfall 224450 (2021) Kat:3, Licht: 0,224450,3,3,5,04,15,7,0,0,1,0,0,0,0,1
"POINT (12.316197968000040 51.330746685000065)",Unfall 224451 (2021) Kat:3, Licht: 0,224451,3,3,5,04,16,3,0,0,1,0,0,0,0,1
"POINT (12.377870968000025 51.366574807000063)",Unfall 224452 (2021) Kat:3, Licht: 0,224452,3,2,3,03,15,4,0,0,1,1,0,0,0,0
"POINT (12.267789045000029 51.321498811000026)",Unfall 224453 (2021) Kat:3, Licht: 0,224453,3,3,5,04,16,3,0,0,1,0,0,0,0,1
"POINT (12.279671378000046 51.314822836000076)",Unfall 224456 (2021) Kat:2, Licht: 0,224456,2,1,9,05,11,6,0,0,0,1,0,0,0,0
"POINT (12.389267902000029 51.353744689000052)",Unfall 224460 (2021) Kat:2, Licht: 0,224460,2,7,0,04,12,4,0,0,1,0,0,0,0,0
"POINT (12.374122649000071 51.303364807000037)",Unfall 224462 (2021) Kat:3, Licht: 0,224462,3,1,0,04,11,7,1,0,1,0,0,0,0,0
"POINT (12.332072462000042 51.322399296000071)",Unfall 224464 (2021) Kat:3, Licht: 0,224464,3,2,5,03,09,6,0,0,1,0,0,0,0,1
"POINT (12.460783412000069 51.356722910000030)",Unfall 224467 (2021) Kat:3, Licht: 0,224467,3,3,5,02,15,2,0,0,0,1,0,0,0,1
"POINT (12.368233358000055 51.357929829000057)",Unfall 224472 (2021) Kat:2, Licht: 0,224472,2,1,8,04,06,7,0,0,0,0,0,1,0,0
"POINT (12.365835609000044 51.332051491000072)",Unfall 224478 (2021) Kat:3, Licht: 0,224478,3,5,3,05,15,1,0,0,1,1,0,0,0,0
"POINT (12.341022394000049 51.337884887000030)",Unfall 224480 (2021) Kat:3, Licht: 0,224480,3,4,6,03,10,3,0,0,1,0,1,0,0,0
"POINT (12.430568945000061 51.368882843000051)",Unfall 224484 (2021) Kat:3, Licht: 0,224484,3,3,5,03,15,3,0,0,0,1,0,0,0,0
"POINT (12.403112860000022 51.365409367000041)",Unfall 224487 (2021) Kat:3, Licht: 2,224487,3,1,1,03,23,2,1,2,1,1,0,0,0,0
"POINT (12.415012772000068 51.345427197000049)",Unfall 224488 (2021) Kat:3, Licht: 0,224488,3,4,6,02,15,5,0,0,0,1,1,0,0,0
"POINT (12.368099093000069 51.358043246000079)",Unfall 224492 (2021) Kat:3, Licht: 0,224492,3,3,5,03,15,5,1,0,0,1,0,0,0,0
"POINT (12.264312993000033 51.346848051000052)",Unfall 224497 (2021) Kat:3, Licht: 0,224497,3,7,1,03,09,2,0,0,0,1,0,0,1,0
"POINT (12.395501045000060 51.358441141000071)",Unfall 224506 (2021) Kat:3, Licht: 0,224506,3,6,2,05,06,5,0,0,0,1,0,0,1,0
"POINT (12.388208982000037 51.352276024000048)",Unfall 224515 (2021) Kat:3, Licht: 0,224515,3,7,1,02,08,2,2,0,0,1,0,0,0,0
"POINT (12.425985150000031 51.355179972000030)",Unfall 224516 (2021) Kat:2, Licht: 0,224516,2,3,5,02,11,6,1,0,1,1,0,0,0,0
"POINT (12.411210391000054 51.325043056000027)",Unfall 224517 (2021) Kat:3, Licht: 0,224517,3,4,6,05,13,3,0,0,0,1,1,0,0,0
"POINT (12.382284156000026 51.365882233000036)",Unfall 224522 (2021) Kat:2, Licht: 0,224522,2,3,5,04,15,4,0,0,0,1,0,0,0,1
"POINT (12.374916499000051 51.345958545000030)",Unfall 224533 (2021) Kat:3, Licht: 0,224533,3,2,5,04,09,3,0,0,1,1,0,0,0,0
"POINT (12.405911263000064 51.331762098000070)",Unfall 224535 (2021) Kat:3, Licht: 2,224535,3,2,6,04,20,4,1,2,0,1,1,0,0,0
"POINT (12.406808359000024 51.361920267000073)",Unfall 224539 (2021) Kat:3, Licht: 0,224539,3,2,5,02,13,6,1,0,1,1,0,0,0,0
"POINT (12.464378145000069 51.284803133000082)",Unfall 224541 (2021) Kat:3, Licht: 0,224541,3,6,2,03,07,2,0,0,0,1,0,0,0,0
"POINT (12.493008980000070 51.346930505000046)",Unfall 224544 (2021) Kat:3, Licht: 0,224544,3,3,5,02,16,2,0,0,0,1,0,1,0,0
"POINT (12.384970997000039 51.298891817000026)",Unfall 224545 (2021) Kat:3, Licht: 0,224545,3,3,5,05,09,3,0,0,1,1,0,0,0,0