WKT,Name,OBJECTID,UKATEGORIE,UTYP1,UART,UMONAT,USTUNDE,UWOCHENTAG,STRZUSTAND,ULICHTVERH,ISTRAD,ISTPKW,ISTFUSS,ISTKRAD,ISTGKFZ,ISTSONSTIG
"POINT (12.409975015000043 51.341301518000080)",Unfall 224546 (2021) Kat:3, Licht: 2,224546,3,2,5,03,19,1,0,2,1,1,0,0,0,0
"POINT (12.393210230000022 51.336946374000036)",Unfall 224557 (2021) Kat:3, Licht: 1,224557,3,3,5,02,16,5,1,1,1,1,0,0,0,0
"POINT (12.345103816000062 51.318981095000026)",Unfall 224560 (2021) Kat:3, Licht: 0,224560,3,6,3,03,12,3,0,0,0,1,0,1,0,0
"POINT (12.370556625000063 51.361264644000073)",Unfall 224567 (2021) Kat:3, Licht: 0,224567,3,2,5,04,07,2,0,0,0,1,0,0,0,0
"POINT (12.483229447000042 51.322769769000047)",Unfall 224569 (2021) Kat:2, Licht: 0,224569,2,1,9,05,14,5,0,0,0,0,0,1,0,0
"POINT (12.331940428000053 51.322341436000045)",Unfall 224570 (2021) Kat:3, Licht: 0,224570,3,6,2,05,14,3,0,0,0,1,0,0,0,0
"POINT (12.369353031000060 51.344191215000080)",Unfall 224573 (2021) Kat:2, Licht: 0,224573,2,2,8,04,18,2,0,0,1,1,0,0,0,0
"POINT (12.413712739000061 51.320028843000046)",Unfall 224574 (2021) Kat:3, Licht: 0,224574,3,2,5,04,12,3,1,0,1,0,0,0,0,1
"POINT (12.410910863000026 51.359698741000045)",Unfall 224575 (2021) Kat:2, Licht: 0,224575,2,6,1,03,10,3,0,0,0,1,0,0,0,0
"POINT (12.446797714000070 51.388948750000054)",Unfall 224576 (2021) Kat:3, Licht: 0,224576,3,1,1,03,15,6,1,0,1,1,0,0,0,0
"POINT (12.370845480000071 51.335314814000071)",Unfall 224577 (2021) Kat:3, Licht: 0,224577,3,6,2,03,07,6,1,0,0,1,0,1,0,0
"POINT (12.392710454000053 51.287317195000071)",Unfall 224578 (2021) Kat:3, Licht: 1,224578,3,6,2,04,20,5,0,1,0,1,0,0,0,0
"POINT (12.371345073000043 51.346225641000046)",Unfall 224585 (2021) Kat:3, Licht: 0,224585,3,6,2,04,11,6,0,0,0,1,0,0,0,0
"POINT (12.372978880000062 51.301376793000031)",Unfall 224589 (2021) Kat:2, Licht: 0,224589,2,3,5,02,15,1,0,0,1,1,0,0,0,0
"POINT (12.383977101000028 51.362205945000028)",Unfall 224600 (2021) Kat:3, Licht: 0,224600,3,5,1,03,17,4,0,0,0,1,0,0,0,0
"POINT (12.429777633000072 51.342997340000068)",Unfall 224602 (2021) Kat:2, Licht: 0,224602,2,4,6,05,19,1,0,0,0,1,1,0,0,0
"POINT (12.401125003000061 51.301402064000058)",Unfall 224606 (2021) Kat:3, Licht: 0,224606,3,5,3,05,07,6,0,0,1,1,0,0,0,0
"POINT (12.389668699000026 51.321563659000049)",Unfall 224609 (2021) Kat:3, Licht: 0,224609,3,3,5,04,11,6,0,0,1,1,0,0,0,0
"POINT (12.356908096000041 51.320472614000039)",Unfall 224610 (2021) Kat:2, Licht: 0,224610,2,3,5,04,16,6,0,0,1,1,0,0,0,0
"POINT (12.399188094000067 51.346643390000054)",Unfall 224611 (2021) Kat:3, Licht: 0,224611,3,7,1,03,12,5,1,0,0,1,0,0,0,0
"POINT (12.371769802000074 51.334064196000043)",Unfall 224617 (2021) Kat:3, Licht: 1,224617,3,1,0,03,05,3,1,1,1,0,0,0,0,0
"POINT (12.408661937000034 51.359997584000041)",Unfall 224619 (2021) Kat:3, Licht: 0,224619,3,3,5,04,16,4,0,0,0,1,0,0,0,0
"POINT (12.370843407000052 51.335290112000052)",Unfall 224625 (2021) Kat:3, Licht: 2,224625,3,2,2,04,20,3,0,2,0,1,0,1,0,0
"POINT (12.430564109000045 51.365719692000027)",Unfall 224627 (2021) Kat:3, Licht: 0,224627,3,2,0,04,07,3,0,0,0,1,0,0,0,1
"POINT (12.405938509000066 51.345529548000059)",Unfall 224628 (2021) Kat:3, Licht: 0,224628,3,2,5,04,18,5,0,0,1,1,0,0,0,0
"POINT (12.388232914000071 51.357726537000076)",Unfall 224633 (2021) Kat:3, Licht: 0,224633,3,5,1,02,15,3,1,0,1,1,0,0,0,0
"POINT (12.430668314000059 51.358702475000030)",Unfall 224639 (2021) Kat:3, Licht: 0,224639,3,2,6,02,09,6,0,0,0,1,1,0,0,0
"POINT (12.394344481000076 51.362711413000056)",Unfall 224640 (2021) Kat:2, Licht: 0,224640,2,4,6,03,16,3,0,0,0,1,1,0,0,0
"POINT (12.365275041000075 51.362466059000042)",Unfall 224649 (2021) Kat:3, Licht: 2,224649,3,6,2,02,05,5,0,2,0,1,0,0,0,0
"POINT (12.302442352000071 51.353669223000054)",Unfall 224650 (2021) Kat:3, Licht: 0,224650,3,3,5,04,10,5,0,0,0,1,0,0,0,0
"POINT (12.270509899000047 51.344639956000037)",Unfall 224652 (2021) Kat:3, Licht: 0,224652,3,4,6,04,12,5,0,0,1,0,1,0,0,0
"POINT (12.392952951000041 51.400180372000079)",Unfall 224655 (2021) Kat:3, Licht: 0,224655,3,2,5,05,17,2,0,0,0,1,0,0,0,0
"POINT (12.407331720000059 51.382712342000048)",Unfall 224657 (2021) Kat:3, Licht: 0,224657,3,3,5,05,11,5,0,0,0,1,0,0,0,0
"POINT (12.407402568000066 51.325978213000042)",Unfall 224658 (2021) Kat:2, Licht: 0,224658,2,2,6,03,09,2,0,0,0,1,1,0,0,0
"POINT (12.370110502000045 51.325469124000051)",Unfall 224666 (2021) Kat:3, Licht: 0,224666,3,2,3,02,14,4,0,0,1,1,0,0,0,0
"POINT (12.437776926000026 51.327526214000045)",Unfall 224668 (2021) Kat:3, Licht: 2,224668,3,3,5,03,19,3,0,2,0,1,0,0,0,0
"POINT (12.380910504000042 51.342055882000068)",Unfall 224669 (2021) Kat:3, Licht: 0,224669,3,3,5,04,12,6,0,0,1,0,0,0,0,0
"POINT (12.376619233000042 51.357227728000055)",Unfall 224673 (2021) Kat:3, Licht: 0,224673,3,6,2,05,18,3,1,0,0,1,0,0,0,0
"POINT (12.371718036000061 51.339630988000067)",Unfall 224677 (2021) Kat:3, Licht: 0,224677,3,4,6,04,11,3,1,0,0,1,1,0,0,0
"POINT (12.371066376000044 51.340647072000081)",Unfall 224680 (2021) Kat:3, Licht: 0,224680,3,1,8,04,16,5,0,0,0,1,0,0,0,0
"POINT (12.404731183000024 51.372286935000034)",Unfall 224683 (2021) Kat:3, Licht: 0,224683,3,3,5,05,19,2,0,0,0,1,0,0,0,0
"POINT (12.411100477000048 51.315527427000063)",Unfall 224688 (2021) Kat:3, Licht: 0,224688,3,5,1,04,07,6,0,0,1,1,0,0,0,0
"POINT (12.376757974000043 51.320724458000029)",Unfall 224697 (2021) Kat:3, Licht: 2,224697,3,3,5,03,19,2,1,2,1,1,0,0,0,0
"POINT (12.368083172000070 51.341485943000066)",Unfall 224703 (2021) Kat:3, Licht: 0,224703,3,6,6,05,14,2,0,0,1,0,1,0,0,0
"POINT (12.414863922000052 51.359406008000065)",Unfall 224704 (2021) Kat:3, Licht: 0,224704,3,1,0,04,14,5,0,0,1,0,0,0,0,0
"POINT (12.372273908000068 51.371371886000077)",Unfall 224721 (2021) Kat:3, Licht: 0,224721,3,1,0,05,12,6,0,0,1,0,0,0,0,0
"POINT (12.368744027000048 51.361700849000044)",Unfall 224724 (2021) Kat:3, Licht: 0,224724,3,5,3,05,16,2,0,0,1,1,0,0,0,0
"POINT (12.383863311000027 51.380668703000026)",Unfall 224730 (2021) Kat:2, Licht: 0,224730,2,1,0,04,16,3,1,0,0,0,0,1,0,0
"POINT (12.274140651000039 51.318889794000029)",Unfall 224753 (2021) Kat:3, Licht: 0,224753,3,3,5,04,17,5,0,0,1,1,0,0,0,0
"POINT (12.373481974000072 51.323208194000074)",Unfall 224755 (2021) Kat:3, Licht: 2,224755,3,2,3,04,22,6,0,2,1,1,0,0,0,0
"POINT (12.406243990000064 51.332448940000063)",Unfall 224757 (2021) Kat:3, Licht: 0,224757,3,6,2,04,16,5,0,0,0,1,0,0,0,0
"POINT (12.393575794000071 51.322785548000070)",Unfall 224761 (2021) Kat:2, Licht: 0,224761,2,3,5,02,08,6,0,0,1,1,0,0,0,0
"POINT (12.443008568000039 51.381418962000055)",Unfall 224762 (2021) Kat:2, Licht: 0,224762,2,3,5,04,09,7,0,0,1,1,0,0,0,0
"POINT (12.445647353000027 51.347309428000074)",Unfall 224764 (2021) Kat:2, Licht: 0,224764,2,3,5,03,08,7,0,0,1,1,0,0,0,0
"POINT (12.430568695000034 51.368867827000031)",Unfall 224767 (2021) Kat:3, Licht: 0,224767,3,3,5,02,08,7,0,0,0,1,0,0,0,0
"POINT (12.308115141000030 51.276939381000034)",Unfall 224773 (2021) Kat:3, Licht: 0,224773,3,1,1,05,19,7,0,0,1,1,0,0,0,0
"POINT (12.313765043000046 51.356917218000035)",Unfall 224777 (2021) Kat:3, Licht: 0,224777,3,7,0,02,15,3,1,0,0,1,0,0,0,0
"POINT (12.336310220000030 51.338812196000049)",Unfall 224789 (2021) Kat:3, Licht: 0,224789,3,7,6,02,10,2,2,0,0,1,1,0,0,0
"POINT (12.364338865000036 51.339280241000040)",Unfall 224790 (2021) Kat:3, Licht: 0,224790,3,4,6,02,15,6,0,0,0,0,1,1,0,0
"POINT (12.411619191000057 51.359638189000066)",Unfall 224792 (2021) Kat:3, Licht: 0,224792,3,1,0,03,11,1,1,0,1,0,0,0,0,0
"POINT (12.362939449000066 51.330467768000062)",Unfall 224793 (2021) Kat:3, Licht: 0,224793,3,1,1,01,12,4,1,0,0,1,0,0,0,0
"POINT (12.370478651000042 51.371379907000062)",Unfall 224797 (2021) Kat:3, Licht: 0,224797,3,5,1,05,16,2,0,0,1,1,0,0,0,0
"POINT (12.338115238000057 51.326929874000029)",Unfall 224802 (2021) Kat:3, Licht: 0,224802,3,6,2,03,16,5,1,0,1,1,0,0,0,0
"POINT (12.319007255000031 51.350095466000027)",Unfall 224808 (2021) Kat:3, Licht: 0,224808,3,6,2,03,07,4,0,0,0,0,0,1,0,1
"POINT (12.325738453000042 51.318558865000057)",Unfall 224810 (2021) Kat:3, Licht: 0,224810,3,3,5,04,17,1,0,0,0,1,0,1,0,0
"POINT (12.350618062000024 51.366828103000046)",Unfall 224816 (2021) Kat:3, Licht: 0,224816,3,6,3,02,16,1,0,0,1,1,0,0,0,0
"POINT (12.356995229000063 51.336121928000068)",Unfall 224834 (2021) Kat:3, Licht: 0,224834,3,3,5,02,11,2,2,0,0,1,0,0,0,0
"POINT (12.298123249000071 51.325106103000053)",Unfall 224837 (2021) Kat:3, Licht: 0,224837,3,2,2,03,10,5,1,0,0,1,0,0,0,0
"POINT (12.368773659000055 51.320778680000046)",Unfall 224844 (2021) Kat:3, Licht: 0,224844,3,6,2,04,08,4,0,0,0,1,0,0,0,0
"POINT (12.393102703000068 51.376359042000047)",Unfall 224846 (2021) Kat:3, Licht: 0,224846,3,3,5,05,16,5,0,0,0,1,0,0,0,0
"POINT (12.327624862000050 51.326709314000027)",Unfall 224848 (2021) Kat:3, Licht: 0,224848,3,3,5,03,11,2,0,0,0,1,0,0,0,0
"POINT (12.318606851000027 51.331499599000040)",Unfall 224850 (2021) Kat:2, Licht: 2,224850,2,3,5,04,21,2,0,2,1,1,0,0,0,0
"POINT (12.428262200000063 51.343877795000026)",Unfall 224851 (2021) Kat:2, Licht: 0,224851,2,7,6,04,17,7,0,0,0,0,0,0,0,1
"POINT (12.408376836000059 51.385559032000060)",Unfall 224860 (2021) Kat:3, Licht: 0,224860,3,6,4,04,16,4,0,0,0,1,0,0,0,0
"POINT (12.437157034000052 51.411861165000062)",Unfall 224866 (2021) Kat:3, Licht: 0,224866,3,7,0,05,15,1,0,0,0,0,0,1,0,0
"POINT (12.308900041000072 51.311298353000041)",Unfall 224868 (2021) Kat:3, Licht: 0,224868,3,3,5,01,12,5,1,0,0,1,0,0,0,0
"POINT (12.330047878000073 51.300610425000059)",Unfall 224872 (2021) Kat:3, Licht: 0,224872,3,3,5,04,13,1,0,0,1,1,0,0,0,0
"POINT (12.334400005000077 51.340888217000042)",Unfall 224873 (2021) Kat:3, Licht: 0,224873,3,5,1,05,07,6,1,0,1,1,0,0,0,0
"POINT (12.425557042000037 51.346650891000081)",Unfall 224874 (2021) Kat:3, Licht: 2,224874,3,1,0,02,18,2,2,2,1,0,0,0,0,0
"POINT (12.372983391000048 51.301385388000028)",Unfall 224876 (2021) Kat:3, Licht: 2,224876,3,3,5,05,21,5,0,2,1,1,0,0,0,0
"POINT (12.376763910000022 51.354240845000049)",Unfall 224877 (2021) Kat:3, Licht: 0,224877,3,6,3,04,13,5,0,0,0,1,0,0,1,0
"POINT (12.410665035000022 51.320137220000049)",Unfall 224880 (2021) Kat:3, Licht: 0,224880,3,4,6,04,15,5,0,0,0,1,1,0,0,0
"POINT (12.322945888000049 51.384218746000045)",Unfall 224883 (2021) Kat:3, Licht: 1,224883,3,3,0,03,19,2,0,1,0,1,0,0,0,1
"POINT (12.398279138000021 51.339229995000039)",Unfall 224886 (2021) Kat:3, Licht: 0,224886,3,2,2,04,13,7,0,0,0,1,0,0,0,0
"POINT (12.327525020000053 51.304020805000050)",Unfall 224887 (2021) Kat:3, Licht: 0,224887,3,2,6,03,11,4,0,0,0,0,1,0,0,1
"POINT (12.350689526000053 51.384146128000054)",Unfall 224888 (2021) Kat:2, Licht: 0,224888,2,2,5,04,07,2,0,0,1,1,0,0,0,0
"POINT (12.305269110000040 51.326682784000070)",Unfall 224898 (2021) Kat:3, Licht: 1,224898,3,1,0,05,19,5,0,1,1,0,0,0,0,0
"POINT (12.338211410000042 51.394972213000074)",Unfall 224905 (2021) Kat:3, Licht: 2,224905,3,1,8,03,03,7,0,2,0,1,0,0,0,0
"POINT (12.307030864000069 51.346452505000059)",Unfall 224914 (2021) Kat:3, Licht: 0,224914,3,3,5,03,18,4,0,0,1,1,0,0,0,0
"POINT (12.371089626000071 51.337834329000032)",Unfall 224917 (2021) Kat:3, Licht: 0,224917,3,4,6,04,17,3,0,0,0,0,1,0,0,1
"POINT (12.432390410000039 51.377647947000071)",Unfall 224923 (2021) Kat:3, Licht: 0,224923,3,1,0,02,08,6,1,0,0,0,0,1,0,0
"POINT (12.314649916000064 51.347275802000070)",Unfall 224924 (2021) Kat:3, Licht: 0,224924,3,1,9,04,17,4,1,0,0,1,0,0,0,0
"POINT (12.404572086000030 51.303060197000036)",Unfall 224925 (2021) Kat:3, Licht: 2,224925,3,5,1,05,21,4,1,2,1,1,0,0,0,0
"POINT (12.363934633000042 51.362895800000047)",Unfall 224926 (2021) Kat:3, Licht: 0,224926,3,4,6,03,11,6,0,0,0,0,1,0,0,1
"POINT (12.409652804000075 51.339286595000033)",Unfall 224928 (2021) Kat:3, Licht: 0,224928,3,6,3,04,14,6,0,0,1,0,0,0,0,0
"POINT (12.357999631000041 51.344131128000072)",Unfall 224932 (2021) Kat:3, Licht: 1,224932,3,3,5,03,18,2,0,1,1,1,0,0,0,0
"POINT (12.364564191000056 51.326624809000066)",Unfall 224944 (2021) Kat:3, Licht: 0,224944,3,1,8,05,17,1,1,0,0,0,0,1,0,0
"POINT (12.264476566000042 51.355291441000077)",Unfall 224945 (2021) Kat:3, Licht: 0,224945,3,7,9,03,07,5,0,0,0,1,0,0,0,0
"POINT (12.472855478000042 51.336676601000079)",Unfall 224950 (2021) Kat:2, Licht: 0,224950,2,2,6,05,14,4,1,0,0,1,1,0,0,0
"POINT (12.406326679000074 51.335896010000056)",Unfall 224952 (2021) Kat:3, Licht: 1,224952,3,6,2,01,16,7,1,1,0,1,0,0,0,0
"POINT (12.334474722000039 51.349830844000053)",Unfall 224953 (2021) Kat:2, Licht: 0,224953,2,6,2,04,13,2,0,0,0,1,0,0,0,0
"POINT (12.310027835000028 51.349453371000038)",Unfall 224957 (2021) Kat:3, Licht: 0,224957,3,4,6,05,14,2,0,0,0,1,1,0,0,0
"POINT (12.341144627000062 51.332384518000026)",Unfall 224962 (2021) Kat:3, Licht: 0,224962,3,7,0,03,14,4,0,0,1,0,0,0,0,0
"POINT (12.368502864000050 51.316924325000059)",Unfall 224964 (2021) Kat:3, Licht: 0,224964,3,3,5,05,08,2,0,0,1,1,0,0,0,0
"POINT (12.377010574000053 51.371505292000052)",Unfall 224975 (2021) Kat:3, Licht: 0,224975,3,4,6,03,15,6,1,0,0,1,1,0,0,0
"POINT (12.390856939000059 51.338672531000043)",Unfall 224977 (2021) Kat:2, Licht: 0,224977,2,2,2,04,18,5,0,0,1,1,0,0,0,0
"POINT (12.423686577000069 51.350483477000068)",Unfall 224982 (2021) Kat:3, Licht: 0,224982,3,4,6,03,14,6,0,0,1,0,1,0,0,0
"POINT (12.272572971000045 51.342776447000062)",Unfall 224986 (2021) Kat:3, Licht: 0,224986,3,5,1,03,06,6,0,0,1,1,0,0,0,0
"POINT (12.399549355000033 51.376393113000063)",Unfall 224991 (2021) Kat:3, Licht: 0,224991,3,7,0,05,11,6,0,0,0,0,0,0,0,1
"POINT (12.373549672000024 51.319676951000076)",Unfall 224992 (2021) Kat:2, Licht: 0,224992,2,3,5,03,16,4,0,0,1,0,0,0,0,1
"POINT (12.368921942000043 51.311574246000077)",Unfall 224994 (2021) Kat:3, Licht: 0,224994,3,6,3,04,17,4,0,0,1,1,0,0,0,0
"POINT (12.360405775000061 51.337987638000072)",Unfall 225002 (2021) Kat:3, Licht: 0,225002,3,2,4,05,11,3,0,0,1,1,0,0,0,0
"POINT (12.310035958000071 51.278941883000073)",Unfall 225009 (2021) Kat:3, Licht: 0,225009,3,3,5,03,08,7,1,0,0,1,0,0,0,1
"POINT (12.459168422000062 51.401917946000026)",Unfall 225018 (2021) Kat:3, Licht: 0,225018,3,3,5,03,15,4,0,0,1,1,0,0,0,0
"POINT (12.443520836000062 51.419776615000046)",Unfall 225019 (2021) Kat:3, Licht: 2,225019,3,1,5,02,21,5,1,2,1,1,0,0,0,0
"POINT (12.421720439000069 51.322353791000069)",Unfall 225029 (2021) Kat:3, Licht: 0,225029,3,1,9,01,16,7,1,0,0,1,0,0,0,1
"POINT (12.494535190000022 51.338424584000052)",Unfall 225032 (2021) Kat:3, Licht: 0,225032,3,3,5,03,15,2,1,0,1,1,0,0,0,0
"POINT (12.386459777000027 51.360026426000047)",Unfall 225038 (2021) Kat:3, Licht: 0,225038,3,2,2,06,13,5,0,0,0,1,0,0,0,0
"POINT (12.406102951000037 51.346265520000031)",Unfall 225042 (2021) Kat:3, Licht: 0,225042,3,4,6,06,09,6,0,0,0,1,1,0,0,0
"POINT (12.384520376000069 51.328552071000047)",Unfall 225043 (2021) Kat:3, Licht: 0,225043,3,7,1,06,14,2,0,0,0,0,0,0,1,1
"POINT (12.307778185000075 51.332146088000059)",Unfall 225050 (2021) Kat:3, Licht: 0,225050,3,2,2,06,12,5,0,0,0,1,0,0,0,0
"POINT (12.365022686000032 51.341373388000079)",Unfall 225052 (2021) Kat:3, Licht: 0,225052,3,3,5,07,10,2,0,0,1,1,0,0,0,0
"POINT (12.385346708000043 51.340233611000031)",Unfall 225056 (2021) Kat:3, Licht: 0,225056,3,4,6,06,19,3,0,0,1,0,1,0,0,0
"POINT (12.358804041000042 51.365231845000039)",Unfall 225062 (2021) Kat:3, Licht: 0,225062,3,3,5,06,08,4,0,0,0,1,0,1,0,0
"POINT (12.367489246000048 51.388462146000052)",Unfall 225066 (2021) Kat:3, Licht: 0,225066,3,3,5,07,15,5,0,0,1,1,0,0,0,0
"POINT (12.371428079000054 51.331547079000075)",Unfall 225067 (2021) Kat:3, Licht: 0,225067,3,3,5,05,17,4,1,0,1,1,0,0,0,0
"POINT (12.361623344000066 51.332709620000060)",Unfall 225068 (2021) Kat:2, Licht: 0,225068,2,3,5,07,10,2,0,0,1,1,0,0,0,0
"POINT (12.437268532000076 51.395778533000055)",Unfall 225082 (2021) Kat:3, Licht: 0,225082,3,2,5,05,15,2,0,0,0,1,0,0,0,0
"POINT (12.382232507000026 51.399621962000026)",Unfall 225088 (2021) Kat:3, Licht: 0,225088,3,5,1,06,15,6,0,0,1,1,0,0,0,0
"POINT (12.327168826000047 51.329636319000031)",Unfall 225097 (2021) Kat:2, Licht: 0,225097,2,2,5,07,19,2,0,0,1,1,0,0,0,0
"POINT (12.364989006000030 51.406916385000045)",Unfall 225098 (2021) Kat:2, Licht: 0,225098,2,2,5,06,08,7,0,0,0,1,0,0,0,0
"POINT (12.341197357000055 51.332311117000074)",Unfall 225100 (2021) Kat:3, Licht: 2,225100,3,6,2,07,03,5,0,2,1,1,0,0,0,0
"POINT (12.373588812000037 51.330370267000035)",Unfall 225101 (2021) Kat:3, Licht: 0,225101,3,6,3,06,11,4,0,0,1,1,0,0,0,0
"POINT (12.308365998000056 51.313127292000047)",Unfall 225108 (2021) Kat:2, Licht: 0,225108,2,6,4,06,13,4,0,0,1,0,0,0,0,0
"POINT (12.407060833000060 51.352045386000043)",Unfall 225112 (2021) Kat:3, Licht: 0,225112,3,3,5,05,17,4,1,0,0,1,0,0,0,0
"POINT (12.401674404000062 51.327949503000070)",Unfall 225118 (2021) Kat:3, Licht: 0,225118,3,2,6,06,07,2,0,0,0,1,1,0,0,0
"POINT (12.319060276000073 51.333633562000045)",Unfall 225119 (2021) Kat:2, Licht: 2,225119,2,1,1,06,21,7,1,2,0,1,0,0,0,0
"POINT (12.373550997000052 51.329680704000054)",Unfall 225124 (2021) Kat:3, Licht: 0,225124,3,2,5,06,10,4,0,0,1,1,0,0,0,0
"POINT (12.371513685000025 51.320822093000061)",Unfall 225125 (2021) Kat:3, Licht: 0,225125,3,6,3,07,15,4,0,0,0,1,0,0,0,1
"POINT (12.349752326000043 51.375642942000070)",Unfall 225126 (2021) Kat:3, Licht: 0,225126,3,2,5,07,14,5,0,0,1,1,0,0,0,0
"POINT (12.286801338000032 51.357520933000046)",Unfall 225130 (2021) Kat:3, Licht: 1,225130,3,1,8,06,05,1,0,1,0,1,0,0,0,0
"POINT (12.415535704000035 51.294149194000056)",Unfall 225136 (2021) Kat:3, Licht: 1,225136,3,6,5,06,21,6,0,1,1,1,0,0,0,0
"POINT (12.319774394000035 51.331888509000066)",Unfall 225141 (2021) Kat:3, Licht: 0,225141,3,4,6,05,17,4,1,0,0,0,1,0,0,1
"POINT (12.396041041000046 51.332148175000043)",Unfall 225146 (2021) Kat:3, Licht: 0,225146,3,6,2,06,07,4,0,0,0,1,0,0,0,0
"POINT (12.352046227000073 51.333463797000036)",Unfall 225147 (2021) Kat:3, Licht: 0,225147,3,6,4,07,09,3,0,0,1,0,0,0,0,0
"POINT (12.314213108000047 51.413503363000075)",Unfall 225151 (2021) Kat:3, Licht: 0,225151,3,1,0,06,18,5,1,0,0,0,0,1,0,0
"POINT (12.360065544000065 51.333845395000026)",Unfall 225153 (2021) Kat:3, Licht: 0,225153,3,6,1,07,16,7,0,0,0,1,0,0,0,1
"POINT (12.372978880000062 51.301376793000031)",Unfall 225158 (2021) Kat:3, Licht: 0,225158,3,3,5,06,08,6,0,0,1,1,0,0,0,0
"POINT (12.338388034000047 51.327103584000042)",Unfall 225163 (2021) Kat:3, Licht: 0,225163,3,2,2,06,16,2,0,0,1,1,0,0,0,0
"POINT (12.478102679000074 51.336502052000071)",Unfall 225164 (2021) Kat:3, Licht: 0,225164,3,2,5,06,15,3,1,0,1,1,0,0,0,0
"POINT (12.405852884000069 51.344688380000036)",Unfall 225166 (2021) Kat:3, Licht: 0,225166,3,3,5,07,11,5,1,0,0,1,0,1,0,0
"POINT (12.447084576000066 51.349907814000062)",Unfall 225170 (2021) Kat:3, Licht: 0,225170,3,6,3,06,14,7,0,0,0,1,0,0,0,0
"POINT (12.373367377000022 51.353062984000076)",Unfall 225174 (2021) Kat:3, Licht: 0,225174,3,2,5,05,11,7,0,0,1,1,0,0,0,0
"POINT (12.322601077000058 51.374528429000065)",Unfall 225177 (2021) Kat:3, Licht: 0,225177,3,5,1,07,17,5,0,0,1,1,0,0,0,0
"POINT (12.311170828000058 51.333606911000061)",Unfall 225180 (2021) Kat:3, Licht: 0,225180,3,3,5,05,06,7,1,0,0,1,0,0,0,0
"POINT (12.401455258000055 51.339277693000042)",Unfall 225185 (2021) Kat:3, Licht: 0,225185,3,5,0,06,15,2,0,0,1,1,0,0,0,0
"POINT (12.479392019000045 51.350604260000068)",Unfall 225187 (2021) Kat:3, Licht: 0,225187,3,3,5,06,08,6,0,0,1,1,0,0,0,0
"POINT (12.374359879000053 51.349632283000062)",Unfall 225191 (2021) Kat:3, Licht: 0,225191,3,7,3,05,16,4,1,0,1,1,0,0,0,0
"POINT (12.347558554000045 51.365155566000055)",Unfall 225198 (2021) Kat:3, Licht: 2,225198,3,1,1,07,22,3,1,2,0,1,0,0,0,0
"POINT (12.427507743000035 51.379753647000030)",Unfall 225200 (2021) Kat:3, Licht: 2,225200,3,1,8,06,00,2,0,2,0,1,0,0,0,0
"POINT (12.308424588000037 51.355850175000057)",Unfall 225202 (2021) Kat:3, Licht: 0,225202,3,6,2,06,15,5,0,0,0,1,0,0,0,0
"POINT (12.331128584000055 51.342686317000073)",Unfall 225203 (2021) Kat:3, Licht: 0,225203,3,6,3,07,09,4,1,0,1,0,0,0,0,1
"POINT (12.367470228000059 51.341183459000035)",Unfall 225212 (2021) Kat:3, Licht: 0,225212,3,2,5,07,16,5,0,0,1,1,0,0,0,0
"POINT (12.332312626000032 51.337817974000075)",Unfall 225223 (2021) Kat:3, Licht: 0,225223,3,7,6,07,19,6,0,0,0,1,1,0,0,0
"POINT (12.393542888000070 51.322803087000068)",Unfall 225229 (2021) Kat:3, Licht: 0,225229,3,2,5,07,10,6,1,0,0,1,0,0,0,0
"POINT (12.411159870000063 51.388746571000070)",Unfall 225231 (2021) Kat:2, Licht: 0,225231,2,3,5,06,14,4,0,0,1,1,0,0,0,0
"POINT (12.340241826000067 51.393052983000075)",Unfall 225244 (2021) Kat:3, Licht: 0,225244,3,3,5,07,10,3,0,0,1,1,0,0,0,0
"POINT (12.378512149000073 51.321994515000029)",Unfall 225248 (2021) Kat:3, Licht: 0,225248,3,2,5,06,17,5,0,0,1,1,0,0,0,0
"POINT (12.384750625000038 51.365340758000059)",Unfall 225251 (2021) Kat:3, Licht: 0,225251,3,2,3,07,10,7,0,0,1,1,0,0,0,0
"POINT (12.370204476000026 51.325995524000064)",Unfall 225253 (2021) Kat:3, Licht: 0,225253,3,2,5,06,13,3,0,0,1,0,0,0,0,1
"POINT (12.260509533000061 51.303090958000041)",Unfall 225256 (2021) Kat:2, Licht: 0,225256,2,4,6,07,07,2,0,0,0,0,1,0,1,0
"POINT (12.383115251000049 51.342894713000078)",Unfall 225271 (2021) Kat:3, Licht: 0,225271,3,4,6,06,16,4,0,0,0,1,1,0,0,0
"POINT (12.341282365000040 51.325821669000049)",Unfall 225278 (2021) Kat:3, Licht: 0,225278,3,4,6,06,16,3,0,0,0,1,1,0,0,0
"POINT (12.411493333000067 51.375272178000046)",Unfall 225281 (2021) Kat:3, Licht: 0,225281,3,2,2,07,18,3,0,0,0,1,0,0,0,1
"POINT (12.406071940000061 51.335927860000027)",Unfall 225283 (2021) Kat:3, Licht: 2,225283,3,4,6,06,23,2,0,2,1,0,1,0,0,0
"POINT (12.411638943000071 51.342632119000029)",Unfall 225285 (2021) Kat:2, Licht: 0,225285,2,2,5,07,10,4,0,0,1,1,0,0,0,0
"POINT (12.382692711000061 51.340656505000027)",Unfall 225287 (2021) Kat:3, Licht: 0,225287,3,6,2,07,17,5,0,0,0,1,0,0,0,0
"POINT (12.415167409000048 51.352561513000069)",Unfall 225288 (2021) Kat:3, Licht: 0,225288,3,3,5,05,12,2,0,0,0,1,0,1,0,0