WKT,Name,OBJECTID,UKATEGORIE,UTYP1,UART,UMONAT,USTUNDE,UWOCHENTAG,STRZUSTAND,ULICHTVERH,ISTRAD,ISTPKW,ISTFUSS,ISTKRAD,ISTGKFZ,ISTSONSTIG
"POINT (12.378208839000024 51.358423742000070)",Unfall 225290 (2021) Kat:3, Licht: 0,225290,3,3,5,07,12,5,1,0,1,1,0,0,0,0
"POINT (12.451807739000060 51.324408354000070)",Unfall 225291 (2021) Kat:3, Licht: 0,225291,3,2,5,06,14,6,0,0,0,1,0,1,0,0
"POINT (12.414645955000026 51.355604221000078)",Unfall 225292 (2021) Kat:3, Licht: 0,225292,3,5,1,06,16,3,0,0,0,1,0,0,0,0
"POINT (12.391900689000067 51.319210888000043)",Unfall 225293 (2021) Kat:3, Licht: 0,225293,3,5,1,06,16,5,1,0,1,1,0,0,0,0
"POINT (12.371347229000037 51.357483504000072)",Unfall 225294 (2021) Kat:3, Licht: 2,225294,3,5,1,06,23,7,1,2,1,1,0,0,0,0
"POINT (12.391338505000022 51.334922306000067)",Unfall 225297 (2021) Kat:3, Licht: 0,225297,3,2,5,06,10,2,0,0,1,1,0,0,0,0
"POINT (12.374504401000024 51.334230424000054)",Unfall 225304 (2021) Kat:3, Licht: 0,225304,3,4,6,06,14,6,0,0,0,0,1,0,0,1
"POINT (12.340659156000072 51.331018130000075)",Unfall 225305 (2021) Kat:3, Licht: 0,225305,3,3,5,07,19,1,1,0,0,1,0,1,0,0
"POINT (12.285448779000035 51.360366234000026)",Unfall 225314 (2021) Kat:3, Licht: 0,225314,3,3,5,06,19,2,0,0,1,1,0,0,0,0
"POINT (12.347369618000073 51.350497360000077)",Unfall 225317 (2021) Kat:3, Licht: 0,225317,3,6,2,06,09,5,0,0,0,1,0,1,0,0
"POINT (12.361595839000074 51.332730284000036)",Unfall 225318 (2021) Kat:3, Licht: 0,225318,3,3,5,07,14,3,0,0,1,1,0,0,0,0
"POINT (12.418556611000042 51.357304186000079)",Unfall 225325 (2021) Kat:3, Licht: 1,225325,3,3,5,06,05,2,0,1,1,1,0,0,0,0
"POINT (12.323478634000026 51.349879688000044)",Unfall 225331 (2021) Kat:3, Licht: 0,225331,3,6,2,06,15,4,0,0,0,1,0,0,0,0
"POINT (12.421163833000037 51.380017720000069)",Unfall 225336 (2021) Kat:2, Licht: 0,225336,2,7,0,05,11,2,0,0,1,0,0,0,0,0
"POINT (12.315520648000074 51.332463338000082)",Unfall 225340 (2021) Kat:3, Licht: 0,225340,3,4,6,06,12,6,0,0,1,0,1,0,0,0
"POINT (12.409076625000068 51.340738328000043)",Unfall 225343 (2021) Kat:3, Licht: 2,225343,3,2,5,06,22,6,1,2,1,1,0,0,0,0
"POINT (12.451612290000071 51.279026421000026)",Unfall 225351 (2021) Kat:3, Licht: 0,225351,3,6,2,05,16,2,0,0,0,1,0,0,0,0
"POINT (12.287040500000046 51.322670664000043)",Unfall 225352 (2021) Kat:3, Licht: 2,225352,3,1,7,06,03,7,0,2,0,1,0,0,0,0
"POINT (12.377299802000039 51.333096505000071)",Unfall 225356 (2021) Kat:3, Licht: 0,225356,3,6,6,06,20,6,0,0,1,0,1,0,0,0
"POINT (12.421247534000031 51.353039612000032)",Unfall 225359 (2021) Kat:3, Licht: 0,225359,3,4,6,06,10,6,0,0,0,1,1,0,0,0
"POINT (12.431797000000074 51.356947039000033)",Unfall 225369 (2021) Kat:3, Licht: 0,225369,3,2,4,06,18,5,0,0,1,1,0,0,0,0
"POINT (12.333020095000052 51.371342453000068)",Unfall 225383 (2021) Kat:2, Licht: 0,225383,2,3,5,06,14,4,0,0,1,1,0,0,0,0
"POINT (12.381786433000059 51.320654537000053)",Unfall 225387 (2021) Kat:2, Licht: 0,225387,2,2,3,05,13,2,0,0,1,0,0,0,1,0
"POINT (12.357002076000072 51.336125495000033)",Unfall 225391 (2021) Kat:3, Licht: 0,225391,3,2,5,06,08,6,0,0,1,0,0,0,0,1
"POINT (12.363330419000022 51.362920671000040)",Unfall 225399 (2021) Kat:3, Licht: 0,225399,3,6,2,06,14,4,0,0,0,1,0,0,0,0
"POINT (12.402579561000039 51.338989525000045)",Unfall 225403 (2021) Kat:3, Licht: 1,225403,3,2,5,06,20,2,0,1,0,1,0,1,0,0
"POINT (12.380955263000033 51.330635236000035)",Unfall 225404 (2021) Kat:3, Licht: 0,225404,3,4,6,05,15,2,0,0,1,0,1,0,0,0
"POINT (12.380642016000024 51.330831376000049)",Unfall 225408 (2021) Kat:3, Licht: 0,225408,3,2,5,06,15,6,0,0,1,0,0,0,0,1
"POINT (12.397558816000071 51.347441187000072)",Unfall 225409 (2021) Kat:3, Licht: 0,225409,3,3,5,06,06,3,0,0,1,1,0,0,0,0
"POINT (12.323555858000077 51.328724443000056)",Unfall 225418 (2021) Kat:3, Licht: 0,225418,3,1,0,06,09,3,0,0,1,0,0,0,0,0
"POINT (12.376728893000063 51.319616141000040)",Unfall 225420 (2021) Kat:3, Licht: 0,225420,3,3,5,07,12,3,0,0,1,1,0,0,0,0
"POINT (12.351402114000052 51.335389149000036)",Unfall 225424 (2021) Kat:3, Licht: 0,225424,3,1,1,06,10,5,0,0,1,1,0,0,0,0
"POINT (12.404211592000024 51.375912302000074)",Unfall 225429 (2021) Kat:3, Licht: 0,225429,3,6,2,06,17,5,0,0,0,1,0,0,0,0
"POINT (12.408972122000023 51.325580556000034)",Unfall 225430 (2021) Kat:3, Licht: 2,225430,3,5,1,07,22,1,1,2,1,1,0,0,0,0
"POINT (12.459613010000055 51.355381413000032)",Unfall 225434 (2021) Kat:2, Licht: 0,225434,2,2,5,06,10,6,0,0,0,1,0,0,0,1
"POINT (12.354444109000042 51.319880625000053)",Unfall 225435 (2021) Kat:3, Licht: 0,225435,3,1,0,07,06,7,1,0,1,0,0,0,0,0
"POINT (12.296484924000026 51.317967364000026)",Unfall 225440 (2021) Kat:2, Licht: 0,225440,2,4,6,07,12,7,0,0,0,1,1,0,0,0
"POINT (12.410506744000031 51.372874893000073)",Unfall 225443 (2021) Kat:3, Licht: 0,225443,3,1,0,06,09,5,1,0,0,0,0,1,0,0
"POINT (12.371764517000031 51.339645162000068)",Unfall 225447 (2021) Kat:3, Licht: 0,225447,3,2,5,05,18,2,0,0,1,1,0,0,0,0
"POINT (12.293194460000052 51.315020204000064)",Unfall 225448 (2021) Kat:3, Licht: 0,225448,3,3,5,07,13,3,0,0,1,1,0,0,0,0
"POINT (12.314614503000030 51.347292001000028)",Unfall 225451 (2021) Kat:3, Licht: 0,225451,3,3,5,06,06,3,0,0,0,1,0,1,0,0
"POINT (12.345823879000022 51.327786713000080)",Unfall 225452 (2021) Kat:3, Licht: 0,225452,3,6,3,06,18,5,1,0,1,1,0,0,0,0
"POINT (12.501672371000041 51.317206470000031)",Unfall 225455 (2021) Kat:3, Licht: 0,225455,3,6,2,06,06,7,0,0,1,1,0,0,0,0
"POINT (12.370932030000063 51.335129886000061)",Unfall 225464 (2021) Kat:3, Licht: 0,225464,3,1,0,06,16,5,1,0,0,0,0,1,0,0
"POINT (12.379411660000073 51.306054113000073)",Unfall 225465 (2021) Kat:3, Licht: 0,225465,3,5,1,07,17,2,0,0,1,1,0,0,0,0
"POINT (12.385362590000057 51.341181189000054)",Unfall 225471 (2021) Kat:3, Licht: 0,225471,3,3,5,05,15,6,0,0,1,1,0,0,0,0
"POINT (12.406018360000076 51.341858904000048)",Unfall 225481 (2021) Kat:3, Licht: 0,225481,3,1,0,06,18,3,0,0,1,0,0,0,0,0
"POINT (12.486641507000058 51.269173909000074)",Unfall 225487 (2021) Kat:3, Licht: 0,225487,3,7,4,06,16,4,0,0,0,1,0,0,0,0
"POINT (12.313578101000076 51.376184110000054)",Unfall 225498 (2021) Kat:3, Licht: 0,225498,3,5,1,06,16,5,0,0,1,1,0,0,0,0
"POINT (12.376849204000052 51.322016792000056)",Unfall 225502 (2021) Kat:3, Licht: 0,225502,3,3,5,06,10,2,0,0,0,1,0,0,0,0
"POINT (12.454155811000021 51.345485054000051)",Unfall 225512 (2021) Kat:3, Licht: 0,225512,3,3,5,07,18,2,0,0,1,1,0,0,0,0
"POINT (12.263757983000062 51.344560548000061)",Unfall 225518 (2021) Kat:3, Licht: 0,225518,3,6,2,05,16,5,1,0,0,1,0,0,0,0
"POINT (12.302038464000077 51.314278819000037)",Unfall 225525 (2021) Kat:3, Licht: 0,225525,3,1,8,07,14,3,0,0,0,1,0,0,0,0
"POINT (12.427961066000023 51.358673437000050)",Unfall 225530 (2021) Kat:3, Licht: 0,225530,3,3,5,07,16,6,1,0,0,1,0,0,0,0
"POINT (12.318913004000024 51.385875609000038)",Unfall 225534 (2021) Kat:2, Licht: 0,225534,2,3,5,06,20,5,0,0,1,1,0,0,0,0
"POINT (12.364544609000063 51.326784256000053)",Unfall 225535 (2021) Kat:3, Licht: 0,225535,3,3,5,07,07,4,0,0,1,1,0,0,0,0
"POINT (12.385370531000035 51.343589825000038)",Unfall 225546 (2021) Kat:3, Licht: 0,225546,3,3,5,07,18,3,0,0,1,1,0,0,0,0
"POINT (12.460007327000028 51.356183601000055)",Unfall 225556 (2021) Kat:2, Licht: 0,225556,2,4,6,06,13,1,0,0,0,0,1,0,0,1
"POINT (12.322047963000045 51.332679507000080)",Unfall 225565 (2021) Kat:2, Licht: 0,225565,2,1,9,06,13,4,0,0,0,0,0,1,0,0
"POINT (12.375744126000029 51.334179424000070)",Unfall 225566 (2021) Kat:3, Licht: 0,225566,3,1,0,05,15,4,1,0,0,0,0,1,0,0
"POINT (12.260281475000056 51.312980805000052)",Unfall 225571 (2021) Kat:3, Licht: 0,225571,3,3,5,06,18,4,0,0,1,1,0,0,0,0
"POINT (12.377641760000074 51.333920854000041)",Unfall 225573 (2021) Kat:3, Licht: 0,225573,3,6,3,07,08,3,0,0,1,0,0,0,0,0
"POINT (12.330093902000044 51.320186022000030)",Unfall 225577 (2021) Kat:3, Licht: 0,225577,3,7,6,06,10,5,0,0,0,1,1,0,0,0
"POINT (12.331202777000044 51.371977143000038)",Unfall 225580 (2021) Kat:3, Licht: 1,225580,3,2,3,05,20,2,0,1,0,1,0,0,0,0
"POINT (12.378350701000045 51.334555414000079)",Unfall 225585 (2021) Kat:3, Licht: 0,225585,3,3,5,06,16,6,0,0,1,1,0,0,0,0
"POINT (12.415003491000050 51.345421809000072)",Unfall 225600 (2021) Kat:3, Licht: 0,225600,3,4,6,06,13,7,0,0,0,1,1,0,0,0
"POINT (12.412250357000062 51.332932137000057)",Unfall 225603 (2021) Kat:3, Licht: 0,225603,3,5,1,07,16,4,0,0,1,1,0,0,0,0
"POINT (12.365646931000072 51.317813397000066)",Unfall 225614 (2021) Kat:3, Licht: 0,225614,3,5,1,06,09,6,0,0,1,1,0,0,0,0
"POINT (12.407331473000056 51.345468167000035)",Unfall 225616 (2021) Kat:3, Licht: 0,225616,3,3,5,06,08,3,0,0,1,1,0,0,0,0
"POINT (12.298109905000047 51.325105277000034)",Unfall 225618 (2021) Kat:3, Licht: 0,225618,3,3,5,05,13,5,1,0,0,1,0,0,0,0
"POINT (12.412881334000076 51.359546726000076)",Unfall 225619 (2021) Kat:3, Licht: 0,225619,3,6,2,07,10,2,0,0,0,1,0,0,0,0
"POINT (12.417449968000028 51.316076325000040)",Unfall 225620 (2021) Kat:3, Licht: 0,225620,3,3,5,07,13,5,1,0,0,1,0,0,0,0
"POINT (12.384857054000065 51.378873005000059)",Unfall 225622 (2021) Kat:3, Licht: 0,225622,3,3,5,06,10,3,0,0,1,1,0,0,0,0
"POINT (12.408688977000054 51.351261211000065)",Unfall 225624 (2021) Kat:3, Licht: 0,225624,3,7,6,07,17,3,0,0,0,1,1,0,0,0
"POINT (12.376524918000030 51.342997483000033)",Unfall 225627 (2021) Kat:3, Licht: 0,225627,3,4,6,05,10,3,0,0,1,0,1,0,0,0
"POINT (12.345488159000070 51.351101810000046)",Unfall 225628 (2021) Kat:3, Licht: 0,225628,3,2,3,06,16,5,0,0,1,1,0,0,0,0
"POINT (12.341156119000061 51.321475194000072)",Unfall 225636 (2021) Kat:3, Licht: 0,225636,3,5,1,05,17,7,0,0,1,1,0,0,0,0
"POINT (12.394770456000060 51.309753387000058)",Unfall 225640 (2021) Kat:3, Licht: 0,225640,3,3,5,05,13,6,0,0,1,1,0,0,0,0
"POINT (12.392716338000071 51.330635842000049)",Unfall 225644 (2021) Kat:2, Licht: 0,225644,2,2,5,06,07,6,0,0,1,1,0,0,0,0
"POINT (12.410109326000054 51.341383148000034)",Unfall 225650 (2021) Kat:3, Licht: 0,225650,3,6,2,07,17,5,0,0,0,1,0,0,0,0
"POINT (12.301692344000060 51.343549637000081)",Unfall 225657 (2021) Kat:3, Licht: 1,225657,3,1,0,06,20,7,0,1,1,0,0,0,0,0
"POINT (12.404358816000070 51.326755128000059)",Unfall 225658 (2021) Kat:3, Licht: 0,225658,3,6,3,06,09,3,0,0,1,1,0,0,0,0
"POINT (12.385077472000035 51.338301282000032)",Unfall 225662 (2021) Kat:3, Licht: 0,225662,3,1,0,06,09,2,0,0,0,0,0,0,0,1
"POINT (12.394748575000051 51.318558847000077)",Unfall 225666 (2021) Kat:3, Licht: 0,225666,3,3,5,07,15,5,1,0,1,1,0,0,0,0
"POINT (12.342749405000063 51.321496057000047)",Unfall 225667 (2021) Kat:3, Licht: 0,225667,3,7,1,06,11,2,0,0,1,1,0,0,0,0
"POINT (12.408028143000024 51.379095508000034)",Unfall 225669 (2021) Kat:3, Licht: 1,225669,3,1,8,06,21,5,1,1,0,1,0,0,0,0
"POINT (12.402425682000057 51.284754988000032)",Unfall 225670 (2021) Kat:3, Licht: 0,225670,3,3,5,06,13,6,0,0,1,1,0,0,0,0
"POINT (12.370477993000065 51.340925073000051)",Unfall 225673 (2021) Kat:3, Licht: 0,225673,3,6,2,06,09,3,0,0,0,1,0,1,0,0
"POINT (12.341685821000056 51.327880357000026)",Unfall 225679 (2021) Kat:3, Licht: 0,225679,3,4,6,06,16,3,0,0,0,1,1,0,0,0
"POINT (12.373591960000056 51.320641779000027)",Unfall 225680 (2021) Kat:3, Licht: 0,225680,3,6,2,06,16,5,0,0,1,0,0,0,0,0
"POINT (12.410697828000025 51.341740821000030)",Unfall 225685 (2021) Kat:3, Licht: 0,225685,3,3,5,06,18,3,0,0,1,0,0,0,0,1
"POINT (12.360956481000073 51.360603681000043)",Unfall 225686 (2021) Kat:3, Licht: 0,225686,3,2,2,07,11,7,0,0,0,1,0,0,0,0
"POINT (12.342712118000065 51.332276807000028)",Unfall 225687 (2021) Kat:3, Licht: 0,225687,3,3,5,05,15,4,1,0,0,1,0,0,0,0
"POINT (12.362597990000040 51.320886009000048)",Unfall 225696 (2021) Kat:3, Licht: 0,225696,3,6,2,07,16,5,0,0,0,1,0,1,0,0
"POINT (12.389198414000077 51.366778959000044)",Unfall 225706 (2021) Kat:3, Licht: 0,225706,3,3,5,07,14,3,0,0,1,1,0,0,0,0
"POINT (12.379671413000040 51.304372205000050)",Unfall 225707 (2021) Kat:3, Licht: 0,225707,3,1,0,06,16,1,0,0,1,0,0,0,0,0
"POINT (12.385958589000040 51.295934237000040)",Unfall 225713 (2021) Kat:3, Licht: 0,225713,3,2,3,05,18,2,0,0,1,1,0,0,0,0
"POINT (12.384071104000043 51.336222709000026)",Unfall 225717 (2021) Kat:3, Licht: 2,225717,3,3,5,06,22,6,0,2,0,1,0,0,0,0
"POINT (12.289417104000051 51.359016228000030)",Unfall 225727 (2021) Kat:3, Licht: 0,225727,3,4,6,05,19,2,0,0,0,1,1,0,0,0
"POINT (12.464185244000078 51.349691737000057)",Unfall 225728 (2021) Kat:3, Licht: 0,225728,3,7,1,06,13,2,0,0,0,1,0,0,0,0
"POINT (12.403379473000030 51.341249392000066)",Unfall 225730 (2021) Kat:3, Licht: 0,225730,3,3,5,07,17,2,0,0,0,1,0,1,0,0
"POINT (12.374147383000036 51.335613733000059)",Unfall 225737 (2021) Kat:3, Licht: 0,225737,3,6,2,05,11,5,1,0,0,1,0,0,0,0
"POINT (12.300870859000042 51.352278384000044)",Unfall 225739 (2021) Kat:3, Licht: 0,225739,3,3,5,07,07,6,1,0,0,1,0,1,0,0
"POINT (12.329308452000078 51.320341202000066)",Unfall 225740 (2021) Kat:2, Licht: 0,225740,2,4,6,06,14,2,0,0,0,0,1,0,0,1
"POINT (12.318583582000031 51.331491848000042)",Unfall 225751 (2021) Kat:3, Licht: 0,225751,3,2,5,06,19,3,0,0,0,1,0,0,0,0
"POINT (12.329967798000041 51.301931284000034)",Unfall 225765 (2021) Kat:3, Licht: 0,225765,3,6,3,07,13,7,0,0,1,0,0,0,0,0
"POINT (12.374085153000067 51.304056425000056)",Unfall 225769 (2021) Kat:3, Licht: 0,225769,3,3,5,06,06,6,0,0,1,0,0,1,0,0
"POINT (12.373242071000050 51.310123696000062)",Unfall 225773 (2021) Kat:3, Licht: 0,225773,3,6,2,06,14,3,0,0,1,1,0,0,0,0
"POINT (12.384087133000037 51.380626773000074)",Unfall 225776 (2021) Kat:2, Licht: 0,225776,2,2,5,07,17,2,0,0,0,1,0,0,0,0
"POINT (12.420080573000064 51.344813468000041)",Unfall 225778 (2021) Kat:2, Licht: 0,225778,2,1,0,06,16,6,0,0,1,0,0,0,0,0
"POINT (12.323919364000062 51.320390238000073)",Unfall 225783 (2021) Kat:3, Licht: 0,225783,3,3,5,07,15,3,0,0,1,1,0,0,0,0
"POINT (12.419280821000029 51.347949555000071)",Unfall 225785 (2021) Kat:3, Licht: 0,225785,3,7,6,06,08,6,0,0,0,0,1,0,0,1
"POINT (12.335529267000027 51.321720093000067)",Unfall 225791 (2021) Kat:3, Licht: 0,225791,3,3,5,07,17,6,1,0,0,1,0,0,0,0
"POINT (12.378077695000059 51.329103670000052)",Unfall 225794 (2021) Kat:3, Licht: 0,225794,3,7,0,06,12,4,0,0,1,1,0,0,0,0
"POINT (12.406959372000074 51.338106111000059)",Unfall 225795 (2021) Kat:3, Licht: 0,225795,3,7,5,07,12,3,0,0,0,1,0,0,0,1
"POINT (12.294710205000058 51.397887114000071)",Unfall 225799 (2021) Kat:3, Licht: 0,225799,3,3,5,07,15,5,1,0,0,0,0,1,1,0
"POINT (12.334638368000071 51.329317651000054)",Unfall 225801 (2021) Kat:3, Licht: 0,225801,3,2,6,06,09,3,0,0,0,0,1,0,0,1
"POINT (12.354659115000061 51.330416415000059)",Unfall 225806 (2021) Kat:2, Licht: 2,225806,2,6,6,06,02,7,0,2,1,0,1,0,0,0
"POINT (12.316432023000061 51.329216068000051)",Unfall 225807 (2021) Kat:2, Licht: 0,225807,2,4,6,05,14,7,0,0,0,1,1,0,0,0
"POINT (12.335155922000069 51.369885945000078)",Unfall 225808 (2021) Kat:3, Licht: 0,225808,3,6,4,06,16,4,0,0,1,1,0,0,0,0
"POINT (12.382775748000029 51.315739717000042)",Unfall 225814 (2021) Kat:3, Licht: 0,225814,3,3,5,06,12,7,0,0,0,1,0,1,0,0
"POINT (12.309424729000057 51.413159287000042)",Unfall 225815 (2021) Kat:1, Licht: 0,225815,1,1,9,06,06,6,0,0,0,0,0,1,0,0
"POINT (12.357973558000026 51.379470869000045)",Unfall 225819 (2021) Kat:3, Licht: 0,225819,3,2,5,06,14,6,0,0,1,0,0,0,0,1
"POINT (12.364556539000034 51.370999097000038)",Unfall 225821 (2021) Kat:3, Licht: 0,225821,3,5,1,06,13,6,0,0,1,1,0,0,0,0
"POINT (12.269775805000052 51.310169952000081)",Unfall 225824 (2021) Kat:3, Licht: 0,225824,3,3,5,07,19,5,0,0,1,1,0,0,0,0
"POINT (12.381271396000045 51.305548062000071)",Unfall 225826 (2021) Kat:3, Licht: 0,225826,3,3,5,07,06,2,1,0,1,1,0,0,0,0
"POINT (12.371857219000049 51.312713466000048)",Unfall 225828 (2021) Kat:3, Licht: 0,225828,3,3,5,06,15,2,0,0,1,1,0,0,0,0
"POINT (12.380412183000033 51.336467807000076)",Unfall 225830 (2021) Kat:2, Licht: 1,225830,2,1,0,06,21,5,1,1,0,0,0,1,0,0
"POINT (12.331961497000066 51.335916092000048)",Unfall 225836 (2021) Kat:3, Licht: 0,225836,3,2,5,07,14,4,0,0,1,1,0,0,0,0
"POINT (12.479197650000060 51.345665758000052)",Unfall 225837 (2021) Kat:3, Licht: 0,225837,3,6,4,07,10,7,0,0,1,0,0,0,0,0
"POINT (12.404325680000056 51.326763429000039)",Unfall 225843 (2021) Kat:3, Licht: 0,225843,3,1,0,06,17,3,0,0,1,0,0,0,0,0
"POINT (12.391129233000072 51.334842809000065)",Unfall 225846 (2021) Kat:3, Licht: 0,225846,3,2,3,06,15,5,0,0,1,1,0,0,0,0
"POINT (12.379681597000058 51.335302484000067)",Unfall 225850 (2021) Kat:3, Licht: 0,225850,3,4,6,06,19,2,0,0,1,0,1,0,0,0
"POINT (12.412831948000075 51.335480970000049)",Unfall 225851 (2021) Kat:3, Licht: 0,225851,3,2,5,06,16,5,0,0,1,1,0,0,0,0
"POINT (12.325854656000047 51.311159992000057)",Unfall 225856 (2021) Kat:3, Licht: 0,225856,3,1,0,07,17,7,0,0,1,0,0,0,0,0
"POINT (12.417909491000046 51.321925959000055)",Unfall 225859 (2021) Kat:3, Licht: 0,225859,3,4,5,05,07,5,0,0,1,0,1,0,0,0
"POINT (12.408325339000044 51.340036527000052)",Unfall 225860 (2021) Kat:3, Licht: 0,225860,3,6,3,06,17,7,0,0,0,1,0,1,0,0
"POINT (12.364443582000035 51.371062529000028)",Unfall 225861 (2021) Kat:3, Licht: 0,225861,3,3,5,07,10,7,0,0,0,1,0,0,0,1
"POINT (12.292652300000043 51.305820171000050)",Unfall 225870 (2021) Kat:2, Licht: 0,225870,2,7,0,07,15,3,1,0,1,0,0,0,0,0
"POINT (12.334267662000059 51.349819160000038)",Unfall 225872 (2021) Kat:3, Licht: 0,225872,3,1,4,06,16,2,0,0,0,1,0,0,0,0
"POINT (12.373639090000040 51.333129369000062)",Unfall 225873 (2021) Kat:3, Licht: 0,225873,3,2,3,06,09,3,0,0,1,0,0,0,0,1
"POINT (12.374773433000030 51.396050168000045)",Unfall 225874 (2021) Kat:3, Licht: 0,225874,3,7,0,06,07,5,0,0,0,1,0,0,0,1
"POINT (12.309782539000025 51.348514672000078)",Unfall 225886 (2021) Kat:3, Licht: 0,225886,3,7,1,07,16,2,0,0,0,1,0,0,0,0
"POINT (12.336687634000043 51.368291846000034)",Unfall 225888 (2021) Kat:2, Licht: 0,225888,2,2,5,06,17,3,0,0,1,1,0,0,0,0
"POINT (12.373896507000040 51.334133591000068)",Unfall 225890 (2021) Kat:3, Licht: 0,225890,3,2,5,06,20,4,0,0,1,1,0,0,0,0
"POINT (12.374971371000072 51.342456270000071)",Unfall 225892 (2021) Kat:3, Licht: 0,225892,3,1,4,05,15,4,1,0,1,1,0,0,0,0
"POINT (12.428267153000036 51.372316457000068)",Unfall 225895 (2021) Kat:2, Licht: 0,225895,2,4,6,06,13,2,0,0,0,1,1,0,0,0
"POINT (12.408496086000071 51.375663795000037)",Unfall 225901 (2021) Kat:3, Licht: 0,225901,3,3,5,05,11,2,0,0,1,1,0,0,0,0
"POINT (12.309356439000055 51.330767777000062)",Unfall 225906 (2021) Kat:3, Licht: 0,225906,3,3,5,05,16,5,1,0,0,1,0,1,0,0
"POINT (12.384889621000070 51.338117439000030)",Unfall 225907 (2021) Kat:3, Licht: 0,225907,3,2,5,06,11,6,0,0,1,1,0,0,0,0
"POINT (12.374125943000024 51.303381222000041)",Unfall 225910 (2021) Kat:3, Licht: 0,225910,3,3,5,06,18,4,0,0,1,1,0,0,0,0
"POINT (12.385908482000048 51.320607755000026)",Unfall 225916 (2021) Kat:3, Licht: 0,225916,3,6,3,07,16,2,0,0,0,1,0,0,0,0
"POINT (12.406181744000037 51.347644047000074)",Unfall 225918 (2021) Kat:3, Licht: 2,225918,3,6,0,06,00,7,0,2,1,1,0,0,0,0
"POINT (12.336945447000062 51.324790400000040)",Unfall 225922 (2021) Kat:3, Licht: 0,225922,3,3,5,07,17,3,0,0,1,1,0,0,0,0
"POINT (12.421970785000042 51.313846381000076)",Unfall 225929 (2021) Kat:3, Licht: 0,225929,3,6,2,05,14,2,0,0,1,1,0,0,0,0
"POINT (12.408615050000037 51.375489203000029)",Unfall 225931 (2021) Kat:3, Licht: 0,225931,3,6,2,06,10,6,0,0,0,1,0,0,0,0
"POINT (12.352067866000027 51.333475502000056)",Unfall 225932 (2021) Kat:3, Licht: 0,225932,3,2,5,07,16,2,0,0,1,0,0,0,0,0
"POINT (12.479391155000030 51.352008442000056)",Unfall 225935 (2021) Kat:3, Licht: 0,225935,3,7,8,06,11,3,0,0,0,1,0,0,0,0
"POINT (12.410386457000072 51.402504711000063)",Unfall 225941 (2021) Kat:2, Licht: 0,225941,2,3,5,07,18,2,0,0,1,1,0,0,0,0
"POINT (12.373325829000066 51.353058722000071)",Unfall 225947 (2021) Kat:3, Licht: 0,225947,3,3,5,07,08,3,0,0,1,1,0,0,0,0
"POINT (12.434301226000059 51.324844537000047)",Unfall 225951 (2021) Kat:3, Licht: 0,225951,3,6,2,07,16,6,1,0,0,1,0,0,0,0
"POINT (12.370496002000039 51.361200652000036)",Unfall 225954 (2021) Kat:3, Licht: 0,225954,3,7,1,06,07,2,0,0,1,1,0,0,0,0
"POINT (12.425889921000021 51.320699205000039)",Unfall 225959 (2021) Kat:3, Licht: 0,225959,3,3,5,06,08,4,0,0,0,1,0,0,0,0
"POINT (12.421416433000047 51.322829762000026)",Unfall 225967 (2021) Kat:3, Licht: 0,225967,3,3,5,06,15,2,0,0,1,1,0,0,0,0
"POINT (12.372989921000055 51.309928866000064)",Unfall 225968 (2021) Kat:3, Licht: 2,225968,3,1,0,06,01,7,0,2,1,0,0,0,0,0
"POINT (12.405853459000070 51.331776566000030)",Unfall 225970 (2021) Kat:3, Licht: 0,225970,3,2,3,07,08,3,0,0,1,1,0,0,0,0
"POINT (12.303065824000043 51.314420167000037)",Unfall 225973 (2021) Kat:3, Licht: 0,225973,3,2,5,05,14,7,0,0,1,1,0,0,0,0
"POINT (12.379711749000023 51.360090613000068)",Unfall 225978 (2021) Kat:3, Licht: 0,225978,3,7,0,05,16,2,0,0,1,0,0,0,0,0
"POINT (12.319002639000075 51.384259645000043)",Unfall 225982 (2021) Kat:3, Licht: 0,225982,3,1,4,06,08,6,0,0,1,1,0,0,0,0
"POINT (12.389678519000029 51.321553389000030)",Unfall 225988 (2021) Kat:3, Licht: 1,225988,3,2,3,06,20,3,0,1,1,1,0,0,0,0
"POINT (12.370965648000038 51.344089143000076)",Unfall 225994 (2021) Kat:2, Licht: 0,225994,2,3,5,06,18,4,0,0,1,1,0,0,0,0
"POINT (12.468571451000059 51.337975461000042)",Unfall 226010 (2021) Kat:3, Licht: 0,226010,3,3,5,06,11,5,0,0,0,1,0,0,0,0
"POINT (12.477798719000077 51.336258987000065)",Unfall 226012 (2021) Kat:3, Licht: 0,226012,3,5,1,07,16,5,0,0,1,1,0,0,0,0
"POINT (12.315144241000041 51.354726642000060)",Unfall 226016 (2021) Kat:3, Licht: 0,226016,3,3,4,06,10,6,0,0,1,1,0,0,0,0
"POINT (12.414216121000038 51.314894206000076)",Unfall 226022 (2021) Kat:3, Licht: 0,226022,3,3,5,06,08,4,0,0,1,1,0,0,0,0
"POINT (12.373240224000028 51.322080775000074)",Unfall 226028 (2021) Kat:3, Licht: 0,226028,3,7,1,07,09,5,0,0,1,0,0,0,0,1
"POINT (12.353338702000030 51.330077276000054)",Unfall 226033 (2021) Kat:3, Licht: 2,226033,3,1,0,07,23,7,1,2,1,0,0,0,0,0
"POINT (12.365680411000028 51.321029798000041)",Unfall 226034 (2021) Kat:2, Licht: 0,226034,2,3,5,06,13,6,0,0,1,0,0,0,0,1