WKT,Name,OBJECTID,UKATEGORIE,UTYP1,UART,UMONAT,USTUNDE,UWOCHENTAG,STRZUSTAND,ULICHTVERH,ISTRAD,ISTPKW,ISTFUSS,ISTKRAD,ISTGKFZ,ISTSONSTIG
"POINT (12.359005747000026 51.320875006000051)",Unfall 226039 (2021) Kat:3, Licht: 0,226039,3,5,1,06,17,4,0,0,1,1,0,0,0,0
"POINT (12.300381354000024 51.325544619000027)",Unfall 226040 (2021) Kat:3, Licht: 0,226040,3,6,2,07,06,5,0,0,0,1,0,0,0,0
"POINT (12.372282930000040 51.349605174000033)",Unfall 226047 (2021) Kat:3, Licht: 0,226047,3,2,5,06,16,3,0,0,0,1,0,0,0,1
"POINT (12.371119614000065 51.347399355000050)",Unfall 226052 (2021) Kat:3, Licht: 0,226052,3,2,3,05,18,3,0,0,1,1,0,0,0,0
"POINT (12.378433094000059 51.346994360000053)",Unfall 226053 (2021) Kat:3, Licht: 0,226053,3,7,0,06,18,5,0,0,1,0,0,0,0,0
"POINT (12.448630734000062 51.325881519000063)",Unfall 226054 (2021) Kat:3, Licht: 0,226054,3,7,0,07,11,4,0,0,1,0,0,0,0,0
"POINT (12.374279619000049 51.340859888000068)",Unfall 226056 (2021) Kat:3, Licht: 0,226056,3,6,6,07,20,7,0,0,1,0,1,0,0,0
"POINT (12.412819916000046 51.335479887000076)",Unfall 226059 (2021) Kat:3, Licht: 0,226059,3,2,5,06,06,5,0,0,1,1,0,0,0,0
"POINT (12.366482913000027 51.367835915000057)",Unfall 226063 (2021) Kat:3, Licht: 2,226063,3,7,0,05,00,1,0,2,0,0,1,0,0,1
"POINT (12.332869383000059 51.336373222000077)",Unfall 226068 (2021) Kat:3, Licht: 0,226068,3,7,6,06,08,6,0,0,0,0,1,0,0,1
"POINT (12.374750980000044 51.360124705000032)",Unfall 226075 (2021) Kat:3, Licht: 2,226075,3,6,1,07,23,5,1,2,1,1,0,0,0,0
"POINT (12.413306414000033 51.344405533000042)",Unfall 226076 (2021) Kat:3, Licht: 0,226076,3,7,0,05,15,3,0,0,1,0,0,0,0,0
"POINT (12.319707068000071 51.350101113000051)",Unfall 226077 (2021) Kat:3, Licht: 0,226077,3,2,5,07,15,3,1,0,1,1,0,0,0,0
"POINT (12.370747604000030 51.320811740000067)",Unfall 226080 (2021) Kat:3, Licht: 0,226080,3,2,3,06,09,3,0,0,1,1,0,0,0,0
"POINT (12.395748779000030 51.363256377000027)",Unfall 226088 (2021) Kat:3, Licht: 0,226088,3,3,5,07,13,7,0,0,1,1,0,0,0,0
"POINT (12.408562770000060 51.352044376000038)",Unfall 226089 (2021) Kat:3, Licht: 0,226089,3,1,5,05,11,1,0,0,0,1,0,0,0,0
"POINT (12.445301628000038 51.346174142000052)",Unfall 226090 (2021) Kat:3, Licht: 0,226090,3,2,5,06,19,3,0,0,1,1,0,0,0,0
"POINT (12.371424642000022 51.331584175000046)",Unfall 226091 (2021) Kat:3, Licht: 0,226091,3,2,4,09,10,6,0,0,0,1,0,0,0,0
"POINT (12.370135595000022 51.353885759000036)",Unfall 226092 (2021) Kat:3, Licht: 0,226092,3,3,5,08,06,6,1,0,0,1,0,0,0,0
"POINT (12.401030560000038 51.376245265000080)",Unfall 226094 (2021) Kat:3, Licht: 0,226094,3,3,5,09,06,6,0,0,1,1,0,0,0,0
"POINT (12.447192064000035 51.350217344000043)",Unfall 226096 (2021) Kat:2, Licht: 0,226096,2,4,6,08,18,4,0,0,0,1,1,0,0,0
"POINT (12.394123227000023 51.292168308000043)",Unfall 226103 (2021) Kat:3, Licht: 0,226103,3,2,5,09,13,5,0,0,0,1,0,0,0,0
"POINT (12.394444473000021 51.316743880000047)",Unfall 226105 (2021) Kat:3, Licht: 0,226105,3,3,5,09,16,5,0,0,1,1,0,0,0,0
"POINT (12.395938850000050 51.373346188000028)",Unfall 226111 (2021) Kat:3, Licht: 0,226111,3,2,5,08,16,3,0,0,1,1,0,0,0,0
"POINT (12.459750940000049 51.355750959000034)",Unfall 226112 (2021) Kat:3, Licht: 1,226112,3,4,6,09,19,4,0,1,0,1,1,0,0,0
"POINT (12.320951400000069 51.302730300000064)",Unfall 226113 (2021) Kat:3, Licht: 0,226113,3,2,5,09,09,5,0,0,1,1,0,0,0,0
"POINT (12.391114606000031 51.338667143000066)",Unfall 226117 (2021) Kat:3, Licht: 0,226117,3,1,0,09,12,3,0,0,0,0,0,1,0,0
"POINT (12.323871257000064 51.320365335000076)",Unfall 226120 (2021) Kat:3, Licht: 0,226120,3,2,3,09,17,2,0,0,0,1,0,0,0,1
"POINT (12.478120401000069 51.336539459000051)",Unfall 226126 (2021) Kat:3, Licht: 0,226126,3,3,5,08,14,4,0,0,1,1,0,0,0,0
"POINT (12.382858881000061 51.320639655000036)",Unfall 226129 (2021) Kat:3, Licht: 2,226129,3,2,5,09,05,6,0,2,1,1,0,0,0,0
"POINT (12.399824371000022 51.322056049000082)",Unfall 226145 (2021) Kat:3, Licht: 0,226145,3,3,5,07,10,5,0,0,1,1,0,0,0,0
"POINT (12.300689235000050 51.315633325000078)",Unfall 226147 (2021) Kat:3, Licht: 0,226147,3,3,5,08,12,6,0,0,0,1,0,0,0,0
"POINT (12.381363940000028 51.361750832000041)",Unfall 226149 (2021) Kat:3, Licht: 0,226149,3,6,2,09,14,3,0,0,0,1,0,0,0,0
"POINT (12.360448527000074 51.337955884000053)",Unfall 226159 (2021) Kat:3, Licht: 0,226159,3,2,5,09,15,6,0,0,0,1,0,0,0,1
"POINT (12.373975404000078 51.334182632000079)",Unfall 226170 (2021) Kat:3, Licht: 0,226170,3,2,5,08,16,4,0,0,1,1,0,0,0,0
"POINT (12.376742361000026 51.325125359000026)",Unfall 226174 (2021) Kat:3, Licht: 0,226174,3,5,1,08,15,1,0,0,1,1,0,0,0,0
"POINT (12.421980712000050 51.313852312000051)",Unfall 226180 (2021) Kat:3, Licht: 0,226180,3,2,2,08,19,3,0,0,0,1,0,0,0,0
"POINT (12.382765931000051 51.340480213000035)",Unfall 226181 (2021) Kat:3, Licht: 0,226181,3,3,5,07,07,3,0,0,1,1,0,0,0,0
"POINT (12.342600500000060 51.321610323000073)",Unfall 226182 (2021) Kat:3, Licht: 0,226182,3,2,4,09,14,6,0,0,1,1,0,0,0,0
"POINT (12.259164066000039 51.303554481000049)",Unfall 226184 (2021) Kat:2, Licht: 0,226184,2,3,5,08,10,6,0,0,1,1,0,0,0,0
"POINT (12.280634677000023 51.319225256000038)",Unfall 226187 (2021) Kat:3, Licht: 2,226187,3,3,5,07,22,7,0,2,1,1,0,0,0,0
"POINT (12.342439321000029 51.325006985000073)",Unfall 226192 (2021) Kat:3, Licht: 0,226192,3,2,5,09,14,4,0,0,1,1,0,0,0,0
"POINT (12.366728453000064 51.340537317000042)",Unfall 226196 (2021) Kat:3, Licht: 0,226196,3,3,5,09,13,2,0,0,1,1,0,0,0,0
"POINT (12.327173270000060 51.329637509000065)",Unfall 226197 (2021) Kat:3, Licht: 2,226197,3,3,5,08,22,4,1,2,0,1,0,0,0,0
"POINT (12.459599038000022 51.355494626000052)",Unfall 226199 (2021) Kat:2, Licht: 0,226199,2,4,6,07,13,4,0,0,0,1,1,0,0,0
"POINT (12.396084128000041 51.310157945000071)",Unfall 226200 (2021) Kat:3, Licht: 0,226200,3,2,2,09,16,2,0,0,0,1,0,0,0,0
"POINT (12.412608145000036 51.337818083000059)",Unfall 226202 (2021) Kat:3, Licht: 0,226202,3,6,4,09,12,2,0,0,0,1,0,0,0,0
"POINT (12.378417519000038 51.347032453000054)",Unfall 226203 (2021) Kat:3, Licht: 0,226203,3,1,0,09,10,3,0,0,1,0,0,0,0,0
"POINT (12.451161892000073 51.280997779000074)",Unfall 226205 (2021) Kat:3, Licht: 0,226205,3,6,2,08,14,6,0,0,0,1,0,0,0,0
"POINT (12.372978880000062 51.301376793000031)",Unfall 226208 (2021) Kat:3, Licht: 0,226208,3,3,5,08,08,1,0,0,1,1,0,0,0,0
"POINT (12.385697995000044 51.366087430000050)",Unfall 226211 (2021) Kat:2, Licht: 0,226211,2,6,1,07,20,3,0,0,1,1,0,0,0,0
"POINT (12.389716199000077 51.321513981000066)",Unfall 226212 (2021) Kat:3, Licht: 0,226212,3,6,2,09,12,7,0,0,0,1,0,0,0,0
"POINT (12.305347303000076 51.333575358000076)",Unfall 226213 (2021) Kat:2, Licht: 2,226213,2,3,5,09,23,7,0,2,1,1,0,0,0,0
"POINT (12.386452441000074 51.299085061000028)",Unfall 226218 (2021) Kat:3, Licht: 0,226218,3,3,5,08,17,5,0,0,0,1,0,0,0,0
"POINT (12.371346746000029 51.292750432000048)",Unfall 226222 (2021) Kat:3, Licht: 1,226222,3,1,0,08,20,1,0,1,1,0,0,0,0,0
"POINT (12.408267115000058 51.340023491000068)",Unfall 226228 (2021) Kat:3, Licht: 0,226228,3,2,5,08,13,3,0,0,1,1,0,0,0,0
"POINT (12.325793842000053 51.319311931000072)",Unfall 226229 (2021) Kat:3, Licht: 2,226229,3,3,5,09,23,1,0,2,0,1,0,0,0,0
"POINT (12.349849930000062 51.329137203000073)",Unfall 226232 (2021) Kat:2, Licht: 0,226232,2,6,4,08,18,6,1,0,1,1,0,0,0,0
"POINT (12.376744103000021 51.353274229000078)",Unfall 226234 (2021) Kat:3, Licht: 0,226234,3,2,5,08,11,4,0,0,1,1,0,0,0,0
"POINT (12.430588257000068 51.365693770000064)",Unfall 226238 (2021) Kat:3, Licht: 0,226238,3,2,5,09,14,5,0,0,0,1,0,0,0,0
"POINT (12.368648216000054 51.312994341000035)",Unfall 226241 (2021) Kat:3, Licht: 0,226241,3,3,5,08,12,3,1,0,1,1,0,0,0,0
"POINT (12.341655637000031 51.399165167000035)",Unfall 226250 (2021) Kat:3, Licht: 0,226250,3,3,5,08,11,5,0,0,1,1,0,0,0,0
"POINT (12.377228185000035 51.390295002000073)",Unfall 226253 (2021) Kat:3, Licht: 0,226253,3,3,5,09,16,1,0,0,1,1,0,0,0,0
"POINT (12.437266587000067 51.395778191000034)",Unfall 226258 (2021) Kat:3, Licht: 0,226258,3,2,5,08,07,6,1,0,0,1,0,0,0,0
"POINT (12.376666567000029 51.357145049000053)",Unfall 226265 (2021) Kat:2, Licht: 0,226265,2,6,3,08,09,4,0,0,1,1,0,0,0,0
"POINT (12.384065546000045 51.336212580000051)",Unfall 226269 (2021) Kat:3, Licht: 0,226269,3,3,5,08,13,4,0,0,0,1,0,0,0,0
"POINT (12.386442206000027 51.343477021000069)",Unfall 226276 (2021) Kat:3, Licht: 0,226276,3,2,5,09,18,5,0,0,1,1,0,0,0,0
"POINT (12.408948703000021 51.314141036000080)",Unfall 226279 (2021) Kat:3, Licht: 2,226279,3,6,3,07,23,2,0,2,0,1,0,1,0,0
"POINT (12.339352726000072 51.334797266000066)",Unfall 226286 (2021) Kat:3, Licht: 0,226286,3,6,2,09,14,5,0,0,0,1,0,0,0,0
"POINT (12.372337547000029 51.347483672000067)",Unfall 226289 (2021) Kat:3, Licht: 0,226289,3,3,1,08,16,7,0,0,0,1,0,0,0,0
"POINT (12.370879007000042 51.336343227000043)",Unfall 226290 (2021) Kat:2, Licht: 0,226290,2,3,5,09,12,2,0,0,1,1,0,0,0,0
"POINT (12.360106790000032 51.333815610000045)",Unfall 226291 (2021) Kat:3, Licht: 0,226291,3,7,0,08,08,3,0,0,1,0,0,0,0,0
"POINT (12.407851442000037 51.337872110000035)",Unfall 226297 (2021) Kat:3, Licht: 0,226297,3,3,5,07,06,3,0,0,1,1,0,0,0,0
"POINT (12.380938778000029 51.330644004000078)",Unfall 226300 (2021) Kat:3, Licht: 0,226300,3,2,2,09,18,5,0,0,0,1,0,0,0,0
"POINT (12.368755855000074 51.289364816000045)",Unfall 226301 (2021) Kat:3, Licht: 0,226301,3,1,9,09,14,5,0,0,1,0,0,0,0,0
"POINT (12.349332935000064 51.348438606000059)",Unfall 226306 (2021) Kat:2, Licht: 0,226306,2,6,2,08,09,4,0,0,0,1,0,0,0,1
"POINT (12.405945604000067 51.345576911000080)",Unfall 226311 (2021) Kat:2, Licht: 1,226311,2,2,6,09,05,3,0,1,0,1,1,0,0,0
"POINT (12.365826287000061 51.368910098000072)",Unfall 226313 (2021) Kat:3, Licht: 0,226313,3,2,3,07,10,3,0,0,1,1,0,0,0,0
"POINT (12.430872707000049 51.365695127000038)",Unfall 226314 (2021) Kat:2, Licht: 0,226314,2,3,5,08,10,1,1,0,0,1,0,0,0,0
"POINT (12.398321255000042 51.339217489000077)",Unfall 226316 (2021) Kat:2, Licht: 0,226316,2,3,5,08,14,4,0,0,1,1,0,0,0,0
"POINT (12.298757580000029 51.323484066000049)",Unfall 226322 (2021) Kat:3, Licht: 0,226322,3,7,6,09,15,7,1,0,1,0,1,0,0,0
"POINT (12.492999930000053 51.346929129000046)",Unfall 226327 (2021) Kat:3, Licht: 0,226327,3,3,5,08,18,3,1,0,0,1,0,0,0,0
"POINT (12.386107089000063 51.367772268000067)",Unfall 226328 (2021) Kat:2, Licht: 0,226328,2,2,5,07,09,6,0,0,1,1,0,0,0,0
"POINT (12.392696440000066 51.318451867000078)",Unfall 226337 (2021) Kat:3, Licht: 0,226337,3,7,0,07,16,6,0,0,0,0,0,1,0,0
"POINT (12.387213659000054 51.343703436000055)",Unfall 226340 (2021) Kat:3, Licht: 0,226340,3,2,5,09,10,2,0,0,1,1,0,0,0,0
"POINT (12.342574836000040 51.321619147000035)",Unfall 226348 (2021) Kat:3, Licht: 0,226348,3,3,5,08,15,4,0,0,0,1,0,0,0,0
"POINT (12.308378745000027 51.312759005000032)",Unfall 226350 (2021) Kat:3, Licht: 0,226350,3,3,5,09,09,2,0,0,1,1,0,0,0,0
"POINT (12.417456762000029 51.316102332000071)",Unfall 226359 (2021) Kat:3, Licht: 0,226359,3,7,1,07,13,4,0,0,0,1,0,1,0,0
"POINT (12.263141143000041 51.344628214000068)",Unfall 226366 (2021) Kat:3, Licht: 0,226366,3,3,5,08,18,2,0,0,1,1,0,0,0,0
"POINT (12.356900875000065 51.320471413000064)",Unfall 226368 (2021) Kat:3, Licht: 0,226368,3,6,2,07,12,6,0,0,0,1,0,0,0,1
"POINT (12.350706137000032 51.384134528000061)",Unfall 226370 (2021) Kat:2, Licht: 0,226370,2,3,5,08,16,6,1,0,1,1,0,0,0,0
"POINT (12.339406858000075 51.341811191000033)",Unfall 226375 (2021) Kat:3, Licht: 2,226375,3,1,0,09,01,6,0,2,0,0,0,1,0,0
"POINT (12.360541654000031 51.338035529000081)",Unfall 226377 (2021) Kat:3, Licht: 0,226377,3,6,3,09,09,6,0,0,1,1,0,0,0,0
"POINT (12.360816147000037 51.344726103000028)",Unfall 226385 (2021) Kat:3, Licht: 0,226385,3,3,5,09,08,4,0,0,1,1,0,0,0,0
"POINT (12.385771570000031 51.372646570000029)",Unfall 226387 (2021) Kat:3, Licht: 0,226387,3,3,5,09,14,5,0,0,1,1,0,0,0,0
"POINT (12.478365592000046 51.341722752000067)",Unfall 226388 (2021) Kat:3, Licht: 0,226388,3,6,2,07,06,2,0,0,0,1,0,0,0,1
"POINT (12.392444836000038 51.401694817000077)",Unfall 226393 (2021) Kat:3, Licht: 0,226393,3,3,5,09,11,3,0,0,1,1,0,0,0,0
"POINT (12.371100501000058 51.335270511000033)",Unfall 226394 (2021) Kat:3, Licht: 0,226394,3,3,5,09,10,3,0,0,0,1,0,0,0,0
"POINT (12.375934320000056 51.316642173000048)",Unfall 226395 (2021) Kat:3, Licht: 0,226395,3,5,3,08,09,2,0,0,1,0,0,0,0,1
"POINT (12.398637073000032 51.358386751000069)",Unfall 226402 (2021) Kat:3, Licht: 0,226402,3,3,3,09,15,2,0,0,1,1,0,0,0,0
"POINT (12.307694027000025 51.311973329000068)",Unfall 226406 (2021) Kat:3, Licht: 0,226406,3,3,5,07,08,2,0,0,1,1,0,0,0,0
"POINT (12.400566754000067 51.318795767000040)",Unfall 226408 (2021) Kat:3, Licht: 0,226408,3,5,1,08,16,3,0,0,1,1,0,0,0,0
"POINT (12.371763793000071 51.339639912000052)",Unfall 226413 (2021) Kat:3, Licht: 0,226413,3,3,5,09,13,4,1,0,1,1,0,0,0,0
"POINT (12.378357409000046 51.320494964000034)",Unfall 226416 (2021) Kat:3, Licht: 0,226416,3,6,2,08,19,3,1,0,0,1,0,1,0,0
"POINT (12.381989469000075 51.383040662000042)",Unfall 226419 (2021) Kat:3, Licht: 0,226419,3,3,5,08,11,6,0,0,1,1,0,0,0,0
"POINT (12.421579657000052 51.343833862000054)",Unfall 226420 (2021) Kat:3, Licht: 1,226420,3,5,1,09,19,4,0,1,1,1,0,0,0,0
"POINT (12.387447703000078 51.357045958000072)",Unfall 226434 (2021) Kat:3, Licht: 0,226434,3,3,5,08,17,6,1,0,1,1,0,0,0,0
"POINT (12.359353151000050 51.300777630000027)",Unfall 226435 (2021) Kat:3, Licht: 0,226435,3,7,0,09,18,1,0,0,1,0,0,0,0,0
"POINT (12.373605591000057 51.321215706000032)",Unfall 226442 (2021) Kat:2, Licht: 0,226442,2,5,1,09,13,3,0,0,1,1,0,0,0,0
"POINT (12.396096823000050 51.310162078000076)",Unfall 226447 (2021) Kat:3, Licht: 0,226447,3,2,2,07,17,5,0,0,0,1,0,0,0,0
"POINT (12.356926401000067 51.320475658000078)",Unfall 226448 (2021) Kat:2, Licht: 1,226448,2,1,7,09,19,7,0,1,1,0,0,0,0,0
"POINT (12.367606806000026 51.331389426000044)",Unfall 226450 (2021) Kat:3, Licht: 0,226450,3,3,5,09,16,3,0,0,0,1,0,0,0,0
"POINT (12.374693745000059 51.348028224000075)",Unfall 226452 (2021) Kat:3, Licht: 0,226452,3,3,5,07,16,3,0,0,1,1,0,0,0,0
"POINT (12.430736401000047 51.358927226000048)",Unfall 226463 (2021) Kat:3, Licht: 0,226463,3,1,8,09,11,6,0,0,0,1,0,0,0,1
"POINT (12.373898774000054 51.334843581000030)",Unfall 226465 (2021) Kat:3, Licht: 0,226465,3,3,5,08,15,6,0,0,1,0,0,0,0,0
"POINT (12.394737636000059 51.376425096000048)",Unfall 226470 (2021) Kat:3, Licht: 2,226470,3,3,5,09,21,4,0,2,0,1,0,0,0,0
"POINT (12.415537663000066 51.356332271000042)",Unfall 226473 (2021) Kat:3, Licht: 0,226473,3,6,2,07,10,7,0,0,0,1,0,0,0,0
"POINT (12.377767278000022 51.348902393000060)",Unfall 226478 (2021) Kat:3, Licht: 0,226478,3,6,2,09,18,5,0,0,0,1,0,1,0,0
"POINT (12.373009384000056 51.309756239000080)",Unfall 226480 (2021) Kat:3, Licht: 0,226480,3,1,0,08,08,2,1,0,0,0,0,1,0,0
"POINT (12.376657834000071 51.357160304000047)",Unfall 226484 (2021) Kat:3, Licht: 0,226484,3,2,5,08,14,5,1,0,1,1,0,0,0,0
"POINT (12.416433866000034 51.356740486000035)",Unfall 226492 (2021) Kat:3, Licht: 0,226492,3,3,5,07,09,4,0,0,1,1,0,0,0,0
"POINT (12.326915154000062 51.339068119000046)",Unfall 226493 (2021) Kat:2, Licht: 0,226493,2,4,6,08,15,6,0,0,0,0,1,0,0,1
"POINT (12.257679387000053 51.315887826000051)",Unfall 226498 (2021) Kat:2, Licht: 2,226498,2,1,8,07,23,4,0,2,0,1,0,0,0,0
"POINT (12.409671409000055 51.359800199000063)",Unfall 226499 (2021) Kat:3, Licht: 0,226499,3,6,3,09,18,2,0,0,1,1,0,0,0,0
"POINT (12.451521882000065 51.345491601000049)",Unfall 226504 (2021) Kat:3, Licht: 0,226504,3,7,0,07,16,1,0,0,1,0,0,0,0,0
"POINT (12.352999783000030 51.319537419000028)",Unfall 226508 (2021) Kat:3, Licht: 0,226508,3,1,0,08,12,4,0,0,1,0,0,0,0,0
"POINT (12.418852056000048 51.375783864000027)",Unfall 226515 (2021) Kat:3, Licht: 0,226515,3,2,2,08,14,4,0,0,0,1,0,0,0,0
"POINT (12.449641388000032 51.345568211000057)",Unfall 226517 (2021) Kat:2, Licht: 0,226517,2,7,3,09,10,6,0,0,0,1,0,1,0,0
"POINT (12.370483273000048 51.325997655000037)",Unfall 226525 (2021) Kat:3, Licht: 2,226525,3,7,1,09,20,5,0,2,1,1,0,0,0,0
"POINT (12.314585869000041 51.360083514000053)",Unfall 226528 (2021) Kat:2, Licht: 0,226528,2,6,4,07,07,6,0,0,0,1,0,0,0,1
"POINT (12.426853048000055 51.370924250000030)",Unfall 226541 (2021) Kat:3, Licht: 0,226541,3,3,5,07,17,5,0,0,0,1,0,0,0,0
"POINT (12.289308944000027 51.354045831000064)",Unfall 226548 (2021) Kat:3, Licht: 0,226548,3,3,5,09,12,1,0,0,1,1,0,0,0,0
"POINT (12.445346371000028 51.346470416000045)",Unfall 226555 (2021) Kat:3, Licht: 0,226555,3,3,5,09,13,7,1,0,1,1,0,0,0,0
"POINT (12.268639053000072 51.343135662000066)",Unfall 226558 (2021) Kat:3, Licht: 0,226558,3,3,5,08,13,4,0,0,0,1,0,0,0,1
"POINT (12.406127839000021 51.348307386000045)",Unfall 226562 (2021) Kat:2, Licht: 2,226562,2,1,0,08,22,7,1,2,1,0,0,0,0,0
"POINT (12.301754513000049 51.343279498000072)",Unfall 226566 (2021) Kat:3, Licht: 0,226566,3,6,2,09,12,4,1,0,0,1,0,0,0,0
"POINT (12.284834915000033 51.312016642000060)",Unfall 226570 (2021) Kat:3, Licht: 0,226570,3,2,5,09,10,2,0,0,0,1,0,0,0,1
"POINT (12.404939048000074 51.345582739000065)",Unfall 226576 (2021) Kat:3, Licht: 0,226576,3,4,6,08,16,7,0,0,1,0,1,0,0,0
"POINT (12.362793504000024 51.338707430000056)",Unfall 226580 (2021) Kat:3, Licht: 0,226580,3,6,3,09,08,5,0,0,0,1,0,0,1,0
"POINT (12.328652855000030 51.322807667000063)",Unfall 226581 (2021) Kat:3, Licht: 0,226581,3,6,3,09,09,5,1,0,0,1,0,0,0,0
"POINT (12.393210771000042 51.336946306000073)",Unfall 226583 (2021) Kat:3, Licht: 0,226583,3,3,5,07,07,6,0,0,1,1,0,0,0,0
"POINT (12.422475787000053 51.365785289000030)",Unfall 226589 (2021) Kat:3, Licht: 0,226589,3,2,1,08,11,3,0,0,0,1,0,0,0,0
"POINT (12.419131509000067 51.315622938000047)",Unfall 226592 (2021) Kat:3, Licht: 0,226592,3,2,5,09,08,3,0,0,1,1,0,0,0,0
"POINT (12.405867310000076 51.331617359000063)",Unfall 226595 (2021) Kat:2, Licht: 2,226595,2,7,6,09,21,2,0,2,1,0,1,0,0,0
"POINT (12.364644439000074 51.362613811000074)",Unfall 226599 (2021) Kat:3, Licht: 0,226599,3,6,2,07,18,4,0,0,1,1,0,0,0,0
"POINT (12.383735571000045 51.352063806000046)",Unfall 226601 (2021) Kat:3, Licht: 0,226601,3,3,5,08,18,4,0,0,1,1,0,0,0,0
"POINT (12.373943769000050 51.334088114000053)",Unfall 226603 (2021) Kat:3, Licht: 1,226603,3,1,0,07,05,4,1,1,1,0,0,0,0,0
"POINT (12.401027659000022 51.341158339000060)",Unfall 226609 (2021) Kat:2, Licht: 0,226609,2,4,6,07,15,3,0,0,0,1,1,0,0,0
"POINT (12.424088402000052 51.319969460000038)",Unfall 226616 (2021) Kat:2, Licht: 0,226616,2,3,5,09,13,5,0,0,0,1,1,0,0,0
"POINT (12.375956737000024 51.310436348000053)",Unfall 226617 (2021) Kat:3, Licht: 0,226617,3,6,6,09,14,4,0,0,0,0,1,0,0,1
"POINT (12.395650505000049 51.323676624000029)",Unfall 226619 (2021) Kat:3, Licht: 0,226619,3,2,5,08,15,4,0,0,0,1,0,0,0,0
"POINT (12.427026633000025 51.401041120000059)",Unfall 226627 (2021) Kat:2, Licht: 0,226627,2,1,4,08,17,2,1,0,0,1,0,0,0,0
"POINT (12.405979111000022 51.346272380000073)",Unfall 226636 (2021) Kat:3, Licht: 2,226636,3,4,6,09,22,6,0,2,1,0,1,0,0,0
"POINT (12.457888848000039 51.324660342000072)",Unfall 226640 (2021) Kat:2, Licht: 0,226640,2,6,4,08,12,3,0,0,0,1,0,0,0,1
"POINT (12.326072515000021 51.307270180000046)",Unfall 226643 (2021) Kat:2, Licht: 0,226643,2,3,5,09,12,6,0,0,1,1,0,0,0,0
"POINT (12.290884223000035 51.324051079000071)",Unfall 226645 (2021) Kat:3, Licht: 0,226645,3,6,2,09,14,1,0,0,0,1,0,0,0,0
"POINT (12.374190903000056 51.393568769000069)",Unfall 226646 (2021) Kat:3, Licht: 0,226646,3,6,3,09,06,2,0,0,0,1,0,1,0,0
"POINT (12.379940694000027 51.307174165000049)",Unfall 226648 (2021) Kat:3, Licht: 2,226648,3,4,6,09,02,1,0,2,0,1,1,0,0,0
"POINT (12.383813782000061 51.338296412000034)",Unfall 226652 (2021) Kat:3, Licht: 0,226652,3,6,3,08,14,3,0,0,1,0,0,0,0,0
"POINT (12.401726955000072 51.311920848000057)",Unfall 226658 (2021) Kat:3, Licht: 0,226658,3,7,0,08,17,6,0,0,0,1,0,1,0,0
"POINT (12.403845018000027 51.340020833000040)",Unfall 226660 (2021) Kat:3, Licht: 0,226660,3,3,5,07,17,2,0,0,1,0,0,0,0,0
"POINT (12.382877048000068 51.319557468000028)",Unfall 226667 (2021) Kat:3, Licht: 1,226667,3,3,5,09,19,4,0,1,1,0,0,0,0,0
"POINT (12.282444743000042 51.320590007000078)",Unfall 226676 (2021) Kat:3, Licht: 0,226676,3,6,2,08,16,7,0,0,0,1,0,0,0,1
"POINT (12.354428182000049 51.365030901000068)",Unfall 226677 (2021) Kat:3, Licht: 2,226677,3,7,5,09,20,2,0,2,1,1,0,0,0,0
"POINT (12.376266856000029 51.349759181000081)",Unfall 226679 (2021) Kat:3, Licht: 0,226679,3,2,5,07,11,3,0,0,1,1,0,0,0,0
"POINT (12.345380241000043 51.318936187000077)",Unfall 226681 (2021) Kat:3, Licht: 0,226681,3,3,4,09,17,7,0,0,1,0,0,0,0,1
"POINT (12.265557782000030 51.302104031000056)",Unfall 226684 (2021) Kat:2, Licht: 0,226684,2,6,4,09,16,1,0,0,1,1,0,0,0,0
"POINT (12.274161146000040 51.318806714000061)",Unfall 226685 (2021) Kat:3, Licht: 0,226685,3,3,5,08,20,2,0,0,1,1,0,0,0,0
"POINT (12.386075791000053 51.369724690000055)",Unfall 226688 (2021) Kat:3, Licht: 0,226688,3,6,1,09,14,7,0,0,1,1,0,0,0,0
"POINT (12.295366910000041 51.357208447000062)",Unfall 226689 (2021) Kat:3, Licht: 0,226689,3,3,5,08,11,4,0,0,0,1,0,0,0,0
"POINT (12.361718177000057 51.332122081000080)",Unfall 226699 (2021) Kat:3, Licht: 0,226699,3,7,0,09,14,4,1,0,1,1,0,0,0,0
"POINT (12.254042792000064 51.304508814000030)",Unfall 226701 (2021) Kat:3, Licht: 0,226701,3,5,1,07,15,1,0,0,1,1,0,0,0,0
"POINT (12.374120223000034 51.303352722000056)",Unfall 226703 (2021) Kat:3, Licht: 0,226703,3,3,5,08,20,2,1,0,0,1,0,1,0,0
"POINT (12.366392760000053 51.334467306000079)",Unfall 226708 (2021) Kat:3, Licht: 0,226708,3,2,6,09,12,4,0,0,0,1,1,0,0,0
"POINT (12.394735827000034 51.376429819000066)",Unfall 226712 (2021) Kat:3, Licht: 0,226712,3,2,5,08,15,5,1,0,1,1,0,0,0,0
"POINT (12.412774031000026 51.317265977000034)",Unfall 226718 (2021) Kat:3, Licht: 0,226718,3,2,3,07,07,5,0,0,1,1,0,0,0,0
"POINT (12.359249006000027 51.378207655000040)",Unfall 226719 (2021) Kat:3, Licht: 0,226719,3,1,9,08,13,4,0,0,0,1,0,0,0,0