WKT,Name,OBJECTID,UKATEGORIE,UTYP1,UART,UMONAT,USTUNDE,UWOCHENTAG,STRZUSTAND,ULICHTVERH,ISTRAD,ISTPKW,ISTFUSS,ISTKRAD,ISTGKFZ,ISTSONSTIG
"POINT (12.378633370000045 51.346505787000069)",Unfall 226720 (2021) Kat:3, Licht: 2,226720,3,1,0,08,21,6,1,2,1,0,0,0,0,0
"POINT (12.420871817000034 51.358382876000064)",Unfall 226721 (2021) Kat:3, Licht: 0,226721,3,3,5,09,18,4,0,0,1,1,0,0,0,0
"POINT (12.435349108000025 51.325700134000044)",Unfall 226723 (2021) Kat:3, Licht: 0,226723,3,6,2,08,10,3,0,0,0,1,0,0,0,0
"POINT (12.334920176000026 51.331712261000064)",Unfall 226726 (2021) Kat:3, Licht: 0,226726,3,5,3,08,15,4,0,0,1,1,0,0,0,0
"POINT (12.394430398000054 51.315227376000053)",Unfall 226734 (2021) Kat:3, Licht: 0,226734,3,1,0,08,08,6,1,0,1,0,0,0,0,0
"POINT (12.348688309000067 51.332146624000075)",Unfall 226735 (2021) Kat:3, Licht: 0,226735,3,2,5,09,16,7,0,0,1,1,0,0,0,0
"POINT (12.454356143000041 51.309223828000029)",Unfall 226736 (2021) Kat:2, Licht: 0,226736,2,1,1,08,11,1,0,0,0,1,0,0,0,1
"POINT (12.411522372000036 51.342139372000076)",Unfall 226737 (2021) Kat:3, Licht: 0,226737,3,2,5,08,15,3,0,0,1,0,0,0,0,1
"POINT (12.399478226000042 51.319372218000069)",Unfall 226738 (2021) Kat:3, Licht: 0,226738,3,3,5,07,12,4,0,0,1,0,0,0,0,1
"POINT (12.335226395000063 51.326702868000041)",Unfall 226742 (2021) Kat:3, Licht: 0,226742,3,1,0,09,10,6,1,0,1,0,0,0,0,0
"POINT (12.383873458000039 51.331694985000070)",Unfall 226744 (2021) Kat:3, Licht: 0,226744,3,2,5,07,17,2,1,0,1,1,0,0,0,0
"POINT (12.337176145000058 51.368872060000058)",Unfall 226746 (2021) Kat:3, Licht: 0,226746,3,1,1,08,15,4,0,0,1,1,0,0,0,0
"POINT (12.384863271000029 51.378858351000076)",Unfall 226748 (2021) Kat:3, Licht: 0,226748,3,3,5,08,11,4,0,0,1,1,0,0,0,0
"POINT (12.365059672000029 51.376178678000031)",Unfall 226750 (2021) Kat:3, Licht: 2,226750,3,3,5,09,05,6,0,2,1,1,0,0,0,0
"POINT (12.369811986000059 51.356865723000055)",Unfall 226751 (2021) Kat:2, Licht: 0,226751,2,5,1,09,16,5,0,0,1,1,0,0,0,0
"POINT (12.397346623000033 51.301477642000066)",Unfall 226754 (2021) Kat:3, Licht: 0,226754,3,7,6,07,10,6,0,0,0,1,1,0,0,0
"POINT (12.382059066000068 51.338833500000078)",Unfall 226759 (2021) Kat:3, Licht: 0,226759,3,3,5,09,18,5,0,0,0,1,0,0,0,0
"POINT (12.334259116000055 51.330572295000081)",Unfall 226760 (2021) Kat:3, Licht: 0,226760,3,7,0,08,14,1,1,0,0,0,0,1,0,0
"POINT (12.378431077000073 51.346999293000067)",Unfall 226766 (2021) Kat:3, Licht: 0,226766,3,1,0,08,18,2,1,0,1,0,0,0,0,0
"POINT (12.406142687000056 51.348151861000076)",Unfall 226767 (2021) Kat:3, Licht: 0,226767,3,2,5,08,15,2,0,0,1,1,0,0,0,0
"POINT (12.395987949000073 51.363270300000067)",Unfall 226772 (2021) Kat:3, Licht: 0,226772,3,1,7,07,09,3,0,0,0,1,0,0,0,0
"POINT (12.405514771000071 51.330139978000034)",Unfall 226774 (2021) Kat:3, Licht: 0,226774,3,6,6,08,07,4,0,0,0,1,1,0,0,0
"POINT (12.322341193000057 51.321414132000029)",Unfall 226784 (2021) Kat:3, Licht: 2,226784,3,7,7,08,22,7,0,2,1,0,0,0,0,0
"POINT (12.377012252000043 51.390182385000060)",Unfall 226785 (2021) Kat:2, Licht: 0,226785,2,3,5,09,10,3,0,0,1,1,0,0,0,0
"POINT (12.391359854000029 51.376261862000035)",Unfall 226786 (2021) Kat:3, Licht: 0,226786,3,3,5,09,18,4,0,0,0,1,0,1,0,0
"POINT (12.408245750000049 51.339998317000038)",Unfall 226788 (2021) Kat:3, Licht: 0,226788,3,6,2,08,13,6,1,0,0,1,0,0,0,0
"POINT (12.361361426000030 51.375552241000037)",Unfall 226795 (2021) Kat:3, Licht: 0,226795,3,2,2,08,10,6,0,0,0,1,0,0,0,0
"POINT (12.320780382000066 51.332224510000060)",Unfall 226796 (2021) Kat:3, Licht: 2,226796,3,1,7,09,01,7,1,2,1,0,0,0,0,0
"POINT (12.342815541000050 51.370455627000069)",Unfall 226802 (2021) Kat:3, Licht: 0,226802,3,7,1,08,14,4,0,0,0,1,0,0,0,1
"POINT (12.255309871000065 51.320300378000070)",Unfall 226803 (2021) Kat:3, Licht: 0,226803,3,7,7,08,12,1,0,0,0,0,0,0,0,1
"POINT (12.407369602000074 51.351322938000067)",Unfall 226806 (2021) Kat:2, Licht: 0,226806,2,3,5,09,15,2,0,0,0,0,0,0,0,1
"POINT (12.322956371000032 51.333025330000055)",Unfall 226809 (2021) Kat:3, Licht: 0,226809,3,5,1,07,11,7,0,0,1,1,0,0,0,0
"POINT (12.342654308000022 51.321579756000062)",Unfall 226811 (2021) Kat:2, Licht: 0,226811,2,2,6,09,16,3,0,0,0,1,1,0,0,0
"POINT (12.290272121000044 51.324001118000069)",Unfall 226812 (2021) Kat:3, Licht: 0,226812,3,7,0,08,19,3,0,0,1,0,0,0,0,0
"POINT (12.382898615000045 51.320476736000046)",Unfall 226813 (2021) Kat:3, Licht: 0,226813,3,2,5,09,16,4,0,0,0,1,0,0,0,0
"POINT (12.327228408000053 51.329652271000043)",Unfall 226817 (2021) Kat:3, Licht: 0,226817,3,2,3,08,13,7,0,0,1,1,0,0,0,0
"POINT (12.369843452000055 51.320734499000082)",Unfall 226825 (2021) Kat:3, Licht: 0,226825,3,2,3,09,08,6,0,0,0,1,0,0,0,0
"POINT (12.367402589000051 51.332022285000050)",Unfall 226826 (2021) Kat:3, Licht: 0,226826,3,3,5,07,10,2,0,0,0,1,0,0,0,0
"POINT (12.467942149000066 51.278342582000050)",Unfall 226841 (2021) Kat:3, Licht: 0,226841,3,3,5,09,07,4,0,0,1,0,0,0,0,0
"POINT (12.329503659000068 51.339870968000071)",Unfall 226844 (2021) Kat:2, Licht: 0,226844,2,2,5,09,16,3,0,0,1,1,0,0,0,0
"POINT (12.340803724000068 51.337774597000077)",Unfall 226848 (2021) Kat:3, Licht: 0,226848,3,4,6,07,16,5,0,0,0,1,1,0,0,0
"POINT (12.408581309000056 51.341017211000064)",Unfall 226850 (2021) Kat:2, Licht: 0,226850,2,3,5,08,10,6,0,0,1,1,0,0,0,0
"POINT (12.416194517000065 51.356734707000044)",Unfall 226854 (2021) Kat:3, Licht: 0,226854,3,3,5,08,19,6,0,0,1,1,0,0,0,0
"POINT (12.348119749000034 51.328758786000037)",Unfall 226857 (2021) Kat:3, Licht: 0,226857,3,3,5,09,16,4,0,0,1,1,0,0,0,0
"POINT (12.396666968000034 51.343038616000058)",Unfall 226861 (2021) Kat:2, Licht: 2,226861,2,1,0,07,23,5,0,2,1,0,0,0,0,0
"POINT (12.413883580000061 51.316984659000070)",Unfall 226863 (2021) Kat:3, Licht: 0,226863,3,3,5,08,17,2,1,0,0,1,0,0,0,1
"POINT (12.388675150000040 51.335279853000031)",Unfall 226871 (2021) Kat:3, Licht: 0,226871,3,3,5,08,11,5,0,0,0,1,0,0,0,0
"POINT (12.383541060000027 51.302345892000062)",Unfall 226876 (2021) Kat:3, Licht: 1,226876,3,1,1,08,05,1,0,1,0,1,0,0,0,0
"POINT (12.414386919000037 51.345086775000027)",Unfall 226877 (2021) Kat:3, Licht: 0,226877,3,2,5,09,14,1,0,0,0,1,0,0,0,0
"POINT (12.430863203000058 51.365695116000040)",Unfall 226879 (2021) Kat:3, Licht: 0,226879,3,3,5,07,12,1,0,0,0,1,0,0,0,0
"POINT (12.458378086000039 51.393934006000052)",Unfall 226881 (2021) Kat:3, Licht: 0,226881,3,2,5,08,07,5,0,0,1,1,0,0,0,0
"POINT (12.437953609000033 51.307650217000059)",Unfall 226891 (2021) Kat:2, Licht: 0,226891,2,4,6,07,09,5,0,0,0,0,1,0,0,1
"POINT (12.386056895000024 51.367831488000036)",Unfall 226895 (2021) Kat:3, Licht: 0,226895,3,2,5,09,15,4,0,0,1,1,0,0,0,0
"POINT (12.368656196000074 51.329008298000076)",Unfall 226896 (2021) Kat:3, Licht: 0,226896,3,3,5,08,18,2,1,0,1,1,0,0,0,0
"POINT (12.427487894000024 51.353353158000061)",Unfall 226897 (2021) Kat:3, Licht: 0,226897,3,7,0,09,09,2,0,0,0,1,0,1,0,0
"POINT (12.395782038000050 51.363295544000039)",Unfall 226903 (2021) Kat:3, Licht: 0,226903,3,3,5,08,12,6,0,0,0,1,0,0,0,0
"POINT (12.338337476000049 51.327286290000075)",Unfall 226914 (2021) Kat:3, Licht: 0,226914,3,3,5,09,11,1,0,0,1,1,0,0,0,0
"POINT (12.374387133000027 51.347684451000077)",Unfall 226920 (2021) Kat:3, Licht: 0,226920,3,6,3,08,12,5,0,0,1,1,0,0,0,0
"POINT (12.376898067000070 51.325117340000077)",Unfall 226922 (2021) Kat:3, Licht: 0,226922,3,2,5,08,15,4,0,0,1,1,0,0,0,0
"POINT (12.334114181000075 51.337016067000036)",Unfall 226923 (2021) Kat:3, Licht: 0,226923,3,5,3,09,13,3,0,0,1,1,0,0,0,0
"POINT (12.401520586000061 51.355157322000082)",Unfall 226925 (2021) Kat:3, Licht: 0,226925,3,6,4,07,17,3,0,0,1,0,0,0,0,0
"POINT (12.397537270000043 51.334061067000050)",Unfall 226931 (2021) Kat:3, Licht: 0,226931,3,4,6,07,17,3,0,0,1,0,1,0,0,0
"POINT (12.373420353000029 51.307335798000054)",Unfall 226936 (2021) Kat:3, Licht: 0,226936,3,7,1,09,13,6,0,0,0,1,0,0,0,0
"POINT (12.374083767000059 51.304065079000054)",Unfall 226937 (2021) Kat:3, Licht: 0,226937,3,2,5,07,18,1,1,0,1,1,0,0,0,0
"POINT (12.376545143000044 51.348392012000033)",Unfall 226938 (2021) Kat:3, Licht: 0,226938,3,2,6,08,15,6,1,0,0,1,1,0,0,0
"POINT (12.342984063000074 51.326799494000056)",Unfall 226939 (2021) Kat:3, Licht: 0,226939,3,7,1,08,09,4,0,0,1,1,0,0,0,0
"POINT (12.449986474000070 51.345572770000047)",Unfall 226941 (2021) Kat:3, Licht: 0,226941,3,6,2,09,08,6,0,0,1,1,0,0,0,0
"POINT (12.354072782000060 51.340251335000062)",Unfall 226945 (2021) Kat:3, Licht: 0,226945,3,2,5,07,12,7,0,0,1,1,0,0,0,0
"POINT (12.376054813000053 51.358165197000062)",Unfall 226946 (2021) Kat:3, Licht: 0,226946,3,1,0,08,15,2,0,0,1,0,0,0,0,0
"POINT (12.358050588000026 51.335335062000070)",Unfall 226950 (2021) Kat:1, Licht: 0,226950,1,2,6,09,18,4,0,0,0,0,1,0,0,1
"POINT (12.417587934000039 51.358669291000069)",Unfall 226952 (2021) Kat:3, Licht: 0,226952,3,3,5,08,18,3,0,0,1,1,0,0,0,0
"POINT (12.373764705000042 51.331156117000035)",Unfall 226953 (2021) Kat:3, Licht: 0,226953,3,2,5,09,08,2,1,0,1,1,0,0,0,0
"POINT (12.376830406000067 51.343366637000031)",Unfall 226954 (2021) Kat:3, Licht: 0,226954,3,6,2,08,18,6,0,0,1,1,0,0,0,0
"POINT (12.443357711000033 51.328216712000028)",Unfall 226969 (2021) Kat:3, Licht: 0,226969,3,7,6,07,12,3,0,0,0,1,1,0,0,0
"POINT (12.449638204000053 51.356589571000029)",Unfall 226975 (2021) Kat:2, Licht: 0,226975,2,3,5,07,16,1,0,0,1,0,0,0,0,0
"POINT (12.373530833000075 51.330006137000055)",Unfall 226977 (2021) Kat:3, Licht: 0,226977,3,3,5,08,10,5,0,0,1,1,0,0,0,0
"POINT (12.369775502000039 51.371424839000042)",Unfall 226985 (2021) Kat:2, Licht: 0,226985,2,5,3,07,11,2,0,0,1,1,0,0,0,0
"POINT (12.394883262000064 51.318080854000073)",Unfall 226989 (2021) Kat:2, Licht: 0,226989,2,4,6,08,16,2,1,0,0,1,1,0,0,0
"POINT (12.436573481000039 51.380091554000046)",Unfall 226992 (2021) Kat:3, Licht: 0,226992,3,3,5,07,10,6,0,0,1,1,0,0,0,0
"POINT (12.382028030000072 51.338648011000032)",Unfall 226995 (2021) Kat:3, Licht: 0,226995,3,3,5,09,16,7,0,0,0,1,0,0,0,0
"POINT (12.361514757000066 51.337161058000049)",Unfall 227003 (2021) Kat:3, Licht: 0,227003,3,4,6,09,14,5,0,0,0,0,1,0,0,1
"POINT (12.393761237000035 51.331360175000043)",Unfall 227004 (2021) Kat:3, Licht: 0,227004,3,6,3,09,10,5,0,0,1,0,0,0,0,1
"POINT (12.307891419000043 51.327659010000048)",Unfall 227005 (2021) Kat:3, Licht: 0,227005,3,3,5,08,15,3,0,0,1,1,0,0,0,0
"POINT (12.376788574000045 51.320688868000047)",Unfall 227009 (2021) Kat:3, Licht: 0,227009,3,3,5,08,12,3,0,0,1,0,0,0,1,0
"POINT (12.307579324000073 51.355662277000079)",Unfall 227015 (2021) Kat:3, Licht: 0,227015,3,6,2,09,16,3,0,0,0,1,0,0,0,1
"POINT (12.321540072000062 51.343279652000035)",Unfall 227016 (2021) Kat:2, Licht: 0,227016,2,3,5,07,16,4,0,0,1,1,0,0,0,0
"POINT (12.406237740000051 51.332504378000067)",Unfall 227024 (2021) Kat:3, Licht: 0,227024,3,3,5,08,17,4,0,0,0,1,0,1,0,0
"POINT (12.286252618000049 51.302979530000073)",Unfall 227027 (2021) Kat:3, Licht: 0,227027,3,6,3,07,10,2,0,0,1,1,0,1,0,0
"POINT (12.393963247000045 51.378194927000038)",Unfall 227031 (2021) Kat:3, Licht: 0,227031,3,3,5,08,18,4,0,0,0,0,0,1,0,1
"POINT (12.392580504000023 51.301249950000056)",Unfall 227034 (2021) Kat:2, Licht: 0,227034,2,3,5,09,13,5,0,0,1,1,0,0,0,0
"POINT (12.361143288000051 51.358912758000031)",Unfall 227041 (2021) Kat:3, Licht: 0,227041,3,6,2,08,07,3,0,0,0,1,0,0,0,0
"POINT (12.395927522000022 51.310857715000054)",Unfall 227044 (2021) Kat:3, Licht: 0,227044,3,3,5,08,16,3,0,0,1,1,0,0,0,0
"POINT (12.326534727000023 51.308223447000046)",Unfall 227047 (2021) Kat:3, Licht: 0,227047,3,2,3,09,11,2,0,0,1,0,0,1,0,0
"POINT (12.393431132000046 51.344848098000057)",Unfall 227048 (2021) Kat:3, Licht: 0,227048,3,2,3,08,19,4,0,0,1,0,0,0,0,1
"POINT (12.403279002000033 51.346421769000074)",Unfall 227053 (2021) Kat:3, Licht: 2,227053,3,7,6,09,22,1,0,2,0,1,1,0,0,0
"POINT (12.373012854000024 51.309629817000030)",Unfall 227055 (2021) Kat:3, Licht: 0,227055,3,6,1,07,15,2,0,0,0,1,0,0,0,0
"POINT (12.369118195000055 51.323142117000032)",Unfall 227059 (2021) Kat:3, Licht: 0,227059,3,5,0,07,14,4,0,0,1,1,0,0,0,0
"POINT (12.300849229000050 51.352269518000071)",Unfall 227060 (2021) Kat:3, Licht: 2,227060,3,1,0,08,21,2,1,2,1,0,0,0,0,0
"POINT (12.398673120000069 51.347278211000059)",Unfall 227066 (2021) Kat:3, Licht: 0,227066,3,5,1,09,18,2,0,0,1,1,0,0,0,0
"POINT (12.395053181000037 51.318574178000063)",Unfall 227069 (2021) Kat:3, Licht: 0,227069,3,6,2,09,07,3,0,0,0,1,0,0,0,1
"POINT (12.455271828000036 51.285060958000031)",Unfall 227076 (2021) Kat:2, Licht: 0,227076,2,1,1,09,17,6,0,0,0,1,0,0,0,0
"POINT (12.377841698000054 51.288128214000039)",Unfall 227077 (2021) Kat:3, Licht: 0,227077,3,3,5,08,09,4,1,0,0,1,0,0,0,0
"POINT (12.373511857000040 51.317679047000070)",Unfall 227080 (2021) Kat:3, Licht: 0,227080,3,7,0,07,15,2,0,0,0,0,0,0,0,1
"POINT (12.458002925000073 51.351938955000037)",Unfall 227085 (2021) Kat:3, Licht: 0,227085,3,3,5,09,06,4,0,0,1,1,0,0,0,0
"POINT (12.378518104000023 51.388333699000043)",Unfall 227088 (2021) Kat:3, Licht: 0,227088,3,1,0,09,15,4,1,0,0,0,0,1,0,0
"POINT (12.444346348000067 51.353891635000082)",Unfall 227095 (2021) Kat:3, Licht: 0,227095,3,6,2,08,15,3,0,0,0,1,0,0,0,0
"POINT (12.279589845000032 51.314801974000034)",Unfall 227109 (2021) Kat:2, Licht: 0,227109,2,2,5,07,13,2,0,0,1,1,0,1,0,0
"POINT (12.367336207000051 51.332177260000037)",Unfall 227111 (2021) Kat:3, Licht: 0,227111,3,2,4,08,08,3,0,0,0,1,0,1,0,0
"POINT (12.471937383000068 51.360154214000033)",Unfall 227116 (2021) Kat:3, Licht: 0,227116,3,3,5,09,15,4,1,0,1,1,0,0,0,0
"POINT (12.446649410000077 51.351092608000044)",Unfall 227119 (2021) Kat:3, Licht: 0,227119,3,3,5,07,08,5,0,0,1,1,0,0,0,0
"POINT (12.295595858000070 51.409863730000041)",Unfall 227120 (2021) Kat:3, Licht: 0,227120,3,7,1,08,13,2,1,0,0,1,0,0,0,0
"POINT (12.370637010000053 51.345431372000064)",Unfall 227123 (2021) Kat:3, Licht: 0,227123,3,7,1,09,08,4,0,0,1,1,0,0,0,1
"POINT (12.382943193000074 51.320637839000028)",Unfall 227129 (2021) Kat:3, Licht: 0,227129,3,6,3,08,12,5,0,0,0,1,0,1,0,0
"POINT (12.426671601000066 51.343468365000035)",Unfall 227131 (2021) Kat:3, Licht: 0,227131,3,3,5,07,15,2,0,0,1,1,0,0,0,0
"POINT (12.376802341000030 51.320688650000079)",Unfall 227137 (2021) Kat:3, Licht: 0,227137,3,3,5,09,16,4,0,0,0,1,0,0,0,1
"POINT (12.345689001000039 51.330032201000051)",Unfall 227141 (2021) Kat:3, Licht: 0,227141,3,2,5,09,16,3,0,0,1,1,0,0,0,0
"POINT (12.311917611000069 51.273942927000064)",Unfall 227142 (2021) Kat:3, Licht: 0,227142,3,3,5,08,20,4,0,0,1,1,0,0,0,0
"POINT (12.406566640000051 51.338104146000035)",Unfall 227151 (2021) Kat:3, Licht: 0,227151,3,3,5,07,19,3,0,0,1,1,0,0,0,0
"POINT (12.314537849000033 51.286598177000030)",Unfall 227155 (2021) Kat:3, Licht: 0,227155,3,6,6,09,17,1,0,0,1,0,1,0,0,0
"POINT (12.385369311000034 51.343594261000078)",Unfall 227156 (2021) Kat:3, Licht: 0,227156,3,2,6,08,15,2,0,0,0,1,1,0,0,0
"POINT (12.268034158000034 51.344843444000048)",Unfall 227157 (2021) Kat:3, Licht: 0,227157,3,3,5,07,09,3,0,0,0,1,0,0,1,0
"POINT (12.373622607000073 51.320577513000046)",Unfall 227160 (2021) Kat:3, Licht: 0,227160,3,2,5,08,16,4,0,0,0,1,0,1,0,0
"POINT (12.419219262000070 51.317938585000036)",Unfall 227167 (2021) Kat:3, Licht: 0,227167,3,6,3,08,14,7,0,0,1,1,0,0,0,0
"POINT (12.386964672000033 51.338205497000047)",Unfall 227169 (2021) Kat:3, Licht: 0,227169,3,6,6,09,12,4,0,0,1,0,1,0,0,0
"POINT (12.390386761000059 51.334284540000056)",Unfall 227183 (2021) Kat:3, Licht: 0,227183,3,5,1,09,08,3,0,0,1,1,0,0,0,0
"POINT (12.327352754000060 51.325508379000041)",Unfall 227192 (2021) Kat:2, Licht: 2,227192,2,4,6,08,22,6,1,2,0,1,1,0,0,0
"POINT (12.387008868000066 51.340380013000072)",Unfall 227201 (2021) Kat:3, Licht: 0,227201,3,7,0,07,08,5,0,0,0,1,0,0,0,0
"POINT (12.400640460000034 51.341045897000072)",Unfall 227202 (2021) Kat:3, Licht: 0,227202,3,7,6,08,16,2,0,0,0,1,1,0,0,0
"POINT (12.382056886000044 51.338830029000064)",Unfall 227207 (2021) Kat:3, Licht: 0,227207,3,3,5,09,11,4,0,0,0,1,0,0,0,0
"POINT (12.332265251000024 51.349703605000059)",Unfall 227208 (2021) Kat:3, Licht: 0,227208,3,6,2,07,18,4,0,0,0,1,0,0,0,0
"POINT (12.389720885000031 51.296185576000028)",Unfall 227212 (2021) Kat:3, Licht: 0,227212,3,3,5,08,13,1,0,0,0,1,0,1,0,0
"POINT (12.421575937000057 51.344352794000031)",Unfall 227215 (2021) Kat:3, Licht: 0,227215,3,5,1,09,11,1,0,0,1,1,0,0,0,0
"POINT (12.343743961000030 51.323850343000061)",Unfall 227217 (2021) Kat:2, Licht: 2,227217,2,7,0,08,20,5,0,2,0,0,0,0,0,1
"POINT (12.470085494000045 51.361353771000040)",Unfall 227218 (2021) Kat:3, Licht: 2,227218,3,1,8,09,21,7,1,2,0,1,0,0,0,0
"POINT (12.354051297000069 51.340274387000079)",Unfall 227222 (2021) Kat:3, Licht: 0,227222,3,2,5,08,12,5,0,0,1,1,0,0,0,0
"POINT (12.365947802000051 51.332042449000028)",Unfall 227224 (2021) Kat:3, Licht: 0,227224,3,7,1,08,17,4,0,0,1,1,0,0,0,0
"POINT (12.374955050000040 51.302935484000045)",Unfall 227227 (2021) Kat:3, Licht: 0,227227,3,3,5,09,13,6,0,0,0,1,0,0,0,0
"POINT (12.370858616000021 51.335023190000072)",Unfall 227237 (2021) Kat:3, Licht: 0,227237,3,3,5,09,09,5,0,0,1,1,0,0,0,0
"POINT (12.374914106000062 51.337496794000060)",Unfall 227241 (2021) Kat:3, Licht: 0,227241,3,6,3,09,09,3,0,0,1,0,0,0,0,0
"POINT (12.411088944000028 51.342026373000067)",Unfall 227242 (2021) Kat:3, Licht: 0,227242,3,1,0,08,05,4,1,0,0,0,0,1,0,0
"POINT (12.387288653000041 51.309253741000077)",Unfall 227243 (2021) Kat:3, Licht: 0,227243,3,3,5,07,10,5,0,0,1,1,0,0,0,0
"POINT (12.363554820000047 51.338154935000034)",Unfall 227246 (2021) Kat:3, Licht: 0,227246,3,4,6,09,12,2,0,0,1,0,1,0,0,0
"POINT (12.419179422000070 51.320201869000073)",Unfall 227248 (2021) Kat:3, Licht: 0,227248,3,3,5,07,11,3,0,0,0,1,0,1,0,0
"POINT (12.430564125000046 51.365711082000075)",Unfall 227255 (2021) Kat:2, Licht: 0,227255,2,2,5,08,13,6,0,0,0,1,0,0,1,0
"POINT (12.408287848000043 51.336167990000035)",Unfall 227260 (2021) Kat:3, Licht: 0,227260,3,7,0,08,09,5,0,0,0,0,1,0,0,1
"POINT (12.385151267000026 51.338088129000027)",Unfall 227264 (2021) Kat:3, Licht: 1,227264,3,7,0,09,05,4,1,1,1,0,0,0,0,0
"POINT (12.332788887000049 51.319954751000068)",Unfall 227285 (2021) Kat:3, Licht: 0,227285,3,6,6,10,12,4,0,0,0,1,1,0,0,0
"POINT (12.396330060000025 51.301190404000067)",Unfall 227288 (2021) Kat:3, Licht: 0,227288,3,7,5,11,11,6,0,0,0,1,0,0,0,1
"POINT (12.366697678000037 51.340550753000059)",Unfall 227290 (2021) Kat:3, Licht: 0,227290,3,2,5,11,08,3,0,0,1,1,0,0,0,0
"POINT (12.361615429000040 51.332715567000037)",Unfall 227293 (2021) Kat:3, Licht: 0,227293,3,2,2,10,08,3,0,0,0,1,0,0,0,0
"POINT (12.263854766000065 51.344549931000074)",Unfall 227294 (2021) Kat:2, Licht: 0,227294,2,2,5,11,17,4,0,0,0,1,0,1,0,0
"POINT (12.412067068000056 51.354099506000068)",Unfall 227301 (2021) Kat:3, Licht: 2,227301,3,5,1,11,21,7,0,2,1,1,0,0,0,0
"POINT (12.460359726000036 51.356768077000027)",Unfall 227303 (2021) Kat:3, Licht: 0,227303,3,1,0,12,11,1,0,0,0,1,0,0,0,0
"POINT (12.449860551000029 51.366747518000068)",Unfall 227305 (2021) Kat:3, Licht: 0,227305,3,3,5,10,14,5,0,0,1,1,0,0,0,0
"POINT (12.394881583000029 51.363758562000044)",Unfall 227306 (2021) Kat:3, Licht: 0,227306,3,5,5,11,15,2,0,0,1,1,0,0,0,0
"POINT (12.453273443000057 51.352485705000049)",Unfall 227308 (2021) Kat:3, Licht: 0,227308,3,3,5,10,10,3,1,0,1,1,0,0,0,0
"POINT (12.396388400000035 51.301282096000079)",Unfall 227315 (2021) Kat:3, Licht: 2,227315,3,6,3,11,16,5,0,2,1,1,0,0,0,0
"POINT (12.399100986000064 51.337665228000049)",Unfall 227318 (2021) Kat:3, Licht: 2,227318,3,6,3,10,07,6,0,2,1,0,0,0,0,0
"POINT (12.407563822000043 51.351298331000066)",Unfall 227319 (2021) Kat:3, Licht: 0,227319,3,3,5,11,16,3,0,0,1,1,0,0,0,0
"POINT (12.387447949000034 51.357099114000050)",Unfall 227324 (2021) Kat:3, Licht: 0,227324,3,3,5,10,16,4,0,0,1,1,0,0,0,0
"POINT (12.325996069000041 51.304854414000033)",Unfall 227325 (2021) Kat:3, Licht: 1,227325,3,3,5,12,15,3,1,1,1,1,0,0,0,0
"POINT (12.361324576000072 51.332131880000077)",Unfall 227326 (2021) Kat:3, Licht: 0,227326,3,6,4,11,07,3,0,0,1,0,0,0,0,0
"POINT (12.281988678000062 51.357892919000051)",Unfall 227339 (2021) Kat:3, Licht: 0,227339,3,2,5,12,12,2,0,0,0,1,0,1,0,0
"POINT (12.351695784000071 51.365636480000035)",Unfall 227343 (2021) Kat:3, Licht: 0,227343,3,4,6,11,12,2,0,0,1,0,1,0,0,1
"POINT (12.376625421000028 51.355852812000080)",Unfall 227345 (2021) Kat:3, Licht: 0,227345,3,2,3,11,08,3,1,0,1,0,0,0,0,1
"POINT (12.389560737000068 51.344834406000075)",Unfall 227350 (2021) Kat:3, Licht: 0,227350,3,3,0,10,16,6,0,0,0,1,0,1,0,0
"POINT (12.376914856000042 51.390197744000034)",Unfall 227365 (2021) Kat:2, Licht: 1,227365,2,2,6,11,07,5,1,1,0,1,1,0,0,0
"POINT (12.397567379000066 51.336491357000057)",Unfall 227366 (2021) Kat:3, Licht: 0,227366,3,3,5,10,08,2,0,0,1,1,0,0,0,0
"POINT (12.493009666000034 51.346930609000026)",Unfall 227369 (2021) Kat:2, Licht: 0,227369,2,3,5,12,12,3,0,0,0,1,0,1,0,0
"POINT (12.392331723000041 51.330366165000044)",Unfall 227370 (2021) Kat:3, Licht: 1,227370,3,7,4,10,18,4,0,1,1,1,0,0,0,0
"POINT (12.399989265000045 51.319102045000079)",Unfall 227380 (2021) Kat:3, Licht: 0,227380,3,5,3,10,08,5,0,0,1,1,0,0,0,0
"POINT (12.365709244000072 51.363460891000045)",Unfall 227385 (2021) Kat:2, Licht: 2,227385,2,2,5,12,07,2,1,2,1,1,0,0,0,0
"POINT (12.338809571000070 51.332412460000057)",Unfall 227386 (2021) Kat:3, Licht: 1,227386,3,3,5,11,16,3,0,1,1,1,0,0,0,0
"POINT (12.384065171000032 51.336211897000055)",Unfall 227392 (2021) Kat:3, Licht: 1,227392,3,3,5,10,07,3,0,1,0,1,0,0,0,0
"POINT (12.342614566000066 51.321605487000056)",Unfall 227394 (2021) Kat:3, Licht: 0,227394,3,2,5,09,12,5,0,0,1,1,0,0,0,0
"POINT (12.331494688000078 51.321784832000048)",Unfall 227399 (2021) Kat:3, Licht: 1,227399,3,5,3,11,16,2,1,1,1,1,0,0,0,0
"POINT (12.382620202000055 51.365849309000055)",Unfall 227402 (2021) Kat:3, Licht: 1,227402,3,4,6,12,07,2,1,1,1,1,1,0,0,0
"POINT (12.461539401000039 51.281887809000068)",Unfall 227412 (2021) Kat:3, Licht: 0,227412,3,3,5,12,10,6,0,0,1,1,0,0,0,0