WKT,Name,OBJECTID,UKATEGORIE,UTYP1,UART,UMONAT,USTUNDE,UWOCHENTAG,STRZUSTAND,ULICHTVERH,ISTRAD,ISTPKW,ISTFUSS,ISTKRAD,ISTGKFZ,ISTSONSTIG
"POINT (12.393101426000044 51.376358988000050)",Unfall 227414 (2021) Kat:3, Licht: 2,227414,3,3,5,10,19,3,0,2,1,1,0,0,0,0
"POINT (12.373707812000077 51.305654942000047)",Unfall 227415 (2021) Kat:3, Licht: 0,227415,3,3,5,11,14,6,1,0,1,1,0,0,0,0
"POINT (12.373311951000062 51.353093049000051)",Unfall 227421 (2021) Kat:3, Licht: 2,227421,3,3,5,10,07,5,1,2,1,1,0,0,0,0
"POINT (12.328756739000028 51.336784927000053)",Unfall 227426 (2021) Kat:3, Licht: 0,227426,3,1,0,10,17,2,0,0,1,0,0,0,0,0
"POINT (12.406647233000058 51.357214821000071)",Unfall 227429 (2021) Kat:3, Licht: 0,227429,3,3,5,12,10,4,0,0,1,1,0,0,0,0
"POINT (12.314708710000048 51.330287123000062)",Unfall 227431 (2021) Kat:3, Licht: 2,227431,3,1,9,11,18,6,0,2,0,0,0,1,0,0
"POINT (12.343588005000072 51.367644809000069)",Unfall 227432 (2021) Kat:2, Licht: 2,227432,2,2,6,10,07,5,1,2,0,1,1,0,0,0
"POINT (12.402115324000022 51.312088707000044)",Unfall 227434 (2021) Kat:3, Licht: 2,227434,3,6,3,11,07,6,0,2,0,1,0,0,1,0
"POINT (12.376148903000058 51.348295066000048)",Unfall 227440 (2021) Kat:3, Licht: 0,227440,3,6,2,10,17,6,0,0,1,1,0,0,0,0
"POINT (12.393172407000066 51.336932302000037)",Unfall 227442 (2021) Kat:3, Licht: 0,227442,3,3,5,12,13,3,0,0,1,1,0,0,0,0
"POINT (12.293036959000062 51.313400579000074)",Unfall 227447 (2021) Kat:3, Licht: 2,227447,3,4,6,11,19,3,0,2,0,1,1,0,0,0
"POINT (12.326182048000021 51.331054878000032)",Unfall 227450 (2021) Kat:3, Licht: 2,227450,3,7,6,12,21,4,0,2,0,1,1,0,0,0
"POINT (12.388762455000062 51.399586458000044)",Unfall 227452 (2021) Kat:3, Licht: 0,227452,3,3,5,10,10,1,0,0,0,1,0,0,0,0
"POINT (12.377032849000045 51.371107063000068)",Unfall 227454 (2021) Kat:3, Licht: 0,227454,3,6,2,09,14,5,0,0,0,1,0,0,0,0
"POINT (12.303060553000023 51.314465795000046)",Unfall 227456 (2021) Kat:2, Licht: 1,227456,2,4,6,12,16,2,0,1,0,1,1,0,0,0
"POINT (12.359234517000061 51.357272521000027)",Unfall 227457 (2021) Kat:3, Licht: 2,227457,3,4,6,11,01,1,0,2,0,1,1,0,0,0
"POINT (12.390271685000073 51.337712820000036)",Unfall 227462 (2021) Kat:3, Licht: 2,227462,3,2,2,12,06,6,1,2,1,1,0,0,0,0
"POINT (12.323520792000068 51.341840582000032)",Unfall 227466 (2021) Kat:3, Licht: 2,227466,3,3,5,10,00,7,0,2,1,0,0,0,0,1
"POINT (12.461636391000070 51.345803171000057)",Unfall 227471 (2021) Kat:3, Licht: 0,227471,3,3,5,10,17,1,0,0,1,1,0,0,0,0
"POINT (12.371545110000056 51.354587403000039)",Unfall 227472 (2021) Kat:3, Licht: 0,227472,3,3,5,10,09,1,0,0,1,1,0,0,0,0
"POINT (12.386227437000059 51.361941014000081)",Unfall 227474 (2021) Kat:3, Licht: 0,227474,3,7,6,12,13,2,2,0,0,1,1,0,0,0
"POINT (12.405641612000068 51.344653123000057)",Unfall 227477 (2021) Kat:3, Licht: 0,227477,3,7,1,12,15,5,0,0,1,1,0,0,0,0
"POINT (12.336215473000038 51.328286859000059)",Unfall 227484 (2021) Kat:2, Licht: 0,227484,2,6,3,10,06,6,0,0,1,1,0,0,0,0
"POINT (12.371120179000059 51.336429627000030)",Unfall 227487 (2021) Kat:3, Licht: 1,227487,3,2,5,11,16,3,1,1,0,1,0,0,0,1
"POINT (12.355349726000043 51.335242995000044)",Unfall 227494 (2021) Kat:3, Licht: 0,227494,3,6,2,10,16,4,0,0,1,0,0,0,0,1
"POINT (12.373647501000050 51.333029601000078)",Unfall 227500 (2021) Kat:3, Licht: 1,227500,3,2,5,10,17,2,0,1,1,1,0,0,0,0
"POINT (12.338707236000062 51.332369302000075)",Unfall 227502 (2021) Kat:3, Licht: 1,227502,3,6,2,10,18,6,0,1,0,1,0,0,0,0
"POINT (12.412039107000055 51.332225886000060)",Unfall 227507 (2021) Kat:3, Licht: 2,227507,3,1,0,12,20,7,0,2,1,0,0,0,0,0
"POINT (12.322381884000038 51.332807500000058)",Unfall 227513 (2021) Kat:3, Licht: 0,227513,3,2,5,10,12,7,0,0,1,0,0,0,0,1
"POINT (12.411948907000067 51.285593922000032)",Unfall 227519 (2021) Kat:3, Licht: 2,227519,3,7,4,11,18,7,0,2,0,1,0,0,0,0
"POINT (12.388323422000042 51.353827715000079)",Unfall 227520 (2021) Kat:3, Licht: 1,227520,3,3,5,11,16,6,0,1,1,0,0,0,0,1
"POINT (12.364877075000038 51.339247250000028)",Unfall 227533 (2021) Kat:3, Licht: 0,227533,3,6,2,10,15,6,0,0,0,1,0,0,0,0
"POINT (12.420710196000073 51.348760996000067)",Unfall 227540 (2021) Kat:3, Licht: 0,227540,3,6,2,12,10,2,0,0,1,1,0,0,0,0
"POINT (12.382079944000054 51.332575312000074)",Unfall 227546 (2021) Kat:3, Licht: 0,227546,3,2,3,10,09,6,0,0,1,1,0,0,0,0
"POINT (12.325845302000062 51.311202005000041)",Unfall 227554 (2021) Kat:2, Licht: 2,227554,2,6,6,12,19,3,1,2,0,1,1,0,0,0
"POINT (12.373709925000071 51.331189773000062)",Unfall 227559 (2021) Kat:3, Licht: 0,227559,3,2,5,09,07,5,0,0,1,1,0,0,0,0
"POINT (12.419676029000073 51.348175463000075)",Unfall 227560 (2021) Kat:3, Licht: 0,227560,3,1,0,10,10,3,1,0,1,0,0,0,0,0
"POINT (12.388111821000052 51.338169837000066)",Unfall 227561 (2021) Kat:3, Licht: 0,227561,3,2,5,11,15,3,1,0,1,1,0,0,0,0
"POINT (12.324168391000057 51.333520064000027)",Unfall 227567 (2021) Kat:3, Licht: 0,227567,3,2,6,10,14,4,0,0,0,1,1,0,0,0
"POINT (12.361998387000028 51.364883031000033)",Unfall 227581 (2021) Kat:3, Licht: 2,227581,3,2,2,12,21,7,1,2,0,1,0,1,0,0
"POINT (12.365249574000075 51.362472026000034)",Unfall 227583 (2021) Kat:2, Licht: 2,227583,2,4,6,10,06,4,0,2,0,1,1,0,0,0
"POINT (12.346211000000039 51.366884960000050)",Unfall 227586 (2021) Kat:3, Licht: 2,227586,3,7,6,11,16,6,0,2,0,0,1,0,0,1
"POINT (12.376256663000049 51.368436713000051)",Unfall 227592 (2021) Kat:3, Licht: 0,227592,3,1,0,12,15,4,1,0,1,0,0,0,0,0
"POINT (12.500336406000031 51.348653421000051)",Unfall 227615 (2021) Kat:3, Licht: 0,227615,3,2,3,10,08,7,0,0,0,1,0,0,0,0
"POINT (12.387447703000078 51.357045958000072)",Unfall 227617 (2021) Kat:3, Licht: 2,227617,3,3,5,11,17,3,0,2,1,1,0,0,0,0
"POINT (12.344216103000065 51.404403916000035)",Unfall 227624 (2021) Kat:3, Licht: 2,227624,3,7,7,11,21,5,0,2,0,0,0,1,0,0
"POINT (12.414385510000045 51.345086847000061)",Unfall 227627 (2021) Kat:3, Licht: 2,227627,3,2,5,10,00,7,0,2,0,1,0,0,0,0
"POINT (12.431467799000075 51.344034233000059)",Unfall 227640 (2021) Kat:3, Licht: 0,227640,3,6,1,11,13,3,0,0,0,1,0,0,0,0
"POINT (12.404940074000024 51.380583293000029)",Unfall 227644 (2021) Kat:3, Licht: 0,227644,3,5,1,10,16,3,0,0,0,0,0,0,0,1
"POINT (12.436542335000070 51.345502722000049)",Unfall 227654 (2021) Kat:3, Licht: 0,227654,3,1,0,10,14,4,0,0,1,1,0,0,0,0
"POINT (12.375215378000064 51.364637017000064)",Unfall 227657 (2021) Kat:3, Licht: 1,227657,3,2,2,12,07,3,0,1,1,1,0,0,0,0
"POINT (12.380964993000077 51.384295924000071)",Unfall 227666 (2021) Kat:3, Licht: 0,227666,3,6,1,10,12,4,0,0,1,0,0,0,0,1
"POINT (12.371763645000044 51.339638838000042)",Unfall 227671 (2021) Kat:3, Licht: 0,227671,3,3,5,11,13,5,0,0,1,1,0,0,0,0
"POINT (12.413966761000040 51.346736337000038)",Unfall 227677 (2021) Kat:2, Licht: 0,227677,2,7,0,10,12,6,0,0,1,0,0,0,0,0
"POINT (12.322933358000057 51.327942633000077)",Unfall 227678 (2021) Kat:3, Licht: 0,227678,3,7,1,09,09,3,1,0,1,0,0,0,0,0
"POINT (12.409965114000045 51.375388689000033)",Unfall 227682 (2021) Kat:3, Licht: 0,227682,3,3,5,10,09,6,0,0,1,1,0,0,0,0
"POINT (12.376525816000026 51.353249198000071)",Unfall 227686 (2021) Kat:3, Licht: 2,227686,3,2,5,11,19,5,0,2,1,1,0,0,0,0
"POINT (12.479261695000048 51.347608960000059)",Unfall 227687 (2021) Kat:3, Licht: 0,227687,3,4,6,10,17,4,0,0,0,1,1,0,0,0
"POINT (12.270422178000047 51.318103126000040)",Unfall 227689 (2021) Kat:3, Licht: 0,227689,3,7,6,11,15,6,0,0,0,1,1,0,0,0
"POINT (12.292938914000047 51.357445880000057)",Unfall 227707 (2021) Kat:3, Licht: 2,227707,3,1,1,12,16,3,1,2,0,1,0,0,0,0
"POINT (12.409730166000031 51.328946360000032)",Unfall 227717 (2021) Kat:3, Licht: 0,227717,3,2,3,11,07,5,0,0,0,1,0,1,0,0
"POINT (12.365086695000059 51.360705596000059)",Unfall 227722 (2021) Kat:3, Licht: 2,227722,3,7,1,10,18,6,0,2,0,1,0,0,0,0
"POINT (12.426396891000024 51.343481640000050)",Unfall 227725 (2021) Kat:3, Licht: 0,227725,3,1,0,10,16,1,0,0,1,0,0,0,0,0
"POINT (12.427628100000049 51.348793213000079)",Unfall 227727 (2021) Kat:3, Licht: 0,227727,3,3,5,09,14,5,0,0,1,1,0,0,0,0
"POINT (12.375876874000028 51.367067022000072)",Unfall 227728 (2021) Kat:3, Licht: 0,227728,3,7,6,10,07,3,0,0,1,0,1,0,0,0
"POINT (12.378459896000038 51.320690180000042)",Unfall 227729 (2021) Kat:3, Licht: 2,227729,3,2,2,12,17,2,0,2,0,1,0,0,0,0
"POINT (12.430597452000029 51.365693822000026)",Unfall 227731 (2021) Kat:3, Licht: 0,227731,3,2,5,12,07,6,0,0,0,1,0,0,0,0
"POINT (12.373369088000061 51.320596550000062)",Unfall 227732 (2021) Kat:3, Licht: 0,227732,3,2,5,11,14,2,1,0,1,1,0,0,0,0
"POINT (12.385238625000056 51.365667610000060)",Unfall 227740 (2021) Kat:3, Licht: 2,227740,3,1,0,11,19,3,1,2,0,1,0,0,0,0
"POINT (12.342617130000065 51.316060686000071)",Unfall 227744 (2021) Kat:3, Licht: 0,227744,3,4,6,10,14,1,0,0,1,0,1,0,0,0
"POINT (12.284712525000032 51.312185074000070)",Unfall 227755 (2021) Kat:3, Licht: 0,227755,3,3,5,10,12,3,0,0,1,1,0,0,0,0
"POINT (12.402149101000077 51.321640939000076)",Unfall 227759 (2021) Kat:3, Licht: 2,227759,3,3,5,12,19,4,1,2,1,1,0,0,0,0
"POINT (12.365492924000023 51.362734121000074)",Unfall 227767 (2021) Kat:3, Licht: 1,227767,3,4,6,10,17,5,1,1,0,1,1,0,0,0
"POINT (12.358977480000021 51.344340728000077)",Unfall 227768 (2021) Kat:3, Licht: 2,227768,3,7,0,10,20,1,0,2,1,1,0,0,0,0
"POINT (12.473234071000036 51.275495352000064)",Unfall 227770 (2021) Kat:2, Licht: 0,227770,2,1,9,10,14,3,0,0,0,1,0,0,0,0
"POINT (12.381069513000057 51.361366249000071)",Unfall 227778 (2021) Kat:3, Licht: 0,227778,3,4,6,10,16,6,0,0,1,0,1,0,0,0
"POINT (12.464654537000058 51.345867147000035)",Unfall 227780 (2021) Kat:3, Licht: 2,227780,3,6,1,11,06,6,0,2,0,1,0,0,0,0
"POINT (12.425431562000028 51.344586288000073)",Unfall 227781 (2021) Kat:2, Licht: 2,227781,2,1,9,10,04,1,0,2,0,1,0,0,0,0
"POINT (12.328358805000050 51.372975310000072)",Unfall 227783 (2021) Kat:3, Licht: 0,227783,3,6,1,11,11,4,0,0,0,1,0,0,0,0
"POINT (12.326758737000034 51.307293840000057)",Unfall 227785 (2021) Kat:3, Licht: 2,227785,3,2,5,10,19,6,0,2,0,1,0,0,0,0
"POINT (12.373349183000073 51.318569960000048)",Unfall 227787 (2021) Kat:3, Licht: 0,227787,3,3,5,12,11,2,0,0,1,0,0,0,0,1
"POINT (12.390856956000050 51.338667150000049)",Unfall 227788 (2021) Kat:3, Licht: 1,227788,3,2,2,10,06,5,1,1,0,1,0,0,0,0
"POINT (12.353684980000025 51.365192365000041)",Unfall 227793 (2021) Kat:3, Licht: 1,227793,3,4,6,11,07,2,1,1,1,0,1,0,0,0
"POINT (12.397980976000042 51.363379743000053)",Unfall 227796 (2021) Kat:3, Licht: 1,227796,3,2,6,11,16,2,0,1,0,1,1,0,0,0
"POINT (12.314513337000051 51.286551537000037)",Unfall 227797 (2021) Kat:3, Licht: 2,227797,3,6,3,10,21,6,0,2,1,0,0,0,0,0
"POINT (12.371122590000027 51.336463659000060)",Unfall 227799 (2021) Kat:3, Licht: 1,227799,3,2,5,12,16,7,0,1,0,1,0,0,0,1
"POINT (12.385677359000056 51.366759232000049)",Unfall 227803 (2021) Kat:3, Licht: 0,227803,3,2,3,10,11,6,0,0,1,1,0,0,0,0
"POINT (12.301503747000027 51.315219645000070)",Unfall 227805 (2021) Kat:3, Licht: 2,227805,3,1,8,12,19,6,1,2,0,1,0,0,0,0
"POINT (12.375111349000065 51.359732263000069)",Unfall 227807 (2021) Kat:3, Licht: 0,227807,3,3,5,12,14,5,0,0,1,1,0,0,0,0
"POINT (12.421424529000035 51.379234677000056)",Unfall 227808 (2021) Kat:3, Licht: 0,227808,3,3,5,11,10,6,0,0,1,1,0,0,0,0
"POINT (12.374126493000063 51.303383962000055)",Unfall 227810 (2021) Kat:3, Licht: 2,227810,3,3,5,11,06,3,1,2,0,1,0,0,0,1
"POINT (12.298450188000061 51.321517431000075)",Unfall 227811 (2021) Kat:2, Licht: 0,227811,2,1,1,11,08,1,0,0,1,0,0,0,0,1
"POINT (12.407494153000073 51.351254071000028)",Unfall 227813 (2021) Kat:3, Licht: 0,227813,3,4,6,10,16,3,0,0,1,0,1,0,0,0
"POINT (12.445608461000063 51.347214718000032)",Unfall 227815 (2021) Kat:3, Licht: 2,227815,3,6,0,10,20,7,0,2,0,1,0,0,0,1
"POINT (12.365682786000036 51.321029702000033)",Unfall 227820 (2021) Kat:3, Licht: 0,227820,3,2,5,11,07,6,1,0,1,1,0,0,0,0
"POINT (12.445477447000030 51.346890169000062)",Unfall 227821 (2021) Kat:3, Licht: 0,227821,3,6,3,11,15,7,0,0,0,1,0,0,0,0
"POINT (12.376962807000041 51.343912942000031)",Unfall 227822 (2021) Kat:3, Licht: 0,227822,3,3,5,10,17,3,1,0,1,0,0,0,0,0
"POINT (12.385375124000063 51.343573129000049)",Unfall 227824 (2021) Kat:3, Licht: 2,227824,3,3,5,12,18,4,1,2,0,1,0,0,0,1
"POINT (12.368205538000041 51.288624229000050)",Unfall 227826 (2021) Kat:3, Licht: 0,227826,3,6,0,10,15,1,0,0,1,0,0,0,0,0
"POINT (12.405905827000026 51.331763458000069)",Unfall 227833 (2021) Kat:3, Licht: 0,227833,3,2,6,10,10,2,0,0,0,1,1,0,0,0
"POINT (12.434151042000053 51.379838318000054)",Unfall 227837 (2021) Kat:3, Licht: 2,227837,3,4,6,10,19,6,0,2,0,1,1,0,0,0
"POINT (12.396152799000049 51.339047184000037)",Unfall 227840 (2021) Kat:3, Licht: 1,227840,3,1,0,10,17,6,1,1,1,0,0,0,0,0
"POINT (12.427934377000042 51.358673013000043)",Unfall 227844 (2021) Kat:3, Licht: 0,227844,3,2,5,10,10,5,0,0,1,1,0,0,0,0
"POINT (12.307686404000037 51.311977164000041)",Unfall 227847 (2021) Kat:3, Licht: 0,227847,3,3,5,10,11,4,0,0,0,1,0,0,0,0
"POINT (12.385450290000051 51.340476692000038)",Unfall 227850 (2021) Kat:3, Licht: 1,227850,3,2,5,11,17,3,1,1,1,1,0,0,0,0
"POINT (12.373751737000077 51.331161616000031)",Unfall 227852 (2021) Kat:3, Licht: 2,227852,3,2,5,11,18,4,0,2,1,1,0,0,0,0
"POINT (12.365570344000048 51.339605196000036)",Unfall 227856 (2021) Kat:3, Licht: 2,227856,3,3,5,10,20,7,0,2,1,1,0,0,0,0
"POINT (12.406072007000034 51.346530208000047)",Unfall 227862 (2021) Kat:3, Licht: 0,227862,3,5,1,11,07,6,1,0,0,1,0,0,0,1
"POINT (12.363893211000061 51.371861500000080)",Unfall 227868 (2021) Kat:3, Licht: 2,227868,3,2,3,10,19,6,1,2,1,1,0,0,0,0
"POINT (12.430564094000033 51.365728096000055)",Unfall 227874 (2021) Kat:3, Licht: 0,227874,3,2,5,11,10,2,0,0,0,1,0,0,0,0
"POINT (12.453100816000074 51.345518024000057)",Unfall 227878 (2021) Kat:3, Licht: 0,227878,3,3,5,12,12,4,1,0,0,1,0,0,0,0
"POINT (12.396464525000056 51.306062571000041)",Unfall 227882 (2021) Kat:3, Licht: 0,227882,3,5,1,09,08,5,0,0,1,1,0,0,0,0
"POINT (12.387946341000031 51.293305038000028)",Unfall 227883 (2021) Kat:3, Licht: 0,227883,3,5,1,10,17,4,0,0,0,1,0,0,0,0
"POINT (12.338799386000062 51.370373199000028)",Unfall 227884 (2021) Kat:3, Licht: 0,227884,3,3,5,12,10,5,0,0,1,1,0,0,0,0
"POINT (12.378620274000070 51.324320094000029)",Unfall 227888 (2021) Kat:3, Licht: 0,227888,3,5,1,12,14,7,0,0,1,1,0,0,0,0
"POINT (12.342643646000056 51.332278223000060)",Unfall 227889 (2021) Kat:3, Licht: 2,227889,3,3,5,12,18,3,1,2,1,1,0,0,0,0
"POINT (12.445324498000048 51.346319684000036)",Unfall 227894 (2021) Kat:3, Licht: 0,227894,3,2,2,10,07,6,0,0,0,1,0,0,0,0
"POINT (12.424989839000034 51.369034852000027)",Unfall 227897 (2021) Kat:2, Licht: 1,227897,2,3,5,10,17,6,1,1,0,1,0,1,0,0
"POINT (12.299526476000040 51.316270708000047)",Unfall 227900 (2021) Kat:3, Licht: 0,227900,3,2,2,10,16,5,0,0,0,1,0,0,0,1
"POINT (12.382735196000056 51.382228587000043)",Unfall 227902 (2021) Kat:3, Licht: 0,227902,3,2,3,10,13,5,1,0,0,0,0,0,0,1
"POINT (12.344563644000061 51.339706586000034)",Unfall 227903 (2021) Kat:2, Licht: 2,227903,2,3,5,12,19,3,1,2,1,1,0,0,0,0
"POINT (12.478893644000038 51.345793387000072)",Unfall 227905 (2021) Kat:3, Licht: 2,227905,3,4,6,12,17,2,0,2,0,1,1,0,0,0
"POINT (12.293063898000071 51.359310631000028)",Unfall 227909 (2021) Kat:3, Licht: 2,227909,3,1,0,12,20,3,1,2,1,0,0,0,0,0
"POINT (12.357046723000053 51.361606175000077)",Unfall 227916 (2021) Kat:3, Licht: 0,227916,3,5,3,12,13,6,0,0,0,1,0,1,0,0
"POINT (12.383758965000027 51.343351680000069)",Unfall 227917 (2021) Kat:3, Licht: 2,227917,3,7,0,11,19,6,0,2,0,0,0,0,0,1
"POINT (12.370224139000072 51.325995674000069)",Unfall 227930 (2021) Kat:3, Licht: 2,227930,3,2,5,11,18,5,1,2,0,1,0,0,0,0
"POINT (12.385962327000072 51.363663280000026)",Unfall 227931 (2021) Kat:3, Licht: 0,227931,3,2,3,10,10,2,1,0,1,1,0,0,0,0
"POINT (12.365596202000063 51.339593289000049)",Unfall 227938 (2021) Kat:3, Licht: 0,227938,3,2,5,10,14,4,0,0,0,1,0,0,0,1
"POINT (12.371197668000036 51.329110287000049)",Unfall 227940 (2021) Kat:3, Licht: 2,227940,3,7,6,11,19,2,0,2,0,1,1,0,0,0
"POINT (12.405571983000073 51.331100814000081)",Unfall 227945 (2021) Kat:3, Licht: 0,227945,3,4,6,10,14,7,0,0,1,0,1,0,0,0
"POINT (12.373699555000030 51.324306075000038)",Unfall 227948 (2021) Kat:3, Licht: 0,227948,3,4,6,11,08,5,1,0,1,0,1,0,0,0
"POINT (12.406406226000058 51.368740530000082)",Unfall 227949 (2021) Kat:3, Licht: 0,227949,3,3,5,10,14,2,0,0,1,1,0,0,0,0
"POINT (12.323891714000069 51.320390553000038)",Unfall 227955 (2021) Kat:3, Licht: 0,227955,3,2,5,10,14,5,1,0,1,1,0,0,0,0
"POINT (12.452816399000028 51.379498945000080)",Unfall 227958 (2021) Kat:3, Licht: 0,227958,3,6,3,11,11,5,0,0,1,1,0,0,0,0
"POINT (12.370527886000048 51.361291872000038)",Unfall 227959 (2021) Kat:3, Licht: 2,227959,3,2,5,11,17,4,1,2,0,1,0,0,0,0
"POINT (12.378018668000038 51.348007608000046)",Unfall 227962 (2021) Kat:3, Licht: 0,227962,3,5,5,10,11,6,0,0,1,1,0,0,0,0
"POINT (12.334175771000048 51.371115295000038)",Unfall 227965 (2021) Kat:3, Licht: 0,227965,3,7,6,10,08,3,1,0,0,1,0,0,0,1
"POINT (12.407637139000030 51.339303293000057)",Unfall 227970 (2021) Kat:3, Licht: 2,227970,3,3,5,11,17,3,0,2,0,1,0,0,0,0
"POINT (12.409132927000030 51.345360873000061)",Unfall 227972 (2021) Kat:3, Licht: 1,227972,3,3,5,12,17,4,0,1,0,1,0,1,0,0
"POINT (12.340265627000065 51.330359709000049)",Unfall 227975 (2021) Kat:3, Licht: 2,227975,3,6,5,11,20,2,0,2,1,1,0,0,0,0
"POINT (12.377007085000059 51.390181095000059)",Unfall 227976 (2021) Kat:3, Licht: 0,227976,3,3,5,09,11,5,0,0,1,1,0,0,0,0
"POINT (12.445120585000041 51.342603026000063)",Unfall 227986 (2021) Kat:3, Licht: 2,227986,3,3,5,10,06,6,0,2,1,1,0,0,0,0
"POINT (12.355393152000033 51.362037897000050)",Unfall 227987 (2021) Kat:3, Licht: 0,227987,3,1,7,10,16,6,0,0,0,1,0,0,0,0
"POINT (12.403869196000073 51.328330048000055)",Unfall 227988 (2021) Kat:3, Licht: 0,227988,3,3,5,09,07,4,0,0,0,1,0,0,0,1
"POINT (12.267789045000029 51.321498811000026)",Unfall 227993 (2021) Kat:3, Licht: 0,227993,3,4,6,10,08,6,0,0,0,1,1,0,0,0
"POINT (12.371115540000062 51.335718831000065)",Unfall 227994 (2021) Kat:3, Licht: 0,227994,3,2,2,12,10,4,0,0,0,1,0,0,0,0
"POINT (12.341165063000062 51.332356071000049)",Unfall 227995 (2021) Kat:3, Licht: 2,227995,3,3,5,12,01,6,1,2,1,1,0,0,0,0
"POINT (12.379716236000036 51.346112140000059)",Unfall 227998 (2021) Kat:3, Licht: 0,227998,3,6,2,12,09,5,0,0,0,1,0,0,0,1
"POINT (12.348147301000040 51.366492140000048)",Unfall 228001 (2021) Kat:3, Licht: 1,228001,3,2,5,11,17,2,0,1,0,1,0,0,0,0
"POINT (12.285895636000078 51.330947640000034)",Unfall 228009 (2021) Kat:3, Licht: 0,228009,3,3,5,10,15,2,0,0,1,1,0,0,0,0
"POINT (12.404918630000054 51.326614892000066)",Unfall 228010 (2021) Kat:3, Licht: 0,228010,3,1,0,11,09,3,1,0,1,0,0,0,0,0
"POINT (12.373793181000053 51.324215497000068)",Unfall 228014 (2021) Kat:3, Licht: 2,228014,3,3,5,10,22,3,0,2,1,1,0,0,0,0
"POINT (12.303076514000054 51.314414788000079)",Unfall 228023 (2021) Kat:3, Licht: 2,228023,3,2,5,11,21,5,1,2,0,1,0,0,0,0
"POINT (12.342267730000060 51.338580509000053)",Unfall 228025 (2021) Kat:3, Licht: 0,228025,3,1,0,12,10,6,1,0,1,0,0,0,0,0
"POINT (12.453214163000041 51.345483971000078)",Unfall 228028 (2021) Kat:2, Licht: 2,228028,2,4,6,12,19,7,1,2,0,1,1,0,0,0
"POINT (12.331250261000037 51.349648807000051)",Unfall 228030 (2021) Kat:3, Licht: 0,228030,3,3,5,11,13,1,0,0,1,1,0,0,0,0
"POINT (12.342224664000071 51.338484065000046)",Unfall 228035 (2021) Kat:2, Licht: 0,228035,2,1,0,11,12,2,1,0,1,0,0,0,0,0
"POINT (12.333595613000057 51.324715633000039)",Unfall 228042 (2021) Kat:3, Licht: 0,228042,3,3,5,10,15,2,0,0,1,1,0,0,0,0
"POINT (12.377571294000063 51.301901303000079)",Unfall 228043 (2021) Kat:3, Licht: 0,228043,3,6,2,12,14,5,1,0,1,1,0,0,0,0
"POINT (12.399471484000060 51.376400564000051)",Unfall 228052 (2021) Kat:3, Licht: 0,228052,3,3,5,10,11,2,0,0,1,1,0,0,0,0
"POINT (12.378470453000034 51.320442611000033)",Unfall 228053 (2021) Kat:3, Licht: 0,228053,3,4,6,10,16,6,0,0,0,0,1,0,0,1
"POINT (12.354846896000026 51.364922762000049)",Unfall 228055 (2021) Kat:3, Licht: 2,228055,3,6,3,12,07,4,0,2,1,1,0,0,0,0
"POINT (12.406599362000065 51.338105326000061)",Unfall 228061 (2021) Kat:3, Licht: 2,228061,3,6,2,11,18,1,1,2,0,1,0,0,0,0
"POINT (12.373710319000054 51.331208650000065)",Unfall 228065 (2021) Kat:3, Licht: 0,228065,3,3,5,10,13,6,0,0,1,1,0,0,0,0
"POINT (12.400923029000069 51.301662688000079)",Unfall 228069 (2021) Kat:3, Licht: 0,228069,3,3,5,10,11,5,0,0,0,1,0,0,0,0
"POINT (12.324384236000071 51.373036628000079)",Unfall 228072 (2021) Kat:3, Licht: 0,228072,3,2,2,11,11,7,1,0,0,1,0,0,0,0
"POINT (12.372658086000058 51.362585664000051)",Unfall 228073 (2021) Kat:3, Licht: 1,228073,3,2,5,10,17,2,1,1,0,1,0,0,0,1
"POINT (12.403528172000051 51.284700336000071)",Unfall 228074 (2021) Kat:3, Licht: 0,228074,3,5,1,12,12,3,0,0,1,1,0,0,0,0
"POINT (12.376950163000060 51.343827159000057)",Unfall 228079 (2021) Kat:3, Licht: 0,228079,3,6,2,10,13,4,0,0,1,1,0,0,0,0
"POINT (12.408054587000038 51.326782826000056)",Unfall 228083 (2021) Kat:3, Licht: 0,228083,3,4,6,10,10,6,0,0,0,1,1,0,0,0
"POINT (12.369445096000049 51.360089986000048)",Unfall 228088 (2021) Kat:3, Licht: 0,228088,3,3,5,09,12,3,0,0,0,1,0,0,0,1
"POINT (12.374648123000043 51.347737292000033)",Unfall 228094 (2021) Kat:3, Licht: 0,228094,3,3,5,10,12,5,0,0,0,1,0,1,0,0
"POINT (12.405715655000051 51.351552723000054)",Unfall 228095 (2021) Kat:3, Licht: 2,228095,3,2,3,10,19,4,1,2,1,1,0,0,0,0
"POINT (12.361242704000063 51.362022670000044)",Unfall 228097 (2021) Kat:3, Licht: 0,228097,3,2,6,11,07,2,0,0,0,1,1,0,0,0
"POINT (12.362658459000045 51.321048947000065)",Unfall 228098 (2021) Kat:3, Licht: 0,228098,3,2,3,12,09,2,0,0,0,1,0,0,1,0
"POINT (12.420011781000028 51.379171937000081)",Unfall 228101 (2021) Kat:3, Licht: 0,228101,3,3,5,10,10,6,0,0,1,0,0,0,0,1
"POINT (12.341171121000059 51.332347638000044)",Unfall 228108 (2021) Kat:3, Licht: 2,228108,3,2,2,10,20,7,0,2,0,1,0,0,0,0
"POINT (12.291682716000025 51.321272442000065)",Unfall 228109 (2021) Kat:3, Licht: 0,228109,3,3,5,12,15,4,1,0,1,1,0,0,0,0