WKT,Name,OBJECTID,UKATEGORIE,UTYP1,UART,UMONAT,USTUNDE,UWOCHENTAG,STRZUSTAND,ULICHTVERH,ISTRAD,ISTPKW,ISTFUSS,ISTKRAD,ISTGKFZ,ISTSONSTIG
"POINT (12.331924498000035 51.340299889000050)",Unfall 228115 (2021) Kat:3, Licht: 0,228115,3,3,5,10,14,2,0,0,1,1,0,0,0,0
"POINT (12.387805412000034 51.352696524000066)",Unfall 228116 (2021) Kat:3, Licht: 0,228116,3,6,2,11,07,4,0,0,0,1,0,0,0,0
"POINT (12.376678152000068 51.355798111000070)",Unfall 228119 (2021) Kat:3, Licht: 1,228119,3,7,8,10,17,2,0,1,1,0,0,0,0,0
"POINT (12.373621495000066 51.327510503000042)",Unfall 228125 (2021) Kat:3, Licht: 0,228125,3,6,3,10,12,5,0,0,1,1,0,0,0,0
"POINT (12.384062294000046 51.336206654000080)",Unfall 228132 (2021) Kat:3, Licht: 0,228132,3,3,5,10,13,5,0,0,0,1,0,0,0,0
"POINT (12.413934643000061 51.356776326000045)",Unfall 228135 (2021) Kat:3, Licht: 0,228135,3,5,1,10,15,3,1,0,0,1,0,1,0,0
"POINT (12.379872121000062 51.394324615000073)",Unfall 228142 (2021) Kat:3, Licht: 0,228142,3,5,1,10,09,4,0,0,1,1,0,0,0,0
"POINT (12.511164924000070 51.313041172000055)",Unfall 228143 (2021) Kat:3, Licht: 0,228143,3,7,4,11,08,6,0,0,0,1,0,0,0,0
"POINT (12.457932394000068 51.351972085000057)",Unfall 228145 (2021) Kat:3, Licht: 1,228145,3,2,6,11,17,6,0,1,0,1,1,0,0,0
"POINT (12.376329709000061 51.336883113000056)",Unfall 228148 (2021) Kat:3, Licht: 0,228148,3,3,5,11,15,4,0,0,1,1,0,0,0,0
"POINT (12.313338247000047 51.347886852000045)",Unfall 228149 (2021) Kat:3, Licht: 0,228149,3,2,3,10,12,6,0,0,1,1,0,0,0,0
"POINT (12.394269631000043 51.346154966000029)",Unfall 228152 (2021) Kat:3, Licht: 0,228152,3,2,6,10,07,5,0,0,0,1,1,0,0,0
"POINT (12.378360263000047 51.334553001000074)",Unfall 228157 (2021) Kat:3, Licht: 0,228157,3,3,5,10,15,5,0,0,1,1,0,0,0,0
"POINT (12.387264519000041 51.309255940000071)",Unfall 228159 (2021) Kat:3, Licht: 2,228159,3,2,2,11,17,2,0,2,1,0,0,0,0,1
"POINT (12.371235806000072 51.329435788000069)",Unfall 228165 (2021) Kat:3, Licht: 0,228165,3,6,6,09,10,5,0,0,1,0,1,0,0,0
"POINT (12.361903719000054 51.374521890000040)",Unfall 228168 (2021) Kat:3, Licht: 0,228168,3,4,6,10,17,2,0,0,0,1,1,0,0,0
"POINT (12.397646991000045 51.391672256000049)",Unfall 228171 (2021) Kat:3, Licht: 0,228171,3,3,0,11,10,2,0,0,0,0,0,0,1,1
"POINT (12.447150627000042 51.345954309000035)",Unfall 228184 (2021) Kat:3, Licht: 0,228184,3,7,3,09,14,5,0,0,0,1,0,0,0,0
"POINT (12.365709436000031 51.363461597000025)",Unfall 228194 (2021) Kat:3, Licht: 0,228194,3,3,5,10,17,5,0,0,0,1,0,0,0,1
"POINT (12.327371254000070 51.329690515000038)",Unfall 228197 (2021) Kat:3, Licht: 2,228197,3,6,3,11,18,3,1,2,1,0,0,0,0,0
"POINT (12.367575322000050 51.325238564000074)",Unfall 228199 (2021) Kat:3, Licht: 0,228199,3,1,1,10,14,2,0,0,0,1,0,0,0,0
"POINT (12.341587259000050 51.318540940000048)",Unfall 228203 (2021) Kat:3, Licht: 0,228203,3,6,2,10,15,4,0,0,0,1,0,0,0,0
"POINT (12.413904978000062 51.359472500000038)",Unfall 228204 (2021) Kat:3, Licht: 2,228204,3,4,6,11,06,6,0,2,0,1,1,0,0,0
"POINT (12.396250776000045 51.306165417000045)",Unfall 228207 (2021) Kat:3, Licht: 0,228207,3,3,5,11,12,7,0,0,1,1,0,0,0,0
"POINT (12.380235343000038 51.329674012000055)",Unfall 228210 (2021) Kat:3, Licht: 0,228210,3,6,4,11,15,6,0,0,1,0,0,0,0,0
"POINT (12.400519430000031 51.346575199000029)",Unfall 228213 (2021) Kat:3, Licht: 0,228213,3,3,5,10,16,6,0,0,1,1,0,0,0,0
"POINT (12.318809045000023 51.329723347000026)",Unfall 228215 (2021) Kat:3, Licht: 0,228215,3,7,0,12,13,3,0,0,1,0,0,0,0,0
"POINT (12.336593336000021 51.328874825000071)",Unfall 228218 (2021) Kat:3, Licht: 0,228218,3,2,6,11,10,4,0,0,0,1,1,0,0,0
"POINT (12.315126570000075 51.330298492000054)",Unfall 228223 (2021) Kat:3, Licht: 0,228223,3,2,5,10,11,3,1,0,1,1,0,0,0,0
"POINT (12.459139654000069 51.401918230000035)",Unfall 228224 (2021) Kat:3, Licht: 2,228224,3,3,5,12,17,2,0,2,1,1,0,0,0,0
"POINT (12.330587589000061 51.303744693000056)",Unfall 228227 (2021) Kat:3, Licht: 2,228227,3,7,6,11,18,2,1,2,0,1,1,0,0,0
"POINT (12.406348950000051 51.355463452000038)",Unfall 228229 (2021) Kat:3, Licht: 2,228229,3,4,6,10,06,3,1,2,1,0,1,0,0,0
"POINT (12.393235838000066 51.336943151000071)",Unfall 228231 (2021) Kat:3, Licht: 0,228231,3,3,5,11,12,7,0,0,1,1,0,0,0,0
"POINT (12.443229433000056 51.291129831000035)",Unfall 228239 (2021) Kat:3, Licht: 1,228239,3,3,5,09,07,3,1,1,1,1,0,0,0,0
"POINT (12.377415883000026 51.349314974000038)",Unfall 228244 (2021) Kat:3, Licht: 0,228244,3,4,6,10,15,2,0,0,0,0,1,0,0,1
"POINT (12.421575512000061 51.343684096000061)",Unfall 228247 (2021) Kat:2, Licht: 0,228247,2,1,0,12,14,4,0,0,0,0,0,1,0,0
"POINT (12.408661341000027 51.359995679000065)",Unfall 228253 (2021) Kat:3, Licht: 0,228253,3,3,5,11,15,2,0,0,1,1,0,0,0,0
"POINT (12.396062114000074 51.306153331000075)",Unfall 228258 (2021) Kat:3, Licht: 0,228258,3,6,6,11,12,5,1,0,1,0,1,0,0,0
"POINT (12.370656623000059 51.338189743000044)",Unfall 228260 (2021) Kat:3, Licht: 0,228260,3,7,1,10,09,1,0,0,1,1,0,0,0,0
"POINT (12.367380638000043 51.287609314000065)",Unfall 228269 (2021) Kat:3, Licht: 0,228269,3,3,3,11,11,4,0,0,1,1,0,0,0,0
"POINT (12.407593084000041 51.351294624000047)",Unfall 228271 (2021) Kat:3, Licht: 0,228271,3,2,5,10,12,1,0,0,1,1,0,0,0,0
"POINT (12.322740360000068 51.304481256000031)",Unfall 228272 (2021) Kat:3, Licht: 0,228272,3,2,6,11,11,3,0,0,0,1,1,0,0,0
"POINT (12.430564156000059 51.365693634000081)",Unfall 228274 (2021) Kat:2, Licht: 0,228274,2,2,5,10,11,5,0,0,0,1,0,0,0,0
"POINT (12.458819912000024 51.352596569000070)",Unfall 228277 (2021) Kat:3, Licht: 0,228277,3,4,6,10,15,5,0,0,0,0,1,0,0,1
"POINT (12.416620300000034 51.315290938000032)",Unfall 228278 (2021) Kat:3, Licht: 2,228278,3,1,8,12,22,7,1,2,0,1,0,0,0,0
"POINT (12.315411225000048 51.355914676000054)",Unfall 228280 (2021) Kat:3, Licht: 0,228280,3,1,0,11,12,7,1,0,1,0,0,0,0,0
"POINT (12.391018327000040 51.338651185000060)",Unfall 228282 (2021) Kat:3, Licht: 2,228282,3,2,6,12,07,2,1,2,0,1,1,0,0,0
"POINT (12.386632705000068 51.335847128000069)",Unfall 228287 (2021) Kat:3, Licht: 0,228287,3,3,5,10,11,3,1,0,1,1,0,0,0,0
"POINT (12.406011216000024 51.335935452000058)",Unfall 228288 (2021) Kat:3, Licht: 2,228288,3,2,5,12,18,1,0,2,1,1,0,0,0,0
"POINT (12.363525817000038 51.362989655000035)",Unfall 228291 (2021) Kat:3, Licht: 0,228291,3,7,5,11,10,6,0,0,1,1,0,0,0,0
"POINT (12.422116204000076 51.319620201000077)",Unfall 228295 (2021) Kat:3, Licht: 2,228295,3,3,5,10,21,3,0,2,0,1,0,0,0,0
"POINT (12.367401899000072 51.341144100000065)",Unfall 228297 (2021) Kat:3, Licht: 0,228297,3,6,2,09,12,3,1,0,0,1,0,0,0,0
"POINT (12.450564869000061 51.347589080000034)",Unfall 228299 (2021) Kat:3, Licht: 2,228299,3,1,1,10,05,1,0,2,0,1,0,1,0,1
"POINT (12.334036092000076 51.319345491000036)",Unfall 228301 (2021) Kat:3, Licht: 0,228301,3,2,5,11,09,4,0,0,1,1,0,0,0,0
"POINT (12.374643739000021 51.320707137000056)",Unfall 228302 (2021) Kat:3, Licht: 1,228302,3,6,3,10,07,2,0,1,0,1,0,0,0,1
"POINT (12.281422758000076 51.311585996000076)",Unfall 228305 (2021) Kat:3, Licht: 2,228305,3,2,5,12,18,3,0,2,0,1,0,1,0,0
"POINT (12.407349551000038 51.340538348000052)",Unfall 228311 (2021) Kat:3, Licht: 0,228311,3,2,5,11,09,2,0,0,1,1,0,0,0,0
"POINT (12.409024271000021 51.344519990000038)",Unfall 228315 (2021) Kat:3, Licht: 0,228315,3,3,5,10,13,6,0,0,0,1,0,0,0,0
"POINT (12.390700243000026 51.344844881000029)",Unfall 228318 (2021) Kat:3, Licht: 2,228318,3,4,6,11,00,1,0,2,0,1,1,0,0,0
"POINT (12.333882122000034 51.319442763000040)",Unfall 228319 (2021) Kat:3, Licht: 2,228319,3,1,0,12,03,6,0,2,1,0,0,0,0,0
"POINT (12.324371379000070 51.320385093000027)",Unfall 228321 (2021) Kat:2, Licht: 0,228321,2,1,0,11,08,6,1,0,1,0,0,0,0,0
"POINT (12.373415909000073 51.320842656000082)",Unfall 228322 (2021) Kat:3, Licht: 0,228322,3,6,3,10,09,2,0,0,1,1,0,0,0,0
"POINT (12.373481559000027 51.329700873000036)",Unfall 228325 (2021) Kat:3, Licht: 0,228325,3,3,5,10,09,6,0,0,0,1,0,1,0,0
"POINT (12.362806964000072 51.367747792000046)",Unfall 228328 (2021) Kat:2, Licht: 0,228328,2,2,5,10,15,4,0,0,1,0,0,0,0,1
"POINT (12.373605618000056 51.330479317000027)",Unfall 228329 (2021) Kat:3, Licht: 2,228329,3,6,2,11,16,3,1,2,0,1,0,0,0,0
"POINT (12.395071730000041 51.323952845000065)",Unfall 228331 (2021) Kat:2, Licht: 1,228331,2,3,5,10,18,2,0,1,1,1,0,0,0,0
"POINT (12.414981100000034 51.345408812000073)",Unfall 228333 (2021) Kat:2, Licht: 0,228333,2,4,6,10,12,6,0,0,0,1,1,0,0,0
"POINT (12.387321014000065 51.338075211000046)",Unfall 228338 (2021) Kat:3, Licht: 2,228338,3,4,6,11,18,7,0,2,0,1,1,0,0,0
"POINT (12.406688614000075 51.341056422000065)",Unfall 228339 (2021) Kat:3, Licht: 0,228339,3,6,2,11,12,7,0,0,0,1,0,0,0,0
"POINT (12.366847991000043 51.333358072000067)",Unfall 228345 (2021) Kat:3, Licht: 1,228345,3,2,5,09,06,5,0,1,1,1,0,0,0,0
"POINT (12.315377701000045 51.379953691000026)",Unfall 228362 (2021) Kat:3, Licht: 2,228362,3,3,5,12,22,4,1,2,0,1,0,0,0,0
"POINT (12.308338252000055 51.274017965000041)",Unfall 228364 (2021) Kat:3, Licht: 0,228364,3,3,5,10,14,5,0,0,1,0,0,0,1,0
"POINT (12.371242489000053 51.389432286000044)",Unfall 228368 (2021) Kat:3, Licht: 0,228368,3,2,5,10,13,5,0,0,1,1,0,0,0,0
"POINT (12.392949102000046 51.400192870000069)",Unfall 228371 (2021) Kat:3, Licht: 0,228371,3,2,4,11,14,3,0,0,0,1,0,0,0,0
"POINT (12.390278961000035 51.344706065000082)",Unfall 228376 (2021) Kat:3, Licht: 1,228376,3,6,4,10,06,3,1,1,1,0,0,0,0,0
"POINT (12.430855726000061 51.365695108000068)",Unfall 228380 (2021) Kat:3, Licht: 0,228380,3,3,5,11,09,6,1,0,0,1,0,0,0,0
"POINT (12.272019773000068 51.309330278000061)",Unfall 228389 (2021) Kat:3, Licht: 0,228389,3,6,6,12,11,4,0,0,0,1,1,0,0,0
"POINT (12.359837145000029 51.363716264000061)",Unfall 228392 (2021) Kat:3, Licht: 0,228392,3,6,2,10,17,6,0,0,0,1,0,0,0,0
"POINT (12.408243827000035 51.340077781000048)",Unfall 228393 (2021) Kat:3, Licht: 2,228393,3,1,0,12,22,7,1,2,1,0,0,0,0,0
"POINT (12.327287215000069 51.315388999000049)",Unfall 228399 (2021) Kat:3, Licht: 0,228399,3,3,5,11,13,5,0,0,1,1,0,0,0,0
"POINT (12.380940449000036 51.342040859000065)",Unfall 228400 (2021) Kat:3, Licht: 0,228400,3,3,5,11,07,4,1,0,0,0,0,0,1,1
"POINT (12.373687698000026 51.332839195000076)",Unfall 228407 (2021) Kat:3, Licht: 2,228407,3,2,5,12,16,4,0,2,1,1,0,0,0,0
"POINT (12.335816890000046 51.327641288000052)",Unfall 228408 (2021) Kat:3, Licht: 0,228408,3,3,5,10,12,4,0,0,0,1,0,1,0,0
"POINT (12.415325117000066 51.345610688000079)",Unfall 228411 (2021) Kat:3, Licht: 0,228411,3,6,3,09,07,3,1,0,1,0,0,0,0,0
"POINT (12.383850507000034 51.352102503000026)",Unfall 228414 (2021) Kat:3, Licht: 0,228414,3,6,2,10,11,6,0,0,0,1,0,0,1,0
"POINT (12.299549360000071 51.316257698000072)",Unfall 228422 (2021) Kat:3, Licht: 1,228422,3,2,6,11,16,4,0,1,0,1,1,0,0,0
"POINT (12.479398745000026 51.350604395000062)",Unfall 228424 (2021) Kat:3, Licht: 0,228424,3,3,5,10,16,2,0,0,1,1,0,0,0,0
"POINT (12.348581247000027 51.368134966000071)",Unfall 228425 (2021) Kat:3, Licht: 2,228425,3,3,5,11,17,3,0,2,0,1,0,0,0,0
"POINT (12.355534841000065 51.338051367000048)",Unfall 228438 (2021) Kat:3, Licht: 0,228438,3,7,0,11,14,5,0,0,1,0,0,0,0,0
"POINT (12.400688942000045 51.306512507000036)",Unfall 228440 (2021) Kat:3, Licht: 0,228440,3,2,6,12,10,2,1,0,0,1,1,0,0,0
"POINT (12.403187631000037 51.345678967000026)",Unfall 228443 (2021) Kat:3, Licht: 2,228443,3,6,3,10,18,6,0,2,1,1,0,0,0,0
"POINT (12.460307513000032 51.368400641000051)",Unfall 228445 (2021) Kat:2, Licht: 0,228445,2,2,5,12,14,5,0,0,0,1,0,0,0,0
"POINT (12.344613930000037 51.319544182000072)",Unfall 228447 (2021) Kat:2, Licht: 1,228447,2,4,6,11,07,5,1,1,0,1,1,0,0,1
"POINT (12.406960167000022 51.338106069000048)",Unfall 228449 (2021) Kat:3, Licht: 0,228449,3,7,0,10,13,6,0,0,1,0,0,0,0,0
"POINT (12.376048093000065 51.355603605000056)",Unfall 228453 (2021) Kat:2, Licht: 2,228453,2,1,8,11,06,6,0,2,0,1,0,0,0,0
"POINT (12.416686465000055 51.359305229000029)",Unfall 228454 (2021) Kat:3, Licht: 0,228454,3,4,6,10,13,4,0,0,0,1,1,0,0,0
"POINT (12.373156628000061 51.324232570000049)",Unfall 228458 (2021) Kat:3, Licht: 0,228458,3,3,5,10,11,2,0,0,1,1,0,0,0,0
"POINT (12.371561014000065 51.354616420000070)",Unfall 228464 (2021) Kat:3, Licht: 2,228464,3,3,5,10,19,7,0,2,0,1,0,0,0,0
"POINT (12.366442065000058 51.366125161000070)",Unfall 228470 (2021) Kat:3, Licht: 0,228470,3,2,0,12,14,7,1,0,1,1,0,0,0,0
"POINT (12.423438203000046 51.319882558000074)",Unfall 228478 (2021) Kat:3, Licht: 0,228478,3,2,6,11,11,2,1,0,0,1,1,0,0,0
"POINT (12.366352150000068 51.336309408000034)",Unfall 228485 (2021) Kat:3, Licht: 0,228485,3,3,5,12,13,3,0,0,1,1,0,0,0,0
"POINT (12.288597003000064 51.323354345000041)",Unfall 228486 (2021) Kat:3, Licht: 0,228486,3,7,0,10,12,2,0,0,0,0,0,0,0,1
"POINT (12.378992090000054 51.359223915000030)",Unfall 228488 (2021) Kat:3, Licht: 2,228488,3,3,5,12,06,3,1,2,1,1,0,0,0,0
"POINT (12.382061177000026 51.332607293000081)",Unfall 228490 (2021) Kat:3, Licht: 0,228490,3,3,5,12,12,4,0,0,1,1,0,0,0,0
"POINT (12.413479483000060 51.345133210000029)",Unfall 228493 (2021) Kat:3, Licht: 0,228493,3,5,1,10,17,3,0,0,1,1,0,0,0,0
"POINT (12.372517977000030 51.323241582000037)",Unfall 228497 (2021) Kat:3, Licht: 0,228497,3,3,5,10,14,3,0,0,0,1,0,0,0,0
"POINT (12.394688072000065 51.376437119000059)",Unfall 228501 (2021) Kat:3, Licht: 2,228501,3,2,5,12,16,2,1,2,1,1,0,0,0,0
"POINT (12.247355414000026 51.318294513000069)",Unfall 228505 (2021) Kat:3, Licht: 0,228505,3,7,1,11,15,5,0,0,0,1,0,0,0,1
"POINT (12.340488417000074 51.337614518000066)",Unfall 228508 (2021) Kat:3, Licht: 1,228508,3,3,5,12,16,5,1,1,1,0,0,0,0,1
"POINT (12.416742126000031 51.332338984000046)",Unfall 228514 (2021) Kat:3, Licht: 2,228514,3,1,1,10,22,2,0,2,0,1,0,1,0,0
"POINT (12.378692069000067 51.345788448000064)",Unfall 228517 (2021) Kat:3, Licht: 0,228517,3,7,0,10,10,6,0,0,0,1,0,0,0,0
"POINT (12.375828458000058 51.366891163000048)",Unfall 228531 (2021) Kat:3, Licht: 2,228531,3,3,5,12,00,1,0,2,0,1,0,0,0,0
"POINT (12.373647908000066 51.333024771000055)",Unfall 228534 (2021) Kat:3, Licht: 2,228534,3,2,3,11,17,7,0,2,1,1,0,0,0,0
"POINT (12.335971123000036 51.341251877000047)",Unfall 228537 (2021) Kat:3, Licht: 0,228537,3,1,5,12,08,2,1,0,1,1,0,0,0,0
"POINT (12.375666679000062 51.308912170000042)",Unfall 228539 (2021) Kat:3, Licht: 2,228539,3,3,5,10,01,7,1,2,1,1,0,0,0,0
"POINT (12.368978808000065 51.311280986000043)",Unfall 228543 (2021) Kat:3, Licht: 0,228543,3,7,2,11,08,3,1,0,0,1,0,1,0,0
"POINT (12.373427837000065 51.329168805000052)",Unfall 228544 (2021) Kat:3, Licht: 0,228544,3,1,0,11,13,7,0,0,1,0,0,0,0,0
"POINT (12.396382717000051 51.308917889000043)",Unfall 228552 (2021) Kat:3, Licht: 0,228552,3,2,3,10,10,6,0,0,0,1,0,0,0,1
"POINT (12.327481199000033 51.335051685000053)",Unfall 228554 (2021) Kat:3, Licht: 0,228554,3,3,5,11,15,4,0,0,1,0,0,0,0,1
"POINT (12.399852947000056 51.334029270000030)",Unfall 238475 (2021) Kat:3, Licht: 2,238475,3,7,0,02,16,4,1,2,1,0,0,0,0,0
"POINT (12.361311184000044 51.352109902000052)",Unfall 238482 (2021) Kat:3, Licht: 0,238482,3,6,4,02,14,3,0,0,1,0,0,0,0,0
"POINT (12.362821021000059 51.335413679000055)",Unfall 238483 (2021) Kat:3, Licht: 0,238483,3,4,6,02,15,5,0,0,1,0,1,0,0,0
"POINT (12.298527222000075 51.413542133000078)",Unfall 238484 (2021) Kat:3, Licht: 0,238484,3,6,4,03,16,4,0,0,1,0,0,0,0,0
"POINT (12.298662509000053 51.372542972000076)",Unfall 238491 (2021) Kat:3, Licht: 0,238491,3,6,4,03,12,5,0,0,1,0,0,0,0,0
"POINT (12.373548050000068 51.343952721000051)",Unfall 238538 (2021) Kat:3, Licht: 0,238538,3,4,6,06,16,5,0,0,1,0,1,0,0,0
"POINT (12.325511211000048 51.273787219000042)",Unfall 238549 (2021) Kat:3, Licht: 0,238549,3,3,5,06,19,2,0,0,1,0,0,0,0,0
"POINT (12.272248865000051 51.309103548000053)",Unfall 238550 (2021) Kat:3, Licht: 0,238550,3,7,0,06,14,6,0,0,1,0,0,0,0,0
"POINT (12.335099646000060 51.361691335000046)",Unfall 238553 (2021) Kat:3, Licht: 0,238553,3,1,0,06,17,7,0,0,1,0,0,0,0,0
"POINT (12.334649458000058 51.283923467000079)",Unfall 238565 (2021) Kat:3, Licht: 0,238565,3,7,0,07,18,2,0,0,1,0,0,0,0,0
"POINT (12.323964026000056 51.270969783000055)",Unfall 238581 (2021) Kat:3, Licht: 0,238581,3,7,6,07,13,5,0,0,1,0,1,0,0,0
"POINT (12.337868209000021 51.356438934000039)",Unfall 238586 (2021) Kat:2, Licht: 2,238586,2,7,0,07,00,2,1,2,1,0,0,0,0,0
"POINT (12.299093684000070 51.373518911000076)",Unfall 238598 (2021) Kat:3, Licht: 0,238598,3,6,4,08,17,4,0,0,1,0,0,0,0,0
"POINT (12.352444659000071 51.281060344000082)",Unfall 238605 (2021) Kat:3, Licht: 0,238605,3,2,4,08,19,4,0,0,1,0,0,0,0,0
"POINT (12.297669085000052 51.317630978000068)",Unfall 238608 (2021) Kat:3, Licht: 0,238608,3,3,5,08,09,2,0,0,1,1,0,0,0,0
"POINT (12.389969052000026 51.303045197000074)",Unfall 238609 (2021) Kat:3, Licht: 0,238609,3,6,3,08,09,5,0,0,1,0,0,0,0,0
"POINT (12.335320264000075 51.360942032000025)",Unfall 238612 (2021) Kat:3, Licht: 0,238612,3,7,0,08,14,6,1,0,1,0,0,0,0,0
"POINT (12.351852493000024 51.333603642000071)",Unfall 238632 (2021) Kat:3, Licht: 0,238632,3,1,0,09,15,7,0,0,1,0,0,0,0,0
"POINT (12.400652796000031 51.363625384000045)",Unfall 238647 (2021) Kat:3, Licht: 2,238647,3,1,4,10,22,6,0,2,1,0,0,0,0,0
"POINT (12.347628995000036 51.334142009000061)",Unfall 238650 (2021) Kat:2, Licht: 0,238650,2,4,6,10,16,5,0,0,1,0,1,0,0,0
"POINT (12.265213059000075 51.313731994000079)",Unfall 238654 (2021) Kat:3, Licht: 0,238654,3,6,4,11,15,1,0,0,1,0,0,0,0,0
"POINT (12.259380610999999 51.310744106000101)",Unfall 129006 (2022) Kat:3, Licht: 2,129006,3,6,2,01,20,6,1,2,0,1,0,0,0,0
"POINT (12.422313497000101 51.351691054000099)",Unfall 129089 (2022) Kat:2, Licht: 0,129089,2,2,5,02,11,6,0,0,1,1,0,0,0,0
"POINT (12.380219578000000 51.344211530999999)",Unfall 129100 (2022) Kat:3, Licht: 0,129100,3,6,1,01,16,7,0,0,0,1,0,0,0,0
"POINT (12.429181798000100 51.353127950999998)",Unfall 129219 (2022) Kat:2, Licht: 0,129219,2,1,4,01,10,3,1,0,0,1,0,0,0,0
"POINT (12.343362479000101 51.394025366000101)",Unfall 129380 (2022) Kat:3, Licht: 0,129380,3,6,2,01,12,4,0,0,0,1,0,0,0,0
"POINT (12.373218997000000 51.314783632999998)",Unfall 129615 (2022) Kat:3, Licht: 2,129615,3,7,0,02,20,5,1,2,1,0,0,0,0,0
"POINT (12.315945120000000 51.414863338000004)",Unfall 129633 (2022) Kat:3, Licht: 0,129633,3,6,3,01,14,5,0,0,0,1,0,0,0,0
"POINT (12.397248579000101 51.369619190999998)",Unfall 129642 (2022) Kat:3, Licht: 0,129642,3,6,2,02,14,3,0,0,0,1,0,0,0,0
"POINT (12.385658007000099 51.376142354000102)",Unfall 129915 (2022) Kat:3, Licht: 2,129915,3,6,2,02,20,5,1,2,0,1,0,0,0,0
"POINT (12.358621315000100 51.342047350000001)",Unfall 129936 (2022) Kat:3, Licht: 2,129936,3,3,5,01,18,5,0,2,1,1,0,0,0,0
"POINT (12.464554130000099 51.305744327000099)",Unfall 130036 (2022) Kat:2, Licht: 0,130036,2,3,5,01,10,3,0,0,1,1,0,0,0,0
"POINT (12.422401485000000 51.306599608000099)",Unfall 130056 (2022) Kat:3, Licht: 0,130056,3,2,5,01,15,2,0,0,0,1,0,0,0,0
"POINT (12.263069884000100 51.344561618000100)",Unfall 130123 (2022) Kat:3, Licht: 0,130123,3,2,5,02,10,7,0,0,1,1,0,0,0,0
"POINT (12.260883564000000 51.307172837000103)",Unfall 130176 (2022) Kat:3, Licht: 0,130176,3,1,8,01,09,2,1,0,0,1,0,0,0,0
"POINT (12.392575716000101 51.334077059999998)",Unfall 130410 (2022) Kat:2, Licht: 2,130410,2,3,5,01,20,7,0,2,0,1,0,0,0,0
"POINT (12.254648302000000 51.281160366000101)",Unfall 130412 (2022) Kat:3, Licht: 2,130412,3,3,5,01,19,3,1,2,0,1,0,0,0,0
"POINT (12.480477407000000 51.323409997000098)",Unfall 130453 (2022) Kat:3, Licht: 2,130453,3,1,0,01,22,3,1,2,0,1,0,0,1,0
"POINT (12.304062469000000 51.301604736999998)",Unfall 130817 (2022) Kat:3, Licht: 2,130817,3,1,5,02,17,3,0,2,0,1,0,0,0,0
"POINT (12.414456191000101 51.349783002999999)",Unfall 130846 (2022) Kat:3, Licht: 0,130846,3,1,0,02,12,6,0,0,1,0,0,0,0,0
"POINT (12.379862246000100 51.344359228000002)",Unfall 130873 (2022) Kat:3, Licht: 2,130873,3,4,6,02,18,2,1,2,0,0,1,0,0,1
"POINT (12.371386089000101 51.302274855000100)",Unfall 130931 (2022) Kat:3, Licht: 0,130931,3,1,9,01,13,7,1,0,0,1,0,0,0,0
"POINT (12.422585025000000 51.306192624000097)",Unfall 130950 (2022) Kat:3, Licht: 0,130950,3,6,2,02,16,4,1,0,0,1,0,0,0,0
"POINT (12.394415994999999 51.336757226000003)",Unfall 131025 (2022) Kat:3, Licht: 1,131025,3,2,5,01,17,7,1,1,0,1,0,0,0,1
"POINT (12.303778778000000 51.342496715000003)",Unfall 131057 (2022) Kat:3, Licht: 0,131057,3,2,2,01,10,2,1,0,0,1,0,0,0,0
"POINT (12.366801414000101 51.306480614000101)",Unfall 131122 (2022) Kat:3, Licht: 2,131122,3,6,2,02,05,5,1,2,0,1,0,0,0,0
"POINT (12.275298011000100 51.318471371999998)",Unfall 131126 (2022) Kat:3, Licht: 2,131126,3,7,6,01,07,5,1,2,0,0,1,0,0,1
"POINT (12.279313332000100 51.247814009000102)",Unfall 131189 (2022) Kat:3, Licht: 0,131189,3,2,5,01,07,5,1,0,0,0,0,0,1,0
"POINT (12.391930006000100 51.346331475000099)",Unfall 131316 (2022) Kat:3, Licht: 2,131316,3,2,6,01,17,1,1,2,0,1,1,0,0,0
"POINT (12.392623390000001 51.334132443999998)",Unfall 131341 (2022) Kat:3, Licht: 0,131341,3,3,5,02,07,5,1,0,1,0,0,0,0,0
"POINT (12.353455748000000 51.341163049999999)",Unfall 131430 (2022) Kat:3, Licht: 0,131430,3,2,2,01,13,7,0,0,0,1,0,0,0,0
"POINT (12.379564878000100 51.375806538000099)",Unfall 131481 (2022) Kat:3, Licht: 0,131481,3,2,5,01,14,6,0,0,1,1,0,0,0,0
"POINT (12.399394030000099 51.352397342000103)",Unfall 131551 (2022) Kat:2, Licht: 0,131551,2,6,2,01,07,2,1,0,0,1,0,0,0,1
"POINT (12.394827866000099 51.342835385999997)",Unfall 131552 (2022) Kat:3, Licht: 0,131552,3,6,2,01,10,5,0,0,0,1,0,0,0,0
"POINT (12.454042530000001 51.350377146000000)",Unfall 131718 (2022) Kat:2, Licht: 2,131718,2,6,3,02,18,7,0,2,0,1,0,0,0,0
"POINT (12.322507584000000 51.374948240999998)",Unfall 131759 (2022) Kat:2, Licht: 2,131759,2,6,2,02,18,7,0,2,0,1,0,0,0,0
"POINT (12.419451419000000 51.351264876000101)",Unfall 131768 (2022) Kat:3, Licht: 0,131768,3,6,3,01,11,5,0,0,1,0,0,0,0,0
"POINT (12.525412105999999 51.327187860999999)",Unfall 131838 (2022) Kat:3, Licht: 2,131838,3,5,4,01,07,5,0,2,0,0,0,0,1,1