WKT,Name,OBJECTID,UKATEGORIE,UTYP1,UART,UMONAT,USTUNDE,UWOCHENTAG,STRZUSTAND,ULICHTVERH,ISTRAD,ISTPKW,ISTFUSS,ISTKRAD,ISTGKFZ,ISTSONSTIG
"POINT (12.349631787000000 51.340305515000097)",Unfall 131882 (2022) Kat:3, Licht: 2,131882,3,7,6,01,23,1,1,2,0,0,1,0,0,1
"POINT (12.508555146999999 51.340290068999998)",Unfall 131915 (2022) Kat:3, Licht: 2,131915,3,6,2,01,23,1,1,2,0,1,0,0,0,0
"POINT (12.422285370999999 51.351684681000101)",Unfall 131946 (2022) Kat:2, Licht: 0,131946,2,2,5,02,10,6,0,0,1,1,0,0,0,0
"POINT (12.411943076000099 51.314637118000100)",Unfall 131956 (2022) Kat:3, Licht: 0,131956,3,3,5,01,16,2,1,0,0,1,0,0,0,0
"POINT (12.386732596000099 51.345629540000097)",Unfall 131979 (2022) Kat:2, Licht: 0,131979,2,6,1,01,10,3,1,0,0,1,0,0,0,0
"POINT (12.303666361000101 51.252886496000002)",Unfall 131995 (2022) Kat:2, Licht: 2,131995,2,6,2,01,01,3,1,2,0,1,0,0,1,0
"POINT (12.339761925000101 51.335322914000102)",Unfall 132049 (2022) Kat:3, Licht: 0,132049,3,2,5,06,07,4,0,0,0,1,0,0,0,0
"POINT (12.394467035000000 51.332470829000002)",Unfall 132060 (2022) Kat:3, Licht: 2,132060,3,7,7,04,22,6,0,2,1,0,0,0,0,0
"POINT (12.265966982000100 51.327827266000000)",Unfall 132066 (2022) Kat:3, Licht: 0,132066,3,3,5,03,13,4,0,0,0,1,0,0,0,0
"POINT (12.395018199000001 51.342762862000001)",Unfall 132083 (2022) Kat:3, Licht: 0,132083,3,3,5,06,05,3,0,0,1,1,0,0,0,0
"POINT (12.254636785000100 51.281168010000002)",Unfall 132085 (2022) Kat:3, Licht: 0,132085,3,3,5,05,12,5,0,0,0,1,0,0,0,0
"POINT (12.393861435000099 51.333150255000099)",Unfall 132088 (2022) Kat:3, Licht: 0,132088,3,4,6,04,13,3,0,0,1,0,1,0,0,0
"POINT (12.473600625000101 51.351530869999998)",Unfall 132089 (2022) Kat:2, Licht: 0,132089,2,6,9,04,17,3,0,0,0,0,0,1,0,0
"POINT (12.431736398000099 51.394524076000003)",Unfall 132099 (2022) Kat:3, Licht: 0,132099,3,6,3,04,15,6,0,0,0,1,0,0,0,0
"POINT (12.342597845000100 51.338676409000101)",Unfall 132104 (2022) Kat:3, Licht: 0,132104,3,2,2,06,15,4,0,0,0,1,0,1,0,0
"POINT (12.389921286000099 51.346561577999999)",Unfall 132113 (2022) Kat:3, Licht: 0,132113,3,3,5,03,15,2,1,0,1,1,0,0,0,0
"POINT (12.403862542000100 51.426301977000001)",Unfall 132129 (2022) Kat:2, Licht: 2,132129,2,1,7,03,18,7,0,2,0,1,0,0,0,0
"POINT (12.322570642000100 51.299778560999997)",Unfall 132144 (2022) Kat:3, Licht: 0,132144,3,3,5,05,09,5,0,0,1,0,0,0,0,0
"POINT (12.461118226000099 51.367322210000097)",Unfall 132150 (2022) Kat:3, Licht: 0,132150,3,2,5,03,11,3,0,0,0,1,0,0,0,0
"POINT (12.378268522999999 51.314955956000098)",Unfall 132168 (2022) Kat:2, Licht: 0,132168,2,2,5,06,14,6,0,0,1,1,0,0,0,0
"POINT (12.399581791000100 51.328441736000102)",Unfall 132170 (2022) Kat:3, Licht: 0,132170,3,4,6,02,08,2,0,0,0,1,1,0,0,0
"POINT (12.394990765999999 51.342886668000098)",Unfall 132236 (2022) Kat:3, Licht: 0,132236,3,2,5,06,17,3,0,0,1,1,0,0,0,0
"POINT (12.411691376000000 51.314648532000000)",Unfall 132240 (2022) Kat:3, Licht: 0,132240,3,2,2,05,14,1,0,0,0,1,0,1,0,0
"POINT (12.463722718000000 51.368261835000098)",Unfall 132242 (2022) Kat:3, Licht: 0,132242,3,6,2,04,15,6,0,0,0,1,0,0,0,0
"POINT (12.370833885000000 51.344402819999999)",Unfall 132243 (2022) Kat:2, Licht: 0,132243,2,4,6,04,16,5,1,0,0,0,1,0,0,1
"POINT (12.461122384000101 51.282236983000097)",Unfall 132250 (2022) Kat:3, Licht: 0,132250,3,2,5,06,12,1,0,0,0,1,0,0,0,0
"POINT (12.365332036000000 51.343196691000102)",Unfall 132262 (2022) Kat:2, Licht: 0,132262,2,4,6,04,18,5,0,0,0,0,1,0,0,1
"POINT (12.272861594000100 51.384663690000103)",Unfall 132309 (2022) Kat:2, Licht: 0,132309,2,3,5,03,14,2,0,0,1,1,0,0,0,0
"POINT (12.389617406000101 51.346450631000003)",Unfall 132325 (2022) Kat:3, Licht: 0,132325,3,6,3,03,14,6,0,0,0,1,0,0,0,0
"POINT (12.353515206999999 51.341176125000104)",Unfall 132328 (2022) Kat:2, Licht: 0,132328,2,3,5,04,16,5,1,0,1,1,0,0,0,0
"POINT (12.401517200000100 51.324127031000003)",Unfall 132333 (2022) Kat:3, Licht: 0,132333,3,1,8,05,11,5,0,0,0,0,0,1,0,0
"POINT (12.286277281000000 51.331140501999997)",Unfall 132354 (2022) Kat:2, Licht: 0,132354,2,3,5,03,16,1,0,0,1,1,0,0,0,0
"POINT (12.286291113000100 51.331146612000097)",Unfall 132374 (2022) Kat:3, Licht: 0,132374,3,3,5,04,17,2,0,0,1,1,0,0,0,0
"POINT (12.409568890000100 51.314674312000101)",Unfall 132380 (2022) Kat:3, Licht: 1,132380,3,7,1,03,17,7,0,1,0,1,0,1,0,0
"POINT (12.392530329000101 51.334021732000103)",Unfall 132382 (2022) Kat:3, Licht: 0,132382,3,7,3,04,16,6,0,0,0,1,0,0,0,1
"POINT (12.391084242000000 51.376248978000000)",Unfall 132397 (2022) Kat:3, Licht: 2,132397,3,2,5,02,04,4,1,2,0,1,0,0,0,0
"POINT (12.400354909000001 51.351996591999999)",Unfall 132422 (2022) Kat:3, Licht: 0,132422,3,6,3,06,13,3,0,0,1,0,0,0,0,0
"POINT (12.380568459000100 51.343635010000099)",Unfall 132431 (2022) Kat:2, Licht: 0,132431,2,6,2,05,17,4,0,0,0,1,0,1,0,0
"POINT (12.439132692999999 51.294841126999998)",Unfall 132443 (2022) Kat:3, Licht: 0,132443,3,3,5,05,15,4,0,0,0,1,0,0,0,0
"POINT (12.495850403000100 51.355714714999998)",Unfall 132444 (2022) Kat:3, Licht: 0,132444,3,2,2,03,13,3,0,0,0,1,0,0,0,0
"POINT (12.360053692000101 51.342166401000000)",Unfall 132452 (2022) Kat:3, Licht: 0,132452,3,2,5,06,07,4,0,0,1,1,0,0,0,0
"POINT (12.394848155000000 51.342746670000103)",Unfall 132458 (2022) Kat:1, Licht: 0,132458,1,2,5,04,05,3,0,0,0,1,0,1,0,0
"POINT (12.396113496000099 51.353365035000103)",Unfall 132460 (2022) Kat:2, Licht: 0,132460,2,6,4,03,15,3,0,0,1,0,0,0,0,0
"POINT (12.262327469000100 51.346250167999997)",Unfall 132481 (2022) Kat:3, Licht: 0,132481,3,6,2,06,07,4,0,0,0,1,0,0,0,0
"POINT (12.396263960000100 51.414321872000102)",Unfall 132487 (2022) Kat:3, Licht: 2,132487,3,6,3,05,21,2,0,2,0,1,0,0,0,0
"POINT (12.389900797000100 51.346561359000098)",Unfall 132520 (2022) Kat:3, Licht: 0,132520,3,2,2,03,10,3,0,0,0,1,0,0,0,0
"POINT (12.396175445000001 51.415509581000002)",Unfall 132526 (2022) Kat:2, Licht: 0,132526,2,2,5,05,11,1,0,0,0,1,0,0,0,0
"POINT (12.444457234000000 51.350824623000101)",Unfall 132537 (2022) Kat:3, Licht: 2,132537,3,7,4,03,21,4,0,2,0,1,0,0,0,1
"POINT (12.347300773000001 51.339710798000098)",Unfall 132545 (2022) Kat:3, Licht: 0,132545,3,6,2,04,15,6,0,0,0,1,0,0,0,0
"POINT (12.445990374000100 51.361147541000001)",Unfall 132548 (2022) Kat:3, Licht: 0,132548,3,6,4,05,06,4,0,0,1,0,0,0,0,0
"POINT (12.395023791000000 51.342736586000100)",Unfall 132551 (2022) Kat:3, Licht: 0,132551,3,2,5,05,15,4,0,0,1,1,0,0,0,0
"POINT (12.406102600000100 51.319590296999998)",Unfall 132553 (2022) Kat:3, Licht: 0,132553,3,1,5,05,17,6,0,0,1,1,0,0,0,0
"POINT (12.345174532000000 51.375175841999997)",Unfall 132562 (2022) Kat:3, Licht: 0,132562,3,6,2,03,14,5,0,0,0,1,0,0,0,0
"POINT (12.359481040000000 51.342111295999999)",Unfall 132569 (2022) Kat:3, Licht: 0,132569,3,1,9,05,16,6,0,0,0,0,0,1,0,0
"POINT (12.386919306999999 51.345736922000100)",Unfall 132585 (2022) Kat:3, Licht: 0,132585,3,2,3,04,09,2,1,0,1,1,0,0,0,0
"POINT (12.391379881000001 51.347427043000003)",Unfall 132588 (2022) Kat:3, Licht: 0,132588,3,2,5,06,17,6,0,0,1,0,0,0,0,1
"POINT (12.476321617000099 51.351813579000101)",Unfall 132594 (2022) Kat:3, Licht: 0,132594,3,6,2,04,10,7,0,0,0,1,0,0,0,0
"POINT (12.345037961000100 51.375175827000099)",Unfall 132643 (2022) Kat:3, Licht: 0,132643,3,6,2,02,07,2,0,0,0,1,0,0,0,1
"POINT (12.434986844000001 51.297735764000002)",Unfall 132654 (2022) Kat:2, Licht: 0,132654,2,6,2,06,16,7,0,0,0,1,0,1,0,0
"POINT (12.380085362999999 51.344267006999999)",Unfall 132664 (2022) Kat:2, Licht: 0,132664,2,4,6,03,14,3,0,0,0,1,1,0,0,0
"POINT (12.395023791000000 51.342736586000100)",Unfall 132675 (2022) Kat:3, Licht: 0,132675,3,2,5,05,17,5,0,0,1,1,0,0,0,0
"POINT (12.403300601000099 51.425558275000100)",Unfall 132679 (2022) Kat:3, Licht: 2,132679,3,1,7,03,20,6,0,2,0,1,0,0,0,0
"POINT (12.392803561999999 51.334371478999998)",Unfall 132680 (2022) Kat:3, Licht: 0,132680,3,6,3,04,08,5,0,0,1,0,0,0,0,0
"POINT (12.432988807000100 51.394301366999997)",Unfall 132699 (2022) Kat:2, Licht: 2,132699,2,6,2,04,21,2,0,2,0,1,0,0,0,1
"POINT (12.395871314000001 51.353170505999998)",Unfall 132731 (2022) Kat:3, Licht: 0,132731,3,6,4,04,18,2,1,0,1,0,0,0,0,0
"POINT (12.273916875999999 51.396953107999998)",Unfall 132743 (2022) Kat:3, Licht: 0,132743,3,6,2,06,15,6,0,0,0,1,0,0,0,0
"POINT (12.501883448999999 51.351199677000103)",Unfall 132770 (2022) Kat:3, Licht: 0,132770,3,6,2,04,13,6,0,0,0,1,0,0,0,0
"POINT (12.394843337000101 51.342767735000102)",Unfall 132777 (2022) Kat:3, Licht: 1,132777,3,3,5,05,20,5,0,1,0,1,0,1,0,0
"POINT (12.311446674000001 51.414707813000099)",Unfall 132780 (2022) Kat:3, Licht: 0,132780,3,6,2,05,18,3,0,0,0,1,0,0,0,0
"POINT (12.376532772000100 51.314953619999997)",Unfall 132801 (2022) Kat:3, Licht: 0,132801,3,6,2,03,18,2,0,0,1,1,0,0,0,0
"POINT (12.357679559000101 51.341810705999997)",Unfall 132804 (2022) Kat:3, Licht: 0,132804,3,2,5,06,15,4,0,0,1,1,0,0,0,0
"POINT (12.294242105000000 51.290958187999998)",Unfall 132805 (2022) Kat:3, Licht: 0,132805,3,3,5,03,16,5,0,0,0,1,0,0,0,1
"POINT (12.358926435000100 51.375200829999997)",Unfall 132817 (2022) Kat:3, Licht: 1,132817,3,3,5,04,05,2,1,1,1,1,0,0,0,0
"POINT (12.388610893000100 51.314825264000000)",Unfall 132827 (2022) Kat:3, Licht: 0,132827,3,6,6,06,14,5,0,0,1,0,1,0,0,0
"POINT (12.426624306000100 51.303666900000103)",Unfall 132860 (2022) Kat:3, Licht: 0,132860,3,3,5,05,12,6,0,0,1,1,0,0,0,0
"POINT (12.447315906000000 51.350337510000003)",Unfall 132861 (2022) Kat:3, Licht: 0,132861,3,3,5,06,14,6,0,0,1,1,0,0,0,0
"POINT (12.369261568000100 51.344142073000100)",Unfall 132922 (2022) Kat:3, Licht: 0,132922,3,1,8,04,19,2,0,0,0,1,0,0,0,0
"POINT (12.395339239000100 51.352735426999999)",Unfall 132946 (2022) Kat:3, Licht: 0,132946,3,2,3,05,17,3,0,0,1,1,0,0,0,0
"POINT (12.371396955000000 51.344456360000002)",Unfall 132951 (2022) Kat:3, Licht: 0,132951,3,6,2,04,17,4,0,0,0,1,0,0,0,0
"POINT (12.502671780000099 51.350415265999999)",Unfall 132957 (2022) Kat:3, Licht: 0,132957,3,6,2,05,16,5,0,0,0,1,0,0,0,0
"POINT (12.274285690000101 51.324875989000098)",Unfall 132985 (2022) Kat:2, Licht: 0,132985,2,3,5,03,18,4,1,0,0,1,0,0,0,0
"POINT (12.426750825999999 51.301327792000102)",Unfall 132987 (2022) Kat:3, Licht: 0,132987,3,3,5,05,11,5,0,0,1,1,0,0,0,0
"POINT (12.392948942000000 51.334567247999999)",Unfall 133008 (2022) Kat:3, Licht: 0,133008,3,4,6,04,07,3,0,0,0,1,1,0,0,0
"POINT (12.399368059000000 51.363458759000103)",Unfall 133031 (2022) Kat:3, Licht: 2,133031,3,7,0,06,22,4,1,2,0,0,0,1,0,1
"POINT (12.392625039000100 51.348488170000103)",Unfall 133035 (2022) Kat:3, Licht: 0,133035,3,6,2,05,08,2,0,0,0,1,0,0,0,0
"POINT (12.330278098000100 51.335716005999998)",Unfall 133097 (2022) Kat:3, Licht: 0,133097,3,2,6,05,12,4,0,0,0,1,1,0,0,0
"POINT (12.407997968000100 51.318034486000002)",Unfall 133106 (2022) Kat:3, Licht: 0,133106,3,2,5,06,17,4,0,0,1,0,0,0,0,1
"POINT (12.428181240000100 51.291693121999998)",Unfall 133107 (2022) Kat:2, Licht: 2,133107,2,1,8,06,21,5,0,2,0,0,0,1,0,0
"POINT (12.394577604000100 51.354643615999997)",Unfall 133113 (2022) Kat:2, Licht: 0,133113,2,2,5,05,08,5,0,0,1,1,0,0,0,0
"POINT (12.377011826000100 51.344505271000102)",Unfall 133120 (2022) Kat:3, Licht: 0,133120,3,3,5,04,13,3,0,0,1,1,0,0,0,0
"POINT (12.383080504000100 51.343584219000000)",Unfall 133128 (2022) Kat:2, Licht: 0,133128,2,1,0,06,09,4,0,0,1,0,0,0,0,0
"POINT (12.405001388000100 51.320608772000099)",Unfall 133153 (2022) Kat:3, Licht: 0,133153,3,1,0,03,08,6,0,0,1,0,0,0,0,0
"POINT (12.439121892999999 51.294848883000000)",Unfall 133169 (2022) Kat:2, Licht: 0,133169,2,3,5,06,20,1,0,0,0,1,0,1,0,0
"POINT (12.371369624000099 51.344454655000000)",Unfall 133170 (2022) Kat:3, Licht: 2,133170,3,6,2,03,20,7,0,2,0,1,0,0,0,0
"POINT (12.358646093000100 51.342036322000098)",Unfall 133181 (2022) Kat:3, Licht: 0,133181,3,2,3,04,12,5,0,0,0,1,0,0,1,0
"POINT (12.331420212000101 51.335851669000100)",Unfall 133198 (2022) Kat:3, Licht: 0,133198,3,6,3,05,14,3,0,0,0,1,0,0,0,1
"POINT (12.396268880999999 51.314450762000000)",Unfall 133223 (2022) Kat:3, Licht: 0,133223,3,1,7,05,14,4,0,0,0,0,0,1,0,0
"POINT (12.325749793000099 51.414569858999997)",Unfall 133233 (2022) Kat:3, Licht: 1,133233,3,6,2,05,04,1,0,1,0,1,0,0,0,0
"POINT (12.320329447000100 51.300273022000098)",Unfall 133245 (2022) Kat:3, Licht: 2,133245,3,3,5,03,18,6,0,2,0,1,0,0,0,0
"POINT (12.396175445000001 51.415509581000002)",Unfall 133248 (2022) Kat:2, Licht: 0,133248,2,2,5,03,18,3,0,0,0,1,0,1,0,0
"POINT (12.446076651000100 51.361189598000102)",Unfall 133253 (2022) Kat:3, Licht: 0,133253,3,6,4,06,07,3,0,0,1,0,0,0,0,0
"POINT (12.399637973000001 51.328340411000099)",Unfall 133258 (2022) Kat:3, Licht: 0,133258,3,3,5,06,19,3,0,0,1,0,0,0,0,0
"POINT (12.398193746000100 51.330121208000001)",Unfall 133260 (2022) Kat:3, Licht: 0,133260,3,3,5,04,14,4,0,0,0,1,0,0,0,1
"POINT (12.345156141000100 51.375175832000103)",Unfall 133277 (2022) Kat:3, Licht: 0,133277,3,6,2,06,15,2,0,0,0,1,0,1,0,0
"POINT (12.406107604000100 51.319585910999997)",Unfall 133302 (2022) Kat:3, Licht: 0,133302,3,2,5,05,17,3,0,0,1,1,0,0,0,0
"POINT (12.412383179000100 51.349877984000003)",Unfall 133326 (2022) Kat:3, Licht: 0,133326,3,6,2,05,07,5,0,0,0,1,0,0,0,1
"POINT (12.397235762999999 51.369888984000099)",Unfall 133328 (2022) Kat:3, Licht: 0,133328,3,6,2,06,11,2,1,0,0,1,0,0,0,0
"POINT (12.247007996000001 51.318092874000101)",Unfall 133344 (2022) Kat:3, Licht: 0,133344,3,3,5,05,16,1,0,0,0,1,0,1,0,0
"POINT (12.401742795000100 51.324244024999999)",Unfall 133429 (2022) Kat:3, Licht: 0,133429,3,6,2,03,10,4,1,0,0,1,0,0,0,0
"POINT (12.401632061999999 51.324374062000103)",Unfall 133437 (2022) Kat:3, Licht: 0,133437,3,2,3,03,07,3,0,0,1,1,0,0,0,0
"POINT (12.426428877999999 51.351817730999997)",Unfall 133438 (2022) Kat:2, Licht: 0,133438,2,6,4,04,07,5,0,0,0,1,0,0,0,0
"POINT (12.451369239000000 51.363716336000003)",Unfall 133451 (2022) Kat:2, Licht: 0,133451,2,3,0,05,15,1,0,0,0,1,0,0,0,1
"POINT (12.278773527000100 51.406196342000001)",Unfall 133452 (2022) Kat:3, Licht: 0,133452,3,1,8,04,14,3,0,0,0,1,0,0,0,0
"POINT (12.393864120000000 51.351283636000097)",Unfall 133463 (2022) Kat:3, Licht: 2,133463,3,3,5,03,20,5,1,2,0,1,0,0,0,0
"POINT (12.386002220000000 51.345259906000102)",Unfall 133475 (2022) Kat:3, Licht: 2,133475,3,1,0,06,22,4,0,2,0,0,0,1,0,0
"POINT (12.377961153999999 51.375853055999997)",Unfall 133479 (2022) Kat:2, Licht: 0,133479,2,1,0,05,10,2,0,0,0,1,0,0,0,0
"POINT (12.349083292000000 51.339909518000098)",Unfall 133483 (2022) Kat:2, Licht: 0,133483,2,3,5,06,17,5,0,0,1,1,0,0,0,0
"POINT (12.336388141000000 51.335414176000000)",Unfall 133505 (2022) Kat:3, Licht: 0,133505,3,3,5,05,19,7,0,0,1,1,0,0,0,0
"POINT (12.379315886000001 51.344145218000101)",Unfall 133520 (2022) Kat:3, Licht: 0,133520,3,4,6,05,15,7,0,0,0,1,1,0,0,0
"POINT (12.391712192000099 51.352003485000097)",Unfall 133595 (2022) Kat:3, Licht: 0,133595,3,1,0,06,15,5,0,0,0,0,0,1,0,0
"POINT (12.373883469000100 51.344388068999997)",Unfall 133617 (2022) Kat:3, Licht: 0,133617,3,6,2,03,16,6,0,0,0,1,0,0,0,1
"POINT (12.380607002000000 51.421448290999997)",Unfall 133625 (2022) Kat:2, Licht: 0,133625,2,3,5,05,20,7,0,0,0,1,0,0,0,0
"POINT (12.264795042999999 51.376370865000098)",Unfall 133650 (2022) Kat:3, Licht: 0,133650,3,6,4,05,17,4,0,0,0,1,0,1,0,0
"POINT (12.316948000000000 51.300538248000102)",Unfall 133662 (2022) Kat:3, Licht: 0,133662,3,3,5,04,16,2,0,0,1,1,0,0,0,0
"POINT (12.386820639000099 51.345662667000099)",Unfall 133668 (2022) Kat:3, Licht: 0,133668,3,6,2,03,16,7,0,0,0,1,0,0,1,0
"POINT (12.490430028000000 51.323491632000099)",Unfall 133702 (2022) Kat:3, Licht: 0,133702,3,6,4,04,16,6,0,0,0,1,0,0,0,0
"POINT (12.401672657000100 51.324315817000098)",Unfall 133733 (2022) Kat:3, Licht: 0,133733,3,2,2,06,10,5,0,0,0,1,0,0,0,0
"POINT (12.369020619000000 51.376108778999999)",Unfall 133736 (2022) Kat:3, Licht: 0,133736,3,6,3,05,09,7,0,0,1,0,0,0,0,0
"POINT (12.333018050000000 51.336050974999999)",Unfall 133737 (2022) Kat:3, Licht: 0,133737,3,2,5,04,10,5,0,0,1,1,0,0,0,0
"POINT (12.331613072000000 51.335874623000102)",Unfall 133749 (2022) Kat:3, Licht: 0,133749,3,5,1,05,14,3,0,0,0,1,0,0,0,1
"POINT (12.495040028000099 51.354949856000097)",Unfall 133758 (2022) Kat:3, Licht: 0,133758,3,1,9,04,18,7,0,0,0,1,0,0,0,0
"POINT (12.380542997000100 51.344077850000097)",Unfall 133759 (2022) Kat:3, Licht: 0,133759,3,7,6,04,15,4,0,0,0,0,1,0,0,1
"POINT (12.341593573000100 51.373690574000101)",Unfall 133771 (2022) Kat:1, Licht: 0,133771,1,1,8,03,18,4,1,0,0,0,0,1,0,0
"POINT (12.286283850000100 51.331143404000002)",Unfall 133783 (2022) Kat:2, Licht: 0,133783,2,3,5,05,18,2,0,0,1,1,0,0,0,0
"POINT (12.416306064000000 51.311651224000101)",Unfall 133799 (2022) Kat:3, Licht: 0,133799,3,2,3,05,12,1,0,0,1,1,0,0,0,0
"POINT (12.342507318999999 51.338527810000102)",Unfall 133827 (2022) Kat:2, Licht: 2,133827,2,6,6,03,00,1,0,2,0,1,1,0,0,0
"POINT (12.460806316000101 51.367351118000002)",Unfall 133829 (2022) Kat:3, Licht: 0,133829,3,2,5,06,12,7,0,0,0,1,0,0,0,0
"POINT (12.318363483000001 51.414936951000101)",Unfall 133841 (2022) Kat:2, Licht: 0,133841,2,6,2,05,10,6,0,0,0,0,0,0,1,1
"POINT (12.421808851000000 51.307957262999999)",Unfall 133848 (2022) Kat:3, Licht: 0,133848,3,1,0,02,12,6,0,0,0,0,0,1,0,0
"POINT (12.408012472000101 51.318022294999999)",Unfall 133853 (2022) Kat:3, Licht: 0,133853,3,2,5,06,07,6,0,0,1,1,0,0,0,0
"POINT (12.378626580000100 51.344303970000098)",Unfall 133858 (2022) Kat:2, Licht: 0,133858,2,6,3,06,16,7,0,0,0,1,0,0,0,0
"POINT (12.378217890000000 51.375845539000103)",Unfall 133885 (2022) Kat:3, Licht: 0,133885,3,2,5,03,16,5,0,0,0,1,0,0,0,0
"POINT (12.365066135000101 51.376148227999998)",Unfall 133891 (2022) Kat:3, Licht: 0,133891,3,2,5,05,09,2,0,0,0,1,0,0,0,0
"POINT (12.374795193000100 51.344356370000099)",Unfall 133924 (2022) Kat:3, Licht: 0,133924,3,7,0,06,06,5,0,0,1,0,0,0,0,0
"POINT (12.389920153000000 51.346561565999998)",Unfall 133927 (2022) Kat:3, Licht: 0,133927,3,2,2,05,05,2,0,0,0,1,0,1,0,0
"POINT (12.389961993000000 51.346577365000002)",Unfall 133933 (2022) Kat:3, Licht: 0,133933,3,2,2,04,10,3,0,0,0,1,0,0,0,0
"POINT (12.479494297000000 51.352020574999997)",Unfall 133937 (2022) Kat:3, Licht: 0,133937,3,3,5,05,09,4,0,0,0,1,0,0,0,1
"POINT (12.306782966000100 51.251816156000103)",Unfall 133946 (2022) Kat:2, Licht: 0,133946,2,1,9,06,16,6,0,0,0,1,0,0,0,0
"POINT (12.323424605000101 51.338644402000099)",Unfall 133963 (2022) Kat:3, Licht: 0,133963,3,6,2,05,17,2,0,0,0,1,0,0,0,0
"POINT (12.446108432000100 51.361205090000098)",Unfall 133967 (2022) Kat:3, Licht: 0,133967,3,6,4,06,07,5,0,0,1,0,0,0,0,0
"POINT (12.378213052000000 51.375845681000001)",Unfall 133969 (2022) Kat:2, Licht: 0,133969,2,2,5,05,20,3,0,0,0,0,0,1,0,1
"POINT (12.394175285000101 51.350550331000100)",Unfall 133978 (2022) Kat:3, Licht: 1,133978,3,1,9,05,05,1,0,1,0,1,0,0,0,0
"POINT (12.389884089000100 51.346561180000002)",Unfall 133986 (2022) Kat:3, Licht: 0,133986,3,3,5,05,17,5,0,0,1,1,0,0,0,0
"POINT (12.263224830000100 51.342893785000101)",Unfall 134010 (2022) Kat:3, Licht: 0,134010,3,4,6,03,15,5,0,0,0,1,1,0,0,0
"POINT (12.353613430999999 51.340908849000101)",Unfall 134021 (2022) Kat:3, Licht: 0,134021,3,2,3,05,10,4,0,0,1,1,0,0,0,0
"POINT (12.392651538999999 51.334020926999997)",Unfall 134035 (2022) Kat:2, Licht: 0,134035,2,7,3,03,09,5,0,0,0,0,0,0,0,1
"POINT (12.419097613000099 51.309846172000100)",Unfall 134039 (2022) Kat:3, Licht: 0,134039,3,6,3,06,13,6,0,0,0,0,0,1,1,0
"POINT (12.399339274000100 51.363627440000101)",Unfall 134045 (2022) Kat:3, Licht: 0,134045,3,6,2,06,15,3,0,0,0,1,0,0,0,0
"POINT (12.417437677000100 51.311045632000102)",Unfall 134054 (2022) Kat:3, Licht: 0,134054,3,3,5,03,18,4,0,0,1,1,0,0,0,0
"POINT (12.311179965000100 51.377072498000103)",Unfall 134066 (2022) Kat:3, Licht: 0,134066,3,6,2,05,14,6,0,0,0,1,0,0,0,0
"POINT (12.443970621000100 51.291447848000097)",Unfall 134076 (2022) Kat:3, Licht: 0,134076,3,3,5,05,15,3,0,0,1,1,0,0,0,0
"POINT (12.410250931000100 51.400553946000102)",Unfall 134087 (2022) Kat:3, Licht: 2,134087,3,6,2,06,22,5,0,2,0,1,0,0,0,0
"POINT (12.382656850000000 51.314969765999997)",Unfall 134131 (2022) Kat:3, Licht: 2,134131,3,3,5,03,20,3,1,2,1,1,0,0,0,0
"POINT (12.379931299000100 51.344330685999999)",Unfall 134136 (2022) Kat:3, Licht: 0,134136,3,6,6,05,13,5,0,0,0,0,1,0,0,1
"POINT (12.283878507000100 51.344313626000002)",Unfall 134162 (2022) Kat:3, Licht: 0,134162,3,2,5,04,15,3,0,0,1,1,0,0,0,0
"POINT (12.455520288000100 51.365438228000102)",Unfall 134186 (2022) Kat:2, Licht: 2,134186,2,2,3,03,20,4,0,2,0,1,0,1,0,0
"POINT (12.358565163000000 51.341979920000000)",Unfall 134201 (2022) Kat:3, Licht: 0,134201,3,2,2,06,11,2,1,0,0,1,0,0,0,0
"POINT (12.395951787000101 51.355898104000097)",Unfall 134218 (2022) Kat:2, Licht: 0,134218,2,6,3,06,14,6,0,0,0,0,0,1,0,1
"POINT (12.264000228000000 51.275491483000103)",Unfall 134235 (2022) Kat:3, Licht: 0,134235,3,2,2,04,08,6,0,0,0,1,0,0,0,0
"POINT (12.384404277000000 51.394051987000097)",Unfall 134244 (2022) Kat:3, Licht: 0,134244,3,3,5,05,16,5,0,0,0,1,0,0,0,1
"POINT (12.368761993000000 51.304637690000000)",Unfall 134259 (2022) Kat:2, Licht: 0,134259,2,6,2,04,07,3,1,0,0,1,0,0,0,0
"POINT (12.388352254000001 51.406303272000102)",Unfall 134282 (2022) Kat:3, Licht: 0,134282,3,6,2,03,07,3,0,0,0,1,0,0,0,0
"POINT (12.394519687000100 51.314530552000100)",Unfall 134290 (2022) Kat:3, Licht: 2,134290,3,6,2,04,05,2,1,2,0,1,0,1,0,0
"POINT (12.385375656000100 51.376138118000000)",Unfall 134293 (2022) Kat:2, Licht: 0,134293,2,4,6,06,12,6,0,0,0,0,1,0,0,1
"POINT (12.364370754999999 51.311106823999999)",Unfall 134309 (2022) Kat:3, Licht: 0,134309,3,6,2,04,13,7,0,0,0,1,0,0,0,0
"POINT (12.357679559000101 51.341810705999997)",Unfall 134314 (2022) Kat:3, Licht: 0,134314,3,2,5,04,10,3,1,0,1,1,0,0,0,0
"POINT (12.480475959000000 51.323451812000002)",Unfall 134319 (2022) Kat:3, Licht: 1,134319,3,2,5,05,20,5,0,1,0,1,0,1,0,0
"POINT (12.370986571000101 51.344097761999997)",Unfall 134341 (2022) Kat:3, Licht: 1,134341,3,2,3,08,18,3,0,1,0,1,0,1,0,0