WKT,Name,OBJECTID,UKATEGORIE,UTYP1,UART,UMONAT,USTUNDE,UWOCHENTAG,STRZUSTAND,ULICHTVERH,ISTRAD,ISTPKW,ISTFUSS,ISTKRAD,ISTGKFZ,ISTSONSTIG
"POINT (12.457849775000099 51.350462913999998)",Unfall 134342 (2022) Kat:2, Licht: 2,134342,2,6,2,12,19,7,1,2,0,1,0,0,0,1
"POINT (12.267708544000101 51.276459258000003)",Unfall 134347 (2022) Kat:3, Licht: 0,134347,3,6,2,11,14,5,1,0,0,1,0,0,0,0
"POINT (12.373992004000099 51.344113368000102)",Unfall 134356 (2022) Kat:3, Licht: 2,134356,3,6,3,10,23,1,0,2,0,1,0,0,0,1
"POINT (12.372393505000000 51.394950703000099)",Unfall 134359 (2022) Kat:3, Licht: 0,134359,3,3,5,06,14,3,0,0,1,1,0,0,0,0
"POINT (12.493207346000100 51.356215362999997)",Unfall 134360 (2022) Kat:2, Licht: 0,134360,2,1,9,10,12,3,0,0,0,1,0,0,0,0
"POINT (12.260441695000100 51.346411432000103)",Unfall 134364 (2022) Kat:3, Licht: 0,134364,3,6,2,09,09,3,0,0,0,1,0,0,0,0
"POINT (12.382817053000100 51.314931516999998)",Unfall 134377 (2022) Kat:3, Licht: 2,134377,3,7,0,09,00,1,0,2,1,0,0,0,0,0
"POINT (12.381732675000000 51.343591016000097)",Unfall 134449 (2022) Kat:3, Licht: 0,134449,3,7,5,08,16,3,0,0,0,0,0,0,0,1
"POINT (12.434064524000100 51.355462914999997)",Unfall 134451 (2022) Kat:3, Licht: 0,134451,3,2,3,09,15,3,0,0,1,1,0,0,0,0
"POINT (12.411396474000099 51.349930352999998)",Unfall 134464 (2022) Kat:3, Licht: 0,134464,3,6,4,09,07,2,1,0,1,0,0,0,0,0
"POINT (12.460886439999999 51.367240146000000)",Unfall 134486 (2022) Kat:3, Licht: 2,134486,3,2,5,11,18,3,1,2,0,1,0,0,0,0
"POINT (12.368371238000099 51.314662612000099)",Unfall 134513 (2022) Kat:3, Licht: 0,134513,3,2,5,10,11,3,0,0,0,1,0,0,0,0
"POINT (12.334598465999999 51.393910839000100)",Unfall 134514 (2022) Kat:3, Licht: 1,134514,3,1,0,11,17,6,1,1,0,1,0,0,0,0
"POINT (12.254658086000100 51.281153871000100)",Unfall 134530 (2022) Kat:2, Licht: 0,134530,2,3,5,09,15,7,0,0,0,1,0,1,0,0
"POINT (12.399941355000101 51.420100378000001)",Unfall 134538 (2022) Kat:3, Licht: 0,134538,3,5,1,08,11,2,0,0,0,1,0,0,0,0
"POINT (12.409841395000100 51.314683191000000)",Unfall 134540 (2022) Kat:3, Licht: 0,134540,3,2,2,09,13,7,0,0,0,1,0,0,0,0
"POINT (12.386804618999999 51.345656638999998)",Unfall 134550 (2022) Kat:3, Licht: 2,134550,3,6,2,09,22,6,0,2,0,1,0,0,0,0
"POINT (12.396225313000100 51.415408596000098)",Unfall 134575 (2022) Kat:3, Licht: 0,134575,3,6,2,08,15,2,1,0,0,0,0,0,1,1
"POINT (12.463755037000100 51.372184537000102)",Unfall 134578 (2022) Kat:3, Licht: 0,134578,3,6,2,07,14,6,0,0,0,1,0,0,0,0
"POINT (12.369298267000000 51.376102893000102)",Unfall 134639 (2022) Kat:2, Licht: 0,134639,2,2,5,08,18,3,0,0,0,1,0,1,0,0
"POINT (12.380106618000100 51.344258221000104)",Unfall 134650 (2022) Kat:3, Licht: 0,134650,3,4,6,12,13,3,0,0,0,1,1,0,0,0
"POINT (12.478464947000100 51.262529454000102)",Unfall 134677 (2022) Kat:3, Licht: 0,134677,3,6,2,11,09,2,0,0,0,1,0,0,0,0
"POINT (12.395790815000099 51.314558339000001)",Unfall 134689 (2022) Kat:3, Licht: 0,134689,3,2,5,08,09,5,0,0,0,1,0,1,0,0
"POINT (12.371506822000100 51.344463214000001)",Unfall 134691 (2022) Kat:3, Licht: 0,134691,3,7,0,08,19,7,0,0,0,0,0,1,0,0
"POINT (12.453006488000000 51.364346951000101)",Unfall 134703 (2022) Kat:3, Licht: 0,134703,3,3,5,09,14,4,1,0,1,0,0,0,0,1
"POINT (12.376910134000100 51.375883821999999)",Unfall 134748 (2022) Kat:3, Licht: 0,134748,3,3,5,07,10,2,0,0,1,1,0,0,0,0
"POINT (12.452148088000101 51.277105566000003)",Unfall 134752 (2022) Kat:3, Licht: 0,134752,3,6,2,08,14,7,1,0,0,1,0,0,0,0
"POINT (12.405933530000000 51.313915201000000)",Unfall 134764 (2022) Kat:3, Licht: 0,134764,3,2,4,09,17,6,0,0,1,1,0,0,0,0
"POINT (12.261481578000000 51.315541072000002)",Unfall 134770 (2022) Kat:3, Licht: 0,134770,3,3,5,12,15,4,1,0,0,1,0,0,0,0
"POINT (12.330260278000001 51.335713976000100)",Unfall 134784 (2022) Kat:3, Licht: 1,134784,3,6,2,12,17,4,1,1,0,1,0,0,0,0
"POINT (12.477870567000000 51.351854891000102)",Unfall 134788 (2022) Kat:3, Licht: 0,134788,3,6,2,08,16,3,0,0,0,1,0,0,0,0
"POINT (12.391537921000101 51.347399527000100)",Unfall 134850 (2022) Kat:3, Licht: 0,134850,3,2,5,11,12,3,1,0,1,1,0,0,0,0
"POINT (12.274981979000099 51.254143138000103)",Unfall 134857 (2022) Kat:3, Licht: 0,134857,3,2,4,07,12,5,1,0,0,0,0,0,1,1
"POINT (12.289330034000001 51.333054717000003)",Unfall 134865 (2022) Kat:3, Licht: 0,134865,3,1,0,09,15,6,0,0,0,0,0,1,0,0
"POINT (12.368344936000000 51.314518655000001)",Unfall 134866 (2022) Kat:3, Licht: 0,134866,3,2,5,09,17,6,0,0,0,1,0,0,0,0
"POINT (12.394470919000099 51.314531903000002)",Unfall 134876 (2022) Kat:3, Licht: 0,134876,3,2,4,07,13,7,0,0,0,1,0,0,0,0
"POINT (12.264001883000001 51.316517850000103)",Unfall 134879 (2022) Kat:3, Licht: 2,134879,3,3,5,11,16,5,1,2,1,1,0,0,0,0
"POINT (12.351174554000099 51.375168311000003)",Unfall 134934 (2022) Kat:3, Licht: 0,134934,3,3,5,11,09,7,1,0,1,1,0,0,0,0
"POINT (12.455335439000100 51.365248104000003)",Unfall 134949 (2022) Kat:3, Licht: 1,134949,3,3,5,12,07,5,1,1,1,1,0,0,0,0
"POINT (12.377306300000001 51.375872226000098)",Unfall 134972 (2022) Kat:3, Licht: 0,134972,3,2,5,10,15,5,0,0,1,0,0,0,0,1
"POINT (12.385167790000001 51.376136577000104)",Unfall 134987 (2022) Kat:3, Licht: 0,134987,3,2,3,07,16,4,0,0,1,1,0,0,0,0
"POINT (12.304007444000000 51.301609851000102)",Unfall 134998 (2022) Kat:3, Licht: 0,134998,3,3,5,09,17,5,0,0,0,1,0,0,0,0
"POINT (12.446013090000100 51.361158613999997)",Unfall 135001 (2022) Kat:3, Licht: 0,135001,3,6,4,07,06,3,0,0,1,0,0,0,0,0
"POINT (12.394424161000099 51.336777152000103)",Unfall 135026 (2022) Kat:3, Licht: 2,135026,3,2,5,09,21,3,0,2,0,1,0,0,0,0
"POINT (12.399974056000101 51.420171036000099)",Unfall 135072 (2022) Kat:3, Licht: 0,135072,3,6,2,08,11,2,0,0,0,1,0,0,0,0
"POINT (12.286294102000101 51.331147932000100)",Unfall 135084 (2022) Kat:2, Licht: 0,135084,2,3,5,06,18,3,0,0,1,1,0,0,0,0
"POINT (12.381407991000099 51.343379988000002)",Unfall 135092 (2022) Kat:2, Licht: 0,135092,2,1,0,09,18,2,1,0,1,0,0,0,0,0
"POINT (12.279142471000100 51.414639708000003)",Unfall 135103 (2022) Kat:3, Licht: 2,135103,3,7,9,12,02,5,1,2,0,1,0,0,0,0
"POINT (12.263840882000100 51.316493771000097)",Unfall 135112 (2022) Kat:3, Licht: 0,135112,3,6,2,07,12,6,0,0,0,1,0,0,0,0
"POINT (12.395138509000001 51.332268646999999)",Unfall 135161 (2022) Kat:3, Licht: 0,135161,3,1,0,10,17,5,0,0,1,0,0,0,0,0
"POINT (12.331921707999999 51.335911357000001)",Unfall 135205 (2022) Kat:3, Licht: 0,135205,3,3,5,07,11,4,0,0,0,1,0,1,0,0
"POINT (12.405936612000099 51.313915172000101)",Unfall 135220 (2022) Kat:3, Licht: 0,135220,3,3,5,07,10,5,1,0,1,0,0,0,1,0
"POINT (12.353455748000000 51.341163049999999)",Unfall 135233 (2022) Kat:3, Licht: 0,135233,3,6,2,11,10,4,1,0,0,1,0,0,0,1
"POINT (12.283985544000100 51.344304229999999)",Unfall 135319 (2022) Kat:2, Licht: 0,135319,2,3,5,08,14,2,0,0,1,1,0,0,0,0
"POINT (12.256777863000000 51.346735740000000)",Unfall 135334 (2022) Kat:3, Licht: 2,135334,3,6,2,09,23,1,0,2,0,1,0,0,0,0
"POINT (12.404753074000000 51.320862661000000)",Unfall 135336 (2022) Kat:3, Licht: 0,135336,3,2,3,07,13,2,0,0,1,0,0,0,0,1
"POINT (12.391416741000100 51.394223636000000)",Unfall 135338 (2022) Kat:3, Licht: 2,135338,3,3,5,11,04,6,0,2,0,1,0,0,0,0
"POINT (12.263232455000001 51.276151927000100)",Unfall 135351 (2022) Kat:3, Licht: 0,135351,3,6,2,07,14,7,0,0,0,1,0,1,0,0
"POINT (12.253798287000100 51.317727032999997)",Unfall 135371 (2022) Kat:3, Licht: 0,135371,3,6,1,10,14,7,0,0,0,1,0,0,0,0
"POINT (12.422305006000000 51.351689130000103)",Unfall 135374 (2022) Kat:3, Licht: 0,135374,3,6,2,09,15,3,0,0,0,1,0,1,0,0
"POINT (12.376738848000100 51.375888835000097)",Unfall 135382 (2022) Kat:3, Licht: 0,135382,3,6,2,11,15,4,0,0,0,1,0,0,0,0
"POINT (12.311734666000101 51.414640806000101)",Unfall 135388 (2022) Kat:3, Licht: 0,135388,3,3,5,07,11,1,0,0,0,1,0,0,0,0
"POINT (12.275546088000100 51.318523941000102)",Unfall 135457 (2022) Kat:3, Licht: 2,135457,3,4,6,09,17,5,0,2,0,1,1,0,0,0
"POINT (12.395065937000000 51.339102592000103)",Unfall 135458 (2022) Kat:3, Licht: 0,135458,3,6,2,09,13,1,0,0,0,1,0,0,0,0
"POINT (12.301777438000000 51.342661324000098)",Unfall 135471 (2022) Kat:3, Licht: 2,135471,3,3,5,08,22,6,0,2,1,1,0,0,0,0
"POINT (12.446051902000001 51.361177533999999)",Unfall 135474 (2022) Kat:3, Licht: 0,135474,3,6,4,10,14,4,0,0,1,0,0,0,0,0
"POINT (12.393701216000100 51.335395644000101)",Unfall 135478 (2022) Kat:3, Licht: 1,135478,3,3,5,11,06,3,0,1,1,1,0,0,0,0
"POINT (12.392666855000099 51.334009569000003)",Unfall 135481 (2022) Kat:3, Licht: 0,135481,3,2,5,12,10,6,2,0,0,1,0,0,0,1
"POINT (12.323699051000100 51.384023672000097)",Unfall 135502 (2022) Kat:3, Licht: 0,135502,3,3,5,07,09,3,0,0,1,1,0,0,0,0
"POINT (12.345200550000101 51.375175857000002)",Unfall 135514 (2022) Kat:3, Licht: 0,135514,3,6,2,08,14,4,0,0,0,1,0,0,1,0
"POINT (12.487415317000099 51.353931324000001)",Unfall 135548 (2022) Kat:2, Licht: 2,135548,2,6,3,11,19,4,1,2,0,1,0,0,1,0
"POINT (12.380891547999999 51.343506542000100)",Unfall 135551 (2022) Kat:3, Licht: 2,135551,3,3,6,11,23,7,0,2,0,1,1,0,0,0
"POINT (12.373478252000000 51.394107880000000)",Unfall 135555 (2022) Kat:3, Licht: 1,135555,3,7,1,09,19,6,0,1,0,1,0,0,0,0
"POINT (12.276725008000000 51.320775001000101)",Unfall 135574 (2022) Kat:2, Licht: 0,135574,2,3,5,07,18,2,0,0,1,1,0,0,0,0
"POINT (12.274077804000100 51.324874038000097)",Unfall 135610 (2022) Kat:3, Licht: 2,135610,3,3,5,10,21,7,0,2,0,1,0,0,0,0
"POINT (12.356548387000000 51.341850886000003)",Unfall 135624 (2022) Kat:3, Licht: 0,135624,3,4,6,10,15,4,0,0,0,1,1,0,0,0
"POINT (12.254662457000100 51.281150969000102)",Unfall 135685 (2022) Kat:3, Licht: 0,135685,3,3,5,11,13,3,0,0,0,1,0,0,0,0
"POINT (12.378260409000100 51.375844290000003)",Unfall 135692 (2022) Kat:3, Licht: 0,135692,3,2,3,08,07,3,0,0,1,0,0,0,1,0
"POINT (12.353569164000000 51.340898992000099)",Unfall 135699 (2022) Kat:3, Licht: 0,135699,3,7,0,08,18,7,1,0,1,0,0,0,0,0
"POINT (12.356902588000001 51.374828569000002)",Unfall 135734 (2022) Kat:3, Licht: 0,135734,3,6,2,09,09,5,0,0,0,1,0,0,0,0
"POINT (12.385506796000101 51.376140419000102)",Unfall 135736 (2022) Kat:3, Licht: 1,135736,3,3,5,10,17,3,1,1,1,1,0,0,0,0
"POINT (12.399498387000101 51.363404883999998)",Unfall 135744 (2022) Kat:3, Licht: 0,135744,3,6,2,09,08,5,0,0,0,1,0,0,0,0
"POINT (12.323781548000101 51.379432629000100)",Unfall 135762 (2022) Kat:3, Licht: 0,135762,3,3,5,12,09,7,1,0,0,1,0,0,0,0
"POINT (12.380936681000000 51.343915123000002)",Unfall 135789 (2022) Kat:2, Licht: 0,135789,2,4,6,09,15,7,0,0,0,0,1,0,0,1
"POINT (12.513996279000001 51.326813184999999)",Unfall 135790 (2022) Kat:2, Licht: 0,135790,2,6,2,07,19,4,0,0,0,1,0,0,1,0
"POINT (12.405917076000000 51.313915356999999)",Unfall 135829 (2022) Kat:3, Licht: 0,135829,3,3,5,08,06,6,0,0,1,1,0,0,0,0
"POINT (12.401830495000100 51.351355629000103)",Unfall 135876 (2022) Kat:3, Licht: 2,135876,3,3,5,10,18,2,0,2,1,1,0,0,0,0
"POINT (12.433458720000001 51.355161962000103)",Unfall 135886 (2022) Kat:3, Licht: 2,135886,3,3,5,08,01,1,0,2,1,1,0,0,0,0
"POINT (12.439133148000099 51.294840800000003)",Unfall 135920 (2022) Kat:3, Licht: 2,135920,3,3,5,11,17,5,1,2,1,1,0,0,0,0
"POINT (12.377008096000100 51.344504868000101)",Unfall 135933 (2022) Kat:2, Licht: 0,135933,2,3,5,10,16,3,0,0,0,1,0,0,0,0
"POINT (12.394430363000000 51.336792283000101)",Unfall 135938 (2022) Kat:3, Licht: 0,135938,3,2,5,08,16,7,0,0,0,1,0,0,0,0
"POINT (12.371329063000100 51.344450793000100)",Unfall 135962 (2022) Kat:3, Licht: 2,135962,3,2,5,11,20,4,0,2,1,1,0,0,0,0
"POINT (12.351004615000001 51.340330735000101)",Unfall 135987 (2022) Kat:3, Licht: 0,135987,3,6,2,07,15,5,1,0,0,1,0,0,0,0
"POINT (12.394784870000001 51.314609749000098)",Unfall 135994 (2022) Kat:3, Licht: 2,135994,3,1,0,08,23,7,0,2,1,0,0,0,0,0
"POINT (12.368371435000000 51.314662619000003)",Unfall 136018 (2022) Kat:3, Licht: 0,136018,3,2,5,08,12,4,0,0,0,1,0,0,0,0
"POINT (12.463074870000099 51.350491370000000)",Unfall 136087 (2022) Kat:3, Licht: 0,136087,3,3,5,11,15,6,0,0,1,1,0,0,0,0
"POINT (12.396835102000100 51.331114304000003)",Unfall 136120 (2022) Kat:3, Licht: 0,136120,3,4,6,09,16,3,0,0,0,0,1,1,0,0
"POINT (12.413891358000100 51.313345286000100)",Unfall 136145 (2022) Kat:3, Licht: 0,136145,3,1,0,09,16,6,1,0,0,1,0,1,0,0
"POINT (12.371034500000100 51.344096885000098)",Unfall 136147 (2022) Kat:3, Licht: 0,136147,3,6,3,10,10,4,0,0,1,0,0,0,0,0
"POINT (12.267413350000000 51.379287204999997)",Unfall 136159 (2022) Kat:3, Licht: 0,136159,3,6,4,06,16,6,0,0,0,1,0,1,0,0
"POINT (12.286307586000000 51.331153889000099)",Unfall 136174 (2022) Kat:3, Licht: 0,136174,3,3,5,07,16,3,0,0,1,1,0,0,0,0
"POINT (12.416495957000100 51.311530556000001)",Unfall 136176 (2022) Kat:3, Licht: 0,136176,3,2,5,11,14,7,0,0,0,1,0,0,0,1
"POINT (12.247297988000099 51.318153539000001)",Unfall 136181 (2022) Kat:3, Licht: 0,136181,3,2,3,11,07,3,0,0,1,1,0,0,0,0
"POINT (12.399026562000101 51.416935600999999)",Unfall 136188 (2022) Kat:2, Licht: 0,136188,2,3,5,09,14,4,0,0,1,1,0,0,0,0
"POINT (12.381004470000100 51.343887103000000)",Unfall 136221 (2022) Kat:2, Licht: 0,136221,2,4,6,11,11,3,0,0,0,1,1,0,0,0
"POINT (12.394404310000001 51.336728715000000)",Unfall 136237 (2022) Kat:3, Licht: 0,136237,3,6,2,06,06,2,0,0,0,1,0,1,0,0
"POINT (12.380724323999999 51.344002900000099)",Unfall 136274 (2022) Kat:3, Licht: 0,136274,3,7,0,12,12,5,0,0,0,0,1,0,0,1
"POINT (12.386776813999999 51.345646178000003)",Unfall 136290 (2022) Kat:3, Licht: 0,136290,3,6,2,12,14,6,0,0,0,1,0,0,0,0
"POINT (12.399977808000100 51.361508252000100)",Unfall 136307 (2022) Kat:3, Licht: 0,136307,3,6,1,08,08,2,0,0,0,1,0,0,0,0
"POINT (12.323034373000000 51.379683860000100)",Unfall 136316 (2022) Kat:3, Licht: 0,136316,3,6,1,09,15,3,0,0,0,1,0,1,0,0
"POINT (12.368752037000000 51.314682630999997)",Unfall 136319 (2022) Kat:3, Licht: 0,136319,3,2,2,09,10,7,0,0,1,0,0,0,0,0
"POINT (12.426455552000000 51.351809936000102)",Unfall 136351 (2022) Kat:3, Licht: 2,136351,3,4,6,11,16,6,1,2,0,0,1,0,0,1
"POINT (12.480604450000000 51.324487137000098)",Unfall 136369 (2022) Kat:2, Licht: 0,136369,2,1,0,08,18,3,0,0,1,0,0,0,0,0
"POINT (12.392695501000000 51.418281112999999)",Unfall 136370 (2022) Kat:3, Licht: 0,136370,3,1,8,10,15,6,1,0,0,0,0,0,1,0
"POINT (12.394182108000100 51.350604272000098)",Unfall 136379 (2022) Kat:3, Licht: 0,136379,3,7,0,09,17,7,0,0,0,0,0,1,0,0
"POINT (12.393701216000100 51.335395644000101)",Unfall 136380 (2022) Kat:2, Licht: 0,136380,2,3,5,08,07,3,0,0,1,0,0,1,0,0
"POINT (12.460878751999999 51.367237381000102)",Unfall 136404 (2022) Kat:3, Licht: 0,136404,3,2,5,10,15,5,0,0,1,1,0,0,0,0
"POINT (12.391641475000000 51.347678449000099)",Unfall 136425 (2022) Kat:3, Licht: 0,136425,3,1,9,12,07,2,1,0,0,1,0,0,0,0
"POINT (12.378207067000099 51.375845856000097)",Unfall 136437 (2022) Kat:3, Licht: 0,136437,3,2,5,12,15,3,1,0,1,1,0,0,0,0
"POINT (12.366807833000101 51.314430413000103)",Unfall 136488 (2022) Kat:3, Licht: 0,136488,3,3,5,10,15,5,0,0,1,1,0,0,0,0
"POINT (12.288794996000000 51.332531139000103)",Unfall 136489 (2022) Kat:3, Licht: 2,136489,3,1,8,11,16,4,0,2,0,1,0,0,0,0
"POINT (12.339697856000001 51.335318470000097)",Unfall 136510 (2022) Kat:3, Licht: 0,136510,3,2,5,11,10,1,0,0,0,1,0,0,0,0
"POINT (12.398205199000101 51.330111632000097)",Unfall 136543 (2022) Kat:3, Licht: 0,136543,3,2,5,11,09,5,1,0,0,1,0,0,0,0
"POINT (12.353406174000000 51.341151934000003)",Unfall 136547 (2022) Kat:3, Licht: 0,136547,3,7,0,08,12,2,0,0,1,0,0,0,0,0
"POINT (12.260851813000000 51.346376362999997)",Unfall 136567 (2022) Kat:3, Licht: 0,136567,3,6,2,09,15,5,1,0,0,1,0,0,0,0
"POINT (12.454014991000101 51.350269244000103)",Unfall 136590 (2022) Kat:2, Licht: 0,136590,2,1,8,09,18,3,0,0,0,0,0,1,0,0
"POINT (12.378289240000100 51.375843439999997)",Unfall 136594 (2022) Kat:3, Licht: 0,136594,3,2,6,10,12,3,0,0,0,1,1,0,0,0
"POINT (12.345377784000000 51.339299362000098)",Unfall 136629 (2022) Kat:3, Licht: 2,136629,3,6,2,08,23,6,0,2,0,1,0,0,0,0
"POINT (12.377102980000100 51.344515133000101)",Unfall 136681 (2022) Kat:3, Licht: 0,136681,3,6,2,11,15,2,1,0,0,1,0,0,0,0
"POINT (12.373795825000100 51.393861125999997)",Unfall 136717 (2022) Kat:3, Licht: 0,136717,3,3,5,07,08,2,0,0,1,0,0,0,0,0
"POINT (12.327470049000100 51.337390257000003)",Unfall 136729 (2022) Kat:3, Licht: 0,136729,3,6,2,08,09,3,0,0,0,1,0,0,0,0
"POINT (12.391382940000000 51.347471118000001)",Unfall 136739 (2022) Kat:3, Licht: 0,136739,3,2,3,08,13,4,0,0,1,1,0,0,0,0
"POINT (12.394683490000000 51.410285543000001)",Unfall 136747 (2022) Kat:2, Licht: 1,136747,2,4,6,10,07,6,1,1,0,0,1,0,0,1
"POINT (12.427120842000001 51.303183120000000)",Unfall 136767 (2022) Kat:2, Licht: 0,136767,2,2,6,11,15,6,1,0,0,1,1,0,0,0
"POINT (12.398575872000000 51.329767532000098)",Unfall 136794 (2022) Kat:3, Licht: 0,136794,3,6,6,09,15,6,0,0,1,0,1,0,0,0
"POINT (12.274084021000000 51.324859242999999)",Unfall 136810 (2022) Kat:3, Licht: 1,136810,3,3,5,12,21,5,2,1,0,1,0,0,0,0
"POINT (12.337939266999999 51.299687325999997)",Unfall 136815 (2022) Kat:2, Licht: 0,136815,2,1,8,09,18,4,0,0,0,1,0,0,0,0
"POINT (12.373451826000100 51.314937303000100)",Unfall 136835 (2022) Kat:3, Licht: 0,136835,3,6,2,10,11,3,0,0,0,1,0,0,0,0
"POINT (12.401808352000000 51.351372521000002)",Unfall 136857 (2022) Kat:3, Licht: 0,136857,3,6,3,09,14,3,0,0,0,0,0,1,0,1
"POINT (12.342538772000101 51.338587167000099)",Unfall 136862 (2022) Kat:3, Licht: 0,136862,3,6,1,11,15,5,1,0,0,1,0,0,0,0
"POINT (12.519391282000100 51.343467961000002)",Unfall 136872 (2022) Kat:3, Licht: 2,136872,3,7,0,07,23,1,0,2,1,0,0,0,0,0
"POINT (12.371774981000000 51.344082334000099)",Unfall 136912 (2022) Kat:3, Licht: 0,136912,3,6,6,07,15,6,0,0,1,0,1,0,0,0
"POINT (12.370963521000000 51.344098183000000)",Unfall 136917 (2022) Kat:2, Licht: 0,136917,2,3,5,09,11,6,0,0,1,0,0,0,0,1
"POINT (12.314336149000001 51.340540474000100)",Unfall 136921 (2022) Kat:3, Licht: 0,136921,3,3,5,11,13,3,0,0,1,1,0,0,0,0
"POINT (12.298301579000100 51.379493313000097)",Unfall 136967 (2022) Kat:2, Licht: 0,136967,2,1,8,09,08,4,0,0,0,1,0,0,0,0
"POINT (12.378797098000099 51.314810050000098)",Unfall 136993 (2022) Kat:3, Licht: 0,136993,3,1,0,08,19,1,0,0,1,0,0,0,0,0
"POINT (12.483274893999999 51.299633076000099)",Unfall 137011 (2022) Kat:2, Licht: 0,137011,2,1,8,07,08,3,0,0,0,0,0,1,0,0
"POINT (12.394070418000100 51.351200319999997)",Unfall 137032 (2022) Kat:3, Licht: 2,137032,3,6,2,11,17,6,1,2,0,1,0,0,0,0
"POINT (12.265149478000099 51.326266014000097)",Unfall 137047 (2022) Kat:3, Licht: 0,137047,3,3,5,10,17,4,0,0,0,1,0,1,0,0
"POINT (12.339640113000000 51.335314464000099)",Unfall 137075 (2022) Kat:2, Licht: 0,137075,2,6,4,09,06,5,0,0,1,0,0,0,0,0
"POINT (12.392122774000001 51.351735838000103)",Unfall 137090 (2022) Kat:3, Licht: 0,137090,3,6,2,09,08,5,1,0,1,0,0,0,0,0
"POINT (12.369367323000100 51.344162973000003)",Unfall 137115 (2022) Kat:3, Licht: 0,137115,3,2,5,09,16,3,0,0,1,0,0,0,0,1
"POINT (12.341542734000001 51.386527552000103)",Unfall 137118 (2022) Kat:3, Licht: 0,137118,3,6,3,07,09,5,0,0,0,1,0,0,0,0
"POINT (12.480476993000000 51.323421967000101)",Unfall 137154 (2022) Kat:3, Licht: 2,137154,3,3,5,08,22,6,0,2,0,1,0,0,0,0
"POINT (12.405968903000000 51.313914866000097)",Unfall 137197 (2022) Kat:3, Licht: 0,137197,3,6,2,10,16,6,0,0,0,1,0,0,0,0
"POINT (12.338430035000000 51.396539126000100)",Unfall 137214 (2022) Kat:3, Licht: 1,137214,3,3,5,09,05,4,0,1,1,1,0,0,0,0
"POINT (12.391947537000000 51.347894512000003)",Unfall 137236 (2022) Kat:2, Licht: 0,137236,2,3,5,06,16,3,0,0,1,1,0,0,0,0
"POINT (12.362260010000099 51.342572905000097)",Unfall 137243 (2022) Kat:3, Licht: 2,137243,3,6,3,12,17,5,1,2,1,1,0,0,0,0
"POINT (12.394219322000000 51.332666475000103)",Unfall 137247 (2022) Kat:3, Licht: 0,137247,3,6,2,07,12,6,1,0,0,1,0,0,0,0
"POINT (12.401692143000000 51.324289962000101)",Unfall 137249 (2022) Kat:3, Licht: 0,137249,3,1,0,10,06,2,0,0,1,0,0,0,0,0
"POINT (12.336249709000100 51.335439495000102)",Unfall 137250 (2022) Kat:2, Licht: 2,137250,2,1,4,11,03,1,0,2,1,1,0,0,0,0
"POINT (12.362810291000100 51.314247475999998)",Unfall 137254 (2022) Kat:3, Licht: 0,137254,3,2,2,08,08,4,0,0,0,1,0,0,0,0
"POINT (12.392722766000100 51.333974794000000)",Unfall 137257 (2022) Kat:3, Licht: 0,137257,3,2,2,10,13,5,0,0,0,1,0,0,0,0
"POINT (12.417355576000000 51.310968539000001)",Unfall 137294 (2022) Kat:3, Licht: 0,137294,3,3,5,10,12,4,0,0,1,1,0,0,0,0
"POINT (12.446150520000099 51.361225606000097)",Unfall 137305 (2022) Kat:2, Licht: 2,137305,2,4,6,10,22,4,0,2,0,1,1,0,0,0
"POINT (12.427284875000099 51.295024124000101)",Unfall 137307 (2022) Kat:3, Licht: 0,137307,3,2,5,10,12,6,0,0,1,1,0,0,0,0
"POINT (12.322583476000000 51.374933528000000)",Unfall 137330 (2022) Kat:3, Licht: 2,137330,3,6,7,10,21,6,0,2,0,1,0,0,0,0
"POINT (12.369351419000100 51.376101400000003)",Unfall 137339 (2022) Kat:3, Licht: 0,137339,3,2,2,11,11,4,0,0,0,1,0,0,0,0
"POINT (12.393841016000099 51.333165822000097)",Unfall 137345 (2022) Kat:3, Licht: 0,137345,3,6,6,12,08,3,1,0,1,0,1,0,0,0
"POINT (12.445118335000100 51.350768621999997)",Unfall 137358 (2022) Kat:3, Licht: 2,137358,3,1,0,09,06,3,1,2,1,0,0,0,0,0
"POINT (12.392732305999999 51.333767340000101)",Unfall 137361 (2022) Kat:3, Licht: 0,137361,3,6,2,10,11,5,0,0,0,1,0,0,0,0
"POINT (12.328538625000000 51.336733453000100)",Unfall 137413 (2022) Kat:3, Licht: 0,137413,3,7,0,09,15,7,0,0,1,0,0,0,0,0
"POINT (12.301838415000100 51.342656309000098)",Unfall 137424 (2022) Kat:3, Licht: 0,137424,3,6,2,08,07,2,1,0,0,1,0,0,1,0
"POINT (12.330152306000100 51.335704131999996)",Unfall 137444 (2022) Kat:3, Licht: 0,137444,3,1,0,11,16,1,0,0,1,0,0,0,0,0
"POINT (12.446107885000099 51.361204823000001)",Unfall 137456 (2022) Kat:3, Licht: 2,137456,3,6,5,10,06,4,0,2,1,0,0,0,0,0
"POINT (12.429282273000100 51.395379713000104)",Unfall 137459 (2022) Kat:3, Licht: 0,137459,3,6,2,11,10,7,0,0,0,1,0,0,0,0
"POINT (12.344485386000001 51.375133242000103)",Unfall 137478 (2022) Kat:3, Licht: 0,137478,3,1,8,07,09,7,1,0,0,1,0,0,0,0
"POINT (12.422304152000001 51.306827186000099)",Unfall 137483 (2022) Kat:2, Licht: 0,137483,2,5,1,06,16,2,0,0,1,1,0,0,0,0