WKT,Name,OBJECTID,UKATEGORIE,UTYP1,UART,UMONAT,USTUNDE,UWOCHENTAG,STRZUSTAND,ULICHTVERH,ISTRAD,ISTPKW,ISTFUSS,ISTKRAD,ISTGKFZ,ISTSONSTIG
"POINT (12.405308123000101 51.313943737999999)",Unfall 137513 (2022) Kat:3, Licht: 0,137513,3,7,0,07,08,6,0,0,0,1,0,0,0,1
"POINT (12.262228562000100 51.316251438999998)",Unfall 137524 (2022) Kat:3, Licht: 0,137524,3,6,2,07,17,2,0,0,0,1,0,0,0,0
"POINT (12.254616049999999 51.281181336000003)",Unfall 137525 (2022) Kat:3, Licht: 0,137525,3,3,5,10,16,7,0,0,0,1,0,0,0,0
"POINT (12.326111756000000 51.338004347999998)",Unfall 137529 (2022) Kat:3, Licht: 0,137529,3,2,2,11,08,2,0,0,0,1,0,0,0,0
"POINT (12.267951974000001 51.263023592000103)",Unfall 137543 (2022) Kat:3, Licht: 2,137543,3,1,9,12,04,1,1,2,0,1,0,0,0,0
"POINT (12.323105644000099 51.376802087000002)",Unfall 137624 (2022) Kat:3, Licht: 2,137624,3,4,6,07,21,3,0,2,0,1,1,0,0,0
"POINT (12.391973323000100 51.346386760000001)",Unfall 137646 (2022) Kat:3, Licht: 0,137646,3,2,5,09,12,6,0,0,1,1,0,0,0,0
"POINT (12.411764841000000 51.314593416999998)",Unfall 137655 (2022) Kat:1, Licht: 0,137655,1,2,6,10,13,3,0,0,0,1,1,0,0,0
"POINT (12.365066135000101 51.376148227999998)",Unfall 137668 (2022) Kat:3, Licht: 0,137668,3,3,5,08,11,7,1,0,0,1,0,0,0,0
"POINT (12.363828127000000 51.311949550000101)",Unfall 137673 (2022) Kat:3, Licht: 2,137673,3,6,2,12,18,5,0,2,0,1,0,0,0,0
"POINT (12.529569444000099 51.327640964000103)",Unfall 137681 (2022) Kat:3, Licht: 0,137681,3,3,5,06,06,6,0,0,1,1,0,0,0,0
"POINT (12.258986366000000 51.346536141000101)",Unfall 137695 (2022) Kat:2, Licht: 0,137695,2,7,0,10,07,2,0,0,0,1,0,0,0,0
"POINT (12.323781548000101 51.379432629000100)",Unfall 137722 (2022) Kat:3, Licht: 0,137722,3,2,3,09,14,2,0,0,1,1,0,0,0,0
"POINT (12.260697725000099 51.308235887000102)",Unfall 137766 (2022) Kat:2, Licht: 0,137766,2,3,5,07,17,2,0,0,0,1,0,1,0,0
"POINT (12.377477655000099 51.392205613000002)",Unfall 137781 (2022) Kat:3, Licht: 0,137781,3,6,2,10,10,6,0,0,0,1,0,0,0,0
"POINT (12.391698990000100 51.351860977999998)",Unfall 137810 (2022) Kat:3, Licht: 0,137810,3,1,0,06,18,3,0,0,1,0,0,0,0,0
"POINT (12.259648185000099 51.311863541999998)",Unfall 137820 (2022) Kat:3, Licht: 0,137820,3,1,0,12,09,3,2,0,1,0,0,0,0,0
"POINT (12.361441148999999 51.375622393000100)",Unfall 137821 (2022) Kat:3, Licht: 0,137821,3,2,2,09,11,4,0,0,0,1,0,0,0,0
"POINT (12.390747291000000 51.376243043999999)",Unfall 137843 (2022) Kat:3, Licht: 2,137843,3,3,5,11,04,3,0,2,0,1,0,0,0,0
"POINT (12.377054081000001 51.344509842999997)",Unfall 137934 (2022) Kat:3, Licht: 2,137934,3,3,5,11,16,3,1,2,0,1,0,0,0,0
"POINT (12.323711044000000 51.384044328000101)",Unfall 137955 (2022) Kat:3, Licht: 0,137955,3,3,5,11,10,4,1,0,1,1,0,0,0,0
"POINT (12.422167764000100 51.351659821000098)",Unfall 137963 (2022) Kat:3, Licht: 0,137963,3,6,1,09,08,3,0,0,1,0,0,0,0,0
"POINT (12.411943076000099 51.314637118000100)",Unfall 137973 (2022) Kat:3, Licht: 0,137973,3,6,2,09,15,6,0,0,0,1,0,0,0,0
"POINT (12.346465423000000 51.297285512000002)",Unfall 137984 (2022) Kat:3, Licht: 0,137984,3,6,2,11,15,5,0,0,0,1,0,0,0,0
"POINT (12.319133131999999 51.300368818999999)",Unfall 137991 (2022) Kat:2, Licht: 0,137991,2,6,3,10,14,5,0,0,0,1,0,1,0,0
"POINT (12.320646544000100 51.300231775000000)",Unfall 138006 (2022) Kat:3, Licht: 2,138006,3,4,6,12,16,6,0,2,0,1,1,0,0,0
"POINT (12.313840415000101 51.413172573000097)",Unfall 138030 (2022) Kat:2, Licht: 2,138030,2,6,1,12,07,3,1,2,0,1,0,0,0,0
"POINT (12.268795030000000 51.263864451000103)",Unfall 138031 (2022) Kat:3, Licht: 0,138031,3,2,2,09,15,4,0,0,0,1,0,0,0,0
"POINT (12.442834851000001 51.388872578000097)",Unfall 138049 (2022) Kat:3, Licht: 0,138049,3,1,9,06,13,5,0,0,0,1,0,0,0,0
"POINT (12.281083667000100 51.383440823000100)",Unfall 138052 (2022) Kat:3, Licht: 0,138052,3,6,2,08,09,6,0,0,0,1,0,1,0,0
"POINT (12.388081338000100 51.382743654000102)",Unfall 138074 (2022) Kat:3, Licht: 0,138074,3,6,4,07,16,7,0,0,0,1,0,0,0,0
"POINT (12.261676332000000 51.316171355000101)",Unfall 138096 (2022) Kat:3, Licht: 0,138096,3,2,5,11,10,1,0,0,1,1,0,0,0,0
"POINT (12.377009963000001 51.344505070000103)",Unfall 138098 (2022) Kat:3, Licht: 2,138098,3,3,2,12,19,5,0,2,1,1,0,0,0,0
"POINT (12.473640292000001 51.351416165000003)",Unfall 138121 (2022) Kat:3, Licht: 2,138121,3,3,5,11,17,5,0,2,0,1,0,0,0,0
"POINT (12.359603118000100 51.411771428000101)",Unfall 138146 (2022) Kat:3, Licht: 0,138146,3,7,1,09,11,5,0,0,0,1,0,0,1,0
"POINT (12.391140757000100 51.404902370999999)",Unfall 138150 (2022) Kat:3, Licht: 0,138150,3,1,8,07,18,5,1,0,0,1,0,0,0,0
"POINT (12.378333032000100 51.314809678000103)",Unfall 138168 (2022) Kat:3, Licht: 0,138168,3,2,3,12,13,2,1,0,0,1,0,1,0,0
"POINT (12.428678161000100 51.302105971000103)",Unfall 138173 (2022) Kat:3, Licht: 0,138173,3,6,2,10,14,7,0,0,0,1,0,0,0,0
"POINT (12.490467700000099 51.357607739999999)",Unfall 138211 (2022) Kat:3, Licht: 0,138211,3,1,8,06,15,6,1,0,0,0,0,0,1,0
"POINT (12.387492516000099 51.376162763000103)",Unfall 138219 (2022) Kat:3, Licht: 0,138219,3,6,2,09,07,6,0,0,0,1,0,0,0,0
"POINT (12.323665682000099 51.379473115000103)",Unfall 138281 (2022) Kat:3, Licht: 2,138281,3,2,6,12,16,2,1,2,0,1,1,0,0,0
"POINT (12.342135805000099 51.373687679000099)",Unfall 138298 (2022) Kat:2, Licht: 0,138298,2,1,3,07,19,2,0,0,0,1,0,0,0,0
"POINT (12.290434802000000 51.392819811999999)",Unfall 138313 (2022) Kat:3, Licht: 0,138313,3,2,2,11,13,4,0,0,0,1,0,0,0,0
"POINT (12.392083036000001 51.347983294000102)",Unfall 138319 (2022) Kat:3, Licht: 2,138319,3,1,8,07,21,1,0,2,0,1,0,0,0,0
"POINT (12.396583537000000 51.353587046000001)",Unfall 138328 (2022) Kat:3, Licht: 0,138328,3,1,0,08,07,2,0,0,1,0,0,0,0,0
"POINT (12.365423230999999 51.343377524000097)",Unfall 138347 (2022) Kat:3, Licht: 0,138347,3,4,6,09,12,5,1,0,0,0,1,0,0,1
"POINT (12.396593465000000 51.353588785000099)",Unfall 138354 (2022) Kat:3, Licht: 2,138354,3,3,5,12,23,5,0,2,0,1,0,0,0,0
"POINT (12.371786115000100 51.344082104999998)",Unfall 138403 (2022) Kat:2, Licht: 0,138403,2,4,6,07,12,2,0,0,0,1,1,0,0,0
"POINT (12.278418199000001 51.404312760000003)",Unfall 138414 (2022) Kat:3, Licht: 0,138414,3,6,2,08,07,3,0,0,0,1,0,0,0,0
"POINT (12.426528954000000 51.351865363000101)",Unfall 138427 (2022) Kat:3, Licht: 0,138427,3,6,2,07,18,7,0,0,0,1,0,0,0,1
"POINT (12.403932777000000 51.321744131999999)",Unfall 138459 (2022) Kat:3, Licht: 2,138459,3,2,4,10,19,3,1,2,1,1,0,0,0,0
"POINT (12.399155212000000 51.364568382000101)",Unfall 138472 (2022) Kat:3, Licht: 0,138472,3,6,3,07,12,2,0,0,0,1,0,1,0,0
"POINT (12.487739787000100 51.298525314000102)",Unfall 138483 (2022) Kat:2, Licht: 0,138483,2,1,8,09,07,6,1,0,0,0,0,1,0,0
"POINT (12.357378284999999 51.341752749000101)",Unfall 138486 (2022) Kat:3, Licht: 1,138486,3,6,2,09,19,3,0,1,0,1,0,0,0,0
"POINT (12.371477839000001 51.314839691000003)",Unfall 138502 (2022) Kat:3, Licht: 0,138502,3,3,5,06,13,4,0,0,1,1,0,0,0,0
"POINT (12.426467936000099 51.351806316000101)",Unfall 138512 (2022) Kat:3, Licht: 2,138512,3,2,5,10,18,5,0,2,1,1,0,0,0,0
"POINT (12.455243473000101 51.350298625000100)",Unfall 138543 (2022) Kat:3, Licht: 0,138543,3,3,5,06,14,3,0,0,1,1,0,0,0,0
"POINT (12.396588318999999 51.353587884000000)",Unfall 138545 (2022) Kat:3, Licht: 2,138545,3,2,5,11,21,7,0,2,0,1,0,0,0,0
"POINT (12.392553471999999 51.348440181999997)",Unfall 138547 (2022) Kat:3, Licht: 0,138547,3,2,5,11,14,3,0,0,1,1,0,0,0,0
"POINT (12.399041295000099 51.360183441000103)",Unfall 138562 (2022) Kat:2, Licht: 0,138562,2,3,5,12,07,5,0,0,1,0,0,0,0,0
"POINT (12.376866880000000 51.344233599000098)",Unfall 138577 (2022) Kat:3, Licht: 0,138577,3,2,2,12,13,2,1,0,0,1,0,0,0,0
"POINT (12.345158148000101 51.375175833000100)",Unfall 138593 (2022) Kat:3, Licht: 0,138593,3,2,5,08,12,5,0,0,1,1,0,0,0,0
"POINT (12.355488921000100 51.341613209000101)",Unfall 138616 (2022) Kat:2, Licht: 2,138616,2,4,6,10,20,4,0,2,0,1,1,0,0,0
"POINT (12.393791722000101 51.351305275000101)",Unfall 138634 (2022) Kat:3, Licht: 0,138634,3,1,8,08,10,4,0,0,0,1,0,0,0,0
"POINT (12.399368777000101 51.363444250000001)",Unfall 138676 (2022) Kat:3, Licht: 0,138676,3,6,2,10,07,3,0,0,1,1,0,0,0,0
"POINT (12.274277678000001 51.324896957000099)",Unfall 138723 (2022) Kat:3, Licht: 1,138723,3,3,5,07,21,3,0,1,0,1,0,0,0,0
"POINT (12.247307033000000 51.318155431999998)",Unfall 138744 (2022) Kat:3, Licht: 0,138744,3,6,2,08,10,1,0,0,0,1,0,0,0,0
"POINT (12.375126987000000 51.408397670000099)",Unfall 138758 (2022) Kat:3, Licht: 2,138758,3,6,2,11,18,6,1,2,0,1,0,0,0,0
"POINT (12.411764841000000 51.314593416999998)",Unfall 138763 (2022) Kat:3, Licht: 0,138763,3,2,5,09,13,2,1,0,1,0,0,0,0,1
"POINT (12.343426599000100 51.393933859000100)",Unfall 138764 (2022) Kat:3, Licht: 0,138764,3,1,0,08,09,6,1,0,0,0,0,1,0,0
"POINT (12.374835135000099 51.344355954999997)",Unfall 138768 (2022) Kat:3, Licht: 0,138768,3,6,3,10,16,4,0,0,1,0,0,0,0,0
"POINT (12.270560176000100 51.317521719000098)",Unfall 138776 (2022) Kat:2, Licht: 0,138776,2,3,5,08,17,3,0,0,0,1,0,1,0,0
"POINT (12.421708912000000 51.308098443000098)",Unfall 138830 (2022) Kat:2, Licht: 0,138830,2,3,5,08,16,5,0,0,0,1,0,0,0,0
"POINT (12.334454043999999 51.335876741000000)",Unfall 138839 (2022) Kat:3, Licht: 2,138839,3,2,3,11,18,4,0,2,1,1,0,0,0,0
"POINT (12.505786811000100 51.346868035000099)",Unfall 138855 (2022) Kat:3, Licht: 0,138855,3,6,2,09,11,6,0,0,0,1,0,0,0,0
"POINT (12.321634029000100 51.380142514000099)",Unfall 138882 (2022) Kat:3, Licht: 0,138882,3,4,6,09,17,7,0,0,0,1,1,0,0,0
"POINT (12.346479411000100 51.328879995000101)",Unfall 244655 (2022) Kat:3, Licht: 2,244655,3,3,5,01,07,2,1,2,1,1,0,0,0,0
"POINT (12.373796034000099 51.353101156000001)",Unfall 244842 (2022) Kat:3, Licht: 2,244842,3,3,3,01,06,2,1,2,1,1,0,0,0,0
"POINT (12.376524207999999 51.343008892999997)",Unfall 244854 (2022) Kat:3, Licht: 1,244854,3,2,5,01,16,7,0,1,1,1,0,0,0,0
"POINT (12.287724862000101 51.357243550000099)",Unfall 244885 (2022) Kat:2, Licht: 2,244885,2,7,6,01,04,3,1,2,1,0,1,0,0,0
"POINT (12.313286726000101 51.331721603000098)",Unfall 244979 (2022) Kat:2, Licht: 0,244979,2,5,1,01,10,2,0,0,1,1,0,0,0,0
"POINT (12.430506901999999 51.359333141999997)",Unfall 245485 (2022) Kat:2, Licht: 0,245485,2,7,0,01,12,2,0,0,1,0,0,0,0,0
"POINT (12.388163617000000 51.338930501000000)",Unfall 245534 (2022) Kat:3, Licht: 0,245534,3,7,6,01,08,2,0,0,0,1,1,0,0,0
"POINT (12.407623498000000 51.337944041000100)",Unfall 245546 (2022) Kat:2, Licht: 2,245546,2,1,8,01,01,7,0,2,0,1,0,0,0,0
"POINT (12.475610636000100 51.345621697000098)",Unfall 245564 (2022) Kat:3, Licht: 2,245564,3,1,8,01,20,3,1,2,0,1,0,0,0,0
"POINT (12.438717666000100 51.333530756000101)",Unfall 245580 (2022) Kat:3, Licht: 0,245580,3,6,6,01,15,3,1,0,0,1,1,0,0,0
"POINT (12.343902889000001 51.404330446000102)",Unfall 245641 (2022) Kat:3, Licht: 0,245641,3,3,5,02,08,5,0,0,0,1,0,0,0,1
"POINT (12.382892795000000 51.341983030999998)",Unfall 245643 (2022) Kat:3, Licht: 0,245643,3,6,3,04,08,2,0,0,0,1,0,0,1,0
"POINT (12.417573222000000 51.316226882000102)",Unfall 245649 (2022) Kat:3, Licht: 0,245649,3,3,1,04,08,6,0,0,1,1,0,0,0,0
"POINT (12.374885999000099 51.360002408000099)",Unfall 245650 (2022) Kat:3, Licht: 2,245650,3,4,6,02,20,2,0,2,0,1,1,0,0,0
"POINT (12.381685215000100 51.331774484000100)",Unfall 245653 (2022) Kat:3, Licht: 0,245653,3,2,5,04,09,5,0,0,1,1,0,0,0,0
"POINT (12.407334644000100 51.345477983000102)",Unfall 245660 (2022) Kat:3, Licht: 0,245660,3,3,5,02,14,4,0,0,0,1,0,1,0,0
"POINT (12.384622897000000 51.302486209999998)",Unfall 245666 (2022) Kat:3, Licht: 0,245666,3,3,5,03,15,3,0,0,1,0,0,0,0,0
"POINT (12.377841698000100 51.288128213999997)",Unfall 245667 (2022) Kat:3, Licht: 0,245667,3,3,5,02,10,5,0,0,0,1,0,0,0,0
"POINT (12.411054412000100 51.357464810000103)",Unfall 245676 (2022) Kat:3, Licht: 0,245676,3,5,1,03,17,5,0,0,1,1,0,0,0,0
"POINT (12.414858034000099 51.359401843000100)",Unfall 245677 (2022) Kat:3, Licht: 0,245677,3,6,2,03,16,5,0,0,1,1,0,0,0,0
"POINT (12.387592633000100 51.357207527000099)",Unfall 245680 (2022) Kat:3, Licht: 0,245680,3,5,3,02,08,4,1,0,1,0,0,0,0,1
"POINT (12.349134325000000 51.329899437000101)",Unfall 245681 (2022) Kat:3, Licht: 0,245681,3,6,2,03,08,4,0,0,0,1,0,0,0,0
"POINT (12.373390795000001 51.328572399000102)",Unfall 245683 (2022) Kat:3, Licht: 0,245683,3,2,2,03,16,5,0,0,1,1,0,0,0,0
"POINT (12.373689411000001 51.332476347000103)",Unfall 245684 (2022) Kat:3, Licht: 0,245684,3,1,0,01,09,3,1,0,1,0,0,0,0,0
"POINT (12.365615858000099 51.339610596000099)",Unfall 245687 (2022) Kat:1, Licht: 2,245687,1,4,6,02,19,1,0,2,0,1,1,0,0,0
"POINT (12.401305598000000 51.342730641000102)",Unfall 245688 (2022) Kat:2, Licht: 0,245688,2,7,1,02,16,6,0,0,1,1,0,0,0,0
"POINT (12.380341312000001 51.360747409000098)",Unfall 245692 (2022) Kat:1, Licht: 0,245692,1,4,6,03,13,3,0,0,0,0,1,0,1,0
"POINT (12.359535812000001 51.361037688000103)",Unfall 245695 (2022) Kat:3, Licht: 0,245695,3,3,5,02,10,3,0,0,0,1,0,0,0,0
"POINT (12.304349411000000 51.322650877000100)",Unfall 245696 (2022) Kat:2, Licht: 2,245696,2,1,0,01,21,5,1,2,0,0,0,1,0,0
"POINT (12.359973400000101 51.318548126000103)",Unfall 245716 (2022) Kat:3, Licht: 0,245716,3,7,7,03,15,3,0,0,0,0,0,0,0,1
"POINT (12.371408355000000 51.331140847000000)",Unfall 245724 (2022) Kat:3, Licht: 0,245724,3,6,2,04,16,2,0,0,0,1,0,0,0,0
"POINT (12.427715580999999 51.371782650000100)",Unfall 245725 (2022) Kat:2, Licht: 0,245725,2,2,5,03,15,4,0,0,0,1,0,1,0,0
"POINT (12.460699478000000 51.345761276000097)",Unfall 245726 (2022) Kat:3, Licht: 2,245726,3,3,5,01,17,7,1,2,0,1,0,0,0,0
"POINT (12.362423581000000 51.359144220000097)",Unfall 245729 (2022) Kat:3, Licht: 0,245729,3,2,5,03,07,5,0,0,0,1,0,0,0,1
"POINT (12.375860072000000 51.366886286000103)",Unfall 245730 (2022) Kat:3, Licht: 0,245730,3,3,5,03,09,3,0,0,0,1,0,0,0,0
"POINT (12.369950724000001 51.355846671000101)",Unfall 245731 (2022) Kat:3, Licht: 0,245731,3,3,5,02,09,2,0,0,1,1,0,0,0,0
"POINT (12.445200217000000 51.345476830999999)",Unfall 245736 (2022) Kat:3, Licht: 0,245736,3,2,2,03,09,3,0,0,0,1,0,0,0,1
"POINT (12.356944076000000 51.320474369000102)",Unfall 245737 (2022) Kat:3, Licht: 1,245737,3,6,2,02,16,5,1,1,0,1,0,0,0,0
"POINT (12.362659200000101 51.321028599999998)",Unfall 245739 (2022) Kat:3, Licht: 0,245739,3,3,5,02,09,7,2,0,1,1,0,0,0,0
"POINT (12.397588013000099 51.336489459000099)",Unfall 245744 (2022) Kat:3, Licht: 0,245744,3,3,5,03,07,3,0,0,0,1,0,1,0,0
"POINT (12.373640731000000 51.320569294999999)",Unfall 245745 (2022) Kat:2, Licht: 0,245745,2,4,6,03,19,2,0,0,0,1,1,0,0,0
"POINT (12.378457636000100 51.319852148000102)",Unfall 245746 (2022) Kat:3, Licht: 2,245746,3,5,1,02,17,3,1,2,1,1,0,0,0,0
"POINT (12.387203407000101 51.299154283000099)",Unfall 245747 (2022) Kat:3, Licht: 2,245747,3,5,1,03,00,7,0,2,1,0,0,0,1,0
"POINT (12.408337793999999 51.337542755000101)",Unfall 245751 (2022) Kat:3, Licht: 0,245751,3,6,2,04,08,2,0,0,1,1,0,0,0,0
"POINT (12.387208597000001 51.336873042000001)",Unfall 245755 (2022) Kat:3, Licht: 2,245755,3,3,5,01,22,6,1,2,0,1,0,0,0,1
"POINT (12.321018761000101 51.302773112000096)",Unfall 245758 (2022) Kat:3, Licht: 0,245758,3,3,5,04,11,6,0,0,1,1,0,0,0,0
"POINT (12.489787319000101 51.323269934000102)",Unfall 245759 (2022) Kat:2, Licht: 0,245759,2,3,5,03,15,5,0,0,1,1,0,0,0,0
"POINT (12.324058003000101 51.333466659000102)",Unfall 245764 (2022) Kat:2, Licht: 0,245764,2,6,2,03,13,5,0,0,0,1,0,1,0,0
"POINT (12.373319785000000 51.353073672000100)",Unfall 245765 (2022) Kat:3, Licht: 0,245765,3,3,5,01,08,3,1,0,1,1,0,0,0,0
"POINT (12.375874731000099 51.397038938999998)",Unfall 245768 (2022) Kat:3, Licht: 2,245768,3,4,6,03,19,2,0,2,0,1,1,0,0,0
"POINT (12.401595180000101 51.292994646000103)",Unfall 245771 (2022) Kat:3, Licht: 0,245771,3,7,7,01,08,6,0,0,0,1,0,0,0,0
"POINT (12.391981070000000 51.322220065000103)",Unfall 245774 (2022) Kat:3, Licht: 2,245774,3,6,2,02,16,4,0,2,0,1,0,0,0,0
"POINT (12.367052252000100 51.325438323000100)",Unfall 245781 (2022) Kat:3, Licht: 0,245781,3,6,2,02,07,2,0,0,0,1,0,0,0,0
"POINT (12.363238376000000 51.369206335000101)",Unfall 245783 (2022) Kat:3, Licht: 0,245783,3,5,1,01,12,4,0,0,1,1,0,0,0,0
"POINT (12.383818196000000 51.351971222000003)",Unfall 245788 (2022) Kat:3, Licht: 2,245788,3,2,2,02,21,1,0,2,0,1,0,0,0,0
"POINT (12.372069787999999 51.356878539000000)",Unfall 245801 (2022) Kat:3, Licht: 0,245801,3,3,5,01,13,6,1,0,1,1,0,0,0,0
"POINT (12.374441767000100 51.351701719000097)",Unfall 245802 (2022) Kat:3, Licht: 0,245802,3,6,3,03,10,5,0,0,1,1,0,0,0,0
"POINT (12.374120183000100 51.303352523000100)",Unfall 245804 (2022) Kat:3, Licht: 0,245804,3,2,3,03,16,1,0,0,1,1,0,0,0,0
"POINT (12.325407659000099 51.334151668000104)",Unfall 245806 (2022) Kat:3, Licht: 0,245806,3,5,1,04,14,1,0,0,1,1,0,0,0,0
"POINT (12.367497408000100 51.367208621000003)",Unfall 245809 (2022) Kat:3, Licht: 2,245809,3,3,5,02,19,3,0,2,1,1,0,0,0,0
"POINT (12.368106888000099 51.329922627000002)",Unfall 245811 (2022) Kat:3, Licht: 0,245811,3,3,5,01,13,3,0,0,0,1,0,0,0,1
"POINT (12.470433214000000 51.345744181999997)",Unfall 245812 (2022) Kat:3, Licht: 0,245812,3,7,9,01,08,4,1,0,0,1,0,0,0,0
"POINT (12.302970043000100 51.353155022000102)",Unfall 245820 (2022) Kat:3, Licht: 2,245820,3,6,2,01,18,1,1,2,0,1,0,0,0,0
"POINT (12.373438563000001 51.351655929000103)",Unfall 245822 (2022) Kat:3, Licht: 0,245822,3,3,5,03,10,6,0,0,1,1,0,0,0,0
"POINT (12.321761843999999 51.320399263000098)",Unfall 245825 (2022) Kat:3, Licht: 0,245825,3,1,0,02,15,6,1,0,1,0,0,0,0,0
"POINT (12.362293628000000 51.339103475999998)",Unfall 245826 (2022) Kat:2, Licht: 2,245826,2,3,5,02,20,2,1,2,1,1,0,0,0,0
"POINT (12.343358174000100 51.326967733000103)",Unfall 245828 (2022) Kat:3, Licht: 0,245828,3,3,5,03,10,2,0,0,1,1,0,0,0,0
"POINT (12.430816484999999 51.362765786000097)",Unfall 245830 (2022) Kat:3, Licht: 0,245830,3,2,3,03,13,5,0,0,1,1,0,0,0,0
"POINT (12.344163215000000 51.324670756000003)",Unfall 245832 (2022) Kat:3, Licht: 0,245832,3,5,3,03,13,3,0,0,1,1,0,0,0,0
"POINT (12.386481053000100 51.359959990999997)",Unfall 245835 (2022) Kat:3, Licht: 0,245835,3,3,5,04,07,3,1,0,1,1,0,0,0,0
"POINT (12.280318549000100 51.314910224000101)",Unfall 245836 (2022) Kat:3, Licht: 1,245836,3,3,5,01,17,2,1,1,1,1,0,0,0,0
"POINT (12.373410756000100 51.352447937000100)",Unfall 245841 (2022) Kat:3, Licht: 2,245841,3,3,5,02,17,7,1,2,1,1,0,0,0,0
"POINT (12.373533398000101 51.330022025000098)",Unfall 245852 (2022) Kat:3, Licht: 0,245852,3,6,6,02,14,5,0,0,1,0,1,0,0,0
"POINT (12.380268310000099 51.329714931000098)",Unfall 245856 (2022) Kat:3, Licht: 0,245856,3,7,3,03,12,7,0,0,0,1,0,0,0,1
"POINT (12.403541684000100 51.338573523000001)",Unfall 245862 (2022) Kat:2, Licht: 2,245862,2,4,6,02,17,2,0,2,0,1,1,0,0,0
"POINT (12.368713611000000 51.316915134000098)",Unfall 245863 (2022) Kat:3, Licht: 0,245863,3,2,5,02,13,2,0,0,1,1,0,0,0,0
"POINT (12.373699924000100 51.324318490000103)",Unfall 245865 (2022) Kat:3, Licht: 0,245865,3,2,6,01,14,3,0,0,0,1,1,0,0,0
"POINT (12.398624862000100 51.344722014000098)",Unfall 245867 (2022) Kat:3, Licht: 0,245867,3,7,1,03,10,3,1,0,1,1,0,0,0,0
"POINT (12.408665506000000 51.360008989000100)",Unfall 245873 (2022) Kat:2, Licht: 2,245873,2,3,5,02,05,3,1,2,1,1,0,0,0,0
"POINT (12.370247270000000 51.367165246000098)",Unfall 245877 (2022) Kat:3, Licht: 1,245877,3,4,6,02,07,6,1,1,0,1,1,0,0,0
"POINT (12.454695629000099 51.295641166999999)",Unfall 245878 (2022) Kat:3, Licht: 0,245878,3,3,5,02,11,7,0,0,0,1,0,0,0,0
"POINT (12.376674765000100 51.355701572999997)",Unfall 245879 (2022) Kat:1, Licht: 0,245879,1,4,6,01,10,3,1,0,0,1,1,0,0,0
"POINT (12.376529894000001 51.353315391000102)",Unfall 245882 (2022) Kat:3, Licht: 0,245882,3,6,2,03,13,3,0,0,0,1,0,0,0,0
"POINT (12.279495095000099 51.316950850000097)",Unfall 245888 (2022) Kat:3, Licht: 0,245888,3,4,6,02,08,2,1,0,0,0,1,0,0,1
"POINT (12.390738066000001 51.354907134000001)",Unfall 245890 (2022) Kat:3, Licht: 1,245890,3,6,3,01,16,6,1,1,0,1,0,0,0,0
"POINT (12.387197308999999 51.336916750999997)",Unfall 245892 (2022) Kat:3, Licht: 0,245892,3,3,5,01,09,2,0,0,0,1,0,0,0,1
"POINT (12.415887978000100 51.343140615000003)",Unfall 245893 (2022) Kat:3, Licht: 0,245893,3,6,2,03,16,6,0,0,0,1,0,0,0,0
"POINT (12.339504740000100 51.326701960000001)",Unfall 245898 (2022) Kat:3, Licht: 0,245898,3,2,5,01,15,6,0,0,1,1,0,0,0,0
"POINT (12.376244072000100 51.348075285999997)",Unfall 245901 (2022) Kat:3, Licht: 0,245901,3,6,3,03,10,5,0,0,0,1,0,0,0,0
"POINT (12.404715032000100 51.329806463000097)",Unfall 245904 (2022) Kat:3, Licht: 0,245904,3,5,3,02,15,2,0,0,1,1,0,0,0,0
"POINT (12.334447295000100 51.325472292000001)",Unfall 245906 (2022) Kat:3, Licht: 0,245906,3,7,1,01,14,7,0,0,0,1,0,0,0,0
"POINT (12.373718284000100 51.320559926000001)",Unfall 245910 (2022) Kat:3, Licht: 0,245910,3,4,6,03,16,3,0,0,1,0,1,0,0,0
"POINT (12.384016818000100 51.380623560000103)",Unfall 245915 (2022) Kat:3, Licht: 0,245915,3,3,5,01,10,5,0,0,0,1,0,0,0,1
"POINT (12.378943631000000 51.311575103000102)",Unfall 245916 (2022) Kat:2, Licht: 0,245916,2,3,5,03,10,3,0,0,1,0,0,0,0,1
"POINT (12.376791605999999 51.320539791999998)",Unfall 245927 (2022) Kat:3, Licht: 0,245927,3,3,5,02,12,6,0,0,1,1,0,0,0,0
"POINT (12.262809819999999 51.347870564000097)",Unfall 245935 (2022) Kat:3, Licht: 0,245935,3,3,5,01,14,7,0,0,0,1,0,0,0,0
"POINT (12.408665506000000 51.360008989000100)",Unfall 245936 (2022) Kat:3, Licht: 0,245936,3,3,5,03,19,5,0,0,1,1,0,0,0,0
"POINT (12.384121342000100 51.380650370000097)",Unfall 245942 (2022) Kat:3, Licht: 0,245942,3,4,6,01,11,3,0,0,0,1,1,0,0,0
"POINT (12.313988460000100 51.367614033999999)",Unfall 245950 (2022) Kat:3, Licht: 0,245950,3,1,0,03,16,1,0,0,1,0,0,0,0,0
"POINT (12.370645476000000 51.361376252000099)",Unfall 245953 (2022) Kat:2, Licht: 0,245953,2,3,5,02,09,1,0,0,0,1,0,0,0,0
"POINT (12.418472692000000 51.357276949000003)",Unfall 245954 (2022) Kat:3, Licht: 0,245954,3,6,2,02,11,4,0,0,0,1,0,0,0,0