WKT,Name,OBJECTID,UKATEGORIE,UTYP1,UART,UMONAT,USTUNDE,UWOCHENTAG,STRZUSTAND,ULICHTVERH,ISTRAD,ISTPKW,ISTFUSS,ISTKRAD,ISTGKFZ,ISTSONSTIG
"POINT (12.383913977000100 51.380597602000101)",Unfall 245955 (2022) Kat:3, Licht: 0,245955,3,2,5,01,10,6,0,0,0,1,0,0,0,0
"POINT (12.334860609000000 51.326110249000102)",Unfall 245965 (2022) Kat:3, Licht: 0,245965,3,3,5,01,15,5,1,0,0,1,0,0,0,0
"POINT (12.327176453000000 51.329638361000001)",Unfall 245967 (2022) Kat:3, Licht: 2,245967,3,2,5,03,04,2,0,2,1,1,0,0,0,0
"POINT (12.436765777000099 51.350249820000002)",Unfall 245969 (2022) Kat:3, Licht: 0,245969,3,5,1,03,15,6,0,0,1,1,0,0,0,0
"POINT (12.367524030000000 51.320792072000103)",Unfall 245970 (2022) Kat:3, Licht: 2,245970,3,3,5,03,21,7,0,2,0,1,0,0,0,0
"POINT (12.434590449000000 51.379935633000102)",Unfall 245972 (2022) Kat:3, Licht: 0,245972,3,6,2,02,13,2,0,0,0,1,0,0,0,1
"POINT (12.459199327000000 51.401932563999999)",Unfall 245973 (2022) Kat:2, Licht: 0,245973,2,2,5,01,14,4,0,0,0,1,0,1,0,0
"POINT (12.347870615000000 51.365007026000100)",Unfall 245975 (2022) Kat:3, Licht: 0,245975,3,7,0,04,14,2,0,0,0,0,0,0,0,1
"POINT (12.366833480000000 51.340666953000003)",Unfall 245980 (2022) Kat:3, Licht: 2,245980,3,1,0,04,02,7,0,2,1,0,0,0,0,0
"POINT (12.378445414000099 51.335852556000098)",Unfall 245981 (2022) Kat:3, Licht: 0,245981,3,2,5,03,14,3,0,0,1,1,0,0,0,0
"POINT (12.358555429000001 51.364083618999999)",Unfall 245982 (2022) Kat:3, Licht: 0,245982,3,6,3,02,15,3,0,0,0,1,0,0,0,1
"POINT (12.408095392000099 51.351275913000102)",Unfall 245983 (2022) Kat:3, Licht: 0,245983,3,3,1,02,12,4,0,0,0,1,0,0,0,0
"POINT (12.330431892000000 51.342014230000103)",Unfall 245989 (2022) Kat:3, Licht: 0,245989,3,2,5,03,16,3,0,0,1,0,0,0,0,1
"POINT (12.427629542000000 51.348852591000103)",Unfall 245990 (2022) Kat:3, Licht: 0,245990,3,4,6,03,08,3,0,0,0,1,1,0,0,0
"POINT (12.331927126000000 51.340278130000101)",Unfall 246006 (2022) Kat:2, Licht: 0,246006,2,6,4,03,15,4,0,0,1,0,0,0,0,1
"POINT (12.308823214000000 51.315211528000098)",Unfall 246010 (2022) Kat:2, Licht: 0,246010,2,3,5,03,13,4,0,0,0,1,0,1,0,0
"POINT (12.373600611000001 51.320767820000100)",Unfall 246011 (2022) Kat:3, Licht: 0,246011,3,3,6,01,08,6,1,0,1,0,1,0,0,0
"POINT (12.338807735000000 51.332409015000103)",Unfall 246014 (2022) Kat:3, Licht: 2,246014,3,7,0,03,21,5,1,2,1,0,0,0,0,0
"POINT (12.327906036000099 51.302312516000001)",Unfall 246015 (2022) Kat:3, Licht: 0,246015,3,3,5,02,17,1,0,0,1,1,0,0,0,0
"POINT (12.340829391000099 51.337786694000002)",Unfall 246016 (2022) Kat:2, Licht: 2,246016,2,1,0,01,01,7,1,2,1,0,0,0,0,0
"POINT (12.362852831000099 51.367856948000103)",Unfall 246020 (2022) Kat:3, Licht: 2,246020,3,6,3,03,19,7,0,2,1,1,0,0,0,0
"POINT (12.430154035999999 51.375078406000100)",Unfall 246022 (2022) Kat:3, Licht: 0,246022,3,2,2,02,11,6,1,0,0,1,0,0,0,0
"POINT (12.361262140000100 51.362090001000098)",Unfall 246031 (2022) Kat:3, Licht: 0,246031,3,2,3,03,14,4,0,0,1,0,0,0,0,1
"POINT (12.392566446000000 51.322318533000001)",Unfall 246037 (2022) Kat:3, Licht: 0,246037,3,3,5,03,08,4,0,0,1,1,0,0,0,0
"POINT (12.373655208000100 51.336015180000103)",Unfall 246040 (2022) Kat:2, Licht: 0,246040,2,1,0,03,17,3,0,0,1,0,0,0,0,0
"POINT (12.362913661000100 51.330621301000100)",Unfall 246043 (2022) Kat:3, Licht: 0,246043,3,3,5,04,17,3,0,0,1,1,0,0,0,0
"POINT (12.473899389000101 51.358864771000100)",Unfall 246044 (2022) Kat:3, Licht: 0,246044,3,3,5,01,12,2,1,0,1,1,0,0,0,0
"POINT (12.418356121000000 51.364833048000001)",Unfall 246053 (2022) Kat:3, Licht: 0,246053,3,3,5,04,19,2,1,0,1,1,0,0,0,0
"POINT (12.373594077000099 51.330404427000097)",Unfall 246055 (2022) Kat:3, Licht: 1,246055,3,5,3,01,17,4,0,1,1,1,0,0,0,0
"POINT (12.408215603000000 51.340091315999999)",Unfall 246060 (2022) Kat:3, Licht: 0,246060,3,2,5,02,10,4,0,0,1,1,0,0,0,0
"POINT (12.363821831999999 51.345377674000098)",Unfall 246062 (2022) Kat:3, Licht: 0,246062,3,2,5,04,15,2,0,0,1,1,0,0,0,0
"POINT (12.378913001000100 51.343543931000099)",Unfall 246064 (2022) Kat:3, Licht: 1,246064,3,6,4,03,17,6,0,1,1,1,0,0,0,0
"POINT (12.393133473000001 51.336959913999998)",Unfall 246066 (2022) Kat:2, Licht: 0,246066,2,2,5,03,16,5,0,0,1,1,0,0,0,0
"POINT (12.409132927000000 51.345360873000097)",Unfall 246069 (2022) Kat:3, Licht: 2,246069,3,7,3,02,20,6,0,2,1,1,0,0,0,0
"POINT (12.362680430000101 51.321191660000103)",Unfall 246074 (2022) Kat:3, Licht: 1,246074,3,2,5,03,18,3,0,1,1,1,0,0,0,0
"POINT (12.345251908000000 51.318967080000000)",Unfall 246076 (2022) Kat:3, Licht: 2,246076,3,3,5,01,19,7,0,2,0,1,0,0,0,0
"POINT (12.411859758000000 51.374235376999998)",Unfall 246078 (2022) Kat:3, Licht: 0,246078,3,1,0,02,08,3,1,0,1,0,0,0,0,0
"POINT (12.407584325000100 51.351295734000097)",Unfall 246080 (2022) Kat:3, Licht: 0,246080,3,3,5,03,10,7,0,0,1,1,0,0,0,0
"POINT (12.369946456999999 51.355876508999998)",Unfall 246082 (2022) Kat:3, Licht: 0,246082,3,3,5,02,16,3,0,0,1,1,0,0,0,0
"POINT (12.382082853000000 51.332580368999999)",Unfall 246092 (2022) Kat:3, Licht: 0,246092,3,2,5,04,07,4,1,0,1,1,0,0,0,0
"POINT (12.400172366000000 51.341828887000098)",Unfall 246094 (2022) Kat:3, Licht: 2,246094,3,5,3,01,17,1,1,2,1,1,0,0,0,0
"POINT (12.359709682000100 51.358324582000101)",Unfall 246095 (2022) Kat:3, Licht: 2,246095,3,2,6,01,17,2,1,2,0,1,1,0,0,0
"POINT (12.339426868000000 51.334366596999999)",Unfall 246096 (2022) Kat:3, Licht: 0,246096,3,2,5,03,09,6,0,0,0,0,0,0,1,1
"POINT (12.392175944000000 51.345327623000102)",Unfall 246103 (2022) Kat:3, Licht: 0,246103,3,7,0,04,17,2,1,0,1,0,0,0,0,0
"POINT (12.392953053999999 51.400180036000101)",Unfall 246107 (2022) Kat:3, Licht: 0,246107,3,2,4,01,11,6,0,0,0,1,0,0,0,0
"POINT (12.367492603000100 51.388462751000098)",Unfall 246110 (2022) Kat:3, Licht: 0,246110,3,2,5,02,16,2,0,0,1,1,0,0,0,0
"POINT (12.327653643000099 51.326706684000001)",Unfall 246114 (2022) Kat:3, Licht: 0,246114,3,3,5,01,12,3,1,0,1,1,0,0,0,0
"POINT (12.362424897000000 51.331710342000100)",Unfall 246119 (2022) Kat:3, Licht: 2,246119,3,6,3,04,21,1,0,2,1,1,0,0,0,0
"POINT (12.405855585999999 51.331623999000001)",Unfall 246127 (2022) Kat:3, Licht: 0,246127,3,6,6,04,10,4,1,0,0,0,1,0,1,0
"POINT (12.376594265000101 51.341880605000000)",Unfall 246137 (2022) Kat:3, Licht: 0,246137,3,3,5,01,10,5,0,0,1,0,0,0,0,0
"POINT (12.321271105000100 51.302752230000102)",Unfall 246141 (2022) Kat:2, Licht: 0,246141,2,6,4,03,19,3,0,0,1,0,0,0,0,0
"POINT (12.332851092000100 51.323471955000102)",Unfall 246151 (2022) Kat:2, Licht: 0,246151,2,1,0,01,10,5,0,0,0,0,0,1,0,0
"POINT (12.389775817000000 51.328577582000001)",Unfall 246158 (2022) Kat:2, Licht: 0,246158,2,6,4,04,15,2,0,0,1,0,0,0,0,0
"POINT (12.345648834000000 51.330041311000102)",Unfall 246159 (2022) Kat:3, Licht: 0,246159,3,3,5,03,08,4,0,0,1,1,0,0,0,0
"POINT (12.333744307000099 51.340734220999998)",Unfall 246162 (2022) Kat:3, Licht: 2,246162,3,3,5,01,18,2,1,2,1,1,0,0,0,0
"POINT (12.349375705000099 51.364403078000102)",Unfall 246164 (2022) Kat:3, Licht: 0,246164,3,5,1,03,10,3,0,0,0,1,0,0,0,0
"POINT (12.329283034000101 51.340078171000101)",Unfall 246165 (2022) Kat:3, Licht: 1,246165,3,2,5,02,06,2,0,1,1,1,0,0,0,0
"POINT (12.387455944000100 51.357021782000103)",Unfall 246170 (2022) Kat:3, Licht: 0,246170,3,3,5,03,07,3,0,0,1,1,0,0,0,0
"POINT (12.430864611000100 51.365695118000097)",Unfall 246171 (2022) Kat:3, Licht: 0,246171,3,2,5,02,10,7,0,0,0,1,0,0,0,0
"POINT (12.405852932000100 51.344686689000099)",Unfall 246180 (2022) Kat:3, Licht: 0,246180,3,3,5,03,09,7,0,0,1,1,0,0,0,0
"POINT (12.336563270000100 51.328827010000097)",Unfall 246184 (2022) Kat:3, Licht: 2,246184,3,3,5,04,23,2,0,2,0,1,0,0,0,0
"POINT (12.474807550000000 51.338114203000003)",Unfall 246187 (2022) Kat:3, Licht: 0,246187,3,1,0,04,19,2,1,0,1,0,0,0,0,0
"POINT (12.305116563000100 51.326871410000102)",Unfall 246192 (2022) Kat:3, Licht: 0,246192,3,3,5,03,16,5,0,0,0,1,0,0,0,1
"POINT (12.334460477000100 51.370107747000098)",Unfall 246199 (2022) Kat:3, Licht: 0,246199,3,5,3,03,16,5,0,0,0,1,0,1,0,0
"POINT (12.364649037000000 51.356010615000102)",Unfall 246200 (2022) Kat:3, Licht: 1,246200,3,6,2,03,19,4,0,1,1,1,0,0,0,0
"POINT (12.431342344000001 51.354724914000002)",Unfall 246203 (2022) Kat:2, Licht: 0,246203,2,4,6,04,15,4,0,0,0,1,1,0,0,0
"POINT (12.369873853000099 51.360552054000003)",Unfall 246211 (2022) Kat:3, Licht: 2,246211,3,1,0,01,17,2,1,2,1,0,0,0,0,0
"POINT (12.390338678999999 51.290880395999999)",Unfall 246221 (2022) Kat:2, Licht: 0,246221,2,3,5,02,16,7,0,0,1,0,0,0,0,1
"POINT (12.370408246000100 51.320678006000001)",Unfall 246223 (2022) Kat:3, Licht: 2,246223,3,1,1,01,04,5,0,2,0,1,0,0,0,0
"POINT (12.369440951000101 51.342408321000100)",Unfall 246231 (2022) Kat:3, Licht: 0,246231,3,6,2,02,12,6,0,0,0,1,0,0,0,0
"POINT (12.373676698000100 51.325280116999998)",Unfall 246233 (2022) Kat:3, Licht: 0,246233,3,2,5,03,16,4,0,0,0,1,0,1,0,0
"POINT (12.396271824000101 51.346045375000102)",Unfall 246234 (2022) Kat:3, Licht: 0,246234,3,7,1,01,11,3,0,0,1,1,0,0,0,0
"POINT (12.376468766000100 51.309033876000100)",Unfall 246235 (2022) Kat:3, Licht: 0,246235,3,4,6,03,12,2,0,0,0,0,1,0,0,1
"POINT (12.359533323000100 51.361038366999999)",Unfall 246238 (2022) Kat:2, Licht: 2,246238,2,3,5,03,21,1,0,2,1,1,0,0,0,0
"POINT (12.396461966000100 51.372078196000103)",Unfall 246246 (2022) Kat:3, Licht: 0,246246,3,6,2,01,14,4,0,0,1,1,0,0,0,0
"POINT (12.330358498000100 51.339954959000103)",Unfall 246247 (2022) Kat:3, Licht: 1,246247,3,6,1,03,07,2,0,1,1,1,0,0,0,0
"POINT (12.411217046000001 51.325041382999999)",Unfall 246251 (2022) Kat:3, Licht: 0,246251,3,4,6,02,17,7,0,0,0,1,1,0,0,0
"POINT (12.360379283000000 51.335090911000101)",Unfall 246253 (2022) Kat:3, Licht: 0,246253,3,3,5,04,17,3,1,0,0,1,0,0,0,0
"POINT (12.396179072000100 51.339150663000098)",Unfall 246258 (2022) Kat:3, Licht: 0,246258,3,4,6,02,16,5,0,0,0,0,1,0,0,1
"POINT (12.394264090000000 51.346155308999997)",Unfall 246267 (2022) Kat:3, Licht: 0,246267,3,3,5,04,14,6,0,0,1,1,0,0,0,0
"POINT (12.310390316000101 51.317790829000003)",Unfall 246268 (2022) Kat:3, Licht: 0,246268,3,3,5,03,08,5,0,0,0,1,0,0,0,0
"POINT (12.410096358000001 51.352839786000096)",Unfall 246271 (2022) Kat:3, Licht: 0,246271,3,6,3,01,09,6,0,0,1,1,0,0,0,0
"POINT (12.331585920000100 51.337643546000002)",Unfall 246282 (2022) Kat:3, Licht: 0,246282,3,5,1,03,15,5,0,0,1,1,0,0,0,0
"POINT (12.368636561000100 51.361840695000097)",Unfall 246295 (2022) Kat:3, Licht: 2,246295,3,6,2,04,04,5,0,2,0,1,0,0,0,0
"POINT (12.437580542999999 51.302133026000000)",Unfall 246300 (2022) Kat:3, Licht: 0,246300,3,3,5,03,08,5,0,0,0,0,0,0,0,1
"POINT (12.374602653000100 51.338789099000103)",Unfall 246302 (2022) Kat:2, Licht: 0,246302,2,7,6,02,09,3,0,0,0,0,1,0,0,1
"POINT (12.341017688000001 51.318871743999999)",Unfall 246303 (2022) Kat:3, Licht: 2,246303,3,1,0,01,20,7,0,2,0,0,0,0,0,1
"POINT (12.373247373000000 51.310117761000100)",Unfall 246305 (2022) Kat:3, Licht: 2,246305,3,2,5,01,18,7,1,2,0,1,0,0,0,0
"POINT (12.374123561999999 51.303369356000097)",Unfall 246306 (2022) Kat:3, Licht: 0,246306,3,2,2,02,07,3,1,0,0,1,0,0,0,0
"POINT (12.360119686000100 51.333806297000102)",Unfall 246311 (2022) Kat:2, Licht: 0,246311,2,1,0,02,12,6,1,0,1,0,0,0,0,0
"POINT (12.459181422000000 51.401933998000104)",Unfall 246324 (2022) Kat:3, Licht: 0,246324,3,3,5,04,08,2,0,0,1,1,0,0,0,0
"POINT (12.369197865000000 51.342027831999999)",Unfall 246326 (2022) Kat:3, Licht: 0,246326,3,3,5,03,15,6,0,0,0,1,0,0,0,0
"POINT (12.396397896000099 51.303537597000101)",Unfall 246331 (2022) Kat:3, Licht: 0,246331,3,2,5,02,11,6,0,0,0,1,0,0,0,1
"POINT (12.413356578000000 51.359512725000101)",Unfall 246335 (2022) Kat:3, Licht: 2,246335,3,3,5,03,20,2,1,2,0,1,0,0,0,0
"POINT (12.305056183000000 51.413118099000002)",Unfall 246336 (2022) Kat:2, Licht: 0,246336,2,3,5,02,13,5,1,0,0,0,0,0,1,1
"POINT (12.389064038000100 51.322386182999999)",Unfall 246340 (2022) Kat:3, Licht: 2,246340,3,1,0,01,06,3,1,2,1,0,0,0,0,0
"POINT (12.373035056999999 51.350762437000100)",Unfall 246342 (2022) Kat:3, Licht: 0,246342,3,6,2,03,16,3,0,0,0,1,0,0,0,0
"POINT (12.321285629000000 51.328625331000097)",Unfall 246349 (2022) Kat:3, Licht: 0,246349,3,3,5,02,10,5,1,0,1,1,0,0,0,0
"POINT (12.507333550000100 51.303659422000102)",Unfall 246352 (2022) Kat:2, Licht: 2,246352,2,1,8,01,06,7,1,2,0,1,0,0,0,0
"POINT (12.349560140000101 51.318964129999998)",Unfall 246357 (2022) Kat:3, Licht: 0,246357,3,3,5,02,07,6,1,0,1,1,0,0,0,0
"POINT (12.309073444999999 51.323934392000098)",Unfall 246366 (2022) Kat:2, Licht: 0,246366,2,1,0,03,16,4,0,0,0,0,0,1,0,0
"POINT (12.410136976000000 51.354415849000098)",Unfall 246370 (2022) Kat:2, Licht: 0,246370,2,7,2,03,08,4,0,0,1,0,0,0,0,1
"POINT (12.423456541000100 51.367485801999997)",Unfall 246375 (2022) Kat:2, Licht: 0,246375,2,7,9,03,18,4,1,0,0,0,0,0,0,1
"POINT (12.372370735000100 51.331774499000097)",Unfall 246377 (2022) Kat:3, Licht: 2,246377,3,1,0,02,23,5,1,2,1,0,0,0,0,0
"POINT (12.376408595999999 51.353262410000099)",Unfall 246381 (2022) Kat:3, Licht: 0,246381,3,6,3,03,06,2,0,0,1,1,0,0,0,0
"POINT (12.315108910999999 51.330491000999999)",Unfall 246385 (2022) Kat:2, Licht: 0,246385,2,4,6,02,14,4,0,0,0,0,1,0,0,1
"POINT (12.417044024000100 51.346635233000001)",Unfall 246387 (2022) Kat:3, Licht: 0,246387,3,2,2,04,08,4,1,0,0,1,0,0,0,0
"POINT (12.365793124000000 51.357446009999997)",Unfall 246389 (2022) Kat:3, Licht: 2,246389,3,7,3,03,20,2,0,2,1,1,0,0,0,0
"POINT (12.362245053000001 51.332052716000099)",Unfall 246390 (2022) Kat:3, Licht: 0,246390,3,3,5,01,15,2,1,0,1,1,0,0,0,0
"POINT (12.337443105000000 51.389183686000102)",Unfall 246391 (2022) Kat:3, Licht: 0,246391,3,7,1,03,17,7,0,0,0,1,0,0,0,0
"POINT (12.376363572000100 51.338881532000102)",Unfall 246393 (2022) Kat:3, Licht: 0,246393,3,5,3,02,10,6,1,0,1,1,0,0,0,0
"POINT (12.411483904000001 51.345239980000002)",Unfall 246394 (2022) Kat:3, Licht: 2,246394,3,6,2,02,18,7,0,2,0,1,0,0,0,0
"POINT (12.371424940000100 51.331582137000098)",Unfall 246395 (2022) Kat:3, Licht: 2,246395,3,3,5,01,23,4,0,2,0,1,0,0,0,0
"POINT (12.308486675999999 51.312989436000102)",Unfall 246400 (2022) Kat:3, Licht: 0,246400,3,1,1,01,12,7,0,0,1,1,0,0,0,0
"POINT (12.343818521999999 51.368619588999998)",Unfall 246401 (2022) Kat:3, Licht: 0,246401,3,3,5,01,08,2,1,0,0,1,0,0,0,0
"POINT (12.416518678999999 51.359309729000103)",Unfall 246405 (2022) Kat:3, Licht: 2,246405,3,4,3,02,22,6,0,2,0,1,1,0,0,0
"POINT (12.373334399999999 51.335494128999997)",Unfall 246414 (2022) Kat:2, Licht: 2,246414,2,7,0,03,23,4,0,2,1,0,0,0,0,0
"POINT (12.373664683000101 51.331197617999997)",Unfall 246425 (2022) Kat:3, Licht: 2,246425,3,6,2,04,22,5,0,2,1,0,0,0,0,0
"POINT (12.379927988000100 51.360257769000000)",Unfall 246427 (2022) Kat:3, Licht: 2,246427,3,1,7,01,17,4,0,2,1,0,0,0,0,0
"POINT (12.276197496000099 51.310402039000103)",Unfall 246428 (2022) Kat:3, Licht: 0,246428,3,7,0,03,11,2,0,0,0,0,0,1,0,0
"POINT (12.398803003000101 51.336369659000098)",Unfall 246440 (2022) Kat:3, Licht: 0,246440,3,3,5,03,16,4,0,0,1,0,0,1,0,0
"POINT (12.349326107000000 51.348510656000002)",Unfall 246443 (2022) Kat:3, Licht: 2,246443,3,3,5,03,20,4,1,2,0,1,0,0,0,0
"POINT (12.366725571000099 51.367277104000003)",Unfall 246446 (2022) Kat:3, Licht: 0,246446,3,2,6,01,15,6,0,0,0,1,1,0,0,0
"POINT (12.284737508999999 51.312206330000002)",Unfall 246462 (2022) Kat:3, Licht: 0,246462,3,3,5,01,07,4,0,0,0,1,0,0,0,0
"POINT (12.412725597000099 51.324382794000002)",Unfall 246463 (2022) Kat:3, Licht: 1,246463,3,7,8,03,17,7,0,1,0,1,0,0,0,0
"POINT (12.421322363000099 51.344759827000097)",Unfall 246464 (2022) Kat:3, Licht: 0,246464,3,6,4,01,12,7,0,0,0,1,0,0,0,0
"POINT (12.343994602000100 51.371919603999999)",Unfall 246471 (2022) Kat:2, Licht: 0,246471,2,5,1,03,09,4,0,0,0,1,0,1,0,0
"POINT (12.413682601000099 51.403862897000103)",Unfall 246477 (2022) Kat:3, Licht: 1,246477,3,1,6,01,18,6,1,1,0,1,1,0,0,0
"POINT (12.374486477000101 51.335828423000102)",Unfall 246478 (2022) Kat:3, Licht: 2,246478,3,3,5,04,05,3,1,2,1,1,0,0,0,0
"POINT (12.362824137000100 51.373320023000097)",Unfall 246479 (2022) Kat:3, Licht: 2,246479,3,7,3,01,05,4,0,2,0,1,0,0,0,1
"POINT (12.325714876000101 51.318095526000000)",Unfall 246482 (2022) Kat:3, Licht: 0,246482,3,1,1,03,07,1,0,0,1,1,0,0,0,0
"POINT (12.288710761000100 51.323404097000001)",Unfall 246485 (2022) Kat:3, Licht: 0,246485,3,4,6,02,11,3,0,0,0,1,1,0,0,0
"POINT (12.359210625000101 51.334487830000100)",Unfall 246488 (2022) Kat:2, Licht: 0,246488,2,2,5,03,09,1,0,0,1,1,0,0,0,0
"POINT (12.351170637999999 51.335352844000099)",Unfall 246493 (2022) Kat:3, Licht: 0,246493,3,2,5,03,14,1,0,0,1,0,0,0,0,0
"POINT (12.355177029000100 51.320069306999997)",Unfall 246494 (2022) Kat:3, Licht: 0,246494,3,1,0,03,16,4,1,0,1,0,0,0,0,0
"POINT (12.380578470000000 51.330292366999998)",Unfall 246495 (2022) Kat:3, Licht: 2,246495,3,4,6,02,23,5,1,2,0,1,1,0,0,0
"POINT (12.318600327000100 51.331437102999999)",Unfall 246496 (2022) Kat:3, Licht: 2,246496,3,2,5,02,05,6,0,2,1,1,0,0,0,0
"POINT (12.382975199000001 51.334163782000097)",Unfall 246501 (2022) Kat:2, Licht: 0,246501,2,2,6,01,12,3,1,0,0,1,1,0,0,0
"POINT (12.387969808999999 51.355466030999999)",Unfall 246502 (2022) Kat:3, Licht: 0,246502,3,6,3,03,16,5,0,0,1,0,0,0,0,0
"POINT (12.378969014000100 51.317579926000100)",Unfall 246504 (2022) Kat:2, Licht: 0,246504,2,7,6,02,11,1,0,0,0,1,1,0,0,0
"POINT (12.293248179000001 51.355340003999999)",Unfall 246506 (2022) Kat:3, Licht: 0,246506,3,6,2,04,10,6,0,0,0,1,0,0,0,0
"POINT (12.386452443000101 51.299084827999998)",Unfall 246508 (2022) Kat:3, Licht: 1,246508,3,2,5,01,07,4,1,1,1,1,0,0,0,0
"POINT (12.419518148000099 51.379124025000102)",Unfall 246509 (2022) Kat:3, Licht: 0,246509,3,5,3,03,09,3,0,0,0,1,0,0,0,1
"POINT (12.408659291999999 51.359989131000098)",Unfall 246510 (2022) Kat:3, Licht: 1,246510,3,3,5,01,07,6,1,1,1,1,0,0,0,0
"POINT (12.373486458000100 51.351722242000100)",Unfall 246515 (2022) Kat:3, Licht: 1,246515,3,3,5,02,07,3,0,1,1,1,0,0,0,0
"POINT (12.404254585000000 51.303674641000001)",Unfall 246516 (2022) Kat:3, Licht: 0,246516,3,1,4,03,12,7,0,0,0,1,0,0,0,0
"POINT (12.381726326000001 51.338654556999998)",Unfall 246522 (2022) Kat:3, Licht: 0,246522,3,4,6,04,18,2,1,0,0,1,1,0,0,0
"POINT (12.333597756000101 51.340699076000099)",Unfall 246532 (2022) Kat:3, Licht: 0,246532,3,5,1,03,08,6,0,0,1,1,0,0,0,0
"POINT (12.265591359000000 51.307240729000100)",Unfall 246539 (2022) Kat:3, Licht: 0,246539,3,7,0,03,18,3,0,0,0,0,0,0,0,1
"POINT (12.269690660000000 51.326571242999997)",Unfall 246540 (2022) Kat:3, Licht: 0,246540,3,3,5,01,08,6,0,0,0,1,0,0,0,0
"POINT (12.365682021000101 51.363443817000103)",Unfall 246541 (2022) Kat:3, Licht: 0,246541,3,2,3,03,12,2,0,0,1,1,0,0,0,0
"POINT (12.387209058000099 51.336873373000103)",Unfall 246546 (2022) Kat:3, Licht: 0,246546,3,3,5,02,15,2,0,0,1,1,0,0,0,0
"POINT (12.368749307000000 51.319694392000002)",Unfall 246550 (2022) Kat:2, Licht: 0,246550,2,4,6,03,17,5,0,0,1,0,1,0,0,0
"POINT (12.373589382000000 51.327664853999998)",Unfall 246552 (2022) Kat:3, Licht: 0,246552,3,5,1,02,17,2,0,0,1,1,0,0,0,0
"POINT (12.361771639000001 51.341345182000097)",Unfall 246553 (2022) Kat:2, Licht: 2,246553,2,1,0,02,20,7,0,2,1,0,0,0,0,0
"POINT (12.402180020999999 51.332349556000104)",Unfall 246556 (2022) Kat:3, Licht: 2,246556,3,2,3,01,19,5,1,2,1,1,0,0,0,0
"POINT (12.355929202000000 51.364662502000002)",Unfall 246559 (2022) Kat:3, Licht: 0,246559,3,6,3,03,07,4,0,0,1,1,0,0,0,0
"POINT (12.400088747000000 51.341920684999998)",Unfall 246560 (2022) Kat:3, Licht: 0,246560,3,3,5,02,13,5,0,0,0,1,0,0,0,0
"POINT (12.352088932000100 51.343630384000100)",Unfall 246566 (2022) Kat:3, Licht: 2,246566,3,3,5,02,23,6,1,2,0,1,0,0,0,0
"POINT (12.373259561999999 51.308215570000101)",Unfall 246568 (2022) Kat:3, Licht: 0,246568,3,5,5,01,16,3,1,0,1,1,0,0,0,0
"POINT (12.361593969000101 51.390152139000101)",Unfall 246578 (2022) Kat:2, Licht: 0,246578,2,6,6,02,09,3,0,0,0,0,1,0,0,1
"POINT (12.375789332000100 51.358660968000002)",Unfall 246579 (2022) Kat:3, Licht: 0,246579,3,3,5,04,13,2,0,0,1,0,0,0,0,0
"POINT (12.379651307000101 51.327638127000100)",Unfall 246581 (2022) Kat:3, Licht: 0,246581,3,3,5,03,11,5,0,0,1,1,0,0,0,0
"POINT (12.367955796000000 51.338482069000101)",Unfall 246582 (2022) Kat:3, Licht: 0,246582,3,5,1,01,15,2,0,0,1,1,0,0,0,0
"POINT (12.337395587000101 51.338916011999999)",Unfall 246583 (2022) Kat:3, Licht: 0,246583,3,3,5,03,13,5,0,0,0,1,0,1,0,0
"POINT (12.291116446000000 51.324283231000003)",Unfall 246588 (2022) Kat:3, Licht: 0,246588,3,2,3,02,14,2,0,0,1,1,0,0,0,0
"POINT (12.309265113000000 51.332581361000102)",Unfall 246591 (2022) Kat:3, Licht: 0,246591,3,1,1,03,10,5,0,0,0,1,0,0,0,0
"POINT (12.407950475000099 51.335662533000097)",Unfall 246595 (2022) Kat:3, Licht: 2,246595,3,3,5,02,22,2,0,2,0,1,0,0,0,0
"POINT (12.408242286000100 51.340078520000098)",Unfall 246604 (2022) Kat:3, Licht: 2,246604,3,2,5,02,22,5,1,2,1,1,0,0,0,0
"POINT (12.422058841000000 51.319794731000101)",Unfall 246607 (2022) Kat:3, Licht: 0,246607,3,2,5,03,14,3,0,0,1,1,0,0,0,0
"POINT (12.432580809000100 51.374992120000101)",Unfall 246608 (2022) Kat:3, Licht: 0,246608,3,3,0,03,14,2,0,0,0,0,0,0,0,1
"POINT (12.405850889000000 51.375764437000001)",Unfall 246610 (2022) Kat:3, Licht: 0,246610,3,6,3,03,09,5,0,0,1,0,0,0,0,1
"POINT (12.373352847000000 51.353061494000002)",Unfall 246613 (2022) Kat:3, Licht: 2,246613,3,3,5,02,18,2,1,2,1,1,0,0,0,0
"POINT (12.374882348000000 51.310528572000102)",Unfall 246616 (2022) Kat:3, Licht: 0,246616,3,7,1,04,09,2,0,0,1,1,0,0,0,0
"POINT (12.412389126000100 51.333396501999999)",Unfall 246621 (2022) Kat:2, Licht: 0,246621,2,2,5,03,16,4,0,0,1,1,0,0,0,0
"POINT (12.376370429000101 51.350465783000097)",Unfall 246623 (2022) Kat:3, Licht: 0,246623,3,3,5,02,15,1,0,0,0,1,0,0,0,1
"POINT (12.378386903999999 51.317647796000102)",Unfall 246627 (2022) Kat:2, Licht: 0,246627,2,2,6,01,09,2,0,0,1,0,1,0,0,0
"POINT (12.418982697000001 51.321103287000000)",Unfall 246629 (2022) Kat:3, Licht: 0,246629,3,3,5,03,12,3,0,0,1,1,0,0,0,0