WKT,Name,OBJECTID,UKATEGORIE,UTYP1,UART,UMONAT,USTUNDE,UWOCHENTAG,STRZUSTAND,ULICHTVERH,ISTRAD,ISTPKW,ISTFUSS,ISTKRAD,ISTGKFZ,ISTSONSTIG
"POINT (12.372985981999999 51.301390326000003)",Unfall 246630 (2022) Kat:2, Licht: 0,246630,2,3,5,03,16,3,0,0,1,1,0,0,0,0
"POINT (12.326930947999999 51.339090055000000)",Unfall 246631 (2022) Kat:2, Licht: 0,246631,2,3,5,04,18,3,1,0,1,1,0,0,0,0
"POINT (12.407896483000100 51.335673094000100)",Unfall 246637 (2022) Kat:3, Licht: 0,246637,3,3,5,03,11,3,0,0,1,1,0,0,0,0
"POINT (12.378033850000101 51.337133832000099)",Unfall 246648 (2022) Kat:2, Licht: 0,246648,2,1,0,03,16,4,0,0,1,0,0,0,0,0
"POINT (12.268219365000000 51.307708332000097)",Unfall 246652 (2022) Kat:2, Licht: 0,246652,2,2,5,02,15,6,0,0,0,1,1,0,0,1
"POINT (12.399706310000100 51.400720384000103)",Unfall 246654 (2022) Kat:2, Licht: 0,246654,2,3,5,02,13,7,0,0,1,1,0,0,0,0
"POINT (12.360449675000000 51.337986000000100)",Unfall 246655 (2022) Kat:3, Licht: 0,246655,3,2,5,02,08,3,1,0,1,1,0,0,0,0
"POINT (12.400922519000099 51.375823853999997)",Unfall 246665 (2022) Kat:3, Licht: 0,246665,3,7,6,02,14,5,0,0,0,1,1,0,0,0
"POINT (12.398337271000100 51.339218025000001)",Unfall 246675 (2022) Kat:3, Licht: 0,246675,3,3,5,02,13,3,1,0,1,1,0,0,0,0
"POINT (12.421408904000000 51.322849617000003)",Unfall 246681 (2022) Kat:2, Licht: 0,246681,2,7,0,03,13,6,0,0,1,0,0,0,0,0
"POINT (12.370201933000001 51.336456591000101)",Unfall 246684 (2022) Kat:3, Licht: 2,246684,3,7,0,01,17,6,1,2,1,0,0,0,0,0
"POINT (12.370955482999999 51.334017722000098)",Unfall 246685 (2022) Kat:3, Licht: 0,246685,3,3,5,04,06,3,0,0,0,1,0,0,0,0
"POINT (12.426445799000000 51.318211398000102)",Unfall 246689 (2022) Kat:3, Licht: 0,246689,3,4,6,03,06,4,0,0,1,0,1,0,0,0
"POINT (12.413370091999999 51.359511762000103)",Unfall 246690 (2022) Kat:3, Licht: 0,246690,3,6,2,02,07,6,1,0,0,1,0,0,0,0
"POINT (12.342783475999999 51.318733715000100)",Unfall 246691 (2022) Kat:2, Licht: 0,246691,2,4,6,02,13,5,0,0,0,1,1,0,0,0
"POINT (12.333379793000100 51.331300557000098)",Unfall 246696 (2022) Kat:2, Licht: 2,246696,2,3,5,01,18,5,0,2,1,1,0,0,0,0
"POINT (12.268247282000100 51.307907858000100)",Unfall 246698 (2022) Kat:3, Licht: 0,246698,3,2,5,01,14,7,0,0,0,1,0,0,0,0
"POINT (12.324451682000101 51.335393216000099)",Unfall 246699 (2022) Kat:3, Licht: 0,246699,3,5,3,04,11,6,0,0,1,1,0,0,0,0
"POINT (12.403041616000101 51.363926986000102)",Unfall 246700 (2022) Kat:2, Licht: 0,246700,2,4,6,03,14,4,0,0,0,0,1,0,0,1
"POINT (12.360451663999999 51.337987071000001)",Unfall 246702 (2022) Kat:3, Licht: 2,246702,3,2,2,02,18,2,0,2,1,1,0,0,0,0
"POINT (12.407852753000000 51.337872158000003)",Unfall 246712 (2022) Kat:3, Licht: 0,246712,3,3,5,01,12,2,1,0,1,1,0,0,0,0
"POINT (12.433251060000000 51.307551107999998)",Unfall 246724 (2022) Kat:3, Licht: 0,246724,3,3,5,05,18,4,0,0,1,1,0,0,0,0
"POINT (12.364063202000100 51.337738104000003)",Unfall 246726 (2022) Kat:3, Licht: 0,246726,3,3,5,06,14,6,0,0,1,1,0,0,0,0
"POINT (12.363409947999999 51.369808845000101)",Unfall 246728 (2022) Kat:3, Licht: 0,246728,3,3,5,04,16,4,0,0,0,1,0,0,0,0
"POINT (12.405617494000101 51.338067227000103)",Unfall 246740 (2022) Kat:3, Licht: 0,246740,3,7,3,05,13,6,0,0,0,1,0,0,0,1
"POINT (12.408271332000000 51.340064590000097)",Unfall 246743 (2022) Kat:2, Licht: 2,246743,2,3,5,06,22,3,0,2,1,1,0,0,0,0
"POINT (12.338799386000099 51.370373198999999)",Unfall 246744 (2022) Kat:3, Licht: 0,246744,3,3,5,05,07,4,0,0,0,1,0,1,0,0
"POINT (12.389369642000100 51.335858351000098)",Unfall 246753 (2022) Kat:3, Licht: 0,246753,3,2,3,05,09,3,0,0,1,1,0,0,0,0
"POINT (12.414278628000000 51.345092317000102)",Unfall 246757 (2022) Kat:3, Licht: 0,246757,3,6,2,06,11,4,1,0,0,1,0,0,0,0
"POINT (12.402096901000000 51.333270267000003)",Unfall 246759 (2022) Kat:3, Licht: 0,246759,3,2,5,05,18,2,0,0,1,1,0,0,0,0
"POINT (12.399426617000101 51.376404857000097)",Unfall 246764 (2022) Kat:3, Licht: 0,246764,3,3,5,05,10,2,0,0,1,1,0,0,0,0
"POINT (12.343943374000000 51.324237788000097)",Unfall 246767 (2022) Kat:3, Licht: 0,246767,3,4,6,05,15,2,0,0,1,0,1,0,0,0
"POINT (12.398841517000101 51.346661103000002)",Unfall 246768 (2022) Kat:3, Licht: 1,246768,3,3,5,04,20,4,0,1,0,1,0,0,0,0
"POINT (12.378444458000001 51.335841087000098)",Unfall 246769 (2022) Kat:3, Licht: 0,246769,3,2,4,04,07,3,0,0,1,1,0,0,0,0
"POINT (12.262847207000000 51.347867576000098)",Unfall 246773 (2022) Kat:3, Licht: 0,246773,3,2,5,06,10,4,0,0,1,1,0,0,0,0
"POINT (12.408687217000001 51.360001919000098)",Unfall 246776 (2022) Kat:3, Licht: 0,246776,3,3,5,05,12,3,0,0,1,1,0,0,0,0
"POINT (12.337684503000000 51.326242506000000)",Unfall 246781 (2022) Kat:3, Licht: 0,246781,3,6,4,06,15,2,0,0,0,1,0,0,1,0
"POINT (12.371084864000100 51.337382534000000)",Unfall 246786 (2022) Kat:2, Licht: 0,246786,2,4,6,05,11,6,0,0,0,1,1,0,0,0
"POINT (12.368481412000101 51.313833885000101)",Unfall 246789 (2022) Kat:3, Licht: 0,246789,3,5,0,05,20,7,0,0,1,1,0,0,0,0
"POINT (12.472588572000101 51.358117630999999)",Unfall 246793 (2022) Kat:2, Licht: 0,246793,2,7,0,06,11,2,0,0,0,1,0,0,0,0
"POINT (12.326052217999999 51.310315536000097)",Unfall 246794 (2022) Kat:2, Licht: 0,246794,2,3,5,05,11,4,0,0,0,0,0,1,0,1
"POINT (12.338796429000100 51.332387812000000)",Unfall 246796 (2022) Kat:3, Licht: 0,246796,3,6,3,05,18,3,0,0,1,1,0,0,0,0
"POINT (12.316352500000100 51.332738875000103)",Unfall 246797 (2022) Kat:2, Licht: 0,246797,2,4,6,05,17,2,0,0,1,0,1,0,0,0
"POINT (12.395723235000000 51.346072461000098)",Unfall 246798 (2022) Kat:3, Licht: 0,246798,3,2,5,05,17,6,0,0,1,1,0,0,0,0
"POINT (12.328021299000101 51.328359658000103)",Unfall 246807 (2022) Kat:2, Licht: 0,246807,2,7,0,06,07,4,1,0,1,0,0,0,0,0
"POINT (12.320957636000101 51.302744511000100)",Unfall 246808 (2022) Kat:3, Licht: 0,246808,3,3,5,04,13,4,0,0,0,1,0,0,0,1
"POINT (12.335709552000001 51.336064133999997)",Unfall 246814 (2022) Kat:3, Licht: 0,246814,3,6,4,05,09,2,0,0,1,1,0,0,0,0
"POINT (12.371915837000101 51.322152071000097)",Unfall 246815 (2022) Kat:3, Licht: 0,246815,3,3,5,06,09,5,1,0,1,1,0,0,0,0
"POINT (12.312813068000001 51.309154888000101)",Unfall 246820 (2022) Kat:3, Licht: 0,246820,3,3,5,04,15,3,0,0,1,1,0,0,0,0
"POINT (12.407712987000000 51.319140646999998)",Unfall 246823 (2022) Kat:3, Licht: 0,246823,3,3,5,06,21,3,0,0,1,1,0,0,0,0
"POINT (12.388935353000001 51.338307553000000)",Unfall 246827 (2022) Kat:3, Licht: 0,246827,3,6,2,05,16,3,0,0,1,0,0,0,0,1
"POINT (12.421644232000100 51.352451489000003)",Unfall 246829 (2022) Kat:3, Licht: 0,246829,3,3,5,05,15,3,0,0,0,1,0,0,0,0
"POINT (12.361611186000101 51.363329176000001)",Unfall 246842 (2022) Kat:2, Licht: 2,246842,2,3,5,04,05,7,0,2,0,1,0,0,0,0
"POINT (12.342972990000000 51.322417540000103)",Unfall 246843 (2022) Kat:3, Licht: 0,246843,3,6,1,05,07,4,0,0,1,0,0,0,0,0
"POINT (12.376470520000099 51.352387024999999)",Unfall 246845 (2022) Kat:3, Licht: 0,246845,3,2,5,06,15,7,0,0,1,1,0,0,0,0
"POINT (12.326528079000100 51.308252242999998)",Unfall 246856 (2022) Kat:3, Licht: 0,246856,3,7,8,05,10,7,0,0,0,1,0,0,0,0
"POINT (12.406244013000000 51.378249190000098)",Unfall 246859 (2022) Kat:3, Licht: 0,246859,3,7,6,06,14,1,0,0,0,1,1,0,0,0
"POINT (12.371349986000000 51.339697553000100)",Unfall 246865 (2022) Kat:3, Licht: 0,246865,3,6,2,04,17,7,0,0,1,1,0,0,0,0
"POINT (12.326343737000100 51.309085739000103)",Unfall 246871 (2022) Kat:3, Licht: 0,246871,3,7,3,05,05,2,0,0,0,1,0,0,0,0
"POINT (12.376464067000001 51.349560738999998)",Unfall 246872 (2022) Kat:3, Licht: 0,246872,3,6,2,04,11,4,0,0,0,1,0,0,0,1
"POINT (12.344710491000100 51.367256771000001)",Unfall 246873 (2022) Kat:3, Licht: 0,246873,3,4,6,04,09,3,0,0,1,0,1,0,0,0
"POINT (12.318320382000000 51.331348716000001)",Unfall 246876 (2022) Kat:3, Licht: 0,246876,3,6,3,06,09,4,0,0,0,1,0,0,0,1
"POINT (12.381525741000100 51.336646600000101)",Unfall 246879 (2022) Kat:3, Licht: 1,246879,3,3,5,05,19,3,0,1,1,1,0,0,0,0
"POINT (12.370866706000101 51.338271341000102)",Unfall 246885 (2022) Kat:3, Licht: 0,246885,3,6,1,05,15,6,0,0,0,1,0,0,0,1
"POINT (12.445636575000000 51.347283181000101)",Unfall 246886 (2022) Kat:3, Licht: 0,246886,3,2,5,06,11,2,0,0,0,1,0,0,0,1
"POINT (12.287130985999999 51.360146545000099)",Unfall 246889 (2022) Kat:3, Licht: 1,246889,3,1,0,04,19,5,1,1,1,0,0,0,0,0
"POINT (12.367786546000000 51.345476454999996)",Unfall 246895 (2022) Kat:3, Licht: 0,246895,3,3,5,04,10,6,0,0,0,1,0,0,0,0
"POINT (12.393631254000100 51.357056473999997)",Unfall 246896 (2022) Kat:3, Licht: 0,246896,3,3,5,05,15,3,0,0,0,1,0,0,0,1
"POINT (12.371223166000000 51.339330765000099)",Unfall 246903 (2022) Kat:3, Licht: 0,246903,3,6,2,04,14,6,0,0,0,1,0,0,0,0
"POINT (12.304666317000100 51.315774148000102)",Unfall 246904 (2022) Kat:3, Licht: 0,246904,3,2,2,05,14,5,0,0,0,1,0,0,0,0
"POINT (12.363211683999999 51.369113468000101)",Unfall 246907 (2022) Kat:3, Licht: 0,246907,3,3,5,05,10,6,0,0,1,1,0,0,0,0
"POINT (12.455656029000099 51.281869806000003)",Unfall 246914 (2022) Kat:3, Licht: 0,246914,3,6,4,06,15,2,0,0,1,1,0,0,0,0
"POINT (12.453605672000000 51.383927824000097)",Unfall 246915 (2022) Kat:3, Licht: 0,246915,3,3,5,05,06,4,1,0,1,1,0,0,0,0
"POINT (12.366070406000100 51.364466452999999)",Unfall 246916 (2022) Kat:3, Licht: 0,246916,3,3,5,06,07,4,0,0,1,1,0,0,0,0
"POINT (12.392691548000100 51.330618410000099)",Unfall 246917 (2022) Kat:3, Licht: 0,246917,3,3,5,05,15,4,0,0,1,0,0,0,0,1
"POINT (12.355223663000100 51.381412522000097)",Unfall 246918 (2022) Kat:3, Licht: 0,246918,3,2,5,04,10,6,0,0,1,1,0,0,0,0
"POINT (12.329602860000000 51.372548954000102)",Unfall 246921 (2022) Kat:3, Licht: 0,246921,3,7,6,05,18,5,0,0,0,0,1,0,0,1
"POINT (12.367737590000001 51.358470089999997)",Unfall 246922 (2022) Kat:3, Licht: 0,246922,3,2,5,05,15,2,0,0,1,1,0,0,0,0
"POINT (12.360839862000001 51.372853646000102)",Unfall 246937 (2022) Kat:3, Licht: 0,246937,3,1,1,04,13,6,0,0,0,1,0,0,0,0
"POINT (12.354123462000100 51.350798677000100)",Unfall 246947 (2022) Kat:2, Licht: 0,246947,2,1,0,05,10,3,1,0,1,0,0,0,0,0
"POINT (12.396059307000000 51.310149862000102)",Unfall 246948 (2022) Kat:2, Licht: 0,246948,2,2,5,04,14,4,0,0,1,0,0,0,1,0
"POINT (12.361575658000000 51.332745451999997)",Unfall 246950 (2022) Kat:3, Licht: 0,246950,3,6,2,05,18,7,0,0,1,1,0,0,0,0
"POINT (12.434742411000100 51.290420343999997)",Unfall 246953 (2022) Kat:3, Licht: 0,246953,3,1,9,05,14,6,0,0,0,1,0,0,0,0
"POINT (12.390855043000000 51.339265255000001)",Unfall 246955 (2022) Kat:2, Licht: 0,246955,2,1,9,05,15,3,0,0,0,1,0,0,0,0
"POINT (12.327057171000000 51.341768015000099)",Unfall 246959 (2022) Kat:3, Licht: 0,246959,3,3,5,04,17,5,0,0,1,1,0,0,0,0
"POINT (12.287721105000101 51.414077128000002)",Unfall 246960 (2022) Kat:2, Licht: 1,246960,2,2,5,04,05,3,0,1,1,0,0,1,0,0
"POINT (12.473745224000000 51.358899671000103)",Unfall 246971 (2022) Kat:3, Licht: 0,246971,3,6,2,05,12,5,0,0,0,1,0,1,0,0
"POINT (12.385380892000100 51.343552160999998)",Unfall 246975 (2022) Kat:2, Licht: 0,246975,2,3,0,05,20,4,0,0,1,0,0,0,0,1
"POINT (12.426717710000000 51.304306143000098)",Unfall 246984 (2022) Kat:3, Licht: 0,246984,3,3,1,05,14,3,0,0,1,1,0,0,0,0
"POINT (12.430392280000000 51.321780922000102)",Unfall 246987 (2022) Kat:3, Licht: 0,246987,3,2,1,04,17,5,1,0,1,1,0,0,0,0
"POINT (12.403970163000100 51.400366000000098)",Unfall 246988 (2022) Kat:3, Licht: 0,246988,3,2,2,05,15,2,0,0,0,1,0,0,0,0
"POINT (12.361805475000001 51.332550890000100)",Unfall 246991 (2022) Kat:3, Licht: 1,246991,3,3,3,04,19,6,0,1,1,1,0,0,0,0
"POINT (12.341210995999999 51.325769771000097)",Unfall 246992 (2022) Kat:3, Licht: 0,246992,3,6,3,05,16,5,0,0,1,0,0,0,0,0
"POINT (12.400605597000000 51.323991465000098)",Unfall 246994 (2022) Kat:3, Licht: 0,246994,3,2,4,06,15,5,0,0,0,1,0,1,0,0
"POINT (12.391370023000000 51.343787855000102)",Unfall 246996 (2022) Kat:3, Licht: 0,246996,3,5,1,05,14,2,0,0,0,1,0,0,0,0
"POINT (12.467383757000100 51.363329063999998)",Unfall 247000 (2022) Kat:3, Licht: 0,247000,3,2,0,05,05,6,0,0,0,1,0,1,0,0
"POINT (12.312021766999999 51.274810088999999)",Unfall 247002 (2022) Kat:3, Licht: 0,247002,3,3,5,05,16,4,0,0,1,1,0,0,0,0
"POINT (12.315137113000000 51.354727115999999)",Unfall 247011 (2022) Kat:3, Licht: 0,247011,3,3,5,05,09,5,0,0,1,1,0,0,0,0
"POINT (12.325851109000000 51.311175922000103)",Unfall 247020 (2022) Kat:3, Licht: 0,247020,3,7,1,05,19,4,0,0,1,1,0,0,0,0
"POINT (12.406832060000101 51.338139752000103)",Unfall 247024 (2022) Kat:3, Licht: 0,247024,3,7,3,06,14,5,0,0,0,1,0,0,0,1
"POINT (12.325530515000001 51.318562307999997)",Unfall 247025 (2022) Kat:3, Licht: 0,247025,3,7,0,05,18,3,0,0,1,0,0,0,0,0
"POINT (12.373743030000099 51.326684177000097)",Unfall 247026 (2022) Kat:3, Licht: 0,247026,3,7,0,05,16,7,0,0,1,0,0,0,0,0
"POINT (12.319287330000099 51.373364434999999)",Unfall 247028 (2022) Kat:3, Licht: 2,247028,3,6,4,05,22,1,0,2,1,1,0,0,0,0
"POINT (12.406008247999999 51.341904949000103)",Unfall 247033 (2022) Kat:3, Licht: 0,247033,3,7,0,04,13,6,0,0,1,0,0,0,0,0
"POINT (12.372989057000000 51.301396185999998)",Unfall 247034 (2022) Kat:3, Licht: 0,247034,3,3,5,05,08,3,0,0,1,1,0,0,0,0
"POINT (12.405933771000001 51.382901803000003)",Unfall 247035 (2022) Kat:3, Licht: 0,247035,3,3,5,05,06,2,0,0,0,1,0,0,0,0
"POINT (12.406535821000000 51.379222642000101)",Unfall 247039 (2022) Kat:3, Licht: 0,247039,3,3,5,05,15,6,0,0,1,1,0,0,0,0
"POINT (12.315460005000000 51.346917449999999)",Unfall 247042 (2022) Kat:3, Licht: 0,247042,3,1,1,06,14,1,0,0,0,1,0,0,0,0
"POINT (12.454207882000000 51.347490509000103)",Unfall 247045 (2022) Kat:3, Licht: 0,247045,3,7,0,05,16,2,0,0,1,0,1,0,0,0
"POINT (12.328055902000100 51.318526912999999)",Unfall 247056 (2022) Kat:3, Licht: 0,247056,3,3,5,04,07,3,0,0,0,1,0,1,0,0
"POINT (12.376940925000000 51.343764490000098)",Unfall 247057 (2022) Kat:3, Licht: 0,247057,3,3,5,05,14,7,0,0,1,0,0,0,1,0
"POINT (12.266423566000100 51.326269640000099)",Unfall 247065 (2022) Kat:3, Licht: 0,247065,3,6,2,06,15,5,0,0,0,1,0,0,0,0
"POINT (12.393431955000000 51.286171425000099)",Unfall 247066 (2022) Kat:3, Licht: 0,247066,3,2,3,05,09,2,0,0,1,0,0,0,0,1
"POINT (12.398363534000101 51.292856896000004)",Unfall 247074 (2022) Kat:2, Licht: 0,247074,2,7,6,04,14,3,0,0,0,1,1,0,0,0
"POINT (12.381597761000000 51.331746919000103)",Unfall 247077 (2022) Kat:3, Licht: 0,247077,3,2,3,05,15,1,0,0,1,1,0,0,0,0
"POINT (12.331953068000100 51.340296271000099)",Unfall 247078 (2022) Kat:3, Licht: 0,247078,3,3,5,04,09,7,0,0,0,1,0,0,0,0
"POINT (12.380826298000001 51.331029670000099)",Unfall 247080 (2022) Kat:3, Licht: 0,247080,3,6,1,06,14,2,0,0,0,1,0,0,0,0
"POINT (12.374083056000099 51.304069512000098)",Unfall 247081 (2022) Kat:3, Licht: 0,247081,3,3,5,06,16,3,0,0,0,1,0,1,0,0
"POINT (12.293375245000000 51.303806549000100)",Unfall 247088 (2022) Kat:3, Licht: 0,247088,3,6,4,04,07,3,0,0,1,1,0,0,0,0
"POINT (12.305106866000100 51.326868671000099)",Unfall 247089 (2022) Kat:2, Licht: 0,247089,2,6,4,05,07,6,0,0,1,0,0,0,0,0
"POINT (12.373669478000100 51.323328246000102)",Unfall 247090 (2022) Kat:3, Licht: 2,247090,3,5,1,04,01,7,0,2,1,1,0,0,0,0
"POINT (12.326490272999999 51.308424641999999)",Unfall 247091 (2022) Kat:3, Licht: 0,247091,3,6,2,05,15,4,0,0,0,1,0,0,0,0
"POINT (12.430815264000000 51.362803702000100)",Unfall 247092 (2022) Kat:3, Licht: 0,247092,3,3,5,06,14,1,0,0,1,1,0,0,0,0
"POINT (12.403107795000000 51.365404177000102)",Unfall 247098 (2022) Kat:2, Licht: 2,247098,2,1,8,05,22,5,0,2,0,1,0,0,0,0
"POINT (12.445647353000000 51.347309428000102)",Unfall 247100 (2022) Kat:3, Licht: 0,247100,3,3,5,05,07,5,0,0,0,1,0,0,0,0
"POINT (12.346881539000000 51.366732141999996)",Unfall 247106 (2022) Kat:3, Licht: 0,247106,3,7,6,04,18,4,0,0,0,1,1,0,0,0
"POINT (12.363399693000099 51.329367615000102)",Unfall 247110 (2022) Kat:3, Licht: 0,247110,3,3,5,06,20,3,0,0,1,0,0,0,0,0
"POINT (12.416318099000000 51.315176498000000)",Unfall 247113 (2022) Kat:2, Licht: 0,247113,2,3,5,05,13,2,0,0,1,1,0,0,0,0
"POINT (12.429614298000001 51.348724038999997)",Unfall 247114 (2022) Kat:3, Licht: 2,247114,3,1,1,05,03,7,0,2,0,1,0,0,0,0
"POINT (12.397456502000100 51.345986708000098)",Unfall 247117 (2022) Kat:2, Licht: 0,247117,2,2,5,05,18,1,0,0,0,1,0,1,0,0
"POINT (12.334388653000101 51.319707279000099)",Unfall 247119 (2022) Kat:3, Licht: 0,247119,3,6,3,05,13,6,0,0,1,1,0,0,0,0
"POINT (12.315168039000101 51.354725062000099)",Unfall 247129 (2022) Kat:3, Licht: 0,247129,3,3,5,05,10,4,1,0,1,1,0,0,0,0
"POINT (12.396015727000099 51.296203730000101)",Unfall 247130 (2022) Kat:2, Licht: 0,247130,2,3,5,06,18,7,0,0,1,1,0,0,0,0
"POINT (12.310230470000000 51.317749572000103)",Unfall 247138 (2022) Kat:3, Licht: 0,247138,3,3,5,04,18,1,0,0,0,1,0,0,0,0
"POINT (12.432030946999999 51.344028897000001)",Unfall 247143 (2022) Kat:3, Licht: 0,247143,3,4,6,05,14,6,0,0,0,1,1,0,0,0
"POINT (12.419443543000099 51.343856521000099)",Unfall 247147 (2022) Kat:3, Licht: 0,247147,3,5,3,06,14,7,0,0,0,1,0,0,0,0
"POINT (12.326599187999999 51.323052303000097)",Unfall 247149 (2022) Kat:3, Licht: 2,247149,3,3,5,04,21,5,0,2,0,1,0,0,0,0
"POINT (12.373519161000001 51.317548171000098)",Unfall 247155 (2022) Kat:3, Licht: 0,247155,3,6,2,05,17,2,0,0,0,1,0,1,0,0
"POINT (12.317209631000001 51.346155849000098)",Unfall 247156 (2022) Kat:3, Licht: 0,247156,3,3,5,06,10,6,0,0,0,1,0,0,0,1
"POINT (12.398780439000101 51.363430371000000)",Unfall 247161 (2022) Kat:3, Licht: 0,247161,3,5,1,04,17,4,0,0,0,1,0,0,0,1
"POINT (12.390856925000000 51.338676871000096)",Unfall 247164 (2022) Kat:3, Licht: 0,247164,3,3,5,05,15,4,0,0,1,1,0,0,0,0
"POINT (12.476920046000000 51.339830104999997)",Unfall 247169 (2022) Kat:3, Licht: 0,247169,3,6,3,05,18,2,0,0,0,1,0,1,0,0
"POINT (12.261384608000100 51.323032590000103)",Unfall 247170 (2022) Kat:3, Licht: 0,247170,3,1,9,05,15,5,0,0,0,0,0,1,0,0
"POINT (12.338815348000001 51.332366906000097)",Unfall 247171 (2022) Kat:3, Licht: 0,247171,3,6,3,05,06,3,0,0,0,1,0,1,0,0
"POINT (12.264572517000000 51.362920189000100)",Unfall 247176 (2022) Kat:3, Licht: 0,247176,3,7,1,06,16,7,0,0,0,1,0,0,0,1
"POINT (12.367517122000001 51.320965684000001)",Unfall 247179 (2022) Kat:3, Licht: 0,247179,3,2,5,04,09,5,0,0,1,1,0,0,0,0
"POINT (12.323711717000000 51.329737924000000)",Unfall 247183 (2022) Kat:3, Licht: 0,247183,3,6,2,04,19,7,0,0,0,1,0,0,0,0
"POINT (12.445124504000001 51.344522355999999)",Unfall 247184 (2022) Kat:3, Licht: 0,247184,3,6,0,05,12,5,0,0,1,0,0,0,0,0
"POINT (12.363964654000000 51.371825803000000)",Unfall 247189 (2022) Kat:3, Licht: 0,247189,3,2,6,04,11,5,0,0,0,1,1,0,0,0
"POINT (12.326936827000100 51.339091800000098)",Unfall 247192 (2022) Kat:2, Licht: 0,247192,2,3,5,06,17,3,0,0,1,0,0,0,1,0
"POINT (12.406966413000101 51.342837850000102)",Unfall 247196 (2022) Kat:3, Licht: 0,247196,3,3,5,04,08,5,1,0,0,1,0,0,0,0
"POINT (12.338795681000001 51.337187581000101)",Unfall 247198 (2022) Kat:3, Licht: 0,247198,3,3,5,05,11,2,0,0,1,1,0,0,0,0
"POINT (12.399224564000100 51.345890751000098)",Unfall 247201 (2022) Kat:3, Licht: 0,247201,3,4,6,06,11,2,0,0,0,1,1,0,0,0
"POINT (12.369045413000000 51.399856462999999)",Unfall 247202 (2022) Kat:2, Licht: 0,247202,2,3,5,06,18,6,0,0,1,0,0,0,0,0
"POINT (12.320985598000000 51.345314788000103)",Unfall 247204 (2022) Kat:2, Licht: 0,247204,2,3,5,04,13,4,0,0,1,1,0,0,0,0
"POINT (12.409107017000100 51.338684016999999)",Unfall 247206 (2022) Kat:3, Licht: 0,247206,3,3,5,05,07,6,0,0,1,1,0,0,0,0
"POINT (12.456189483000101 51.345524872000098)",Unfall 247208 (2022) Kat:2, Licht: 0,247208,2,7,0,05,17,5,0,0,0,0,0,0,0,1
"POINT (12.365652488000000 51.339642847999997)",Unfall 247211 (2022) Kat:3, Licht: 0,247211,3,6,1,05,12,5,0,0,0,1,0,0,0,0
"POINT (12.333863352000000 51.330478420000098)",Unfall 247214 (2022) Kat:3, Licht: 0,247214,3,3,5,05,16,2,0,0,1,1,0,0,0,0
"POINT (12.438735668000000 51.294730849000103)",Unfall 247225 (2022) Kat:3, Licht: 0,247225,3,1,8,05,12,2,0,0,0,1,0,0,0,0
"POINT (12.343920939000000 51.324188584000098)",Unfall 247229 (2022) Kat:3, Licht: 0,247229,3,2,5,05,13,7,0,0,1,1,0,0,0,0
"POINT (12.402239932000001 51.328367801000098)",Unfall 247236 (2022) Kat:3, Licht: 0,247236,3,3,5,05,15,1,0,0,0,1,0,0,0,0
"POINT (12.363525967999999 51.329065706000101)",Unfall 247243 (2022) Kat:3, Licht: 0,247243,3,6,2,05,07,2,0,0,0,1,0,0,0,0
"POINT (12.407949369000100 51.335623443000003)",Unfall 247253 (2022) Kat:3, Licht: 0,247253,3,6,2,05,09,2,0,0,0,1,0,0,0,0
"POINT (12.395801017000100 51.346068621000001)",Unfall 247257 (2022) Kat:3, Licht: 0,247257,3,6,2,06,14,2,0,0,0,1,0,0,0,0
"POINT (12.385341094000101 51.341180157000103)",Unfall 247261 (2022) Kat:3, Licht: 0,247261,3,3,5,05,15,3,0,0,1,1,0,0,0,0
"POINT (12.393152979000000 51.336955856000003)",Unfall 247262 (2022) Kat:3, Licht: 0,247262,3,3,5,05,08,6,1,0,1,1,0,0,0,0
"POINT (12.408150520000000 51.371947030999998)",Unfall 247264 (2022) Kat:3, Licht: 0,247264,3,4,0,04,17,3,0,0,1,0,1,0,0,0
"POINT (12.396986693000001 51.303549734000100)",Unfall 247266 (2022) Kat:3, Licht: 0,247266,3,1,1,04,12,7,0,0,0,1,0,0,0,0
"POINT (12.370771357000001 51.335328898000100)",Unfall 247268 (2022) Kat:3, Licht: 0,247268,3,3,5,06,21,7,0,0,0,1,0,0,0,1
"POINT (12.374768041999999 51.308429582000002)",Unfall 247280 (2022) Kat:2, Licht: 0,247280,2,1,0,04,09,6,0,0,1,0,0,0,0,0
"POINT (12.372759491000100 51.343173675000102)",Unfall 247282 (2022) Kat:3, Licht: 2,247282,3,7,0,06,02,1,0,2,1,0,0,0,0,0
"POINT (12.362435906000000 51.331683720000100)",Unfall 247284 (2022) Kat:3, Licht: 2,247284,3,6,1,05,23,3,0,2,0,1,0,1,0,0
"POINT (12.260556387000101 51.312969555000102)",Unfall 247285 (2022) Kat:3, Licht: 0,247285,3,3,5,06,08,4,0,0,1,1,0,0,0,0
"POINT (12.331942068000000 51.340293577000097)",Unfall 247297 (2022) Kat:3, Licht: 0,247297,3,3,5,04,15,4,0,0,1,1,0,0,0,0
"POINT (12.406290741000101 51.345511139999999)",Unfall 247299 (2022) Kat:3, Licht: 1,247299,3,7,0,05,05,1,0,1,1,0,0,0,0,0
"POINT (12.413580540000099 51.304644711000002)",Unfall 247307 (2022) Kat:3, Licht: 0,247307,3,3,5,05,15,1,0,0,0,1,0,1,0,0
"POINT (12.383375434000101 51.334896295000100)",Unfall 247314 (2022) Kat:3, Licht: 1,247314,3,3,5,05,21,3,0,1,1,1,0,0,0,0