WKT,Name,OBJECTID,UKATEGORIE,UTYP1,UART,UMONAT,USTUNDE,UWOCHENTAG,STRZUSTAND,ULICHTVERH,ISTRAD,ISTPKW,ISTFUSS,ISTKRAD,ISTGKFZ,ISTSONSTIG
"POINT (12.364308537000101 51.326752761000101)",Unfall 247318 (2022) Kat:3, Licht: 0,247318,3,7,6,05,09,7,0,0,0,1,1,0,0,0
"POINT (12.437959845000000 51.345738826999998)",Unfall 247321 (2022) Kat:3, Licht: 0,247321,3,7,3,06,11,7,0,0,0,1,0,0,0,0
"POINT (12.401724172000099 51.343776945999998)",Unfall 247322 (2022) Kat:3, Licht: 1,247322,3,5,1,06,04,7,0,1,1,1,0,0,0,0
"POINT (12.326003882000100 51.315285353000000)",Unfall 247324 (2022) Kat:3, Licht: 2,247324,3,1,1,04,23,5,1,2,0,1,0,0,0,1
"POINT (12.403025308000100 51.365319660000097)",Unfall 247328 (2022) Kat:2, Licht: 0,247328,2,7,5,04,20,7,0,0,0,1,0,1,0,0
"POINT (12.325760008000000 51.320369274000001)",Unfall 247330 (2022) Kat:3, Licht: 0,247330,3,2,6,05,15,2,0,0,0,1,1,0,0,0
"POINT (12.371292254000000 51.339731168000100)",Unfall 247331 (2022) Kat:3, Licht: 0,247331,3,2,5,06,08,6,0,0,1,1,0,0,0,0
"POINT (12.327194618000000 51.329643224999998)",Unfall 247333 (2022) Kat:2, Licht: 0,247333,2,2,5,04,06,3,0,0,0,1,0,1,0,0
"POINT (12.390773497000099 51.343261234000103)",Unfall 247335 (2022) Kat:3, Licht: 0,247335,3,5,1,05,13,2,0,0,1,1,0,0,0,0
"POINT (12.276237435000001 51.313762249000000)",Unfall 247338 (2022) Kat:3, Licht: 0,247338,3,3,5,05,18,1,0,0,1,1,0,0,0,0
"POINT (12.398072031000000 51.317470786000101)",Unfall 247342 (2022) Kat:3, Licht: 0,247342,3,2,5,05,11,4,0,0,1,1,0,0,0,0
"POINT (12.370392010000000 51.389265127000002)",Unfall 247350 (2022) Kat:3, Licht: 0,247350,3,2,2,05,12,3,0,0,0,1,0,0,0,0
"POINT (12.377756719000001 51.308058225000103)",Unfall 247352 (2022) Kat:3, Licht: 1,247352,3,6,6,04,20,3,0,1,0,1,1,0,0,0
"POINT (12.335926252000000 51.336632558000098)",Unfall 247366 (2022) Kat:2, Licht: 0,247366,2,1,0,06,20,1,1,0,1,0,0,0,0,0
"POINT (12.416764798000001 51.346462689000099)",Unfall 247367 (2022) Kat:3, Licht: 0,247367,3,6,3,06,16,4,0,0,0,1,0,0,0,1
"POINT (12.411389945000099 51.389186054000000)",Unfall 247370 (2022) Kat:3, Licht: 0,247370,3,3,5,05,14,2,0,0,1,0,0,0,0,0
"POINT (12.393142908000099 51.336957951000002)",Unfall 247374 (2022) Kat:3, Licht: 0,247374,3,3,5,04,16,6,0,0,1,1,0,0,0,0
"POINT (12.375187568999999 51.334242912999997)",Unfall 247379 (2022) Kat:3, Licht: 0,247379,3,4,0,04,17,4,0,0,1,0,1,0,0,0
"POINT (12.407492309000100 51.356214029999997)",Unfall 247385 (2022) Kat:3, Licht: 0,247385,3,7,1,06,07,6,0,0,1,1,0,0,0,0
"POINT (12.339132941000100 51.326908595000099)",Unfall 247386 (2022) Kat:3, Licht: 2,247386,3,6,3,05,00,5,0,2,1,1,0,0,0,0
"POINT (12.382079982000100 51.332575378000101)",Unfall 247393 (2022) Kat:2, Licht: 0,247393,2,2,3,05,16,4,0,0,1,1,0,0,0,0
"POINT (12.373743583000000 51.343132654999998)",Unfall 247395 (2022) Kat:3, Licht: 0,247395,3,6,2,05,17,4,0,0,1,0,0,0,0,0
"POINT (12.413348032000000 51.322538984000097)",Unfall 247399 (2022) Kat:2, Licht: 0,247399,2,3,5,05,09,2,0,0,1,1,0,0,0,0
"POINT (12.300621934000000 51.301876150000098)",Unfall 247402 (2022) Kat:3, Licht: 0,247402,3,6,2,05,11,6,0,0,0,1,0,1,0,0
"POINT (12.358431163000001 51.379197772000097)",Unfall 247404 (2022) Kat:3, Licht: 0,247404,3,3,5,05,14,4,0,0,1,1,0,0,0,0
"POINT (12.380099096000000 51.339200665000099)",Unfall 247405 (2022) Kat:3, Licht: 0,247405,3,6,6,06,09,6,0,0,1,0,1,0,0,0
"POINT (12.262843048000001 51.347867908000097)",Unfall 247410 (2022) Kat:3, Licht: 0,247410,3,2,5,06,10,4,0,0,1,1,0,0,0,0
"POINT (12.427255148000000 51.320813745000102)",Unfall 247414 (2022) Kat:3, Licht: 0,247414,3,5,3,05,08,2,0,0,0,1,0,0,0,1
"POINT (12.385074204000000 51.365744295000098)",Unfall 247416 (2022) Kat:3, Licht: 0,247416,3,6,3,05,15,3,0,0,1,0,0,0,0,0
"POINT (12.490213708000100 51.346532513000099)",Unfall 247421 (2022) Kat:3, Licht: 0,247421,3,1,0,06,11,2,0,0,1,0,0,0,0,0
"POINT (12.373699939000099 51.324318996000002)",Unfall 247425 (2022) Kat:3, Licht: 0,247425,3,3,6,05,18,4,0,0,1,0,1,0,0,0
"POINT (12.365575033000001 51.339591906000102)",Unfall 247426 (2022) Kat:3, Licht: 0,247426,3,7,4,04,14,2,0,0,0,1,0,0,0,1
"POINT (12.406847224000000 51.338176148000102)",Unfall 247432 (2022) Kat:2, Licht: 0,247432,2,2,5,05,16,2,0,0,1,1,0,0,0,0
"POINT (12.374495402000001 51.363773265000098)",Unfall 247433 (2022) Kat:3, Licht: 0,247433,3,5,1,04,10,4,0,0,1,0,0,0,0,1
"POINT (12.466656553000099 51.302990164999997)",Unfall 247436 (2022) Kat:3, Licht: 0,247436,3,3,5,04,15,7,0,0,1,1,0,0,0,0
"POINT (12.413692887000000 51.345122290000099)",Unfall 247450 (2022) Kat:3, Licht: 0,247450,3,4,6,05,17,4,0,0,1,0,1,0,0,0
"POINT (12.375723681000100 51.358740308000101)",Unfall 247453 (2022) Kat:3, Licht: 0,247453,3,2,3,05,16,2,0,0,1,1,0,0,0,0
"POINT (12.412026307000099 51.405860347000001)",Unfall 247454 (2022) Kat:2, Licht: 0,247454,2,1,7,05,19,6,0,0,1,0,0,0,0,0
"POINT (12.426373012999999 51.318636736000002)",Unfall 247455 (2022) Kat:3, Licht: 0,247455,3,2,2,05,16,3,0,0,1,1,0,0,0,0
"POINT (12.370843120000099 51.336381824999997)",Unfall 247457 (2022) Kat:3, Licht: 0,247457,3,2,5,05,13,6,0,0,1,1,0,0,0,0
"POINT (12.423813769000001 51.321521018000098)",Unfall 247460 (2022) Kat:3, Licht: 0,247460,3,4,6,06,12,7,0,0,1,0,1,0,0,0
"POINT (12.332365108999999 51.318242193000103)",Unfall 247464 (2022) Kat:3, Licht: 0,247464,3,3,5,04,16,5,1,0,1,1,0,0,0,0
"POINT (12.437811771000000 51.327538080000103)",Unfall 247471 (2022) Kat:3, Licht: 2,247471,3,3,5,06,23,5,0,2,0,1,0,0,0,0
"POINT (12.384895093000100 51.338126169000098)",Unfall 247472 (2022) Kat:3, Licht: 0,247472,3,2,5,06,20,5,0,0,1,0,0,0,0,0
"POINT (12.371971519000100 51.341064559000102)",Unfall 247473 (2022) Kat:3, Licht: 0,247473,3,2,1,05,20,2,1,0,1,1,0,0,0,0
"POINT (12.410624672000001 51.345285203000103)",Unfall 247476 (2022) Kat:3, Licht: 0,247476,3,6,1,05,18,7,0,0,1,1,0,0,0,0
"POINT (12.372996675000000 51.309712556000100)",Unfall 247477 (2022) Kat:3, Licht: 0,247477,3,1,0,05,16,4,0,0,1,0,0,0,0,0
"POINT (12.376529897000101 51.353315436000102)",Unfall 247485 (2022) Kat:3, Licht: 0,247485,3,6,1,05,15,2,0,0,0,1,0,0,0,0
"POINT (12.373149072000000 51.311704900000102)",Unfall 247487 (2022) Kat:3, Licht: 0,247487,3,2,3,06,14,7,0,0,1,0,0,1,0,0
"POINT (12.435681863000100 51.345363146000103)",Unfall 247495 (2022) Kat:3, Licht: 0,247495,3,3,5,04,14,5,0,0,1,1,0,0,0,0
"POINT (12.367732620000000 51.363226339999997)",Unfall 247497 (2022) Kat:2, Licht: 0,247497,2,5,1,05,07,3,0,0,1,1,0,0,0,0
"POINT (12.454281674000100 51.419706623000103)",Unfall 247502 (2022) Kat:3, Licht: 0,247502,3,7,0,06,16,1,0,0,1,0,0,0,0,0
"POINT (12.423633542000101 51.379493322000002)",Unfall 247506 (2022) Kat:3, Licht: 0,247506,3,1,0,05,11,6,1,0,1,0,0,0,0,0
"POINT (12.340661105000001 51.369733236999998)",Unfall 247510 (2022) Kat:2, Licht: 0,247510,2,3,5,05,18,3,0,0,1,0,0,0,0,1
"POINT (12.285807729000100 51.274074637000098)",Unfall 247514 (2022) Kat:3, Licht: 0,247514,3,1,8,06,16,4,0,0,0,1,0,0,0,0
"POINT (12.348950491000000 51.366263973000102)",Unfall 247518 (2022) Kat:3, Licht: 0,247518,3,6,2,05,13,4,0,0,0,1,0,0,0,0
"POINT (12.380794366000000 51.330999249999998)",Unfall 247520 (2022) Kat:3, Licht: 0,247520,3,7,2,05,15,6,0,0,1,0,0,0,0,0
"POINT (12.326594163999999 51.323035216000100)",Unfall 247521 (2022) Kat:3, Licht: 0,247521,3,2,5,05,16,2,0,0,1,1,0,0,0,0
"POINT (12.407168384000000 51.361446627000099)",Unfall 247536 (2022) Kat:3, Licht: 0,247536,3,5,1,05,19,1,0,0,1,1,0,0,0,0
"POINT (12.374467705000001 51.335825278000101)",Unfall 247538 (2022) Kat:3, Licht: 0,247538,3,6,3,05,16,5,0,0,1,0,0,0,0,0
"POINT (12.335529267000000 51.321720093000103)",Unfall 247542 (2022) Kat:3, Licht: 1,247542,3,3,5,05,05,3,0,1,0,1,0,0,0,0
"POINT (12.437792671000100 51.327519295000101)",Unfall 247543 (2022) Kat:3, Licht: 0,247543,3,2,2,05,15,2,0,0,0,1,0,0,0,0
"POINT (12.341803840000100 51.344751039000101)",Unfall 247547 (2022) Kat:3, Licht: 0,247547,3,7,4,05,15,2,0,0,0,1,0,0,1,0
"POINT (12.405979707000000 51.342086877000000)",Unfall 247549 (2022) Kat:2, Licht: 0,247549,2,1,0,05,15,1,0,0,1,0,0,0,0,0
"POINT (12.277425286000000 51.314212775999998)",Unfall 247551 (2022) Kat:3, Licht: 2,247551,3,6,3,06,00,2,0,2,1,1,0,0,0,0
"POINT (12.327048008000100 51.341773523000001)",Unfall 247562 (2022) Kat:3, Licht: 0,247562,3,6,4,05,06,3,0,0,1,1,0,0,0,0
"POINT (12.363714873999999 51.363659509999998)",Unfall 247563 (2022) Kat:3, Licht: 0,247563,3,3,5,06,05,1,0,0,1,1,0,0,0,0
"POINT (12.353151182000000 51.341672885999998)",Unfall 247568 (2022) Kat:3, Licht: 0,247568,3,1,0,05,18,1,0,0,0,0,0,1,0,0
"POINT (12.397913512000100 51.345962750000098)",Unfall 247572 (2022) Kat:3, Licht: 0,247572,3,5,3,05,10,2,0,0,1,1,0,0,0,0
"POINT (12.260812265000000 51.301571739000103)",Unfall 247574 (2022) Kat:3, Licht: 0,247574,3,3,5,05,18,6,0,0,1,1,0,0,0,0
"POINT (12.437520027000099 51.304212531000097)",Unfall 247576 (2022) Kat:2, Licht: 0,247576,2,3,5,06,07,5,0,0,1,1,0,0,0,0
"POINT (12.342698883000001 51.332277081000001)",Unfall 247582 (2022) Kat:2, Licht: 0,247582,2,3,5,06,17,3,0,0,1,0,0,0,0,0
"POINT (12.406143876000000 51.348137429000097)",Unfall 247591 (2022) Kat:3, Licht: 1,247591,3,3,0,05,21,6,0,1,1,1,0,0,0,0
"POINT (12.334836395000000 51.333067121000099)",Unfall 247594 (2022) Kat:3, Licht: 0,247594,3,1,1,06,15,4,0,0,1,1,0,0,0,0
"POINT (12.362728918000100 51.336328627000100)",Unfall 247595 (2022) Kat:3, Licht: 0,247595,3,1,5,04,18,5,1,0,1,1,0,0,0,0
"POINT (12.422117054000100 51.369164603999998)",Unfall 247608 (2022) Kat:3, Licht: 2,247608,3,7,7,05,21,7,0,2,0,0,0,1,0,0
"POINT (12.342258735000000 51.332286404999998)",Unfall 247612 (2022) Kat:2, Licht: 0,247612,2,2,5,06,11,6,0,0,1,1,0,0,0,0
"POINT (12.435139941999999 51.377977571000002)",Unfall 247614 (2022) Kat:3, Licht: 0,247614,3,7,6,04,10,3,0,0,0,0,1,0,0,1
"POINT (12.370723466000101 51.390593915000103)",Unfall 247615 (2022) Kat:3, Licht: 0,247615,3,3,0,04,17,2,0,0,1,1,0,0,0,0
"POINT (12.341851494000000 51.338303401000097)",Unfall 247628 (2022) Kat:3, Licht: 0,247628,3,7,0,06,06,6,0,0,1,0,0,0,0,0
"POINT (12.361511865000100 51.335701950000001)",Unfall 247631 (2022) Kat:3, Licht: 0,247631,3,3,5,04,07,4,0,0,0,1,0,0,0,0
"POINT (12.376476270000101 51.312634435000099)",Unfall 247634 (2022) Kat:3, Licht: 0,247634,3,3,5,04,17,4,0,0,1,1,0,0,0,0
"POINT (12.279619215000000 51.310790447999999)",Unfall 247636 (2022) Kat:3, Licht: 0,247636,3,3,5,05,16,7,0,0,0,1,0,1,0,0
"POINT (12.369832693999999 51.325241167000101)",Unfall 247647 (2022) Kat:3, Licht: 0,247647,3,2,5,05,17,1,0,0,0,1,0,0,0,0
"POINT (12.292833526000001 51.359354708000097)",Unfall 247650 (2022) Kat:3, Licht: 1,247650,3,1,0,06,20,2,0,1,0,0,0,1,0,0
"POINT (12.388010769000100 51.355332421000099)",Unfall 247653 (2022) Kat:3, Licht: 0,247653,3,4,6,06,07,4,0,0,1,0,1,0,0,0
"POINT (12.376277178000100 51.357790633999997)",Unfall 247654 (2022) Kat:2, Licht: 1,247654,2,1,0,04,18,5,1,1,0,0,0,1,0,0
"POINT (12.399443767999999 51.376403216000000)",Unfall 247657 (2022) Kat:2, Licht: 0,247657,2,3,5,05,11,5,0,0,0,1,0,1,0,0
"POINT (12.365359769000101 51.361224522999997)",Unfall 247660 (2022) Kat:3, Licht: 0,247660,3,5,3,05,12,2,0,0,1,0,0,0,0,1
"POINT (12.382771521000100 51.340478009999998)",Unfall 247664 (2022) Kat:2, Licht: 0,247664,2,3,5,04,10,5,0,0,1,1,0,0,0,0
"POINT (12.475819412000000 51.338867782000101)",Unfall 247665 (2022) Kat:2, Licht: 0,247665,2,6,4,04,08,3,0,0,1,0,0,0,0,0
"POINT (12.413944883999999 51.345846416000001)",Unfall 247670 (2022) Kat:3, Licht: 0,247670,3,3,5,05,15,5,0,0,1,0,0,0,0,0
"POINT (12.380937486000100 51.342779587999999)",Unfall 247671 (2022) Kat:3, Licht: 0,247671,3,7,1,04,15,3,0,0,1,0,0,0,0,0
"POINT (12.382898579000001 51.320477097000001)",Unfall 247678 (2022) Kat:3, Licht: 0,247678,3,2,5,05,15,4,0,0,1,1,0,0,0,0
"POINT (12.423688681000000 51.321528882000102)",Unfall 247693 (2022) Kat:3, Licht: 0,247693,3,3,5,06,08,2,0,0,0,1,0,0,0,0
"POINT (12.333998589000000 51.336345915999999)",Unfall 247696 (2022) Kat:3, Licht: 0,247696,3,6,1,05,19,4,0,0,1,1,0,0,0,0
"POINT (12.420564743000099 51.334384347000103)",Unfall 247700 (2022) Kat:3, Licht: 0,247700,3,5,0,05,10,6,1,0,0,1,0,1,0,0
"POINT (12.361803983000099 51.332552352999997)",Unfall 247705 (2022) Kat:3, Licht: 2,247705,3,3,5,05,21,4,1,2,1,1,0,0,0,0
"POINT (12.391411968000099 51.384067768000101)",Unfall 247709 (2022) Kat:3, Licht: 0,247709,3,3,5,05,12,2,0,0,1,1,0,0,0,0
"POINT (12.383301850000100 51.334911325000100)",Unfall 247718 (2022) Kat:3, Licht: 0,247718,3,2,5,04,14,4,0,0,1,1,0,0,0,0
"POINT (12.374708496000000 51.343046452000102)",Unfall 247719 (2022) Kat:3, Licht: 0,247719,3,2,4,04,16,3,0,0,1,0,0,0,0,1
"POINT (12.392226882999999 51.322295075000099)",Unfall 247722 (2022) Kat:3, Licht: 0,247722,3,2,2,06,15,4,0,0,1,1,0,0,0,0
"POINT (12.435609289000100 51.325909094000103)",Unfall 247725 (2022) Kat:3, Licht: 0,247725,3,3,5,05,13,3,0,0,0,0,0,1,1,0
"POINT (12.384791516000099 51.343510589000097)",Unfall 247731 (2022) Kat:2, Licht: 0,247731,2,7,0,05,20,4,0,0,0,0,0,0,0,1
"POINT (12.376947307000000 51.345717987000100)",Unfall 247734 (2022) Kat:3, Licht: 0,247734,3,3,5,05,15,2,0,0,1,0,0,0,0,1
"POINT (12.363397669999999 51.329372450000101)",Unfall 247737 (2022) Kat:3, Licht: 0,247737,3,6,2,04,13,3,0,0,0,1,0,0,0,0
"POINT (12.348148252000000 51.366495737000001)",Unfall 247743 (2022) Kat:3, Licht: 0,247743,3,3,5,05,15,3,1,0,1,1,0,0,0,0
"POINT (12.329228921000000 51.335568619000099)",Unfall 247747 (2022) Kat:3, Licht: 0,247747,3,2,5,05,08,4,0,0,1,1,0,0,0,0
"POINT (12.310678764000000 51.282195210000097)",Unfall 247749 (2022) Kat:3, Licht: 0,247749,3,1,0,05,18,5,0,0,1,0,0,0,0,0
"POINT (12.311568112000000 51.284689229000001)",Unfall 247750 (2022) Kat:2, Licht: 0,247750,2,1,5,05,13,2,0,0,1,1,0,0,0,0
"POINT (12.327332008999999 51.325438459000097)",Unfall 247752 (2022) Kat:3, Licht: 0,247752,3,3,5,05,07,5,0,0,0,1,0,0,0,0
"POINT (12.381625500000000 51.320656524000100)",Unfall 247755 (2022) Kat:3, Licht: 0,247755,3,3,3,06,13,6,0,0,1,0,0,0,0,1
"POINT (12.279549343999999 51.314801444000103)",Unfall 247758 (2022) Kat:3, Licht: 0,247758,3,1,0,05,15,2,0,0,1,0,0,0,0,0
"POINT (12.298502710999999 51.413298164000103)",Unfall 247762 (2022) Kat:3, Licht: 0,247762,3,3,5,05,17,5,0,0,1,1,0,0,0,0
"POINT (12.391716665000001 51.347885259000101)",Unfall 247777 (2022) Kat:3, Licht: 0,247777,3,7,9,05,15,3,0,0,0,1,0,0,0,0
"POINT (12.405829836000100 51.345535171000101)",Unfall 247786 (2022) Kat:3, Licht: 0,247786,3,4,6,05,08,3,0,0,1,0,1,0,0,0
"POINT (12.304337392000001 51.331958802000003)",Unfall 247787 (2022) Kat:3, Licht: 0,247787,3,3,5,05,08,7,0,0,0,1,0,0,0,1
"POINT (12.378598021000100 51.307765609000100)",Unfall 247789 (2022) Kat:3, Licht: 0,247789,3,2,3,05,10,6,0,0,1,1,0,0,0,0
"POINT (12.338898059000000 51.370422855000101)",Unfall 247791 (2022) Kat:3, Licht: 0,247791,3,6,2,05,16,4,0,0,0,1,0,0,0,0
"POINT (12.382150896000001 51.338770809000003)",Unfall 247793 (2022) Kat:3, Licht: 0,247793,3,6,2,06,11,7,0,0,0,1,0,0,0,0
"POINT (12.314350257000100 51.369013741000103)",Unfall 247795 (2022) Kat:3, Licht: 0,247795,3,6,2,04,18,5,1,0,0,1,0,0,0,0
"POINT (12.406875461000000 51.351386315000099)",Unfall 247796 (2022) Kat:3, Licht: 0,247796,3,2,5,05,14,2,0,0,1,1,0,0,0,0
"POINT (12.405794638000000 51.350743781000098)",Unfall 247799 (2022) Kat:3, Licht: 2,247799,3,3,5,04,22,7,0,2,0,1,0,0,0,1
"POINT (12.356577321000000 51.364516543999997)",Unfall 247801 (2022) Kat:3, Licht: 0,247801,3,3,5,05,16,2,0,0,1,1,0,0,0,0
"POINT (12.334303068000100 51.331548274000099)",Unfall 247816 (2022) Kat:3, Licht: 0,247816,3,1,0,05,15,2,0,0,1,0,0,0,0,0
"POINT (12.448365110999999 51.383035792999998)",Unfall 247822 (2022) Kat:3, Licht: 0,247822,3,3,5,05,14,6,0,0,1,1,0,0,0,0
"POINT (12.377562310000000 51.308120485000103)",Unfall 247823 (2022) Kat:3, Licht: 0,247823,3,3,5,06,14,2,0,0,1,1,0,0,0,0
"POINT (12.326290201000100 51.344296025000098)",Unfall 247825 (2022) Kat:3, Licht: 0,247825,3,7,1,04,18,3,0,0,1,1,0,0,0,0
"POINT (12.475817685000001 51.338866531000100)",Unfall 247840 (2022) Kat:3, Licht: 0,247840,3,2,2,06,13,3,0,0,0,1,0,0,0,0
"POINT (12.373310902000100 51.310976324000102)",Unfall 247845 (2022) Kat:3, Licht: 2,247845,3,7,0,04,20,2,1,2,0,0,0,0,0,1
"POINT (12.381049195000100 51.330782925999998)",Unfall 247848 (2022) Kat:3, Licht: 0,247848,3,4,6,05,15,3,0,0,0,1,1,0,0,0
"POINT (12.337884550000100 51.330939135000101)",Unfall 247851 (2022) Kat:3, Licht: 0,247851,3,3,5,05,09,2,0,0,1,0,0,0,0,1
"POINT (12.330178644000100 51.318862183000100)",Unfall 247852 (2022) Kat:3, Licht: 0,247852,3,3,5,04,07,5,0,0,1,1,0,0,0,0
"POINT (12.435892243000101 51.345397084000098)",Unfall 247857 (2022) Kat:3, Licht: 0,247857,3,3,5,05,14,6,0,0,1,1,0,0,0,0
"POINT (12.373364444000099 51.324701056999999)",Unfall 247859 (2022) Kat:3, Licht: 0,247859,3,6,6,06,21,6,0,0,1,0,1,0,0,0
"POINT (12.390183706000100 51.363129727999997)",Unfall 247862 (2022) Kat:3, Licht: 0,247862,3,7,0,06,07,5,0,0,1,0,1,0,0,0
"POINT (12.396238461999999 51.303574300999998)",Unfall 247866 (2022) Kat:3, Licht: 0,247866,3,2,3,06,07,2,0,0,1,1,0,0,0,0
"POINT (12.408281212000100 51.336149933000101)",Unfall 247872 (2022) Kat:3, Licht: 0,247872,3,4,6,05,16,2,0,0,0,0,1,0,0,1
"POINT (12.329723714000099 51.339875074000098)",Unfall 247873 (2022) Kat:3, Licht: 2,247873,3,7,0,05,00,6,0,2,0,0,1,1,0,0
"POINT (12.386247312000000 51.360970558000098)",Unfall 247874 (2022) Kat:3, Licht: 0,247874,3,6,3,05,09,3,0,0,0,1,0,0,0,1
"POINT (12.383750470000100 51.286537968000097)",Unfall 247878 (2022) Kat:3, Licht: 0,247878,3,2,5,05,17,4,0,0,1,1,0,0,0,0
"POINT (12.258834448000099 51.300777728000099)",Unfall 247879 (2022) Kat:3, Licht: 0,247879,3,7,4,06,12,7,0,0,1,1,0,0,0,0
"POINT (12.367637701000000 51.327318176000098)",Unfall 247886 (2022) Kat:3, Licht: 0,247886,3,3,5,04,17,7,0,0,0,1,0,0,0,0
"POINT (12.359315076000000 51.357483753000103)",Unfall 247895 (2022) Kat:3, Licht: 0,247895,3,4,6,08,07,5,0,0,0,1,1,0,0,0
"POINT (12.299453542000000 51.321906276999997)",Unfall 247899 (2022) Kat:3, Licht: 2,247899,3,7,1,06,22,1,0,2,0,1,0,0,0,0
"POINT (12.376782666000100 51.321115602000098)",Unfall 247901 (2022) Kat:2, Licht: 0,247901,2,4,6,06,17,5,0,0,0,1,1,0,0,0
"POINT (12.440633964000000 51.330373247000097)",Unfall 247904 (2022) Kat:2, Licht: 0,247904,2,3,5,08,06,2,0,0,0,1,0,1,0,0
"POINT (12.373436870999999 51.329694621999998)",Unfall 247907 (2022) Kat:3, Licht: 0,247907,3,3,5,06,14,2,1,0,1,1,0,0,0,0
"POINT (12.377351962000001 51.390267186000102)",Unfall 247911 (2022) Kat:3, Licht: 0,247911,3,4,6,07,11,6,0,0,0,1,1,0,0,0
"POINT (12.378068499000101 51.334596345000101)",Unfall 247913 (2022) Kat:2, Licht: 0,247913,2,2,3,07,17,5,0,0,1,1,0,0,0,0
"POINT (12.405716052000100 51.331363074000102)",Unfall 247915 (2022) Kat:3, Licht: 0,247915,3,7,0,06,08,5,0,0,1,0,0,0,0,0
"POINT (12.353950936000000 51.350967574000002)",Unfall 247917 (2022) Kat:3, Licht: 0,247917,3,2,2,06,09,3,0,0,0,1,0,0,0,0
"POINT (12.378516260000000 51.366473589000101)",Unfall 247922 (2022) Kat:3, Licht: 0,247922,3,1,0,06,08,5,0,0,1,0,0,0,0,0
"POINT (12.405776008000000 51.331746850000101)",Unfall 247928 (2022) Kat:3, Licht: 0,247928,3,2,5,06,16,2,0,0,1,1,0,0,0,0
"POINT (12.378285858000000 51.334594982000098)",Unfall 247929 (2022) Kat:3, Licht: 0,247929,3,3,5,07,12,2,0,0,1,1,0,0,0,0
"POINT (12.378042795000100 51.346149523000101)",Unfall 247935 (2022) Kat:3, Licht: 0,247935,3,6,6,06,09,4,0,0,1,0,1,0,0,0
"POINT (12.353403012999999 51.347333323999997)",Unfall 247937 (2022) Kat:3, Licht: 0,247937,3,3,5,07,15,2,0,0,0,1,0,0,0,0
"POINT (12.424285128000101 51.357467188000001)",Unfall 247941 (2022) Kat:3, Licht: 0,247941,3,7,1,07,13,2,0,0,0,1,0,0,0,0
"POINT (12.409495489999999 51.339203440000098)",Unfall 247942 (2022) Kat:3, Licht: 0,247942,3,6,2,07,11,5,0,0,0,1,0,1,0,0
"POINT (12.327332008999999 51.325438459000097)",Unfall 247945 (2022) Kat:3, Licht: 0,247945,3,2,4,06,15,2,0,0,1,1,0,0,0,0
"POINT (12.337907703999999 51.330976202999999)",Unfall 247951 (2022) Kat:3, Licht: 0,247951,3,6,2,06,15,5,0,0,0,1,0,0,0,1
"POINT (12.414247210999999 51.356771391000102)",Unfall 247953 (2022) Kat:3, Licht: 0,247953,3,3,1,06,08,3,0,0,0,1,0,0,0,1
"POINT (12.460685142999999 51.388119062000001)",Unfall 247954 (2022) Kat:3, Licht: 0,247954,3,1,9,06,11,7,0,0,0,1,0,0,0,0
"POINT (12.329807850000099 51.325163752999998)",Unfall 247955 (2022) Kat:3, Licht: 0,247955,3,3,5,07,13,4,0,0,1,1,0,0,0,0
"POINT (12.341012759000000 51.325847797999998)",Unfall 247961 (2022) Kat:3, Licht: 0,247961,3,5,1,08,15,7,0,0,1,1,0,0,0,0
"POINT (12.373418342000001 51.352393706000001)",Unfall 247962 (2022) Kat:2, Licht: 0,247962,2,6,2,06,09,5,0,0,0,1,0,0,0,0
"POINT (12.357064919000001 51.336044858000001)",Unfall 247965 (2022) Kat:3, Licht: 2,247965,3,1,0,06,02,7,0,2,0,0,0,0,0,1
"POINT (12.330760948000000 51.337432315999997)",Unfall 247966 (2022) Kat:3, Licht: 0,247966,3,3,5,07,07,5,1,0,1,1,0,0,0,0
"POINT (12.368968625999999 51.333703747000101)",Unfall 247967 (2022) Kat:3, Licht: 0,247967,3,6,6,08,15,2,0,0,1,0,1,0,0,0
"POINT (12.355662908000101 51.337496649999999)",Unfall 247968 (2022) Kat:3, Licht: 0,247968,3,1,0,07,14,6,1,0,1,1,0,0,0,0
"POINT (12.425503182000099 51.344121598000100)",Unfall 247976 (2022) Kat:3, Licht: 0,247976,3,5,3,06,16,5,0,0,1,1,0,0,0,0
"POINT (12.413761040000100 51.377470389999999)",Unfall 247978 (2022) Kat:3, Licht: 0,247978,3,4,6,07,17,6,0,0,0,0,1,1,0,0
"POINT (12.373979796000100 51.315743638000100)",Unfall 247979 (2022) Kat:3, Licht: 0,247979,3,4,6,07,09,4,0,0,1,0,1,0,0,0
"POINT (12.373015190000000 51.309617870000103)",Unfall 247983 (2022) Kat:3, Licht: 0,247983,3,7,0,07,15,1,0,0,1,0,0,0,0,0
"POINT (12.370845177000000 51.336381734000000)",Unfall 247984 (2022) Kat:2, Licht: 2,247984,2,2,5,06,21,7,0,2,1,1,0,0,0,0
"POINT (12.479202937000000 51.342720885000098)",Unfall 247985 (2022) Kat:3, Licht: 0,247985,3,3,5,07,10,7,0,0,1,1,0,0,0,0
"POINT (12.396668690000100 51.343040802000097)",Unfall 247991 (2022) Kat:3, Licht: 0,247991,3,3,5,07,14,5,0,0,1,1,0,0,0,0