WKT,Name,OBJECTID,UKATEGORIE,UTYP1,UART,UMONAT,USTUNDE,UWOCHENTAG,STRZUSTAND,ULICHTVERH,ISTRAD,ISTPKW,ISTFUSS,ISTKRAD,ISTGKFZ,ISTSONSTIG
"POINT (12.370913958000100 51.336413374000102)",Unfall 247996 (2022) Kat:3, Licht: 0,247996,3,2,5,06,16,5,0,0,0,1,0,1,0,0
"POINT (12.324575326000099 51.374195546000102)",Unfall 247998 (2022) Kat:2, Licht: 1,247998,2,1,8,06,20,3,0,1,0,0,0,0,0,1
"POINT (12.367461546000101 51.367341311000096)",Unfall 248001 (2022) Kat:3, Licht: 0,248001,3,7,5,06,10,6,0,0,1,1,0,0,0,0
"POINT (12.388395342000001 51.327593960999998)",Unfall 248007 (2022) Kat:3, Licht: 0,248007,3,3,5,07,18,2,0,0,1,0,0,0,0,1
"POINT (12.296594423000000 51.317915855000102)",Unfall 248008 (2022) Kat:3, Licht: 0,248008,3,3,5,07,08,2,0,0,0,1,0,0,0,0
"POINT (12.420506737000000 51.319266079999998)",Unfall 248012 (2022) Kat:2, Licht: 0,248012,2,2,5,07,19,3,0,0,1,1,0,0,0,0
"POINT (12.372050218000000 51.341499795000097)",Unfall 248013 (2022) Kat:3, Licht: 2,248013,3,4,6,07,03,7,1,2,0,1,1,0,0,0
"POINT (12.365110960000001 51.363498425000003)",Unfall 248014 (2022) Kat:3, Licht: 0,248014,3,5,0,07,14,5,0,0,1,1,0,0,0,0
"POINT (12.376454985000100 51.308542476000099)",Unfall 248022 (2022) Kat:3, Licht: 0,248022,3,5,1,06,20,2,0,0,1,1,0,0,0,0
"POINT (12.407567448000099 51.360892526999997)",Unfall 248025 (2022) Kat:2, Licht: 0,248025,2,4,6,07,17,3,0,0,0,1,1,0,0,0
"POINT (12.392615164000100 51.322438481000098)",Unfall 248031 (2022) Kat:3, Licht: 0,248031,3,6,1,06,19,6,0,0,1,1,0,0,0,0
"POINT (12.339159199000100 51.333235917000103)",Unfall 248032 (2022) Kat:3, Licht: 1,248032,3,3,5,07,21,7,0,1,1,1,0,0,0,0
"POINT (12.373855720000099 51.360563484000103)",Unfall 248040 (2022) Kat:3, Licht: 0,248040,3,2,0,07,12,4,0,0,1,0,0,0,0,0
"POINT (12.473768813000000 51.349761110000003)",Unfall 248041 (2022) Kat:3, Licht: 0,248041,3,1,9,07,17,1,0,0,0,1,0,0,0,0
"POINT (12.355364906000000 51.344590142000101)",Unfall 248047 (2022) Kat:3, Licht: 0,248047,3,7,0,07,13,4,0,0,1,0,0,0,0,0
"POINT (12.284653636000000 51.317739663000097)",Unfall 248048 (2022) Kat:2, Licht: 0,248048,2,2,5,06,11,7,0,0,1,1,0,0,0,0
"POINT (12.392957281000101 51.400166313000099)",Unfall 248051 (2022) Kat:3, Licht: 0,248051,3,3,5,06,16,5,0,0,0,1,0,0,0,0
"POINT (12.397866863999999 51.345965195000097)",Unfall 248053 (2022) Kat:3, Licht: 0,248053,3,2,5,06,15,3,0,0,1,1,0,0,0,0
"POINT (12.383203198000000 51.331715998999996)",Unfall 248054 (2022) Kat:3, Licht: 0,248054,3,5,0,07,15,7,0,0,1,1,0,0,0,0
"POINT (12.396584310000000 51.343020961999997)",Unfall 248058 (2022) Kat:3, Licht: 0,248058,3,7,2,06,13,5,0,0,0,1,0,0,0,0
"POINT (12.433509940000000 51.355226045000101)",Unfall 248061 (2022) Kat:3, Licht: 0,248061,3,2,2,08,07,2,0,0,0,1,0,0,0,0
"POINT (12.457494873000000 51.383219517999997)",Unfall 248066 (2022) Kat:2, Licht: 0,248066,2,7,6,07,12,6,0,0,0,1,1,0,0,0
"POINT (12.310238121999999 51.317739737000103)",Unfall 248076 (2022) Kat:3, Licht: 0,248076,3,3,5,08,05,2,0,0,1,1,0,0,0,0
"POINT (12.385928286000000 51.364317374000102)",Unfall 248078 (2022) Kat:2, Licht: 0,248078,2,5,1,07,16,6,0,0,1,1,0,0,0,0
"POINT (12.376354053000099 51.332755102000100)",Unfall 248081 (2022) Kat:3, Licht: 0,248081,3,5,1,07,07,3,0,0,1,1,0,0,0,0
"POINT (12.385086576999999 51.331666865000003)",Unfall 248082 (2022) Kat:3, Licht: 0,248082,3,2,4,07,08,2,0,0,1,1,0,0,0,0
"POINT (12.301600795000100 51.315171169999999)",Unfall 248083 (2022) Kat:3, Licht: 1,248083,3,6,3,06,20,7,0,1,0,1,0,0,0,1
"POINT (12.386304573000100 51.360550375999999)",Unfall 248085 (2022) Kat:2, Licht: 0,248085,2,2,5,07,13,2,0,0,0,1,0,0,0,0
"POINT (12.305077204000000 51.378569265000102)",Unfall 248090 (2022) Kat:3, Licht: 0,248090,3,7,8,06,14,4,0,0,0,1,0,0,0,0
"POINT (12.326030764000100 51.307275020000098)",Unfall 248099 (2022) Kat:3, Licht: 0,248099,3,2,4,07,17,3,0,0,1,1,0,0,0,0
"POINT (12.357805126000100 51.379594817000097)",Unfall 248101 (2022) Kat:3, Licht: 0,248101,3,2,3,06,10,3,0,0,0,1,0,1,0,0
"POINT (12.401243630000099 51.345781748000000)",Unfall 248105 (2022) Kat:3, Licht: 2,248105,3,1,0,07,23,4,0,2,1,0,0,0,0,0
"POINT (12.405884638000000 51.345532336000097)",Unfall 248112 (2022) Kat:3, Licht: 0,248112,3,6,3,06,11,2,0,0,1,1,0,0,0,0
"POINT (12.358207813000000 51.363101143999998)",Unfall 248113 (2022) Kat:3, Licht: 0,248113,3,3,5,07,08,2,0,0,0,1,0,0,0,0
"POINT (12.384180145000100 51.365783253000103)",Unfall 248116 (2022) Kat:3, Licht: 0,248116,3,2,5,07,14,6,0,0,1,1,0,0,0,0
"POINT (12.356108583999999 51.386070518000103)",Unfall 248118 (2022) Kat:3, Licht: 0,248118,3,7,0,07,12,4,0,0,0,1,0,0,0,0
"POINT (12.309411065000100 51.349775782000101)",Unfall 248119 (2022) Kat:3, Licht: 0,248119,3,6,2,06,14,4,0,0,0,1,0,1,0,0
"POINT (12.333511496000000 51.319524541000099)",Unfall 248120 (2022) Kat:3, Licht: 2,248120,3,7,0,06,02,1,0,2,1,0,0,0,0,0
"POINT (12.370064527000100 51.355780541999998)",Unfall 248126 (2022) Kat:3, Licht: 0,248126,3,5,1,08,14,7,0,0,1,1,0,0,0,0
"POINT (12.329292022000100 51.305156726000099)",Unfall 248127 (2022) Kat:3, Licht: 0,248127,3,5,3,06,07,5,0,0,1,1,0,0,0,0
"POINT (12.334811920000000 51.329219053000003)",Unfall 248130 (2022) Kat:3, Licht: 0,248130,3,5,1,06,11,7,0,0,1,1,0,0,0,0
"POINT (12.373148222000101 51.311681146000097)",Unfall 248131 (2022) Kat:3, Licht: 0,248131,3,4,6,07,09,4,0,0,0,0,1,0,0,1
"POINT (12.410494349000000 51.345291815000103)",Unfall 248134 (2022) Kat:3, Licht: 0,248134,3,6,3,06,13,5,0,0,1,1,0,0,0,0
"POINT (12.376711050000001 51.341192255000102)",Unfall 248135 (2022) Kat:3, Licht: 0,248135,3,7,1,08,11,4,0,0,1,1,0,0,0,0
"POINT (12.318606100000100 51.331438929999997)",Unfall 248141 (2022) Kat:3, Licht: 0,248141,3,2,4,07,17,2,0,0,0,1,0,0,0,0
"POINT (12.370243558000000 51.324430536000101)",Unfall 248155 (2022) Kat:3, Licht: 0,248155,3,7,1,06,07,2,0,0,1,1,0,0,0,0
"POINT (12.392953179000100 51.400179631000100)",Unfall 248168 (2022) Kat:2, Licht: 0,248168,2,2,5,08,13,2,0,0,0,1,0,0,0,0
"POINT (12.325414362000100 51.340443272000101)",Unfall 248176 (2022) Kat:3, Licht: 2,248176,3,3,5,08,21,6,0,2,0,1,0,0,0,1
"POINT (12.389270775000099 51.361406520999999)",Unfall 248181 (2022) Kat:3, Licht: 0,248181,3,6,1,07,14,5,1,0,0,1,0,0,0,0
"POINT (12.381587048000000 51.315658853999999)",Unfall 248183 (2022) Kat:3, Licht: 0,248183,3,3,5,06,08,5,0,0,1,1,0,0,0,0
"POINT (12.400608532000000 51.323983206000001)",Unfall 248187 (2022) Kat:3, Licht: 0,248187,3,3,5,07,07,2,0,0,1,0,0,0,1,0
"POINT (12.393374980000001 51.322904368000103)",Unfall 248191 (2022) Kat:2, Licht: 0,248191,2,6,2,06,16,5,0,0,0,1,0,1,0,0
"POINT (12.404149712000001 51.363646928000001)",Unfall 248192 (2022) Kat:3, Licht: 0,248192,3,2,3,07,16,3,0,0,1,1,0,0,0,0
"POINT (12.357171311000100 51.361692197000103)",Unfall 248193 (2022) Kat:3, Licht: 0,248193,3,3,5,07,10,6,0,0,0,1,0,1,0,0
"POINT (12.449723607000101 51.345562252000001)",Unfall 248199 (2022) Kat:3, Licht: 1,248199,3,1,0,07,05,7,0,1,0,1,0,0,0,0
"POINT (12.341162617000100 51.332359474999997)",Unfall 248202 (2022) Kat:3, Licht: 2,248202,3,3,5,08,22,2,0,2,1,1,0,0,0,0
"POINT (12.407848113000099 51.335682556000101)",Unfall 248205 (2022) Kat:3, Licht: 0,248205,3,6,2,07,17,6,0,0,1,1,0,0,0,0
"POINT (12.406020903000099 51.335934241000103)",Unfall 248206 (2022) Kat:3, Licht: 0,248206,3,3,5,07,15,5,0,0,0,1,0,0,0,0
"POINT (12.344135682000100 51.331126859999998)",Unfall 248208 (2022) Kat:3, Licht: 0,248208,3,1,0,07,09,1,0,0,1,0,0,0,0,0
"POINT (12.411270742000100 51.354399131999998)",Unfall 248210 (2022) Kat:3, Licht: 0,248210,3,1,0,06,16,5,0,0,0,0,0,1,0,0
"POINT (12.334937497000100 51.370665377000101)",Unfall 248211 (2022) Kat:3, Licht: 0,248211,3,2,4,07,13,3,0,0,0,1,0,0,0,1
"POINT (12.367926091000101 51.323381259000001)",Unfall 248215 (2022) Kat:3, Licht: 0,248215,3,3,5,07,10,5,0,0,1,0,0,0,0,1
"POINT (12.263523072000099 51.324400558999997)",Unfall 248216 (2022) Kat:3, Licht: 0,248216,3,5,0,07,16,5,0,0,0,1,0,0,0,0
"POINT (12.479269117000101 51.345821350999998)",Unfall 248222 (2022) Kat:3, Licht: 0,248222,3,2,2,07,07,4,0,0,1,1,0,0,0,0
"POINT (12.378328942000101 51.359599138000100)",Unfall 248231 (2022) Kat:3, Licht: 0,248231,3,7,2,06,08,4,1,0,1,1,0,0,0,0
"POINT (12.476919858000000 51.339829856000101)",Unfall 248235 (2022) Kat:3, Licht: 0,248235,3,3,5,07,12,3,0,0,1,1,0,0,0,0
"POINT (12.341160193000100 51.332362850000003)",Unfall 248237 (2022) Kat:3, Licht: 2,248237,3,3,5,07,23,4,0,2,0,1,0,0,0,0
"POINT (12.340796625000101 51.327398741000103)",Unfall 248246 (2022) Kat:3, Licht: 0,248246,3,6,4,06,15,4,0,0,1,0,0,0,0,0
"POINT (12.464629199000100 51.312796278000100)",Unfall 248247 (2022) Kat:3, Licht: 2,248247,3,1,0,06,02,1,0,2,1,0,0,0,0,0
"POINT (12.319761338999999 51.344658050000099)",Unfall 248249 (2022) Kat:3, Licht: 2,248249,3,1,0,07,00,7,0,2,0,0,0,0,0,1
"POINT (12.400680942000101 51.345810720000003)",Unfall 248253 (2022) Kat:3, Licht: 0,248253,3,6,2,06,14,4,0,0,0,1,0,0,0,0
"POINT (12.422074890999999 51.319643487000100)",Unfall 248257 (2022) Kat:3, Licht: 0,248257,3,3,5,07,05,3,0,0,0,1,0,0,0,0
"POINT (12.369683404000099 51.324486184000101)",Unfall 248262 (2022) Kat:3, Licht: 1,248262,3,3,5,08,21,5,0,1,1,1,0,0,0,0
"POINT (12.403954057000000 51.400348555000100)",Unfall 248264 (2022) Kat:3, Licht: 0,248264,3,3,5,07,13,2,0,0,0,1,0,0,0,0
"POINT (12.365613127000101 51.339585519000103)",Unfall 248265 (2022) Kat:3, Licht: 0,248265,3,2,3,07,18,7,0,0,0,1,0,0,0,1
"POINT (12.351014194000101 51.365792944000098)",Unfall 248272 (2022) Kat:2, Licht: 0,248272,2,7,0,07,12,3,0,0,1,0,0,0,0,0
"POINT (12.381558028000001 51.336673161000100)",Unfall 248275 (2022) Kat:3, Licht: 0,248275,3,3,5,08,14,2,0,0,1,1,0,0,0,0
"POINT (12.479138129000001 51.345812655000003)",Unfall 248286 (2022) Kat:2, Licht: 0,248286,2,3,6,07,18,5,0,0,0,0,1,1,0,0
"POINT (12.297750603000100 51.357374081000003)",Unfall 248300 (2022) Kat:3, Licht: 0,248300,3,3,5,07,07,5,0,0,1,1,0,0,0,0
"POINT (12.491201368000100 51.359626895000098)",Unfall 248301 (2022) Kat:1, Licht: 0,248301,1,3,5,07,05,5,0,0,1,1,0,0,0,0
"POINT (12.479416405000100 51.350604749000098)",Unfall 248302 (2022) Kat:3, Licht: 0,248302,3,3,5,07,10,7,0,0,0,1,0,0,0,1
"POINT (12.413007586000001 51.375096763000002)",Unfall 248305 (2022) Kat:3, Licht: 0,248305,3,5,1,07,13,3,0,0,1,1,0,0,0,0
"POINT (12.373399093000000 51.345822557000098)",Unfall 248312 (2022) Kat:3, Licht: 0,248312,3,6,6,07,16,7,0,0,0,1,1,0,0,0
"POINT (12.375350909000099 51.320530869000002)",Unfall 248317 (2022) Kat:3, Licht: 2,248317,3,1,0,06,03,7,0,2,0,0,0,1,0,0
"POINT (12.405793364000001 51.350753849999997)",Unfall 248324 (2022) Kat:3, Licht: 0,248324,3,3,5,07,19,6,0,0,0,1,0,0,0,0
"POINT (12.403206583999999 51.339975050000099)",Unfall 248329 (2022) Kat:3, Licht: 0,248329,3,5,1,06,07,5,0,0,1,1,0,0,0,0
"POINT (12.397790977000099 51.329451943999999)",Unfall 248333 (2022) Kat:3, Licht: 0,248333,3,3,5,07,14,5,1,0,1,1,0,0,0,0
"POINT (12.398211515000099 51.345947127000002)",Unfall 248342 (2022) Kat:3, Licht: 0,248342,3,6,2,07,18,7,0,0,0,1,0,1,0,0
"POINT (12.398527072000000 51.398939296999998)",Unfall 248343 (2022) Kat:3, Licht: 0,248343,3,3,5,07,08,4,0,0,1,1,0,0,0,0
"POINT (12.406076347000100 51.346865414000000)",Unfall 248350 (2022) Kat:3, Licht: 0,248350,3,3,5,08,17,2,0,0,1,1,0,0,0,0
"POINT (12.291007509000099 51.324078121000099)",Unfall 248355 (2022) Kat:3, Licht: 0,248355,3,3,5,07,18,3,0,0,0,1,0,0,0,0
"POINT (12.373240721000100 51.310125207000098)",Unfall 248362 (2022) Kat:3, Licht: 0,248362,3,3,5,07,10,7,1,0,0,1,0,1,0,0
"POINT (12.399143256000100 51.345873857000100)",Unfall 248363 (2022) Kat:3, Licht: 0,248363,3,2,4,07,17,4,0,0,1,0,0,0,0,1
"POINT (12.378478813000100 51.320727546999997)",Unfall 248365 (2022) Kat:3, Licht: 0,248365,3,2,5,07,10,2,0,0,1,1,0,0,0,0
"POINT (12.374365565000099 51.331081445999999)",Unfall 248376 (2022) Kat:3, Licht: 0,248376,3,5,1,07,09,7,0,0,0,1,0,0,0,1
"POINT (12.384964209000000 51.342640785000100)",Unfall 248381 (2022) Kat:3, Licht: 0,248381,3,7,0,06,19,7,0,0,1,0,0,0,0,0
"POINT (12.348132834000101 51.328717247999997)",Unfall 248382 (2022) Kat:3, Licht: 0,248382,3,6,4,07,12,5,0,0,1,0,0,0,0,0
"POINT (12.422072361000099 51.365108378000102)",Unfall 248385 (2022) Kat:3, Licht: 0,248385,3,6,2,08,09,5,0,0,0,1,0,0,0,0
"POINT (12.282104927000001 51.329832820000000)",Unfall 248387 (2022) Kat:3, Licht: 1,248387,3,1,7,07,04,3,0,1,1,0,0,0,0,0
"POINT (12.384914011999999 51.378815660000001)",Unfall 248388 (2022) Kat:3, Licht: 0,248388,3,6,3,07,07,2,0,0,1,0,0,0,0,1
"POINT (12.407186826000000 51.372040395000099)",Unfall 248390 (2022) Kat:3, Licht: 0,248390,3,3,5,06,05,2,0,0,0,1,0,0,0,0
"POINT (12.445297059000000 51.346142727000000)",Unfall 248392 (2022) Kat:2, Licht: 0,248392,2,1,2,06,08,5,1,0,1,1,0,0,0,0
"POINT (12.405931129000100 51.345460453000001)",Unfall 248393 (2022) Kat:3, Licht: 0,248393,3,4,6,07,18,3,0,0,0,0,1,0,0,1
"POINT (12.408244737000100 51.340077344000100)",Unfall 248394 (2022) Kat:3, Licht: 0,248394,3,2,3,07,14,7,1,0,1,1,0,0,0,0
"POINT (12.393139046000000 51.336958754000101)",Unfall 248396 (2022) Kat:3, Licht: 0,248396,3,3,5,07,12,6,1,0,1,1,0,0,0,0
"POINT (12.323876167000000 51.320403354000099)",Unfall 248397 (2022) Kat:3, Licht: 0,248397,3,3,5,08,14,4,0,0,1,1,0,0,0,0
"POINT (12.462046891000099 51.357979503000102)",Unfall 248399 (2022) Kat:3, Licht: 0,248399,3,3,5,06,15,4,0,0,1,1,0,0,0,0
"POINT (12.391763201000099 51.323843049000097)",Unfall 248405 (2022) Kat:3, Licht: 0,248405,3,7,0,06,18,5,0,0,1,0,0,0,0,0
"POINT (12.372068260000001 51.342292165000103)",Unfall 248407 (2022) Kat:3, Licht: 0,248407,3,4,6,07,10,1,0,0,1,0,1,0,0,0
"POINT (12.325082149000000 51.320376998000000)",Unfall 248414 (2022) Kat:3, Licht: 0,248414,3,7,0,07,10,7,1,0,1,0,0,0,0,0
"POINT (12.401933690000000 51.321674556000097)",Unfall 248417 (2022) Kat:3, Licht: 0,248417,3,7,3,06,08,4,0,0,1,1,0,0,0,0
"POINT (12.347890124000100 51.332160196000103)",Unfall 248418 (2022) Kat:3, Licht: 0,248418,3,6,1,06,15,2,1,0,0,1,0,0,0,0
"POINT (12.324890864000100 51.328069251999999)",Unfall 248427 (2022) Kat:3, Licht: 0,248427,3,3,5,06,12,3,0,0,1,1,0,0,0,0
"POINT (12.445200344000099 51.345477698000103)",Unfall 248431 (2022) Kat:3, Licht: 0,248431,3,2,5,08,08,2,0,0,1,1,0,0,0,0
"POINT (12.370871391000000 51.326000209000000)",Unfall 248435 (2022) Kat:3, Licht: 0,248435,3,7,0,07,20,2,0,0,1,0,0,0,0,0
"POINT (12.430568761000099 51.368871749999997)",Unfall 248437 (2022) Kat:3, Licht: 0,248437,3,3,5,06,17,1,0,0,0,1,0,0,0,0
"POINT (12.372972792000001 51.301365378000099)",Unfall 248438 (2022) Kat:3, Licht: 0,248438,3,3,5,07,08,2,0,0,1,1,0,0,0,0
"POINT (12.422396574000100 51.313530157999999)",Unfall 248442 (2022) Kat:3, Licht: 0,248442,3,5,1,07,13,5,0,0,1,1,0,0,0,0
"POINT (12.365446127000000 51.362457937000002)",Unfall 248444 (2022) Kat:3, Licht: 0,248444,3,1,0,07,09,6,0,0,1,0,0,0,0,0
"POINT (12.332299637000100 51.332771369000099)",Unfall 248445 (2022) Kat:3, Licht: 0,248445,3,4,6,07,17,7,0,0,0,1,1,0,0,0
"POINT (12.385675381000100 51.373713526000103)",Unfall 248453 (2022) Kat:3, Licht: 0,248453,3,6,2,06,16,2,0,0,0,1,0,0,0,0
"POINT (12.373614142000100 51.330535329999996)",Unfall 248459 (2022) Kat:3, Licht: 0,248459,3,3,5,06,09,4,1,0,1,1,0,0,0,0
"POINT (12.374873120000100 51.353162945000101)",Unfall 248463 (2022) Kat:3, Licht: 0,248463,3,3,5,07,10,5,0,0,1,1,0,0,0,0
"POINT (12.413891338999999 51.316982692000103)",Unfall 248464 (2022) Kat:2, Licht: 0,248464,2,3,5,08,09,1,0,0,0,1,0,1,0,0
"POINT (12.343778078000099 51.323915548000102)",Unfall 248485 (2022) Kat:3, Licht: 0,248485,3,6,2,07,10,2,0,0,1,0,0,0,0,0
"POINT (12.374026087000100 51.336760210000101)",Unfall 248489 (2022) Kat:3, Licht: 0,248489,3,7,3,07,17,3,0,0,1,1,0,0,0,0
"POINT (12.375047996999999 51.343028199000102)",Unfall 248490 (2022) Kat:3, Licht: 0,248490,3,7,1,07,08,6,0,0,1,0,0,0,1,0
"POINT (12.304043314000101 51.315659502000102)",Unfall 248499 (2022) Kat:3, Licht: 0,248499,3,7,1,07,13,5,0,0,0,1,0,0,0,0
"POINT (12.323673180000100 51.374637309999997)",Unfall 248504 (2022) Kat:3, Licht: 0,248504,3,3,5,07,06,4,0,0,0,1,0,0,0,0
"POINT (12.376986580000100 51.345074372000099)",Unfall 248505 (2022) Kat:3, Licht: 0,248505,3,7,0,08,18,3,0,0,1,0,1,0,0,0
"POINT (12.375657570000000 51.364536839000003)",Unfall 248508 (2022) Kat:3, Licht: 0,248508,3,3,5,08,11,4,0,0,0,1,0,0,0,0
"POINT (12.393283561000001 51.322880591999997)",Unfall 248511 (2022) Kat:3, Licht: 0,248511,3,2,5,07,18,3,0,0,1,1,0,0,0,0
"POINT (12.400373489000099 51.345813516000099)",Unfall 248513 (2022) Kat:3, Licht: 0,248513,3,3,5,06,07,2,0,0,1,1,0,0,0,0
"POINT (12.419564764000000 51.348112159999999)",Unfall 248517 (2022) Kat:3, Licht: 0,248517,3,1,0,07,13,6,0,0,1,0,0,0,0,0
"POINT (12.411391796000000 51.342176869000099)",Unfall 248519 (2022) Kat:3, Licht: 0,248519,3,2,6,06,14,3,0,0,0,0,1,0,0,1
"POINT (12.373663324000100 51.332856611000103)",Unfall 248520 (2022) Kat:2, Licht: 2,248520,2,7,6,07,00,1,0,2,1,0,1,0,0,0
"POINT (12.373341110000100 51.324638752000098)",Unfall 248529 (2022) Kat:3, Licht: 0,248529,3,4,6,06,15,3,0,0,1,0,1,0,0,0
"POINT (12.356927849000000 51.336164117000102)",Unfall 248531 (2022) Kat:3, Licht: 0,248531,3,6,2,06,10,6,0,0,0,1,0,0,0,0
"POINT (12.383723978000001 51.352133223000102)",Unfall 248532 (2022) Kat:3, Licht: 0,248532,3,2,2,07,07,3,0,0,0,1,0,0,0,0
"POINT (12.308322098000099 51.349597891000002)",Unfall 248544 (2022) Kat:3, Licht: 0,248544,3,3,5,08,14,2,0,0,0,1,0,1,0,0
"POINT (12.326135323000100 51.315705276000102)",Unfall 248547 (2022) Kat:3, Licht: 0,248547,3,2,2,06,17,2,0,0,0,1,0,0,0,0
"POINT (12.315908867000100 51.352196148000097)",Unfall 248553 (2022) Kat:3, Licht: 0,248553,3,7,0,07,13,5,0,0,0,1,0,0,0,0
"POINT (12.390806097000100 51.330992541999997)",Unfall 248555 (2022) Kat:3, Licht: 0,248555,3,3,5,06,10,5,0,0,1,1,0,0,0,0
"POINT (12.371805956999999 51.339624442999998)",Unfall 248556 (2022) Kat:3, Licht: 0,248556,3,6,3,07,18,3,0,0,1,1,0,0,0,0
"POINT (12.470410505000100 51.345744207999999)",Unfall 248558 (2022) Kat:3, Licht: 0,248558,3,2,3,06,12,6,0,0,1,0,0,0,0,0
"POINT (12.407547466000000 51.346779427999998)",Unfall 248568 (2022) Kat:3, Licht: 0,248568,3,3,5,06,07,2,0,0,1,1,0,0,0,0
"POINT (12.371227876000001 51.329359667000098)",Unfall 248569 (2022) Kat:3, Licht: 0,248569,3,6,1,07,11,2,0,0,0,1,0,0,0,0
"POINT (12.293657151000000 51.324801305000101)",Unfall 248577 (2022) Kat:2, Licht: 0,248577,2,1,0,07,12,1,0,0,0,1,0,1,0,0
"POINT (12.405618806000099 51.331181223999998)",Unfall 248584 (2022) Kat:3, Licht: 0,248584,3,1,6,06,14,2,1,0,0,1,1,0,0,0
"POINT (12.363034759000101 51.321561252000002)",Unfall 248590 (2022) Kat:3, Licht: 0,248590,3,6,2,06,16,4,0,0,0,1,0,0,0,0
"POINT (12.278850831000099 51.314620149000099)",Unfall 248595 (2022) Kat:3, Licht: 0,248595,3,7,0,08,12,1,0,0,1,0,0,0,0,0
"POINT (12.405721319000101 51.345540786000100)",Unfall 248598 (2022) Kat:3, Licht: 2,248598,3,6,2,07,22,7,0,2,0,1,0,0,0,0
"POINT (12.424560943000101 51.343698774000103)",Unfall 248602 (2022) Kat:3, Licht: 0,248602,3,6,2,08,12,7,0,0,0,1,0,0,0,0
"POINT (12.385964920999999 51.363991086000098)",Unfall 248603 (2022) Kat:3, Licht: 0,248603,3,2,5,06,08,6,0,0,0,1,0,0,1,0
"POINT (12.336600211000100 51.328885759000102)",Unfall 248607 (2022) Kat:3, Licht: 0,248607,3,1,1,07,13,5,1,0,1,1,0,0,0,0
"POINT (12.338180958000100 51.327072121000100)",Unfall 248611 (2022) Kat:3, Licht: 0,248611,3,3,5,06,19,4,0,0,1,1,0,0,0,0
"POINT (12.373701857000100 51.331866706000000)",Unfall 248613 (2022) Kat:3, Licht: 0,248613,3,1,1,07,19,2,0,0,1,1,0,0,0,0
"POINT (12.444982668000000 51.346239992999998)",Unfall 248616 (2022) Kat:2, Licht: 0,248616,2,4,6,06,14,5,0,0,0,0,1,0,0,1
"POINT (12.384528482000100 51.337122133000001)",Unfall 248618 (2022) Kat:3, Licht: 2,248618,3,7,0,07,01,1,0,2,1,0,0,0,0,0
"POINT (12.362092280000100 51.360717389000101)",Unfall 248619 (2022) Kat:3, Licht: 0,248619,3,2,5,07,10,4,0,0,1,0,0,0,0,1
"POINT (12.445614382000000 51.351494370000097)",Unfall 248628 (2022) Kat:3, Licht: 0,248628,3,2,6,08,12,2,0,0,0,1,1,0,0,0
"POINT (12.378563607000000 51.323405410000099)",Unfall 248629 (2022) Kat:3, Licht: 0,248629,3,6,1,06,15,4,0,0,1,1,0,0,0,1
"POINT (12.384966028000100 51.338073703000099)",Unfall 248633 (2022) Kat:3, Licht: 1,248633,3,2,4,07,17,5,0,1,1,0,0,0,0,1
"POINT (12.345818957000100 51.330101696000000)",Unfall 248638 (2022) Kat:3, Licht: 0,248638,3,7,7,06,08,3,0,0,1,0,0,0,0,0
"POINT (12.371418076000101 51.337730176999997)",Unfall 248639 (2022) Kat:3, Licht: 0,248639,3,6,4,06,18,3,0,0,1,0,0,0,0,1
"POINT (12.395144850000101 51.312888516999998)",Unfall 248648 (2022) Kat:3, Licht: 0,248648,3,2,3,07,18,4,0,0,0,1,0,0,0,1
"POINT (12.378579119000101 51.358800126000098)",Unfall 248649 (2022) Kat:3, Licht: 0,248649,3,2,2,06,08,6,0,0,0,1,0,0,0,0
"POINT (12.376925313000100 51.371108078000098)",Unfall 248652 (2022) Kat:3, Licht: 0,248652,3,3,5,06,17,6,0,0,1,1,0,0,0,0
"POINT (12.379424410000100 51.349576239999998)",Unfall 248659 (2022) Kat:3, Licht: 0,248659,3,2,5,07,12,4,0,0,1,0,0,0,1,0
"POINT (12.374980304000101 51.342004906000099)",Unfall 248666 (2022) Kat:3, Licht: 0,248666,3,7,6,07,15,4,0,0,0,0,1,0,1,0
"POINT (12.394144507000000 51.346166838000002)",Unfall 248668 (2022) Kat:3, Licht: 0,248668,3,3,5,06,17,3,0,0,1,1,0,0,0,0
"POINT (12.479136051000101 51.355080925000003)",Unfall 248680 (2022) Kat:3, Licht: 0,248680,3,1,8,07,19,7,0,0,1,0,0,0,0,0
"POINT (12.338813988000000 51.332420743000100)",Unfall 248688 (2022) Kat:3, Licht: 0,248688,3,6,3,07,19,3,0,0,1,1,0,0,0,0
"POINT (12.326755531000099 51.307306316999998)",Unfall 248696 (2022) Kat:3, Licht: 0,248696,3,1,1,07,15,2,0,0,0,1,0,1,0,0
"POINT (12.404677950000099 51.345597087000002)",Unfall 248700 (2022) Kat:3, Licht: 0,248700,3,5,0,06,17,5,0,0,1,1,0,0,0,0
"POINT (12.406045561000001 51.346281281000103)",Unfall 248720 (2022) Kat:3, Licht: 0,248720,3,3,5,07,18,5,0,0,1,1,0,0,0,0
"POINT (12.376628380000099 51.355853336000102)",Unfall 248727 (2022) Kat:3, Licht: 0,248727,3,2,3,07,13,4,0,0,1,1,0,0,0,0
"POINT (12.341661866999999 51.338209958000000)",Unfall 248732 (2022) Kat:3, Licht: 2,248732,3,1,0,06,02,1,0,2,1,0,0,0,0,0