WKT,Name,OBJECTID,UKATEGORIE,UTYP1,UART,UMONAT,USTUNDE,UWOCHENTAG,STRZUSTAND,ULICHTVERH,ISTRAD,ISTPKW,ISTFUSS,ISTKRAD,ISTGKFZ,ISTSONSTIG
"POINT (12.334775216000001 51.326072545000002)",Unfall 248754 (2022) Kat:3, Licht: 0,248754,3,3,5,06,07,6,0,0,0,1,0,0,0,0
"POINT (12.405780365000100 51.331748522000098)",Unfall 248756 (2022) Kat:3, Licht: 0,248756,3,2,5,07,05,2,0,0,1,1,0,0,0,0
"POINT (12.363409225000099 51.369805663000101)",Unfall 248759 (2022) Kat:3, Licht: 1,248759,3,2,5,06,21,4,0,1,1,1,0,0,0,0
"POINT (12.377343446999999 51.333069905000102)",Unfall 248763 (2022) Kat:3, Licht: 0,248763,3,2,5,06,14,6,0,0,0,1,0,0,0,0
"POINT (12.428271477000100 51.379713195000100)",Unfall 248764 (2022) Kat:3, Licht: 0,248764,3,2,4,07,08,4,0,0,1,1,0,0,0,0
"POINT (12.371221712000001 51.347417120999999)",Unfall 248766 (2022) Kat:3, Licht: 0,248766,3,6,2,08,14,6,0,0,0,1,0,0,0,1
"POINT (12.358484573000100 51.343264320999999)",Unfall 248770 (2022) Kat:3, Licht: 0,248770,3,2,5,06,10,6,0,0,1,0,0,0,0,1
"POINT (12.411334266000001 51.345248050000102)",Unfall 248771 (2022) Kat:3, Licht: 0,248771,3,1,0,07,15,5,1,0,1,0,0,0,0,0
"POINT (12.279495095000099 51.316950850000097)",Unfall 248774 (2022) Kat:3, Licht: 0,248774,3,1,9,08,13,4,0,0,0,0,0,1,0,0
"POINT (12.357146554000099 51.331070253000100)",Unfall 248781 (2022) Kat:3, Licht: 0,248781,3,1,0,06,08,5,0,0,1,0,0,0,0,0
"POINT (12.338891569000101 51.370340366000100)",Unfall 248785 (2022) Kat:3, Licht: 2,248785,3,2,6,06,23,7,0,2,0,1,1,0,0,0
"POINT (12.381604807000000 51.331758287000099)",Unfall 248788 (2022) Kat:3, Licht: 0,248788,3,3,5,07,15,5,0,0,1,1,0,0,0,0
"POINT (12.387158130000000 51.331625799000101)",Unfall 248790 (2022) Kat:3, Licht: 0,248790,3,7,6,08,11,4,0,0,0,1,1,0,0,0
"POINT (12.315193244000101 51.354722870000003)",Unfall 248792 (2022) Kat:3, Licht: 2,248792,3,3,5,07,20,3,0,2,0,1,0,0,0,1
"POINT (12.393168679000000 51.336924531000101)",Unfall 248793 (2022) Kat:3, Licht: 1,248793,3,3,5,07,20,3,0,1,1,1,0,0,0,0
"POINT (12.421072215000001 51.319380269000099)",Unfall 248797 (2022) Kat:3, Licht: 0,248797,3,4,6,06,15,5,0,0,0,1,1,0,0,0
"POINT (12.357642359000099 51.350505734000102)",Unfall 248799 (2022) Kat:3, Licht: 0,248799,3,3,5,07,10,7,1,0,0,1,0,0,0,0
"POINT (12.357980575999999 51.383057957000098)",Unfall 248801 (2022) Kat:3, Licht: 0,248801,3,6,6,06,14,3,0,0,0,0,1,0,0,1
"POINT (12.396136866000100 51.341079190000102)",Unfall 248807 (2022) Kat:3, Licht: 0,248807,3,3,5,07,07,5,0,0,0,1,0,0,0,0
"POINT (12.302467074000001 51.353647697000000)",Unfall 248809 (2022) Kat:3, Licht: 0,248809,3,2,2,06,12,2,1,0,0,1,0,0,1,0
"POINT (12.292492878000100 51.359413652999997)",Unfall 248810 (2022) Kat:2, Licht: 0,248810,2,1,0,07,17,7,0,0,0,0,0,1,0,0
"POINT (12.336625376000001 51.369604862000102)",Unfall 248812 (2022) Kat:3, Licht: 0,248812,3,6,1,07,18,4,0,0,0,1,0,0,0,0
"POINT (12.373241011000101 51.338097560000101)",Unfall 248819 (2022) Kat:3, Licht: 0,248819,3,5,1,07,10,5,1,0,1,1,0,0,0,0
"POINT (12.376526385000000 51.353258674000102)",Unfall 248824 (2022) Kat:3, Licht: 0,248824,3,3,5,07,06,3,0,0,0,1,0,0,0,0
"POINT (12.369116063000000 51.359771393000102)",Unfall 248827 (2022) Kat:3, Licht: 2,248827,3,1,0,06,23,2,0,2,1,0,0,0,0,0
"POINT (12.316879890000100 51.346327001000098)",Unfall 248836 (2022) Kat:2, Licht: 0,248836,2,3,5,06,09,1,0,0,0,1,0,0,0,1
"POINT (12.369789102000000 51.346964260000000)",Unfall 248838 (2022) Kat:3, Licht: 0,248838,3,6,4,07,09,2,0,0,0,1,0,0,0,0
"POINT (12.318674341000101 51.331460532999998)",Unfall 248841 (2022) Kat:3, Licht: 0,248841,3,7,1,07,19,4,0,0,0,1,0,0,0,0
"POINT (12.318688101000101 51.331597107000100)",Unfall 248842 (2022) Kat:2, Licht: 0,248842,2,4,6,06,17,3,0,0,0,0,1,0,0,1
"POINT (12.373646775000100 51.325306079000001)",Unfall 248848 (2022) Kat:3, Licht: 0,248848,3,2,3,07,19,4,0,0,1,1,0,0,0,0
"POINT (12.374080611000100 51.334284258000103)",Unfall 248852 (2022) Kat:3, Licht: 0,248852,3,2,5,07,13,6,0,0,1,1,0,0,0,0
"POINT (12.365254679000000 51.333082980000000)",Unfall 248856 (2022) Kat:3, Licht: 0,248856,3,3,5,06,17,5,0,0,1,1,0,0,0,0
"POINT (12.318413461000000 51.354454953000101)",Unfall 248864 (2022) Kat:3, Licht: 0,248864,3,4,6,06,15,5,0,0,1,1,1,0,0,0
"POINT (12.369972762000000 51.360651700000098)",Unfall 248870 (2022) Kat:3, Licht: 0,248870,3,3,5,07,10,2,0,0,1,1,0,0,0,0
"POINT (12.376270470000099 51.349759352000000)",Unfall 248871 (2022) Kat:3, Licht: 0,248871,3,2,3,06,17,5,0,0,1,1,0,0,0,0
"POINT (12.382080779000001 51.332576763000098)",Unfall 248874 (2022) Kat:3, Licht: 0,248874,3,2,3,07,14,4,0,0,1,1,0,0,0,0
"POINT (12.368365344000001 51.357818336999998)",Unfall 248886 (2022) Kat:3, Licht: 2,248886,3,1,3,07,22,4,0,2,1,1,0,0,0,0
"POINT (12.405900619000001 51.345531509000097)",Unfall 248887 (2022) Kat:3, Licht: 0,248887,3,2,5,07,18,6,0,0,1,1,0,0,0,0
"POINT (12.382759244000100 51.363188635000000)",Unfall 248888 (2022) Kat:3, Licht: 2,248888,3,3,5,07,00,5,0,2,1,0,0,1,0,0
"POINT (12.358058722000100 51.344025406000100)",Unfall 248889 (2022) Kat:3, Licht: 0,248889,3,6,6,07,12,7,0,0,1,0,1,0,0,0
"POINT (12.327522101000101 51.302312289000000)",Unfall 248894 (2022) Kat:3, Licht: 0,248894,3,5,1,06,11,3,0,0,0,1,0,0,0,0
"POINT (12.382747357000000 51.340630593000100)",Unfall 248903 (2022) Kat:3, Licht: 0,248903,3,3,5,07,12,6,0,0,1,0,0,0,0,0
"POINT (12.406531803000100 51.338102890000101)",Unfall 248904 (2022) Kat:2, Licht: 0,248904,2,3,5,07,16,4,0,0,1,1,0,0,0,0
"POINT (12.376471419000000 51.352405607000001)",Unfall 248907 (2022) Kat:3, Licht: 0,248907,3,4,6,06,14,5,0,0,1,0,1,0,0,0
"POINT (12.379324264999999 51.343390693000103)",Unfall 248912 (2022) Kat:3, Licht: 2,248912,3,4,6,06,00,6,0,2,1,0,1,0,0,0
"POINT (12.305006986000000 51.413018031000000)",Unfall 248913 (2022) Kat:3, Licht: 0,248913,3,2,3,07,10,4,0,0,0,0,0,0,1,1
"POINT (12.437989260000100 51.331583956000003)",Unfall 248914 (2022) Kat:3, Licht: 0,248914,3,7,4,08,09,2,1,0,0,1,0,0,0,0
"POINT (12.371764853000100 51.339648855000100)",Unfall 248917 (2022) Kat:3, Licht: 0,248917,3,1,0,06,13,4,0,0,1,0,0,0,0,0
"POINT (12.373680594000099 51.332675576000000)",Unfall 248924 (2022) Kat:3, Licht: 0,248924,3,6,3,07,13,6,0,0,1,0,1,0,0,0
"POINT (12.463346144000100 51.306392776999999)",Unfall 248925 (2022) Kat:3, Licht: 0,248925,3,2,4,07,12,5,0,0,1,1,0,0,0,0
"POINT (12.320995483000001 51.302775038000000)",Unfall 248931 (2022) Kat:3, Licht: 0,248931,3,3,5,07,11,6,0,0,1,1,0,0,0,0
"POINT (12.465177584000100 51.364516394000098)",Unfall 248932 (2022) Kat:2, Licht: 0,248932,2,7,4,07,08,2,0,0,0,1,0,0,0,0
"POINT (12.385974979000000 51.363453311000100)",Unfall 248938 (2022) Kat:3, Licht: 0,248938,3,2,5,07,07,4,0,0,1,1,0,0,0,0
"POINT (12.407514042000100 51.326094145000098)",Unfall 248940 (2022) Kat:3, Licht: 0,248940,3,3,5,07,17,5,0,0,1,1,0,0,0,0
"POINT (12.381273609000100 51.305544353000101)",Unfall 248944 (2022) Kat:3, Licht: 0,248944,3,3,5,07,15,3,0,0,0,1,0,1,0,0
"POINT (12.377980346000101 51.337248903000003)",Unfall 248957 (2022) Kat:3, Licht: 0,248957,3,4,6,07,08,6,0,0,1,0,1,0,0,0
"POINT (12.316603813000000 51.314427889000100)",Unfall 248959 (2022) Kat:3, Licht: 0,248959,3,3,5,07,15,4,0,0,1,0,0,0,0,0
"POINT (12.362745771000000 51.373421479999998)",Unfall 248962 (2022) Kat:3, Licht: 0,248962,3,6,3,07,11,6,0,0,1,1,0,0,0,0
"POINT (12.385967446000100 51.295918684000100)",Unfall 248965 (2022) Kat:3, Licht: 0,248965,3,1,9,08,13,7,1,0,0,1,0,0,0,0
"POINT (12.373014097000100 51.316691714999997)",Unfall 248968 (2022) Kat:3, Licht: 0,248968,3,6,0,09,16,2,0,0,1,0,0,0,0,1
"POINT (12.294662954000000 51.378711797999998)",Unfall 248969 (2022) Kat:3, Licht: 0,248969,3,5,1,08,18,4,0,0,1,1,0,0,0,0
"POINT (12.365721276000000 51.357438641999998)",Unfall 248974 (2022) Kat:3, Licht: 0,248974,3,6,3,09,07,2,0,0,1,1,0,0,0,0
"POINT (12.362424872000100 51.359141127000001)",Unfall 248977 (2022) Kat:3, Licht: 0,248977,3,2,6,09,15,5,0,0,0,1,1,0,0,0
"POINT (12.469461808000100 51.345769237000098)",Unfall 248980 (2022) Kat:3, Licht: 0,248980,3,2,2,09,13,7,0,0,0,1,0,0,0,0
"POINT (12.383061069000100 51.342502201999999)",Unfall 248990 (2022) Kat:3, Licht: 0,248990,3,6,4,10,08,4,0,0,1,0,0,0,0,1
"POINT (12.379024369000000 51.335918296000003)",Unfall 248991 (2022) Kat:3, Licht: 0,248991,3,6,3,09,09,6,0,0,0,1,0,1,0,0
"POINT (12.382085600000000 51.332585141999999)",Unfall 248999 (2022) Kat:3, Licht: 0,248999,3,2,3,09,09,2,0,0,1,1,0,0,0,0
"POINT (12.335816334000100 51.327642390000101)",Unfall 249001 (2022) Kat:3, Licht: 0,249001,3,2,5,09,09,2,0,0,1,0,0,0,1,0
"POINT (12.369955453999999 51.355868207000100)",Unfall 249006 (2022) Kat:3, Licht: 0,249006,3,3,5,09,16,2,0,0,1,1,0,0,0,1
"POINT (12.385171675000000 51.339531640000097)",Unfall 249008 (2022) Kat:3, Licht: 0,249008,3,4,6,09,14,4,0,0,0,1,1,0,0,0
"POINT (12.364713645000100 51.337426509000103)",Unfall 249009 (2022) Kat:3, Licht: 2,249009,3,1,0,09,23,7,0,2,1,0,0,0,0,0
"POINT (12.284980488000000 51.355227555000099)",Unfall 249015 (2022) Kat:3, Licht: 2,249015,3,1,1,10,19,2,0,2,0,1,0,1,0,0
"POINT (12.363101800999999 51.327293335000000)",Unfall 249016 (2022) Kat:2, Licht: 0,249016,2,1,0,08,14,3,0,0,1,0,0,0,0,0
"POINT (12.313456091000001 51.347942707000101)",Unfall 249017 (2022) Kat:3, Licht: 0,249017,3,2,6,09,12,1,0,0,0,1,1,0,0,0
"POINT (12.342714902000100 51.350825857000103)",Unfall 249025 (2022) Kat:3, Licht: 0,249025,3,6,4,08,09,2,0,0,1,0,0,0,0,0
"POINT (12.438249022999999 51.367313688000102)",Unfall 249027 (2022) Kat:3, Licht: 0,249027,3,3,5,09,08,4,1,0,1,1,0,0,0,0
"POINT (12.374636372000101 51.347906025999997)",Unfall 249029 (2022) Kat:3, Licht: 0,249029,3,2,6,08,17,7,0,0,0,1,1,0,0,0
"POINT (12.370861758000000 51.335038754000003)",Unfall 249030 (2022) Kat:3, Licht: 2,249030,3,2,4,10,22,5,0,2,0,1,0,0,0,0
"POINT (12.417435900999999 51.316080021000097)",Unfall 249034 (2022) Kat:3, Licht: 0,249034,3,3,5,08,12,7,1,0,0,1,0,0,0,0
"POINT (12.389877492000000 51.361616595000001)",Unfall 249036 (2022) Kat:3, Licht: 2,249036,3,4,6,10,19,1,0,2,0,1,1,0,0,0
"POINT (12.366728074999999 51.369755391000098)",Unfall 249038 (2022) Kat:3, Licht: 0,249038,3,7,6,09,14,5,0,0,0,0,1,0,1,0
"POINT (12.387472635000099 51.357069495000097)",Unfall 249041 (2022) Kat:3, Licht: 2,249041,3,2,5,09,22,4,1,2,1,1,0,0,0,0
"POINT (12.382495995999999 51.333315711000097)",Unfall 249042 (2022) Kat:3, Licht: 0,249042,3,2,3,08,07,6,0,0,1,1,0,0,0,0
"POINT (12.387025796000000 51.343642444000103)",Unfall 249045 (2022) Kat:3, Licht: 0,249045,3,5,0,10,11,4,0,0,1,1,0,0,0,0
"POINT (12.381520516000000 51.336680749000003)",Unfall 249047 (2022) Kat:3, Licht: 0,249047,3,3,5,09,12,4,0,0,1,1,0,0,0,0
"POINT (12.345784371000001 51.366979845000103)",Unfall 249057 (2022) Kat:3, Licht: 0,249057,3,4,6,10,14,3,0,0,0,1,1,0,0,0
"POINT (12.378367118000000 51.332205363000099)",Unfall 249058 (2022) Kat:3, Licht: 0,249058,3,3,5,09,14,5,0,0,1,1,0,0,0,0
"POINT (12.301536876000100 51.344982010000102)",Unfall 249059 (2022) Kat:3, Licht: 0,249059,3,3,3,09,12,1,1,0,1,0,0,1,0,0
"POINT (12.342447366000000 51.325016071000100)",Unfall 249061 (2022) Kat:3, Licht: 0,249061,3,2,5,08,09,4,0,0,1,1,0,0,0,0
"POINT (12.344024370000101 51.324415423000097)",Unfall 249065 (2022) Kat:3, Licht: 0,249065,3,3,5,10,17,2,0,0,1,0,0,0,0,0
"POINT (12.359233054000100 51.357268686000097)",Unfall 249066 (2022) Kat:3, Licht: 0,249066,3,6,2,09,16,7,0,0,0,1,0,0,0,0
"POINT (12.361754543000099 51.336980396000101)",Unfall 249068 (2022) Kat:3, Licht: 0,249068,3,4,6,09,07,6,0,0,1,0,1,0,0,0
"POINT (12.305994308000001 51.325222245000099)",Unfall 249072 (2022) Kat:3, Licht: 0,249072,3,3,5,08,15,2,0,0,1,1,0,0,0,0
"POINT (12.367716710000000 51.363809563000103)",Unfall 249075 (2022) Kat:3, Licht: 0,249075,3,5,1,08,11,2,0,0,1,1,0,0,0,0
"POINT (12.385961518000000 51.338292017000100)",Unfall 249083 (2022) Kat:3, Licht: 1,249083,3,7,6,10,07,5,0,1,1,0,1,0,0,0
"POINT (12.303048324000001 51.314428972000002)",Unfall 249084 (2022) Kat:3, Licht: 0,249084,3,2,5,09,10,5,0,0,0,1,0,0,0,0
"POINT (12.405438715000100 51.367768350000098)",Unfall 249087 (2022) Kat:3, Licht: 0,249087,3,6,3,08,15,1,0,0,1,0,0,0,0,0
"POINT (12.378566075000000 51.320696693000102)",Unfall 249088 (2022) Kat:3, Licht: 1,249088,3,6,2,09,18,4,0,1,0,1,0,1,0,0
"POINT (12.418562252000100 51.357305750000101)",Unfall 249091 (2022) Kat:3, Licht: 0,249091,3,2,3,08,11,5,0,0,0,1,0,0,0,1
"POINT (12.370616022000000 51.361383143000097)",Unfall 249094 (2022) Kat:3, Licht: 2,249094,3,2,2,10,19,3,0,2,0,1,0,0,0,0
"POINT (12.407558589000100 51.351298993999997)",Unfall 249096 (2022) Kat:3, Licht: 0,249096,3,2,5,09,11,2,0,0,1,1,0,0,0,0
"POINT (12.378237675999999 51.332299367000097)",Unfall 249097 (2022) Kat:3, Licht: 1,249097,3,6,4,10,18,4,0,1,1,0,0,0,0,0
"POINT (12.418734743000099 51.317435686000103)",Unfall 249102 (2022) Kat:3, Licht: 0,249102,3,5,1,08,15,6,0,0,1,1,0,0,0,0
"POINT (12.351443846000100 51.329548731000003)",Unfall 249104 (2022) Kat:2, Licht: 0,249104,2,4,6,09,13,2,1,0,1,0,1,0,0,0
"POINT (12.325849884000000 51.311181425000001)",Unfall 249113 (2022) Kat:3, Licht: 0,249113,3,1,8,09,08,1,0,0,0,0,0,1,0,0
"POINT (12.279283404000100 51.247822790999997)",Unfall 249115 (2022) Kat:3, Licht: 0,249115,3,2,5,09,15,1,0,0,0,1,0,0,0,1
"POINT (12.435834875000101 51.380068792000003)",Unfall 249125 (2022) Kat:3, Licht: 2,249125,3,1,1,08,21,7,1,2,0,1,0,0,0,1
"POINT (12.377552056000100 51.308123914000099)",Unfall 249129 (2022) Kat:3, Licht: 0,249129,3,1,0,09,13,5,0,0,1,0,0,0,0,0
"POINT (12.373390598000100 51.328566359000000)",Unfall 249131 (2022) Kat:3, Licht: 0,249131,3,3,0,09,09,4,1,0,1,1,0,0,0,0
"POINT (12.371375065000100 51.346278405000099)",Unfall 249138 (2022) Kat:3, Licht: 0,249138,3,3,5,10,13,5,0,0,1,1,0,0,0,0
"POINT (12.405733208000100 51.375776485000102)",Unfall 249139 (2022) Kat:3, Licht: 2,249139,3,3,5,08,20,7,1,2,0,1,0,0,0,0
"POINT (12.374010769000099 51.303106782000000)",Unfall 249143 (2022) Kat:2, Licht: 0,249143,2,1,0,08,17,4,0,0,1,0,0,0,0,0
"POINT (12.370945709000100 51.334051788000103)",Unfall 249147 (2022) Kat:3, Licht: 2,249147,3,1,0,08,22,3,0,2,1,0,0,0,0,0
"POINT (12.376562610000100 51.350604786000098)",Unfall 249151 (2022) Kat:3, Licht: 0,249151,3,6,4,09,12,6,0,0,1,0,0,0,0,1
"POINT (12.394398910000101 51.346174347000002)",Unfall 249152 (2022) Kat:3, Licht: 0,249152,3,6,3,09,18,6,0,0,1,1,0,0,0,0
"POINT (12.344319483000000 51.324958126000098)",Unfall 249162 (2022) Kat:3, Licht: 0,249162,3,5,1,09,17,4,1,0,1,1,0,0,0,0
"POINT (12.402143294000000 51.336103192000103)",Unfall 249164 (2022) Kat:3, Licht: 2,249164,3,3,5,10,20,5,0,2,1,1,0,0,0,0
"POINT (12.369913811000099 51.360592308999998)",Unfall 249165 (2022) Kat:3, Licht: 0,249165,3,4,6,09,16,5,0,0,0,1,1,0,0,0
"POINT (12.301021498000100 51.354843727000102)",Unfall 249175 (2022) Kat:3, Licht: 0,249175,3,1,0,10,17,1,0,0,0,0,0,1,0,0
"POINT (12.362206091000100 51.332080652000101)",Unfall 249176 (2022) Kat:3, Licht: 0,249176,3,3,5,08,09,3,0,0,1,1,0,0,0,0
"POINT (12.390763702000100 51.343384626000002)",Unfall 249178 (2022) Kat:3, Licht: 0,249178,3,3,5,09,09,5,0,0,0,1,0,0,0,0
"POINT (12.396546015000100 51.308907763000001)",Unfall 249180 (2022) Kat:3, Licht: 0,249180,3,2,5,09,13,5,0,0,1,0,0,1,0,0
"POINT (12.334211193000000 51.319349797000001)",Unfall 249183 (2022) Kat:3, Licht: 0,249183,3,2,5,09,12,5,0,0,1,1,0,0,0,0
"POINT (12.377491002999999 51.327938027000101)",Unfall 249188 (2022) Kat:3, Licht: 0,249188,3,3,5,09,13,1,1,0,1,1,0,0,0,0
"POINT (12.376691689999999 51.353123423000099)",Unfall 249190 (2022) Kat:3, Licht: 0,249190,3,6,4,08,06,5,0,0,1,0,0,0,0,0
"POINT (12.409132927000000 51.345360873000097)",Unfall 249193 (2022) Kat:3, Licht: 0,249193,3,2,5,08,15,5,0,0,1,1,0,0,0,0
"POINT (12.421597063000000 51.344811415000002)",Unfall 249196 (2022) Kat:3, Licht: 0,249196,3,3,5,10,15,5,0,0,0,1,0,0,0,0
"POINT (12.313441062000001 51.347931210000098)",Unfall 249201 (2022) Kat:3, Licht: 0,249201,3,7,1,09,12,1,0,0,0,1,0,1,0,0
"POINT (12.465177584000100 51.364516394000098)",Unfall 249204 (2022) Kat:2, Licht: 0,249204,2,2,5,08,10,5,0,0,0,1,0,1,0,0
"POINT (12.328576738000001 51.372898364000001)",Unfall 249210 (2022) Kat:3, Licht: 2,249210,3,3,5,10,19,3,0,2,1,1,0,0,0,0
"POINT (12.373650016000100 51.332999749000102)",Unfall 249211 (2022) Kat:3, Licht: 0,249211,3,2,3,09,17,5,0,0,1,1,0,0,0,0
"POINT (12.344393389000100 51.317920757000103)",Unfall 249213 (2022) Kat:3, Licht: 0,249213,3,3,5,09,08,5,1,0,1,1,0,0,0,0
"POINT (12.479197888000000 51.354993448000101)",Unfall 249215 (2022) Kat:2, Licht: 0,249215,2,7,1,09,16,5,0,0,0,1,0,0,0,1
"POINT (12.364469576999999 51.330886641000099)",Unfall 249216 (2022) Kat:3, Licht: 0,249216,3,3,5,08,09,1,0,0,1,1,0,0,0,0
"POINT (12.403966535000100 51.338425094999998)",Unfall 249217 (2022) Kat:3, Licht: 0,249217,3,2,5,10,15,6,0,0,1,1,0,0,0,0
"POINT (12.322357803999999 51.372815125999999)",Unfall 249219 (2022) Kat:3, Licht: 0,249219,3,6,4,09,08,5,0,0,1,1,0,0,0,0
"POINT (12.374265715000000 51.355130154000101)",Unfall 249221 (2022) Kat:3, Licht: 0,249221,3,5,1,09,08,4,1,0,1,1,0,0,0,0
"POINT (12.373258558000000 51.315856222999997)",Unfall 249228 (2022) Kat:3, Licht: 0,249228,3,6,3,08,15,7,0,0,1,1,0,0,0,0
"POINT (12.429681520000001 51.341872798000097)",Unfall 249232 (2022) Kat:3, Licht: 0,249232,3,3,5,09,08,2,0,0,0,1,0,0,0,0
"POINT (12.387451794000100 51.357033958000002)",Unfall 249236 (2022) Kat:3, Licht: 0,249236,3,3,5,10,08,4,0,0,1,1,0,0,0,0
"POINT (12.352109430000001 51.333497986000097)",Unfall 249237 (2022) Kat:3, Licht: 0,249237,3,3,5,08,09,4,0,0,0,1,0,0,0,0
"POINT (12.314603202000100 51.360005080000100)",Unfall 249238 (2022) Kat:3, Licht: 0,249238,3,6,4,09,14,2,0,0,0,1,0,0,0,0
"POINT (12.478750295000101 51.342209812000100)",Unfall 249243 (2022) Kat:3, Licht: 2,249243,3,1,9,09,19,7,0,2,1,0,0,0,0,0
"POINT (12.405840556999999 51.331771615999997)",Unfall 249244 (2022) Kat:3, Licht: 0,249244,3,2,4,08,13,2,0,0,1,1,0,0,0,0
"POINT (12.374850641000000 51.343951533999999)",Unfall 249245 (2022) Kat:3, Licht: 0,249245,3,6,3,08,16,3,0,0,1,0,0,0,0,0
"POINT (12.401056752000001 51.376225883000103)",Unfall 249248 (2022) Kat:3, Licht: 0,249248,3,3,5,09,14,6,0,0,1,1,0,0,0,0
"POINT (12.382962122000000 51.338584458000099)",Unfall 249252 (2022) Kat:3, Licht: 0,249252,3,6,6,08,13,5,0,0,0,0,1,0,0,1
"POINT (12.322711848000001 51.374905894999998)",Unfall 249256 (2022) Kat:3, Licht: 0,249256,3,2,5,09,12,4,0,0,1,0,0,0,1,0
"POINT (12.335509895000000 51.321678402000003)",Unfall 249258 (2022) Kat:3, Licht: 0,249258,3,4,6,08,20,3,0,0,0,0,1,0,0,1
"POINT (12.408926646000101 51.354491854999999)",Unfall 249263 (2022) Kat:3, Licht: 0,249263,3,3,5,08,19,3,0,0,0,1,0,0,0,0
"POINT (12.373667164000000 51.332816362000102)",Unfall 249265 (2022) Kat:3, Licht: 0,249265,3,6,2,10,07,3,0,0,1,1,0,0,0,0
"POINT (12.371292193000000 51.329977068000098)",Unfall 249267 (2022) Kat:3, Licht: 1,249267,3,2,2,09,20,7,1,1,1,1,0,0,0,0
"POINT (12.421594856000100 51.285178154999997)",Unfall 249280 (2022) Kat:3, Licht: 0,249280,3,1,8,09,08,3,0,0,0,1,0,0,0,0
"POINT (12.370762226000100 51.327971183999999)",Unfall 249283 (2022) Kat:3, Licht: 0,249283,3,1,1,09,10,3,1,0,1,1,0,0,0,0
"POINT (12.373643055000100 51.311629991000103)",Unfall 249285 (2022) Kat:3, Licht: 0,249285,3,3,5,09,14,6,0,0,1,1,0,0,0,0
"POINT (12.388062585000100 51.353330942000099)",Unfall 249286 (2022) Kat:2, Licht: 0,249286,2,2,5,09,09,3,1,0,1,0,0,0,1,0
"POINT (12.395801902000100 51.363285765999997)",Unfall 249289 (2022) Kat:3, Licht: 0,249289,3,3,5,08,14,5,0,0,0,1,0,1,0,0
"POINT (12.374380606000001 51.339910738000100)",Unfall 249292 (2022) Kat:3, Licht: 0,249292,3,2,5,10,08,4,0,0,1,1,0,0,0,0
"POINT (12.422805908000001 51.321843467000100)",Unfall 249293 (2022) Kat:2, Licht: 2,249293,2,5,1,09,00,5,0,2,0,1,0,0,0,0
"POINT (12.331951782000001 51.322416967999999)",Unfall 249296 (2022) Kat:3, Licht: 0,249296,3,2,2,09,14,1,0,0,0,1,0,0,0,0
"POINT (12.380097394000099 51.339509833000101)",Unfall 249299 (2022) Kat:3, Licht: 2,249299,3,7,0,10,23,2,0,2,1,0,0,0,0,0
"POINT (12.406134390000000 51.348233827000101)",Unfall 249304 (2022) Kat:2, Licht: 0,249304,2,7,6,09,09,7,0,0,1,0,1,0,0,0
"POINT (12.393144577999999 51.336957603000002)",Unfall 249305 (2022) Kat:3, Licht: 0,249305,3,3,5,08,16,2,0,0,1,1,0,0,0,0
"POINT (12.421769141000000 51.357453221000100)",Unfall 249310 (2022) Kat:3, Licht: 0,249310,3,3,5,08,11,2,0,0,1,1,0,0,0,0
"POINT (12.304007444000000 51.301609851000102)",Unfall 249314 (2022) Kat:3, Licht: 0,249314,3,2,5,09,14,6,0,0,0,1,0,0,0,0
"POINT (12.322003049999999 51.303886530000099)",Unfall 249315 (2022) Kat:3, Licht: 0,249315,3,2,5,09,11,7,0,0,1,1,0,0,0,0
"POINT (12.406005294000099 51.350767562999998)",Unfall 249319 (2022) Kat:3, Licht: 0,249319,3,1,1,10,18,6,0,0,1,1,0,0,0,0
"POINT (12.389912355000000 51.366944019000101)",Unfall 249323 (2022) Kat:3, Licht: 0,249323,3,6,3,08,19,5,0,0,1,0,0,0,0,0
"POINT (12.326052681000000 51.332234297000099)",Unfall 249330 (2022) Kat:3, Licht: 0,249330,3,3,5,08,17,6,1,0,1,0,0,0,0,0
"POINT (12.318924288000099 51.345497160999997)",Unfall 249335 (2022) Kat:3, Licht: 2,249335,3,1,1,08,01,4,0,2,1,1,0,0,0,0
"POINT (12.414304843000000 51.359443084000098)",Unfall 249341 (2022) Kat:3, Licht: 0,249341,3,2,5,10,16,3,0,0,0,1,0,1,0,0
"POINT (12.359813770000100 51.316363489000103)",Unfall 249351 (2022) Kat:2, Licht: 0,249351,2,7,0,09,15,5,0,0,0,0,0,1,0,0
"POINT (12.377551895000099 51.332930174000097)",Unfall 249353 (2022) Kat:3, Licht: 0,249353,3,7,0,08,17,2,1,0,1,0,0,0,0,0
"POINT (12.345078101000100 51.365462190000102)",Unfall 249354 (2022) Kat:2, Licht: 0,249354,2,4,6,09,15,5,0,0,0,1,1,0,0,0
"POINT (12.408629681000001 51.360027462000097)",Unfall 249359 (2022) Kat:3, Licht: 0,249359,3,6,2,09,16,4,0,0,0,1,0,1,0,0
"POINT (12.413756505000000 51.345119035000003)",Unfall 249369 (2022) Kat:3, Licht: 0,249369,3,4,6,08,08,6,0,0,1,0,1,0,0,0
"POINT (12.373394639000001 51.313769090000100)",Unfall 249370 (2022) Kat:2, Licht: 0,249370,2,6,2,09,12,3,0,0,0,1,0,0,0,0