WKT,Name,OBJECTID,UKATEGORIE,UTYP1,UART,UMONAT,USTUNDE,UWOCHENTAG,STRZUSTAND,ULICHTVERH,ISTRAD,ISTPKW,ISTFUSS,ISTKRAD,ISTGKFZ,ISTSONSTIG
"POINT (12.358212017000000 51.363116391000098)",Unfall 249371 (2022) Kat:3, Licht: 0,249371,3,3,5,08,09,3,0,0,0,1,0,1,0,0
"POINT (12.320226265000001 51.372270995000100)",Unfall 249376 (2022) Kat:3, Licht: 0,249376,3,6,2,10,15,3,0,0,0,1,0,0,0,0
"POINT (12.333205451000000 51.326225547000000)",Unfall 249382 (2022) Kat:3, Licht: 0,249382,3,5,1,09,08,6,0,0,0,1,0,0,0,0
"POINT (12.407843983000101 51.351407012999999)",Unfall 249394 (2022) Kat:3, Licht: 0,249394,3,3,5,09,05,2,0,0,1,1,0,0,0,0
"POINT (12.426372968000100 51.318481236000103)",Unfall 249397 (2022) Kat:3, Licht: 0,249397,3,7,6,09,11,6,0,0,0,1,1,0,0,0
"POINT (12.376629833000001 51.355853593000099)",Unfall 249410 (2022) Kat:3, Licht: 0,249410,3,2,3,09,08,5,0,0,1,0,0,0,0,1
"POINT (12.325434035000100 51.325653927000097)",Unfall 249413 (2022) Kat:3, Licht: 0,249413,3,3,5,10,14,6,0,0,0,1,0,0,0,0
"POINT (12.328065433000100 51.301197313000003)",Unfall 249416 (2022) Kat:3, Licht: 2,249416,3,1,1,08,22,6,1,2,1,1,0,0,0,0
"POINT (12.379871754000000 51.311670464000002)",Unfall 249417 (2022) Kat:3, Licht: 0,249417,3,5,1,09,14,6,0,0,1,1,0,0,0,0
"POINT (12.371152006000001 51.339749290000000)",Unfall 249421 (2022) Kat:3, Licht: 0,249421,3,7,4,08,17,4,0,0,0,1,0,0,0,0
"POINT (12.271164066000001 51.361755693000099)",Unfall 249425 (2022) Kat:3, Licht: 0,249425,3,2,5,10,16,5,0,0,1,1,0,0,0,0
"POINT (12.418640658000101 51.357327492000103)",Unfall 249426 (2022) Kat:3, Licht: 0,249426,3,2,6,09,10,5,1,0,0,1,1,0,0,0
"POINT (12.406578665000000 51.345496091000001)",Unfall 249429 (2022) Kat:3, Licht: 0,249429,3,6,2,09,15,7,0,0,0,1,0,0,0,0
"POINT (12.420335359999999 51.348549437000003)",Unfall 249433 (2022) Kat:3, Licht: 1,249433,3,6,3,08,20,3,0,1,1,0,0,0,0,1
"POINT (12.420217375000000 51.376218917000102)",Unfall 249435 (2022) Kat:3, Licht: 0,249435,3,3,5,10,13,3,0,0,0,1,0,1,0,0
"POINT (12.342860977999999 51.372533212000100)",Unfall 249436 (2022) Kat:3, Licht: 0,249436,3,6,6,09,13,5,0,0,1,0,1,0,0,0
"POINT (12.336777880000099 51.332207649000097)",Unfall 249437 (2022) Kat:3, Licht: 0,249437,3,7,1,09,18,6,0,0,1,1,0,0,0,0
"POINT (12.407310978000099 51.353230732000000)",Unfall 249440 (2022) Kat:3, Licht: 0,249440,3,7,6,10,17,6,0,0,0,1,1,0,0,0
"POINT (12.405010482000000 51.323001226000002)",Unfall 249448 (2022) Kat:3, Licht: 0,249448,3,3,5,09,08,2,0,0,0,1,0,0,0,0
"POINT (12.354606452000001 51.350257553000098)",Unfall 249449 (2022) Kat:3, Licht: 0,249449,3,3,5,10,08,3,1,0,1,0,0,0,0,0
"POINT (12.393117019000000 51.324902653999999)",Unfall 249455 (2022) Kat:3, Licht: 2,249455,3,3,5,08,20,2,0,2,1,1,0,0,0,0
"POINT (12.300099434000099 51.351635666999996)",Unfall 249466 (2022) Kat:3, Licht: 0,249466,3,2,3,09,17,6,0,0,0,1,0,1,0,0
"POINT (12.366325486000100 51.336287309000099)",Unfall 249469 (2022) Kat:3, Licht: 1,249469,3,3,5,10,18,6,0,1,1,1,0,0,0,0
"POINT (12.394754475000100 51.318618852000000)",Unfall 249474 (2022) Kat:2, Licht: 0,249474,2,3,5,09,15,3,1,0,1,1,0,0,0,0
"POINT (12.416895686000000 51.319643638999999)",Unfall 249476 (2022) Kat:3, Licht: 0,249476,3,3,5,09,19,2,0,0,0,1,0,1,0,0
"POINT (12.301499137000100 51.345541194000099)",Unfall 249478 (2022) Kat:3, Licht: 0,249478,3,7,7,10,17,3,0,0,1,0,0,0,0,0
"POINT (12.368682843000000 51.359292574000101)",Unfall 249480 (2022) Kat:2, Licht: 0,249480,2,1,0,09,14,2,0,0,1,0,0,0,0,0
"POINT (12.291147248000099 51.324137094000001)",Unfall 249481 (2022) Kat:3, Licht: 0,249481,3,2,5,10,13,5,0,0,1,1,0,0,0,0
"POINT (12.363097775000000 51.327296014000098)",Unfall 249485 (2022) Kat:2, Licht: 2,249485,2,1,7,09,03,1,0,2,1,0,0,0,0,1
"POINT (12.458788639000000 51.352540783000101)",Unfall 249486 (2022) Kat:1, Licht: 0,249486,1,4,6,08,19,3,0,0,0,0,1,0,0,1
"POINT (12.387161559000001 51.326861534999999)",Unfall 249489 (2022) Kat:3, Licht: 2,249489,3,2,5,09,20,1,0,2,1,1,0,0,0,0
"POINT (12.470426759000100 51.345744190000097)",Unfall 249491 (2022) Kat:3, Licht: 0,249491,3,3,5,09,12,5,0,0,1,1,0,0,0,0
"POINT (12.371251984000001 51.389434152000000)",Unfall 249492 (2022) Kat:2, Licht: 0,249492,2,2,5,09,15,6,0,0,1,1,0,0,0,0
"POINT (12.286974385000100 51.351761012000097)",Unfall 249499 (2022) Kat:3, Licht: 0,249499,3,3,5,09,12,4,1,0,1,1,0,0,0,0
"POINT (12.407054410000100 51.338098525000099)",Unfall 249506 (2022) Kat:3, Licht: 0,249506,3,4,6,08,12,6,0,0,1,0,1,0,0,0
"POINT (12.339421052000001 51.333963255000100)",Unfall 249510 (2022) Kat:3, Licht: 1,249510,3,1,0,09,06,2,1,1,1,0,0,0,0,0
"POINT (12.445647353000000 51.347309428000102)",Unfall 249515 (2022) Kat:3, Licht: 0,249515,3,3,5,08,13,4,0,0,1,1,0,0,0,0
"POINT (12.387461343000000 51.357082861999999)",Unfall 249518 (2022) Kat:2, Licht: 0,249518,2,3,5,09,07,5,1,0,1,1,0,0,0,0
"POINT (12.374635601000000 51.347991708999999)",Unfall 249527 (2022) Kat:3, Licht: 0,249527,3,3,5,08,12,4,0,0,1,1,0,0,0,0
"POINT (12.307003481000001 51.323234199000098)",Unfall 249531 (2022) Kat:2, Licht: 0,249531,2,6,3,08,06,4,0,0,0,0,0,1,0,1
"POINT (12.348015736000001 51.362706391000103)",Unfall 249533 (2022) Kat:3, Licht: 0,249533,3,4,6,10,16,3,0,0,1,0,1,0,0,0
"POINT (12.371087498000101 51.328886848000103)",Unfall 249534 (2022) Kat:3, Licht: 0,249534,3,3,5,09,13,4,0,0,0,1,0,0,0,1
"POINT (12.374553683000000 51.339900931999999)",Unfall 249535 (2022) Kat:3, Licht: 2,249535,3,4,6,09,03,1,0,2,0,0,1,0,0,1
"POINT (12.408221766000100 51.340088360999999)",Unfall 249537 (2022) Kat:3, Licht: 0,249537,3,2,1,08,11,4,0,0,0,1,0,0,0,0
"POINT (12.325446629000099 51.332616526000002)",Unfall 249538 (2022) Kat:3, Licht: 2,249538,3,1,0,09,19,7,0,2,1,0,0,0,0,0
"POINT (12.339816884000101 51.336706227999997)",Unfall 249539 (2022) Kat:3, Licht: 0,249539,3,1,0,08,10,2,1,0,1,0,0,0,0,0
"POINT (12.377414449000099 51.367370370000103)",Unfall 249551 (2022) Kat:3, Licht: 0,249551,3,6,4,08,17,2,0,0,1,1,0,0,0,0
"POINT (12.405589111999999 51.351549949999999)",Unfall 249562 (2022) Kat:2, Licht: 0,249562,2,6,2,08,17,1,0,0,0,1,0,1,0,0
"POINT (12.381430229999999 51.338971350000101)",Unfall 249563 (2022) Kat:3, Licht: 0,249563,3,6,3,09,14,4,0,0,1,1,0,0,0,0
"POINT (12.342704571000100 51.372369261000102)",Unfall 249564 (2022) Kat:3, Licht: 0,249564,3,3,5,08,17,5,1,0,1,1,0,0,0,0
"POINT (12.373315670000100 51.317618226000000)",Unfall 249567 (2022) Kat:3, Licht: 0,249567,3,3,5,09,07,2,0,0,1,1,0,0,0,0
"POINT (12.396301604000000 51.324072864000101)",Unfall 249569 (2022) Kat:3, Licht: 0,249569,3,3,5,10,10,3,0,0,1,1,0,0,0,0
"POINT (12.407380990000000 51.351217286000100)",Unfall 249570 (2022) Kat:3, Licht: 2,249570,3,7,6,08,21,4,0,2,1,0,1,0,0,0
"POINT (12.373691688000100 51.332424893000102)",Unfall 249571 (2022) Kat:3, Licht: 0,249571,3,1,0,09,07,2,0,0,1,0,0,0,0,0
"POINT (12.387983713000001 51.355420676000101)",Unfall 249575 (2022) Kat:2, Licht: 0,249575,2,3,5,08,19,4,0,0,1,0,0,0,0,0
"POINT (12.318429465000101 51.327373150000000)",Unfall 249580 (2022) Kat:3, Licht: 0,249580,3,2,5,08,12,3,0,0,1,1,0,0,0,0
"POINT (12.386182072000100 51.352736954000100)",Unfall 249582 (2022) Kat:3, Licht: 0,249582,3,6,2,10,18,1,1,0,0,1,0,0,0,0
"POINT (12.386136139000000 51.295590013999998)",Unfall 249584 (2022) Kat:3, Licht: 0,249584,3,6,3,09,07,5,0,0,1,1,0,0,0,0
"POINT (12.437248120000000 51.395774942999999)",Unfall 249585 (2022) Kat:2, Licht: 2,249585,2,2,5,08,04,3,0,2,0,1,0,0,0,0
"POINT (12.392952380000100 51.400182227000101)",Unfall 249586 (2022) Kat:3, Licht: 1,249586,3,7,4,09,19,6,0,1,0,1,0,0,0,0
"POINT (12.407537616000100 51.346779922000103)",Unfall 249589 (2022) Kat:3, Licht: 0,249589,3,3,5,09,16,7,0,0,0,1,0,0,0,0
"POINT (12.404679420000001 51.345597007000002)",Unfall 249590 (2022) Kat:3, Licht: 0,249590,3,7,6,09,12,7,0,0,0,1,1,0,0,0
"POINT (12.369443263999999 51.324595443000099)",Unfall 249592 (2022) Kat:3, Licht: 0,249592,3,2,2,08,09,2,0,0,0,1,0,1,0,0
"POINT (12.382746689999999 51.340625913000103)",Unfall 249597 (2022) Kat:3, Licht: 2,249597,3,4,6,09,19,7,1,2,0,0,1,0,0,1
"POINT (12.373765460000101 51.369544905000097)",Unfall 249603 (2022) Kat:3, Licht: 0,249603,3,3,5,08,09,2,0,0,0,1,0,0,0,0
"POINT (12.405979396000101 51.342090627000097)",Unfall 249606 (2022) Kat:3, Licht: 0,249606,3,1,0,09,10,4,1,0,1,0,0,0,0,0
"POINT (12.332363933000099 51.332675724000097)",Unfall 249608 (2022) Kat:3, Licht: 2,249608,3,1,8,09,21,3,0,2,1,0,0,0,0,0
"POINT (12.375819954000100 51.358668038000097)",Unfall 249615 (2022) Kat:3, Licht: 0,249615,3,7,0,09,13,1,1,0,0,0,0,1,0,0
"POINT (12.390854728000001 51.339879721000003)",Unfall 249628 (2022) Kat:3, Licht: 0,249628,3,3,5,09,08,6,0,0,0,1,0,1,0,0
"POINT (12.390481780000099 51.351724110000099)",Unfall 249639 (2022) Kat:3, Licht: 0,249639,3,7,0,08,06,6,0,0,1,0,1,0,0,0
"POINT (12.383709883000099 51.302439375000098)",Unfall 249655 (2022) Kat:3, Licht: 0,249655,3,3,5,10,12,5,0,0,1,1,0,0,0,0
"POINT (12.376942541000099 51.343775454000102)",Unfall 249656 (2022) Kat:3, Licht: 0,249656,3,2,5,09,15,4,0,0,1,1,0,0,0,0
"POINT (12.407425005000100 51.338994225000100)",Unfall 249675 (2022) Kat:3, Licht: 0,249675,3,7,1,08,18,4,0,0,1,1,1,0,0,0
"POINT (12.351879768000099 51.333370461000101)",Unfall 249684 (2022) Kat:3, Licht: 0,249684,3,6,2,09,18,5,0,0,0,1,0,0,0,0
"POINT (12.374689456000100 51.368732086000101)",Unfall 249685 (2022) Kat:3, Licht: 0,249685,3,6,4,09,16,6,0,0,1,1,0,0,0,0
"POINT (12.331929851000000 51.340274534000102)",Unfall 249687 (2022) Kat:3, Licht: 0,249687,3,2,5,08,19,1,0,0,1,0,0,0,0,0
"POINT (12.394215484000000 51.285248842999998)",Unfall 249688 (2022) Kat:3, Licht: 0,249688,3,6,2,09,14,1,0,0,0,1,0,1,0,0
"POINT (12.335429134000000 51.341129846999998)",Unfall 249694 (2022) Kat:3, Licht: 0,249694,3,6,2,10,16,1,0,0,1,1,0,0,0,0
"POINT (12.366655991000099 51.334540809000003)",Unfall 249702 (2022) Kat:2, Licht: 0,249702,2,1,6,10,17,5,0,0,0,1,1,0,0,0
"POINT (12.448336665000101 51.303607376000102)",Unfall 249714 (2022) Kat:3, Licht: 0,249714,3,6,4,09,15,2,0,0,0,1,0,0,0,0
"POINT (12.365558295000000 51.362401790000000)",Unfall 249716 (2022) Kat:3, Licht: 0,249716,3,3,5,09,15,4,0,0,1,0,0,0,0,0
"POINT (12.288543706000000 51.388519666999997)",Unfall 249723 (2022) Kat:3, Licht: 0,249723,3,2,2,08,19,3,0,0,1,1,0,0,0,0
"POINT (12.307184218000000 51.323142258000097)",Unfall 249724 (2022) Kat:3, Licht: 2,249724,3,3,5,09,22,1,0,2,1,1,0,0,0,0
"POINT (12.404856905000001 51.330291487000103)",Unfall 249726 (2022) Kat:2, Licht: 0,249726,2,2,6,09,06,6,0,0,0,1,1,0,0,0
"POINT (12.371409064000000 51.348237681000100)",Unfall 249727 (2022) Kat:3, Licht: 0,249727,3,2,5,09,10,7,0,0,0,1,0,0,0,1
"POINT (12.392314827000099 51.318779239000001)",Unfall 249728 (2022) Kat:3, Licht: 0,249728,3,7,6,08,15,1,0,0,0,1,1,0,0,0
"POINT (12.368226110000000 51.357935951999998)",Unfall 249732 (2022) Kat:3, Licht: 0,249732,3,5,1,08,08,2,0,0,1,1,0,0,0,0
"POINT (12.371186142999999 51.391184453000101)",Unfall 249733 (2022) Kat:3, Licht: 0,249733,3,1,0,09,17,7,0,0,1,0,0,0,0,0
"POINT (12.350666450000100 51.346271364000103)",Unfall 249736 (2022) Kat:3, Licht: 0,249736,3,6,2,08,08,2,0,0,0,1,0,0,0,0
"POINT (12.411608000000101 51.342636392000003)",Unfall 249738 (2022) Kat:3, Licht: 0,249738,3,3,5,08,08,3,0,0,1,1,0,0,0,0
"POINT (12.390731044000100 51.326046598000097)",Unfall 249741 (2022) Kat:3, Licht: 0,249741,3,1,7,09,17,5,0,0,1,0,0,0,0,0
"POINT (12.379652005000001 51.327640656000000)",Unfall 249746 (2022) Kat:3, Licht: 0,249746,3,3,5,10,10,6,0,0,0,1,0,0,0,0
"POINT (12.372721815000000 51.356365816000100)",Unfall 249747 (2022) Kat:3, Licht: 0,249747,3,5,1,08,08,2,0,0,1,1,0,0,0,0
"POINT (12.371128870000099 51.357588018000101)",Unfall 249755 (2022) Kat:3, Licht: 0,249755,3,3,5,09,07,3,0,0,1,1,0,0,0,0
"POINT (12.395120988000000 51.318576454999999)",Unfall 249756 (2022) Kat:3, Licht: 0,249756,3,3,5,10,08,5,1,0,1,1,0,0,0,0
"POINT (12.403960897999999 51.338427051000103)",Unfall 249758 (2022) Kat:3, Licht: 0,249758,3,3,5,09,16,4,0,0,1,1,0,0,0,0
"POINT (12.336144351000000 51.321592011000099)",Unfall 249764 (2022) Kat:3, Licht: 0,249764,3,4,6,10,14,4,0,0,1,0,1,0,0,0
"POINT (12.376585499000001 51.348402002999997)",Unfall 249767 (2022) Kat:3, Licht: 0,249767,3,6,2,09,15,5,1,0,0,1,0,1,0,0
"POINT (12.408251452000099 51.340074124000097)",Unfall 249776 (2022) Kat:3, Licht: 0,249776,3,2,5,09,11,7,0,0,1,1,0,0,0,0
"POINT (12.355821465000099 51.332607542000098)",Unfall 249777 (2022) Kat:2, Licht: 1,249777,2,6,3,10,03,7,0,1,1,0,0,0,0,0
"POINT (12.375663563000000 51.308913754000102)",Unfall 249778 (2022) Kat:3, Licht: 0,249778,3,2,5,09,09,5,0,0,1,1,0,0,0,0
"POINT (12.339328064000000 51.333623486000100)",Unfall 249781 (2022) Kat:3, Licht: 0,249781,3,1,0,09,14,7,0,0,1,0,0,0,0,0
"POINT (12.406625400000101 51.368955685000103)",Unfall 249792 (2022) Kat:3, Licht: 0,249792,3,6,2,09,18,6,0,0,0,1,0,0,0,0
"POINT (12.308161352000100 51.312294866000101)",Unfall 249795 (2022) Kat:3, Licht: 0,249795,3,7,6,08,15,6,1,0,0,1,1,0,0,0
"POINT (12.338335036000000 51.327282626000098)",Unfall 249796 (2022) Kat:3, Licht: 0,249796,3,3,5,09,11,3,0,0,1,1,0,0,0,0
"POINT (12.430443038000000 51.370914981000098)",Unfall 249799 (2022) Kat:3, Licht: 0,249799,3,1,8,09,13,4,1,0,0,1,0,0,0,0
"POINT (12.374121942000000 51.303361287000001)",Unfall 249801 (2022) Kat:3, Licht: 0,249801,3,3,5,08,06,6,0,0,1,1,0,0,0,0
"POINT (12.371335200000001 51.346275171000102)",Unfall 249811 (2022) Kat:2, Licht: 0,249811,2,3,5,08,16,4,0,0,1,1,0,0,0,0
"POINT (12.326827771000101 51.300662355000000)",Unfall 249816 (2022) Kat:3, Licht: 0,249816,3,3,5,09,15,2,0,0,0,1,0,0,0,1
"POINT (12.338899794000000 51.332365011000000)",Unfall 249819 (2022) Kat:3, Licht: 1,249819,3,6,3,09,18,7,0,1,1,1,0,0,0,0
"POINT (12.408660709999999 51.359993663000097)",Unfall 249821 (2022) Kat:3, Licht: 2,249821,3,3,5,08,23,3,0,2,1,1,0,0,0,0
"POINT (12.421248939000099 51.353037409000102)",Unfall 249824 (2022) Kat:3, Licht: 0,249824,3,3,5,08,16,3,0,0,1,1,0,0,0,0
"POINT (12.371137610000099 51.347305517999999)",Unfall 249825 (2022) Kat:3, Licht: 2,249825,3,6,2,10,20,2,0,2,0,1,0,1,0,0
"POINT (12.392228644999999 51.346351524000099)",Unfall 249826 (2022) Kat:3, Licht: 0,249826,3,6,2,08,14,3,0,0,0,1,0,0,0,0
"POINT (12.406107426000100 51.346863595999999)",Unfall 249829 (2022) Kat:3, Licht: 1,249829,3,2,4,09,19,5,0,1,1,1,0,0,0,0
"POINT (12.373383662000000 51.353064654999997)",Unfall 249830 (2022) Kat:3, Licht: 1,249830,3,2,6,09,20,7,0,1,0,1,1,0,0,0
"POINT (12.325738453000000 51.318558865000099)",Unfall 249831 (2022) Kat:3, Licht: 0,249831,3,3,5,08,17,2,1,0,0,1,0,1,0,0
"POINT (12.396479951000099 51.309601671999999)",Unfall 249837 (2022) Kat:2, Licht: 0,249837,2,3,5,09,07,4,0,0,1,1,0,0,0,0
"POINT (12.326714994000000 51.334760348000003)",Unfall 249840 (2022) Kat:3, Licht: 0,249840,3,6,2,08,19,5,0,0,0,1,0,0,0,0
"POINT (12.392277793000099 51.335532346000001)",Unfall 249843 (2022) Kat:3, Licht: 2,249843,3,1,0,10,18,5,0,2,1,0,0,0,0,0
"POINT (12.379232049000100 51.359472560000000)",Unfall 249847 (2022) Kat:3, Licht: 0,249847,3,3,5,08,11,6,0,0,1,1,0,0,0,0
"POINT (12.365825847000099 51.368910821000000)",Unfall 249857 (2022) Kat:3, Licht: 0,249857,3,2,3,09,17,2,0,0,0,1,0,1,0,0
"POINT (12.381536312000000 51.336677554000097)",Unfall 249861 (2022) Kat:3, Licht: 0,249861,3,3,5,09,18,6,0,0,1,1,0,0,0,0
"POINT (12.421723148000099 51.322360850000102)",Unfall 249871 (2022) Kat:3, Licht: 2,249871,3,3,5,09,22,2,0,2,0,1,0,0,0,0
"POINT (12.427084227000000 51.345018344000003)",Unfall 249872 (2022) Kat:3, Licht: 0,249872,3,2,5,08,13,4,0,0,1,1,0,0,0,0
"POINT (12.367627718000101 51.325287533000100)",Unfall 249875 (2022) Kat:3, Licht: 0,249875,3,6,4,09,15,2,0,0,0,1,0,0,0,1
"POINT (12.360193224000099 51.321113629000102)",Unfall 249876 (2022) Kat:3, Licht: 2,249876,3,6,2,10,06,4,0,2,0,1,0,0,0,0
"POINT (12.373006134000001 51.309664182000098)",Unfall 249886 (2022) Kat:3, Licht: 0,249886,3,7,9,09,14,5,0,0,0,0,0,1,0,0
"POINT (12.373407646000000 51.312671319000103)",Unfall 249894 (2022) Kat:2, Licht: 2,249894,2,1,0,10,19,6,0,2,1,0,0,0,0,0
"POINT (12.357186639000100 51.336221637999998)",Unfall 249895 (2022) Kat:3, Licht: 0,249895,3,7,6,08,08,2,0,0,0,0,1,0,0,1
"POINT (12.373591218000101 51.320439655000001)",Unfall 249896 (2022) Kat:3, Licht: 2,249896,3,5,3,09,02,1,0,2,1,0,0,0,1,0
"POINT (12.446612372000100 51.298625600000001)",Unfall 249904 (2022) Kat:3, Licht: 0,249904,3,3,5,10,12,5,0,0,0,1,0,1,0,0
"POINT (12.376936754999999 51.345834805000003)",Unfall 249908 (2022) Kat:3, Licht: 2,249908,3,7,0,09,21,7,0,2,0,0,0,0,0,1
"POINT (12.438010874000000 51.327434730000000)",Unfall 249930 (2022) Kat:3, Licht: 0,249930,3,6,0,09,15,6,0,0,0,1,0,1,0,0
"POINT (12.331443835000099 51.349639416000102)",Unfall 249933 (2022) Kat:3, Licht: 0,249933,3,3,5,08,10,7,1,0,0,1,0,1,0,0
"POINT (12.374650209000000 51.347722841000099)",Unfall 249941 (2022) Kat:3, Licht: 0,249941,3,3,5,10,16,4,0,0,1,1,0,0,0,0
"POINT (12.381652303000100 51.331776244000103)",Unfall 249944 (2022) Kat:3, Licht: 0,249944,3,3,5,09,09,4,1,0,1,1,0,0,0,0
"POINT (12.315159280000000 51.357805057000100)",Unfall 249946 (2022) Kat:3, Licht: 0,249946,3,1,0,08,19,7,0,0,1,0,0,0,0,0
"POINT (12.476394181000000 51.339304890000101)",Unfall 249956 (2022) Kat:3, Licht: 0,249956,3,6,2,09,12,2,0,0,1,1,0,0,0,0
"POINT (12.371299450000000 51.389443481000100)",Unfall 249958 (2022) Kat:2, Licht: 0,249958,2,2,5,09,10,2,0,0,1,1,0,0,0,0
"POINT (12.411743936000100 51.328407152000104)",Unfall 249959 (2022) Kat:3, Licht: 0,249959,3,5,1,08,09,5,0,0,1,1,0,0,0,0
"POINT (12.446582091000000 51.349009513000098)",Unfall 249960 (2022) Kat:3, Licht: 0,249960,3,6,2,10,13,3,0,0,0,1,0,0,0,0
"POINT (12.405853459000101 51.331776566000002)",Unfall 249961 (2022) Kat:3, Licht: 2,249961,3,1,0,09,02,1,0,2,1,0,0,0,0,0
"POINT (12.376527070000099 51.353270084000002)",Unfall 249962 (2022) Kat:3, Licht: 0,249962,3,2,3,10,10,5,0,0,1,0,0,0,0,0
"POINT (12.283805478000000 51.401053493000099)",Unfall 249963 (2022) Kat:3, Licht: 2,249963,3,6,2,09,05,4,0,2,0,1,0,0,0,0
"POINT (12.365645581000001 51.362382922999998)",Unfall 249964 (2022) Kat:3, Licht: 0,249964,3,5,1,09,14,2,0,0,1,1,0,0,0,0
"POINT (12.331935432000000 51.340291952000001)",Unfall 249965 (2022) Kat:3, Licht: 0,249965,3,3,5,08,07,3,0,0,0,1,0,0,0,0
"POINT (12.331192827000100 51.318564754000100)",Unfall 249969 (2022) Kat:2, Licht: 2,249969,2,7,0,10,20,1,0,2,1,0,0,0,0,0
"POINT (12.399436015999999 51.376403957999997)",Unfall 249972 (2022) Kat:3, Licht: 2,249972,3,3,5,09,06,6,0,2,1,1,0,0,0,0
"POINT (12.498977608000100 51.347897916000100)",Unfall 249982 (2022) Kat:3, Licht: 0,249982,3,3,5,08,13,6,0,0,0,1,0,0,0,0
"POINT (12.395792916000101 51.363290189000097)",Unfall 249984 (2022) Kat:3, Licht: 1,249984,3,3,5,09,06,3,0,1,1,1,0,0,0,0
"POINT (12.368403682000100 51.334522132000103)",Unfall 249989 (2022) Kat:3, Licht: 1,249989,3,1,0,09,21,6,0,1,1,0,0,0,0,0
"POINT (12.448404855000000 51.300539801000099)",Unfall 249991 (2022) Kat:3, Licht: 0,249991,3,7,0,08,14,4,0,0,0,1,0,1,0,0
"POINT (12.375018050000101 51.343028247000099)",Unfall 249997 (2022) Kat:3, Licht: 0,249997,3,2,5,10,08,4,0,0,1,1,0,0,0,0
"POINT (12.389724039000001 51.361569434000003)",Unfall 249998 (2022) Kat:2, Licht: 0,249998,2,2,5,09,07,5,0,0,1,1,0,0,0,0
"POINT (12.378338850000000 51.330735586000102)",Unfall 250005 (2022) Kat:3, Licht: 0,250005,3,3,5,08,08,3,0,0,1,1,0,0,0,0
"POINT (12.388572946000100 51.352121740000001)",Unfall 250008 (2022) Kat:3, Licht: 2,250008,3,6,3,10,06,3,0,2,0,1,0,0,1,0
"POINT (12.310239577000100 51.317737868000101)",Unfall 250011 (2022) Kat:3, Licht: 0,250011,3,3,5,08,09,3,0,0,1,1,0,0,0,0
"POINT (12.310315846000000 51.356310278000102)",Unfall 250012 (2022) Kat:3, Licht: 0,250012,3,7,6,09,14,1,0,0,0,1,0,0,0,1
"POINT (12.387181871999999 51.338075156000102)",Unfall 250019 (2022) Kat:2, Licht: 0,250019,2,4,6,09,19,6,0,0,0,0,1,0,0,1
"POINT (12.344597838000000 51.323817489000099)",Unfall 250025 (2022) Kat:3, Licht: 0,250025,3,7,0,08,14,2,0,0,1,0,0,0,0,0
"POINT (12.397905192000101 51.345963186000098)",Unfall 250026 (2022) Kat:3, Licht: 0,250026,3,5,1,09,10,5,0,0,1,1,0,0,0,0
"POINT (12.398993317000100 51.344975767000101)",Unfall 250030 (2022) Kat:3, Licht: 0,250030,3,1,0,09,17,4,1,0,0,0,0,1,0,0
"POINT (12.338822234000100 51.370384697000098)",Unfall 250031 (2022) Kat:3, Licht: 0,250031,3,2,5,08,19,7,0,0,0,1,0,0,0,0
"POINT (12.376291676000100 51.361481088000097)",Unfall 250033 (2022) Kat:3, Licht: 0,250033,3,6,3,09,15,5,0,0,1,1,0,0,0,0
"POINT (12.438243077999999 51.364798990000097)",Unfall 250034 (2022) Kat:2, Licht: 1,250034,2,3,5,09,06,3,0,1,1,0,0,0,1,0
"POINT (12.383105476000001 51.342602286999998)",Unfall 250036 (2022) Kat:3, Licht: 1,250036,3,1,9,08,19,7,0,1,0,1,0,0,0,0
"POINT (12.396849079000001 51.376589852999999)",Unfall 250037 (2022) Kat:2, Licht: 0,250037,2,7,0,09,17,4,0,0,1,0,0,0,0,0
"POINT (12.437264954000099 51.395777903000102)",Unfall 250040 (2022) Kat:3, Licht: 2,250040,3,2,5,08,22,4,0,2,0,1,0,0,0,0
"POINT (12.382162558000100 51.338872285999997)",Unfall 250045 (2022) Kat:3, Licht: 0,250045,3,6,4,10,07,4,0,0,1,0,0,0,0,0
"POINT (12.396253279000099 51.339153377999999)",Unfall 250048 (2022) Kat:2, Licht: 0,250048,2,3,5,08,09,3,0,0,1,0,0,0,0,1
"POINT (12.367052046000000 51.403838294000103)",Unfall 250058 (2022) Kat:3, Licht: 0,250058,3,3,5,08,16,1,0,0,1,1,0,0,0,0
"POINT (12.335565136000101 51.392812634999999)",Unfall 250059 (2022) Kat:3, Licht: 0,250059,3,6,3,09,08,6,0,0,0,1,0,0,0,0
"POINT (12.392922540000001 51.404763279000100)",Unfall 250063 (2022) Kat:3, Licht: 1,250063,3,6,4,08,06,2,0,1,1,1,0,0,0,0
"POINT (12.342473119999999 51.350738632999999)",Unfall 250066 (2022) Kat:3, Licht: 0,250066,3,6,2,09,09,6,0,0,0,1,0,0,0,0
"POINT (12.464242794000000 51.280221628000000)",Unfall 250069 (2022) Kat:3, Licht: 0,250069,3,6,2,09,16,5,0,0,0,1,0,1,0,0
"POINT (12.350691333000000 51.332732814000103)",Unfall 250082 (2022) Kat:3, Licht: 0,250082,3,3,5,09,15,6,1,0,1,1,0,0,0,0
"POINT (12.376486485999999 51.349561076000001)",Unfall 250085 (2022) Kat:2, Licht: 0,250085,2,1,0,09,13,3,1,0,0,0,0,0,0,1