WKT,Name,OBJECTID,UKATEGORIE,UTYP1,UART,UMONAT,USTUNDE,UWOCHENTAG,STRZUSTAND,ULICHTVERH,ISTRAD,ISTPKW,ISTFUSS,ISTKRAD,ISTGKFZ,ISTSONSTIG
"POINT (12.443385923000100 51.331424131000098)",Unfall 250092 (2022) Kat:3, Licht: 0,250092,3,7,1,09,16,3,0,0,0,1,0,0,0,0
"POINT (12.376649481000101 51.316608593000097)",Unfall 250094 (2022) Kat:3, Licht: 0,250094,3,6,2,09,14,2,0,0,0,1,0,0,0,0
"POINT (12.366726269000001 51.367259791000002)",Unfall 250097 (2022) Kat:2, Licht: 0,250097,2,1,8,08,12,4,0,0,0,1,0,0,0,0
"POINT (12.402657937000100 51.376063649000102)",Unfall 250102 (2022) Kat:3, Licht: 0,250102,3,2,3,09,18,4,0,0,0,1,0,1,0,0
"POINT (12.398341714000001 51.339218174000102)",Unfall 250103 (2022) Kat:3, Licht: 0,250103,3,2,5,09,14,6,0,0,0,1,0,0,0,1
"POINT (12.338066449000101 51.331230075000100)",Unfall 250120 (2022) Kat:3, Licht: 0,250120,3,7,0,10,09,6,0,0,0,0,1,0,0,1
"POINT (12.390584064000100 51.401407247000101)",Unfall 250123 (2022) Kat:3, Licht: 2,250123,3,2,6,08,21,5,1,2,0,0,1,0,0,1
"POINT (12.326068611000000 51.315468052000000)",Unfall 250128 (2022) Kat:3, Licht: 0,250128,3,6,3,08,18,4,0,0,1,0,0,1,0,0
"POINT (12.372983853999999 51.301386272000101)",Unfall 250131 (2022) Kat:3, Licht: 0,250131,3,3,5,10,11,5,0,0,1,1,0,0,0,0
"POINT (12.407580185000000 51.335005447000100)",Unfall 250138 (2022) Kat:3, Licht: 2,250138,3,7,0,10,20,2,0,2,1,0,0,0,0,0
"POINT (12.405796482000000 51.350729213000101)",Unfall 250140 (2022) Kat:3, Licht: 0,250140,3,3,5,10,17,3,0,0,0,1,0,0,0,0
"POINT (12.337244683000099 51.327329870000000)",Unfall 250142 (2022) Kat:3, Licht: 0,250142,3,5,1,09,12,6,0,0,0,1,0,1,0,0
"POINT (12.268412852999999 51.307473879000000)",Unfall 250144 (2022) Kat:3, Licht: 0,250144,3,3,5,11,12,6,1,0,0,1,0,1,0,0
"POINT (12.382133648000000 51.338827359000000)",Unfall 250147 (2022) Kat:3, Licht: 0,250147,3,6,2,11,12,5,1,0,0,1,0,0,0,0
"POINT (12.373430785000000 51.314973621000000)",Unfall 250151 (2022) Kat:3, Licht: 0,250151,3,3,5,12,10,2,0,0,1,1,0,0,0,0
"POINT (12.478172259000100 51.341480603000001)",Unfall 250156 (2022) Kat:2, Licht: 2,250156,2,3,5,11,18,5,0,2,1,1,0,0,0,0
"POINT (12.407330384000000 51.382708788999999)",Unfall 250158 (2022) Kat:3, Licht: 0,250158,3,3,5,11,07,4,1,0,1,1,0,0,0,0
"POINT (12.418329003000100 51.352480871000097)",Unfall 250161 (2022) Kat:2, Licht: 2,250161,2,7,6,12,16,2,1,2,0,1,1,0,0,0
"POINT (12.394207365000099 51.350811559000100)",Unfall 250166 (2022) Kat:3, Licht: 1,250166,3,6,2,11,06,6,0,1,0,1,0,0,0,0
"POINT (12.384992833000100 51.338053877999997)",Unfall 250170 (2022) Kat:3, Licht: 1,250170,3,2,5,11,16,5,1,1,1,1,0,0,0,0
"POINT (12.332682034000101 51.340474808000103)",Unfall 250174 (2022) Kat:2, Licht: 2,250174,2,6,6,11,18,7,0,2,0,1,1,0,0,0
"POINT (12.409054469000100 51.344499839000001)",Unfall 250176 (2022) Kat:3, Licht: 2,250176,3,3,5,11,19,6,0,2,1,1,0,0,0,0
"POINT (12.419177997000100 51.320208416000099)",Unfall 250180 (2022) Kat:3, Licht: 0,250180,3,3,5,12,10,1,1,0,0,1,0,0,0,0
"POINT (12.389444406999999 51.344432438000098)",Unfall 250188 (2022) Kat:3, Licht: 0,250188,3,3,5,11,14,4,0,0,0,1,0,0,0,1
"POINT (12.344115296000000 51.318867526000098)",Unfall 250189 (2022) Kat:3, Licht: 2,250189,3,6,2,11,17,2,1,2,0,1,0,0,0,0
"POINT (12.404017085000000 51.323295428000101)",Unfall 250191 (2022) Kat:3, Licht: 0,250191,3,2,5,10,09,5,0,0,0,1,0,1,0,0
"POINT (12.326058154000100 51.315468730000099)",Unfall 250192 (2022) Kat:3, Licht: 0,250192,3,3,5,12,09,6,1,0,1,1,0,0,0,0
"POINT (12.263445669000101 51.313134397000098)",Unfall 250197 (2022) Kat:2, Licht: 2,250197,2,4,6,11,18,2,0,2,1,0,1,0,0,0
"POINT (12.397460275000100 51.346013151000101)",Unfall 250200 (2022) Kat:3, Licht: 0,250200,3,2,5,10,13,1,0,0,1,1,0,0,0,0
"POINT (12.382747140999999 51.340629075000003)",Unfall 250207 (2022) Kat:3, Licht: 0,250207,3,4,6,10,08,2,0,0,0,1,1,0,0,0
"POINT (12.448948442000100 51.301108731000099)",Unfall 250210 (2022) Kat:3, Licht: 0,250210,3,5,1,12,14,5,0,0,0,1,0,0,0,0
"POINT (12.373656173000001 51.330513080999999)",Unfall 250212 (2022) Kat:3, Licht: 0,250212,3,2,5,11,09,5,0,0,1,1,0,0,0,0
"POINT (12.409749209999999 51.372360765000103)",Unfall 250215 (2022) Kat:2, Licht: 2,250215,2,7,1,11,18,1,0,2,1,1,0,0,0,0
"POINT (12.440185715000000 51.396296483000100)",Unfall 250216 (2022) Kat:3, Licht: 0,250216,3,1,9,10,14,7,0,0,0,1,0,0,0,0
"POINT (12.291208702000100 51.324124156000003)",Unfall 250217 (2022) Kat:3, Licht: 2,250217,3,3,5,11,17,5,0,2,1,0,0,0,0,1
"POINT (12.390682966000000 51.343560052999997)",Unfall 250232 (2022) Kat:3, Licht: 1,250232,3,2,5,11,07,2,0,1,1,1,0,0,0,0
"POINT (12.401442466000001 51.377971969999997)",Unfall 250250 (2022) Kat:3, Licht: 1,250250,3,4,6,12,16,6,0,1,0,1,1,0,0,0
"POINT (12.336727896000101 51.368278484000001)",Unfall 250256 (2022) Kat:3, Licht: 0,250256,3,3,5,11,14,4,0,0,0,1,0,0,0,0
"POINT (12.323883023000100 51.320426148000102)",Unfall 250259 (2022) Kat:3, Licht: 0,250259,3,2,5,11,16,3,0,0,1,1,0,0,0,0
"POINT (12.391412923000100 51.376172017000002)",Unfall 250260 (2022) Kat:3, Licht: 0,250260,3,3,5,11,09,2,0,0,0,1,0,0,0,0
"POINT (12.412765200000001 51.375165299000102)",Unfall 250277 (2022) Kat:2, Licht: 0,250277,2,3,0,10,16,7,0,0,1,1,1,0,0,0
"POINT (12.380750988999999 51.342083027000101)",Unfall 250278 (2022) Kat:3, Licht: 1,250278,3,1,1,12,18,3,0,1,0,1,0,0,0,0
"POINT (12.382747757000100 51.340633393000097)",Unfall 250280 (2022) Kat:3, Licht: 2,250280,3,4,6,12,19,2,1,2,1,0,1,0,0,0
"POINT (12.371289062000100 51.329946156000098)",Unfall 250282 (2022) Kat:3, Licht: 0,250282,3,6,2,10,13,7,0,0,0,1,0,0,0,0
"POINT (12.386671144999999 51.337289812000101)",Unfall 250288 (2022) Kat:3, Licht: 2,250288,3,3,5,11,20,5,1,2,1,1,0,0,0,0
"POINT (12.458860208000001 51.352668450000102)",Unfall 250295 (2022) Kat:3, Licht: 2,250295,3,4,6,12,16,3,1,2,0,1,1,0,0,0
"POINT (12.370473857000000 51.335206161000002)",Unfall 250299 (2022) Kat:3, Licht: 0,250299,3,4,6,10,11,6,0,0,0,0,1,0,0,1
"POINT (12.379122688000100 51.310156130000102)",Unfall 250304 (2022) Kat:2, Licht: 0,250304,2,1,0,11,12,3,0,0,1,0,0,0,0,0
"POINT (12.464017291000101 51.365117583000000)",Unfall 250312 (2022) Kat:3, Licht: 1,250312,3,6,4,11,06,2,0,1,1,0,0,0,0,0
"POINT (12.292480749999999 51.357495094000100)",Unfall 250314 (2022) Kat:3, Licht: 2,250314,3,3,5,11,18,4,1,2,1,1,0,0,0,0
"POINT (12.429770185000100 51.374123273000102)",Unfall 250315 (2022) Kat:3, Licht: 0,250315,3,2,2,10,09,3,0,0,0,1,0,0,0,0
"POINT (12.371260262000000 51.389435779000102)",Unfall 250323 (2022) Kat:3, Licht: 2,250323,3,3,5,11,20,6,0,2,0,1,0,0,0,0
"POINT (12.382739726000100 51.340580225000103)",Unfall 250324 (2022) Kat:3, Licht: 0,250324,3,6,2,12,14,5,1,0,0,1,0,0,0,0
"POINT (12.327105425000100 51.305728509000097)",Unfall 250325 (2022) Kat:3, Licht: 0,250325,3,3,5,12,14,4,1,0,1,1,0,0,0,0
"POINT (12.326619451000100 51.307856474000097)",Unfall 250326 (2022) Kat:2, Licht: 0,250326,2,4,6,12,14,4,0,0,0,1,1,0,0,0
"POINT (12.378549227000100 51.320695905999997)",Unfall 250327 (2022) Kat:2, Licht: 2,250327,2,7,0,10,03,1,0,2,1,0,0,0,0,0
"POINT (12.376742637000101 51.320515375000099)",Unfall 250328 (2022) Kat:3, Licht: 2,250328,3,3,5,11,17,5,1,2,1,1,0,0,0,0
"POINT (12.343890371000001 51.324206102000097)",Unfall 250329 (2022) Kat:3, Licht: 2,250329,3,3,5,12,23,7,1,2,0,1,0,0,0,1
"POINT (12.359634741000001 51.377742870000098)",Unfall 250338 (2022) Kat:3, Licht: 0,250338,3,5,1,12,15,3,1,0,0,1,0,0,0,0
"POINT (12.407212459000000 51.351342846000101)",Unfall 250339 (2022) Kat:3, Licht: 0,250339,3,4,6,12,14,2,1,0,0,1,1,0,0,0
"POINT (12.381538400000100 51.383805891000101)",Unfall 250340 (2022) Kat:2, Licht: 0,250340,2,4,6,10,13,6,0,0,0,0,1,0,0,1
"POINT (12.413947358000000 51.344824004000003)",Unfall 250341 (2022) Kat:3, Licht: 0,250341,3,7,5,11,07,2,1,0,1,1,0,0,0,0
"POINT (12.403826348999999 51.345644218000103)",Unfall 250344 (2022) Kat:3, Licht: 0,250344,3,4,6,10,13,6,0,0,1,0,1,0,0,0
"POINT (12.376530911000000 51.353331706000098)",Unfall 250348 (2022) Kat:3, Licht: 0,250348,3,6,1,12,08,2,1,0,0,1,0,0,0,0
"POINT (12.371763973000000 51.339642138999999)",Unfall 250350 (2022) Kat:3, Licht: 2,250350,3,4,6,12,00,7,1,2,0,1,1,0,0,0
"POINT (12.376847321000101 51.323199934000101)",Unfall 250353 (2022) Kat:3, Licht: 2,250353,3,3,5,11,20,7,0,2,0,1,0,0,0,0
"POINT (12.326529867000000 51.308244500000100)",Unfall 250356 (2022) Kat:3, Licht: 0,250356,3,3,5,10,16,2,0,0,0,1,0,1,0,0
"POINT (12.391586647000100 51.330867595000001)",Unfall 250360 (2022) Kat:2, Licht: 0,250360,2,2,5,11,15,3,0,0,1,1,0,0,0,0
"POINT (12.376907351000099 51.371118524000103)",Unfall 250368 (2022) Kat:3, Licht: 2,250368,3,2,4,11,05,2,0,2,0,1,0,1,0,0
"POINT (12.308817921000101 51.350091196999998)",Unfall 250371 (2022) Kat:3, Licht: 0,250371,3,2,6,11,14,5,1,0,0,1,1,0,0,0
"POINT (12.385876748999999 51.337678408000002)",Unfall 250377 (2022) Kat:2, Licht: 2,250377,2,4,6,11,18,2,0,2,0,1,1,0,0,0
"POINT (12.384279877000001 51.360187430000103)",Unfall 250378 (2022) Kat:3, Licht: 0,250378,3,7,0,10,07,2,0,0,1,0,0,0,1,0
"POINT (12.418752514000101 51.406313117000103)",Unfall 250387 (2022) Kat:3, Licht: 0,250387,3,3,5,11,07,3,0,0,1,1,0,0,0,0
"POINT (12.414616873000099 51.359420129000100)",Unfall 250388 (2022) Kat:3, Licht: 2,250388,3,3,5,12,20,1,1,2,0,1,0,0,0,0
"POINT (12.362937067000100 51.330625295000097)",Unfall 250392 (2022) Kat:3, Licht: 2,250392,3,2,4,11,19,4,0,2,1,1,0,0,0,0
"POINT (12.314642570000000 51.347279162000099)",Unfall 250393 (2022) Kat:3, Licht: 0,250393,3,1,0,11,15,6,1,0,0,0,0,1,0,0
"POINT (12.316779794000100 51.349772323000103)",Unfall 250400 (2022) Kat:3, Licht: 0,250400,3,6,2,11,12,2,0,0,0,0,0,1,0,1
"POINT (12.298928417000100 51.315915458000099)",Unfall 250403 (2022) Kat:3, Licht: 0,250403,3,3,5,10,13,6,0,0,1,1,0,0,0,0
"POINT (12.386235254000001 51.295316362999998)",Unfall 250410 (2022) Kat:3, Licht: 0,250410,3,3,5,10,11,2,0,0,0,1,0,0,0,1
"POINT (12.420957834999999 51.319353909000000)",Unfall 250414 (2022) Kat:2, Licht: 0,250414,2,2,6,11,10,5,1,0,0,1,1,0,0,0
"POINT (12.373609263000001 51.324216948000100)",Unfall 250423 (2022) Kat:3, Licht: 2,250423,3,3,5,12,18,3,1,2,0,1,0,0,0,1
"POINT (12.479254224000000 51.345820496999998)",Unfall 250424 (2022) Kat:3, Licht: 2,250424,3,3,5,12,20,2,1,2,0,1,0,0,0,1
"POINT (12.376961055000001 51.343901056000000)",Unfall 250429 (2022) Kat:3, Licht: 0,250429,3,3,5,11,08,5,0,0,1,0,0,0,0,0
"POINT (12.374431297000100 51.396712348000101)",Unfall 250433 (2022) Kat:3, Licht: 0,250433,3,3,5,10,09,5,0,0,1,1,0,0,0,0
"POINT (12.369363458000100 51.323237560000102)",Unfall 250436 (2022) Kat:3, Licht: 2,250436,3,7,6,12,18,6,1,2,0,1,1,0,0,0
"POINT (12.291782252000100 51.413895961999998)",Unfall 250439 (2022) Kat:3, Licht: 0,250439,3,2,2,11,13,2,0,0,0,1,0,0,0,0
"POINT (12.400078953000000 51.323941606000098)",Unfall 250449 (2022) Kat:3, Licht: 0,250449,3,6,2,11,14,3,0,0,0,1,0,0,0,0
"POINT (12.361799117000000 51.332557127000001)",Unfall 250450 (2022) Kat:3, Licht: 0,250450,3,3,5,11,10,5,1,0,1,0,0,0,0,1
"POINT (12.385713594000000 51.371615120000101)",Unfall 250454 (2022) Kat:3, Licht: 0,250454,3,5,3,12,09,5,1,0,0,1,0,1,0,0
"POINT (12.325887603000099 51.314495780000101)",Unfall 250456 (2022) Kat:3, Licht: 2,250456,3,2,5,10,21,3,1,2,1,1,0,0,0,0
"POINT (12.393590754000099 51.322802151000097)",Unfall 250457 (2022) Kat:3, Licht: 0,250457,3,2,5,11,08,2,0,0,1,1,0,0,0,0
"POINT (12.369245079000100 51.363190965999998)",Unfall 250460 (2022) Kat:3, Licht: 0,250460,3,5,3,10,16,6,0,0,1,1,0,0,0,0
"POINT (12.380768841000100 51.330946838999999)",Unfall 250465 (2022) Kat:3, Licht: 1,250465,3,3,5,12,16,5,0,1,0,1,0,0,0,0
"POINT (12.373369526999999 51.353063205000097)",Unfall 250471 (2022) Kat:3, Licht: 0,250471,3,4,6,12,12,5,1,0,0,1,1,0,0,0
"POINT (12.383049438000100 51.307403226000098)",Unfall 250473 (2022) Kat:3, Licht: 2,250473,3,3,5,11,17,5,1,2,1,1,0,0,0,0
"POINT (12.401475915000001 51.334371681000100)",Unfall 250474 (2022) Kat:2, Licht: 2,250474,2,6,4,12,02,2,1,2,0,1,0,1,0,0
"POINT (12.373406142000000 51.307412826000103)",Unfall 250481 (2022) Kat:3, Licht: 2,250481,3,2,3,11,20,1,0,2,1,1,0,0,0,0
"POINT (12.400321077000100 51.345829111000100)",Unfall 250482 (2022) Kat:3, Licht: 2,250482,3,6,2,12,16,3,1,2,0,1,0,0,0,0
"POINT (12.384063905000099 51.336209590000102)",Unfall 250484 (2022) Kat:3, Licht: 0,250484,3,3,5,12,13,6,0,0,0,1,0,0,0,0
"POINT (12.370480538000001 51.327874038000097)",Unfall 250488 (2022) Kat:3, Licht: 0,250488,3,3,5,10,07,6,0,0,1,1,0,0,0,0
"POINT (12.368567112000100 51.317838301000101)",Unfall 250489 (2022) Kat:3, Licht: 0,250489,3,3,5,11,08,4,1,0,1,1,0,0,0,0
"POINT (12.387859258000001 51.296066189999998)",Unfall 250490 (2022) Kat:3, Licht: 0,250490,3,3,5,11,15,5,1,0,0,1,0,0,0,0
"POINT (12.373319928000100 51.353073319000003)",Unfall 250494 (2022) Kat:2, Licht: 2,250494,2,3,5,12,17,5,1,2,1,1,0,0,0,0
"POINT (12.378364084000101 51.335881694000101)",Unfall 250499 (2022) Kat:3, Licht: 2,250499,3,6,2,10,22,1,0,2,0,1,0,0,0,0
"POINT (12.414563108999999 51.345169156000097)",Unfall 250500 (2022) Kat:3, Licht: 0,250500,3,6,2,11,11,4,1,0,0,1,0,0,0,1
"POINT (12.335518360000000 51.371522480000102)",Unfall 250514 (2022) Kat:3, Licht: 2,250514,3,6,2,10,18,3,0,2,0,1,0,0,0,0
"POINT (12.393149218000101 51.336956638000103)",Unfall 250521 (2022) Kat:3, Licht: 0,250521,3,3,5,12,12,5,0,0,1,1,0,0,0,0
"POINT (12.426883860000000 51.305250823999998)",Unfall 250523 (2022) Kat:3, Licht: 0,250523,3,3,5,12,15,5,0,0,1,1,0,0,0,0
"POINT (12.337181696000100 51.329814987000098)",Unfall 250524 (2022) Kat:3, Licht: 0,250524,3,7,0,10,08,2,1,0,1,0,0,0,0,0
"POINT (12.265709833000100 51.254663971000099)",Unfall 250530 (2022) Kat:3, Licht: 0,250530,3,6,2,11,15,5,0,0,0,1,0,0,0,1
"POINT (12.392295994000101 51.307792323999998)",Unfall 250537 (2022) Kat:3, Licht: 0,250537,3,3,5,12,08,2,2,0,1,1,0,0,0,0
"POINT (12.282038828999999 51.360757530999997)",Unfall 250538 (2022) Kat:2, Licht: 0,250538,2,2,5,10,13,6,1,0,0,1,0,0,0,1
"POINT (12.406012389000100 51.335935306000103)",Unfall 250542 (2022) Kat:3, Licht: 0,250542,3,3,5,10,16,6,0,0,0,1,0,0,0,0
"POINT (12.373658042000001 51.322645002999998)",Unfall 250544 (2022) Kat:3, Licht: 0,250544,3,6,3,11,12,5,0,0,1,1,0,0,0,0
"POINT (12.371258843000000 51.332639565000100)",Unfall 250550 (2022) Kat:3, Licht: 2,250550,3,2,4,10,19,3,1,2,1,1,0,0,0,0
"POINT (12.329500940000100 51.339874232000099)",Unfall 250559 (2022) Kat:3, Licht: 2,250559,3,3,5,11,17,2,0,2,1,1,0,0,0,0
"POINT (12.394912874999999 51.336744171000099)",Unfall 250562 (2022) Kat:3, Licht: 0,250562,3,5,3,11,08,6,1,0,1,1,0,0,0,0
"POINT (12.416709947000101 51.315377672000103)",Unfall 250571 (2022) Kat:3, Licht: 2,250571,3,1,8,10,01,7,1,2,0,1,0,0,0,0
"POINT (12.324788306000100 51.374263511999999)",Unfall 250573 (2022) Kat:3, Licht: 0,250573,3,3,5,11,11,6,1,0,0,1,0,0,0,0
"POINT (12.298039652000099 51.325100929000001)",Unfall 250574 (2022) Kat:3, Licht: 0,250574,3,6,2,10,17,6,0,0,0,1,0,0,0,1
"POINT (12.399501825000099 51.339295184999997)",Unfall 250581 (2022) Kat:3, Licht: 2,250581,3,6,3,12,17,3,1,2,1,1,0,0,0,0
"POINT (12.333753464999999 51.340736372000002)",Unfall 250582 (2022) Kat:3, Licht: 0,250582,3,3,5,12,13,4,1,0,0,1,0,0,0,0
"POINT (12.378860764000001 51.387362720000098)",Unfall 250584 (2022) Kat:2, Licht: 2,250584,2,2,6,11,17,4,1,2,0,1,1,0,0,0
"POINT (12.372071598000000 51.362262536000102)",Unfall 250591 (2022) Kat:3, Licht: 2,250591,3,1,0,10,02,7,0,2,1,0,0,0,0,0
"POINT (12.421976394000099 51.379304894000001)",Unfall 250599 (2022) Kat:3, Licht: 0,250599,3,6,2,11,16,5,0,0,0,1,0,0,0,0
"POINT (12.340854956999999 51.368612364999997)",Unfall 250601 (2022) Kat:3, Licht: 0,250601,3,2,3,11,14,4,0,0,1,1,0,0,0,0
"POINT (12.396202748000100 51.308911097000099)",Unfall 250606 (2022) Kat:3, Licht: 2,250606,3,2,5,12,16,5,1,2,1,1,0,0,0,0
"POINT (12.324586527000100 51.341067468000098)",Unfall 250616 (2022) Kat:3, Licht: 2,250616,3,6,3,11,17,4,0,2,1,1,0,0,0,0
"POINT (12.328038496000000 51.328329804000099)",Unfall 250617 (2022) Kat:3, Licht: 1,250617,3,3,5,11,16,2,0,1,1,1,0,0,0,0
"POINT (12.408346734000100 51.327157269000097)",Unfall 250618 (2022) Kat:3, Licht: 0,250618,3,3,5,10,15,3,1,0,1,1,0,0,0,0
"POINT (12.297491139000000 51.359986322000097)",Unfall 250636 (2022) Kat:3, Licht: 2,250636,3,1,8,12,22,7,1,2,0,1,0,0,0,0
"POINT (12.430562844000100 51.365458543000003)",Unfall 250637 (2022) Kat:3, Licht: 0,250637,3,2,2,12,14,6,0,0,0,1,0,0,0,0
"POINT (12.403866659000100 51.345641991000001)",Unfall 250648 (2022) Kat:3, Licht: 0,250648,3,6,2,11,14,7,0,0,0,1,0,0,0,1
"POINT (12.370564092000100 51.361395292000097)",Unfall 250655 (2022) Kat:3, Licht: 0,250655,3,2,5,11,07,4,1,0,1,1,0,0,0,0
"POINT (12.382079351000099 51.332603143000000)",Unfall 250656 (2022) Kat:3, Licht: 0,250656,3,2,5,11,15,4,1,0,1,1,0,0,0,0
"POINT (12.370669927000099 51.320842771000102)",Unfall 250660 (2022) Kat:3, Licht: 0,250660,3,1,1,12,12,6,1,0,0,1,0,0,0,0
"POINT (12.409115075000001 51.325544873000098)",Unfall 250672 (2022) Kat:3, Licht: 0,250672,3,6,6,11,12,7,0,0,1,0,1,0,0,0
"POINT (12.406762992999999 51.351016393000101)",Unfall 250673 (2022) Kat:3, Licht: 1,250673,3,6,6,10,17,3,1,1,1,0,1,0,0,0
"POINT (12.410940558000000 51.344406767000102)",Unfall 250684 (2022) Kat:3, Licht: 0,250684,3,3,5,11,14,5,0,0,1,0,0,0,0,1
"POINT (12.360809197000000 51.376328747000102)",Unfall 250687 (2022) Kat:2, Licht: 0,250687,2,4,6,11,07,6,1,0,0,1,1,0,0,0
"POINT (12.372057039000000 51.341564391000098)",Unfall 250689 (2022) Kat:3, Licht: 2,250689,3,5,3,12,22,2,0,2,1,1,0,0,0,0
"POINT (12.386304063000100 51.360554137000101)",Unfall 250692 (2022) Kat:3, Licht: 2,250692,3,1,4,12,18,6,1,2,0,1,0,0,0,0
"POINT (12.410625779000000 51.353179058000102)",Unfall 250698 (2022) Kat:3, Licht: 0,250698,3,6,6,10,08,4,0,0,0,1,1,0,0,0
"POINT (12.359449779000000 51.334293138000099)",Unfall 250702 (2022) Kat:3, Licht: 2,250702,3,6,3,11,07,3,1,2,1,1,0,0,0,0
"POINT (12.435712664000100 51.287849231999999)",Unfall 250705 (2022) Kat:3, Licht: 0,250705,3,3,5,12,12,6,0,0,1,1,0,0,0,0
"POINT (12.381619088000001 51.350805815000101)",Unfall 250711 (2022) Kat:3, Licht: 0,250711,3,1,6,11,14,1,0,0,1,0,1,0,0,0
"POINT (12.338885051000000 51.370342687000097)",Unfall 250716 (2022) Kat:3, Licht: 0,250716,3,2,6,11,14,7,0,0,0,1,1,0,0,0
"POINT (12.291189514000100 51.359622016000102)",Unfall 250726 (2022) Kat:3, Licht: 0,250726,3,3,5,11,13,4,0,0,0,1,0,0,0,0
"POINT (12.378361880000099 51.316625668000000)",Unfall 250729 (2022) Kat:3, Licht: 0,250729,3,3,5,11,14,6,0,0,0,1,0,0,0,0
"POINT (12.410593117000101 51.342686747000101)",Unfall 250730 (2022) Kat:3, Licht: 0,250730,3,4,6,10,13,1,0,0,1,0,1,0,0,0
"POINT (12.397737334000100 51.342720522000000)",Unfall 250731 (2022) Kat:3, Licht: 2,250731,3,1,3,11,00,5,0,2,1,0,0,0,0,0
"POINT (12.385950836000100 51.363853980999998)",Unfall 250733 (2022) Kat:3, Licht: 0,250733,3,1,0,11,09,7,1,0,1,0,0,0,0,0
"POINT (12.370955660000000 51.334017102000097)",Unfall 250741 (2022) Kat:3, Licht: 0,250741,3,3,5,11,07,5,0,0,0,1,0,0,0,0
"POINT (12.437936898000000 51.362012709000098)",Unfall 250743 (2022) Kat:3, Licht: 0,250743,3,3,5,11,14,3,0,0,1,1,0,0,0,0
"POINT (12.376927545000100 51.365844617000100)",Unfall 250749 (2022) Kat:2, Licht: 0,250749,2,7,0,12,12,6,1,0,0,1,0,0,0,0
"POINT (12.307016068999999 51.332639812000103)",Unfall 250751 (2022) Kat:3, Licht: 0,250751,3,5,1,10,12,3,0,0,1,1,0,0,0,0
"POINT (12.442924367000000 51.331402275000102)",Unfall 250753 (2022) Kat:3, Licht: 0,250753,3,5,3,11,16,3,0,0,1,1,0,0,0,0
"POINT (12.380152152000100 51.339820239000098)",Unfall 250759 (2022) Kat:3, Licht: 0,250759,3,7,0,11,09,3,0,0,0,0,0,0,0,1
"POINT (12.296582775999999 51.317921482000003)",Unfall 250767 (2022) Kat:3, Licht: 0,250767,3,3,5,10,13,2,0,0,0,1,0,0,0,0
"POINT (12.362847835000000 51.373289343000103)",Unfall 250773 (2022) Kat:3, Licht: 0,250773,3,2,5,11,07,5,0,0,0,1,0,0,0,1
"POINT (12.320455146000000 51.354247929000103)",Unfall 250774 (2022) Kat:3, Licht: 2,250774,3,1,1,11,05,7,1,2,0,1,0,0,0,0
"POINT (12.378339615000099 51.332238646000100)",Unfall 250776 (2022) Kat:2, Licht: 2,250776,2,3,5,12,20,4,1,2,1,1,0,0,0,0
"POINT (12.382215427000100 51.316576772000097)",Unfall 250778 (2022) Kat:3, Licht: 0,250778,3,7,0,12,15,3,1,0,0,1,0,0,0,0
"POINT (12.427737588000101 51.371759482000101)",Unfall 250779 (2022) Kat:3, Licht: 0,250779,3,3,5,12,09,7,2,0,0,1,0,0,0,1
"POINT (12.373655968000000 51.322597794000004)",Unfall 250781 (2022) Kat:3, Licht: 2,250781,3,5,1,11,19,3,0,2,1,1,0,0,0,0
"POINT (12.370903590000101 51.336342948000002)",Unfall 250785 (2022) Kat:2, Licht: 0,250785,2,2,5,11,12,3,0,0,1,1,0,0,0,0
"POINT (12.404337409000000 51.326760491000101)",Unfall 250786 (2022) Kat:3, Licht: 0,250786,3,5,3,11,13,5,1,0,1,1,0,0,0,0
"POINT (12.469297026000000 51.273145585000101)",Unfall 250792 (2022) Kat:3, Licht: 0,250792,3,1,1,10,15,4,0,0,0,1,0,0,0,1
"POINT (12.413805587000100 51.337650302000000)",Unfall 250794 (2022) Kat:3, Licht: 2,250794,3,7,6,10,19,1,0,2,0,1,1,0,0,0
"POINT (12.372387980999999 51.349629395000100)",Unfall 250797 (2022) Kat:3, Licht: 0,250797,3,3,5,12,15,6,0,0,1,1,0,0,0,0
"POINT (12.333911838000100 51.324763588000103)",Unfall 250810 (2022) Kat:3, Licht: 0,250810,3,1,0,10,07,3,0,0,1,0,0,0,0,0
"POINT (12.388409490000100 51.327602386000102)",Unfall 250811 (2022) Kat:3, Licht: 0,250811,3,2,5,11,10,3,1,0,1,1,0,0,0,0
"POINT (12.291395644000000 51.322462014999999)",Unfall 250826 (2022) Kat:3, Licht: 2,250826,3,3,5,11,22,6,0,2,0,1,0,0,0,1
"POINT (12.379650621000099 51.327635642000097)",Unfall 250828 (2022) Kat:2, Licht: 0,250828,2,3,5,11,08,4,1,0,1,1,0,0,0,0
"POINT (12.411457647000100 51.331011604000103)",Unfall 250847 (2022) Kat:3, Licht: 0,250847,3,1,9,12,12,7,1,0,1,1,0,0,0,0
"POINT (12.372301445000099 51.320767417000098)",Unfall 250848 (2022) Kat:3, Licht: 2,250848,3,6,2,12,20,6,1,2,0,1,0,1,0,0
"POINT (12.305023823000100 51.302835119000100)",Unfall 250850 (2022) Kat:3, Licht: 0,250850,3,6,8,11,07,7,0,0,0,1,0,0,0,0
"POINT (12.347467089000100 51.388512736999999)",Unfall 250854 (2022) Kat:3, Licht: 0,250854,3,3,5,11,12,5,1,0,1,1,0,0,0,0