WKT,Name,OBJECTID,UKATEGORIE,UTYP1,UART,UMONAT,USTUNDE,UWOCHENTAG,STRZUSTAND,ULICHTVERH,ISTRAD,ISTPKW,ISTFUSS,ISTKRAD,ISTGKFZ,ISTSONSTIG
"POINT (12.395271774999999 51.346570744000097)",Unfall 250857 (2022) Kat:3, Licht: 0,250857,3,3,5,11,11,3,1,0,0,1,0,1,0,0
"POINT (12.385225970000000 51.341979149000103)",Unfall 250860 (2022) Kat:2, Licht: 0,250860,2,3,5,11,07,6,0,0,1,1,0,0,0,0
"POINT (12.302449987999999 51.353662574000097)",Unfall 250871 (2022) Kat:3, Licht: 0,250871,3,2,5,11,07,3,1,0,1,1,0,0,0,0
"POINT (12.390648274000100 51.357171456000103)",Unfall 250876 (2022) Kat:3, Licht: 0,250876,3,5,3,10,15,2,0,0,0,1,0,0,0,0
"POINT (12.376934150000100 51.319558253000103)",Unfall 250881 (2022) Kat:3, Licht: 0,250881,3,5,3,12,10,4,1,0,1,1,0,0,0,0
"POINT (12.384895630000100 51.338115383000101)",Unfall 250882 (2022) Kat:3, Licht: 2,250882,3,2,5,12,22,3,0,2,1,1,0,0,0,0
"POINT (12.349328425000101 51.348511170999998)",Unfall 250884 (2022) Kat:3, Licht: 2,250884,3,2,5,12,21,7,0,2,1,1,0,0,0,0
"POINT (12.437771947000000 51.327504282000099)",Unfall 250888 (2022) Kat:3, Licht: 0,250888,3,3,5,11,14,6,0,0,1,0,0,0,0,1
"POINT (12.359933725000101 51.363807416000000)",Unfall 250889 (2022) Kat:3, Licht: 0,250889,3,5,1,11,14,5,0,0,1,1,0,0,0,0
"POINT (12.352107397000101 51.347048969000099)",Unfall 250896 (2022) Kat:3, Licht: 0,250896,3,2,3,11,10,2,0,0,1,1,0,0,0,0
"POINT (12.354098631000101 51.340217416000002)",Unfall 250901 (2022) Kat:3, Licht: 2,250901,3,2,5,11,18,4,1,2,1,1,0,0,0,0
"POINT (12.368956560000100 51.318783784000097)",Unfall 250902 (2022) Kat:3, Licht: 2,250902,3,2,5,10,17,3,0,2,1,1,0,0,0,0
"POINT (12.374106220000000 51.304095564000100)",Unfall 250906 (2022) Kat:3, Licht: 2,250906,3,2,2,12,16,6,0,2,0,1,0,0,0,0
"POINT (12.409794939000101 51.341182624000098)",Unfall 250910 (2022) Kat:3, Licht: 0,250910,3,6,2,12,12,5,1,0,0,1,0,0,0,1
"POINT (12.406141373000001 51.348167807999999)",Unfall 250911 (2022) Kat:2, Licht: 2,250911,2,1,0,10,22,1,1,2,0,0,0,1,0,0
"POINT (12.405819402000100 51.345535711000103)",Unfall 250924 (2022) Kat:3, Licht: 0,250924,3,6,3,10,13,7,1,0,1,1,0,0,0,0
"POINT (12.421411448000100 51.379234806000099)",Unfall 250931 (2022) Kat:3, Licht: 0,250931,3,3,5,11,15,6,1,0,0,1,0,0,0,0
"POINT (12.479276200000101 51.345821757000103)",Unfall 250932 (2022) Kat:3, Licht: 0,250932,3,6,2,10,06,5,1,0,0,1,0,0,0,0
"POINT (12.454166440000099 51.297659916999997)",Unfall 250935 (2022) Kat:3, Licht: 2,250935,3,1,4,12,06,6,2,2,0,1,0,0,0,0
"POINT (12.405878807000001 51.331740040000099)",Unfall 250937 (2022) Kat:2, Licht: 2,250937,2,3,6,10,19,3,1,2,0,1,1,0,0,0
"POINT (12.378546380000000 51.323033968000097)",Unfall 250944 (2022) Kat:3, Licht: 0,250944,3,6,3,11,11,4,0,0,1,1,0,0,0,0
"POINT (12.368512172000100 51.334955722000103)",Unfall 250948 (2022) Kat:3, Licht: 1,250948,3,6,2,10,18,2,0,1,0,0,0,0,0,1
"POINT (12.348150316000000 51.366503545000100)",Unfall 250950 (2022) Kat:2, Licht: 2,250950,2,2,6,11,06,2,1,2,0,1,1,0,0,0
"POINT (12.369738565000000 51.342760633000097)",Unfall 250953 (2022) Kat:3, Licht: 2,250953,3,6,2,12,17,7,1,2,0,1,0,0,0,0
"POINT (12.378682929000000 51.336120958999999)",Unfall 250955 (2022) Kat:3, Licht: 0,250955,3,7,0,10,09,3,1,0,0,0,0,0,0,1
"POINT (12.440967447000000 51.333353730000098)",Unfall 250956 (2022) Kat:3, Licht: 2,250956,3,3,5,11,06,2,1,2,1,1,0,0,0,0
"POINT (12.416732432000099 51.329803770000098)",Unfall 250958 (2022) Kat:3, Licht: 2,250958,3,3,5,11,19,4,0,2,1,1,0,0,0,0
"POINT (12.375705196000100 51.358771906000101)",Unfall 250959 (2022) Kat:3, Licht: 2,250959,3,7,0,10,23,6,0,2,1,1,0,0,0,0
"POINT (12.473619314000100 51.350875013000099)",Unfall 250969 (2022) Kat:3, Licht: 0,250969,3,6,2,12,16,6,1,0,0,1,0,0,0,0
"POINT (12.280251959000100 51.319663368000100)",Unfall 250970 (2022) Kat:2, Licht: 0,250970,2,3,5,12,12,4,0,0,0,0,0,0,0,1
"POINT (12.338863054000100 51.332365836000101)",Unfall 250971 (2022) Kat:3, Licht: 2,250971,3,1,0,10,01,1,1,2,1,0,0,0,0,0
"POINT (12.362569818000100 51.321095818000103)",Unfall 250979 (2022) Kat:2, Licht: 2,250979,2,1,0,10,00,7,0,2,1,0,0,0,0,0
"POINT (12.474256739000101 51.382532488000003)",Unfall 250983 (2022) Kat:3, Licht: 2,250983,3,6,2,10,18,7,0,2,0,1,0,0,0,0
"POINT (12.361868165000001 51.312131422000000)",Unfall 250985 (2022) Kat:3, Licht: 2,250985,3,6,4,11,17,5,0,2,1,0,0,0,0,0
"POINT (12.364190196999999 51.344436498999997)",Unfall 250988 (2022) Kat:3, Licht: 0,250988,3,3,5,11,08,2,2,0,1,1,0,0,0,0
"POINT (12.313324057999999 51.347893816000102)",Unfall 251010 (2022) Kat:3, Licht: 2,251010,3,2,5,12,16,3,1,2,0,1,0,0,0,0
"POINT (12.307094467000100 51.346439847000099)",Unfall 251011 (2022) Kat:3, Licht: 2,251011,3,3,5,12,23,4,2,2,0,1,0,0,0,0
"POINT (12.299410299000000 51.321760509999997)",Unfall 251013 (2022) Kat:3, Licht: 0,251013,3,5,1,12,13,3,0,0,1,1,0,0,0,0
"POINT (12.388658576000100 51.342507402000102)",Unfall 251017 (2022) Kat:3, Licht: 0,251017,3,7,5,11,07,4,1,0,1,1,0,0,0,0
"POINT (12.445241770999999 51.340315525999998)",Unfall 251024 (2022) Kat:3, Licht: 0,251024,3,1,9,12,11,5,1,0,0,1,0,0,0,0
"POINT (12.390801470000000 51.330993313000100)",Unfall 251026 (2022) Kat:3, Licht: 0,251026,3,2,2,11,11,5,1,0,1,1,0,0,0,0
"POINT (12.423218894000099 51.313043319000002)",Unfall 251029 (2022) Kat:3, Licht: 0,251029,3,6,2,11,15,7,0,0,1,1,0,0,0,0
"POINT (12.376304255000001 51.347724148000097)",Unfall 251033 (2022) Kat:3, Licht: 2,251033,3,1,0,10,01,7,0,2,0,0,0,0,0,1
"POINT (12.349318827999999 51.348509039000099)",Unfall 251046 (2022) Kat:3, Licht: 2,251046,3,2,5,11,17,5,1,2,0,1,0,0,0,0
"POINT (12.263128952000001 51.344629550999997)",Unfall 251047 (2022) Kat:3, Licht: 0,251047,3,3,5,10,08,6,0,0,0,1,0,0,0,1
"POINT (12.473238568000101 51.275487878000000)",Unfall 251050 (2022) Kat:3, Licht: 2,251050,3,6,2,12,18,6,1,2,0,1,0,0,0,0
"POINT (12.459164885000099 51.401935322999996)",Unfall 251053 (2022) Kat:3, Licht: 2,251053,3,3,5,11,22,2,0,2,1,1,0,0,0,0
"POINT (12.418869772000100 51.321590270000101)",Unfall 251056 (2022) Kat:3, Licht: 0,251056,3,4,6,11,15,4,0,0,0,1,1,0,0,0
"POINT (12.365640565000000 51.332052680000103)",Unfall 251061 (2022) Kat:3, Licht: 0,251061,3,3,5,11,13,4,0,0,1,1,0,0,0,0
"POINT (12.422886010000100 51.354878124999999)",Unfall 251063 (2022) Kat:3, Licht: 2,251063,3,2,3,10,18,2,0,2,0,1,0,0,0,1
"POINT (12.413039723000100 51.375961330000102)",Unfall 251068 (2022) Kat:3, Licht: 2,251068,3,4,6,12,16,4,1,2,0,0,1,0,0,1
"POINT (12.387036030999999 51.364008501999997)",Unfall 251069 (2022) Kat:2, Licht: 0,251069,2,7,6,10,16,1,0,0,1,0,1,0,0,0
"POINT (12.414065728000001 51.355387688000100)",Unfall 251073 (2022) Kat:3, Licht: 0,251073,3,6,6,11,14,6,0,0,0,1,1,0,0,0
"POINT (12.265089977000100 51.348168202000103)",Unfall 251078 (2022) Kat:2, Licht: 0,251078,2,7,0,10,13,6,0,0,0,1,0,0,0,0
"POINT (12.381159594000099 51.337303373000097)",Unfall 251079 (2022) Kat:3, Licht: 1,251079,3,6,2,12,16,3,1,1,0,1,0,0,0,0
"POINT (12.309906182000100 51.328341051999999)",Unfall 251086 (2022) Kat:3, Licht: 2,251086,3,3,5,11,18,5,0,2,1,1,0,0,0,0
"POINT (12.454280100000100 51.383931783000001)",Unfall 251087 (2022) Kat:3, Licht: 1,251087,3,6,2,10,07,6,0,1,0,1,0,0,0,1
"POINT (12.408649122000000 51.351907756999999)",Unfall 251088 (2022) Kat:3, Licht: 0,251088,3,2,2,11,06,3,0,0,0,1,0,0,0,0
"POINT (12.381422314000099 51.343343968000099)",Unfall 251096 (2022) Kat:3, Licht: 2,251096,3,2,5,11,22,1,0,2,0,0,0,0,0,1
"POINT (12.371332946000100 51.346286925000101)",Unfall 251098 (2022) Kat:3, Licht: 0,251098,3,3,5,12,13,7,2,0,1,1,0,0,0,0
"POINT (12.296679549000000 51.393970979000102)",Unfall 251104 (2022) Kat:3, Licht: 0,251104,3,3,5,11,07,4,1,0,1,1,0,0,0,0
"POINT (12.444214711000001 51.382051655000097)",Unfall 251109 (2022) Kat:3, Licht: 0,251109,3,6,2,12,07,5,1,0,0,1,0,0,0,0
"POINT (12.376556241999999 51.313029194000102)",Unfall 251122 (2022) Kat:3, Licht: 0,251122,3,7,1,10,17,3,1,0,1,1,0,0,0,0
"POINT (12.370915387000000 51.336426517000099)",Unfall 251124 (2022) Kat:3, Licht: 2,251124,3,6,2,11,19,3,0,2,0,1,0,0,0,0
"POINT (12.412754697000000 51.375142369000102)",Unfall 251125 (2022) Kat:3, Licht: 2,251125,3,3,5,11,04,2,0,2,0,1,0,0,0,0
"POINT (12.359168850000099 51.358674387000100)",Unfall 251126 (2022) Kat:3, Licht: 0,251126,3,7,4,11,11,1,0,0,1,1,0,0,0,0
"POINT (12.377733806000000 51.373599871000103)",Unfall 251128 (2022) Kat:3, Licht: 2,251128,3,1,1,12,20,4,1,2,0,1,0,0,0,0
"POINT (12.484706136000099 51.335346695000098)",Unfall 251129 (2022) Kat:2, Licht: 0,251129,2,2,6,12,14,3,2,0,0,0,1,0,0,1
"POINT (12.362250424000001 51.332048864999997)",Unfall 251130 (2022) Kat:3, Licht: 2,251130,3,7,0,10,22,2,0,2,0,0,0,0,0,1
"POINT (12.381404228000100 51.305608335000002)",Unfall 251135 (2022) Kat:3, Licht: 0,251135,3,7,6,11,15,6,0,0,0,1,1,0,0,0
"POINT (12.390381453000000 51.371318765000098)",Unfall 251136 (2022) Kat:3, Licht: 0,251136,3,6,2,11,09,2,2,0,0,1,0,0,0,0
"POINT (12.284223240000101 51.386560144000001)",Unfall 251137 (2022) Kat:3, Licht: 0,251137,3,1,0,11,15,6,1,0,0,0,0,1,0,0
"POINT (12.381520516000000 51.336680749000003)",Unfall 251138 (2022) Kat:3, Licht: 0,251138,3,3,5,10,12,5,0,0,1,1,0,0,0,0
"POINT (12.340587058000001 51.332325783000002)",Unfall 251153 (2022) Kat:3, Licht: 0,251153,3,6,2,10,15,2,0,0,1,1,0,0,0,0
"POINT (12.381605341000100 51.331759149000000)",Unfall 251156 (2022) Kat:2, Licht: 0,251156,2,6,3,12,15,5,0,0,1,0,0,0,0,0
"POINT (12.302507979000000 51.353612081999998)",Unfall 251158 (2022) Kat:3, Licht: 1,251158,3,1,0,12,07,3,2,1,1,0,0,0,0,0
"POINT (12.318606148000100 51.331438945999999)",Unfall 251167 (2022) Kat:3, Licht: 0,251167,3,2,5,12,09,2,2,0,1,1,0,0,0,0
"POINT (12.363713984000100 51.363656273000103)",Unfall 251168 (2022) Kat:3, Licht: 0,251168,3,2,5,10,11,7,0,0,1,1,0,0,0,0
"POINT (12.450933835000100 51.383462963000099)",Unfall 251172 (2022) Kat:3, Licht: 0,251172,3,2,3,10,10,2,0,0,0,1,0,0,0,1
"POINT (12.342844108000101 51.350871796000000)",Unfall 251178 (2022) Kat:3, Licht: 2,251178,3,6,4,10,06,2,0,2,1,0,0,0,0,0
"POINT (12.369942507000101 51.335126359000100)",Unfall 251190 (2022) Kat:2, Licht: 1,251190,2,6,2,11,16,3,0,1,0,1,0,1,0,0
"POINT (12.378083459999999 51.341553988999998)",Unfall 251202 (2022) Kat:3, Licht: 0,251202,3,6,6,10,11,4,0,0,1,0,1,0,0,0
"POINT (12.394272510000100 51.315294489000102)",Unfall 251203 (2022) Kat:3, Licht: 2,251203,3,7,6,11,04,3,0,2,0,0,1,0,0,1
"POINT (12.436131421000001 51.305597716000101)",Unfall 251206 (2022) Kat:3, Licht: 1,251206,3,3,5,11,16,4,0,1,1,1,0,0,0,0
"POINT (12.406222489000100 51.286620063999997)",Unfall 251209 (2022) Kat:3, Licht: 2,251209,3,6,3,12,17,5,1,2,1,0,0,0,0,1
"POINT (12.390348982000001 51.290209565000097)",Unfall 251216 (2022) Kat:3, Licht: 0,251216,3,6,6,11,11,5,0,0,0,1,1,0,0,0
"POINT (12.321906744000000 51.350028702000003)",Unfall 251220 (2022) Kat:3, Licht: 1,251220,3,3,5,12,06,3,1,1,0,1,0,0,0,0
"POINT (12.476919833000100 51.339829822000098)",Unfall 251223 (2022) Kat:3, Licht: 0,251223,3,3,5,10,12,7,0,0,0,1,0,1,0,0
"POINT (12.411010226000000 51.353425469999998)",Unfall 251224 (2022) Kat:3, Licht: 2,251224,3,6,2,11,16,3,0,2,1,1,0,0,0,0
"POINT (12.371168081000100 51.328876172000001)",Unfall 251227 (2022) Kat:3, Licht: 0,251227,3,1,0,10,10,6,0,0,1,0,0,0,0,0
"POINT (12.368839768999999 51.317818846000101)",Unfall 251228 (2022) Kat:3, Licht: 0,251228,3,3,5,11,07,4,1,0,1,1,0,0,0,0
"POINT (12.343388756000000 51.367715552000000)",Unfall 251234 (2022) Kat:2, Licht: 0,251234,2,2,6,12,09,6,1,0,0,1,1,0,0,0
"POINT (12.425497479000100 51.344508518000097)",Unfall 251239 (2022) Kat:3, Licht: 0,251239,3,4,6,11,07,5,0,0,0,1,1,0,0,0
"POINT (12.478049939000099 51.341320828999997)",Unfall 251240 (2022) Kat:2, Licht: 0,251240,2,7,1,10,15,6,0,0,0,1,0,1,0,0
"POINT (12.291713719000001 51.321349826000102)",Unfall 251244 (2022) Kat:3, Licht: 0,251244,3,2,6,12,12,6,0,0,0,1,1,0,0,0
"POINT (12.460574733000000 51.367721614000097)",Unfall 251252 (2022) Kat:3, Licht: 0,251252,3,7,4,11,12,5,1,0,0,1,0,0,0,0
"POINT (12.376479384000000 51.348224074000001)",Unfall 251253 (2022) Kat:3, Licht: 0,251253,3,4,6,11,09,4,0,0,0,1,1,0,0,0
"POINT (12.408424588000100 51.370768953000002)",Unfall 251264 (2022) Kat:3, Licht: 0,251264,3,6,1,10,14,2,0,0,1,1,0,0,0,0
"POINT (12.385618591000000 51.372466504999998)",Unfall 251271 (2022) Kat:2, Licht: 0,251271,2,7,1,11,13,1,1,0,0,1,0,1,0,0
"POINT (12.384804341000100 51.378568422000100)",Unfall 251272 (2022) Kat:2, Licht: 2,251272,2,1,0,10,18,7,0,2,1,0,0,0,0,0
"POINT (12.361802883000101 51.332553433000001)",Unfall 251273 (2022) Kat:3, Licht: 2,251273,3,3,5,12,17,4,0,2,1,1,0,0,0,0
"POINT (12.398919880999999 51.345910858000103)",Unfall 251276 (2022) Kat:3, Licht: 2,251276,3,4,6,12,21,7,1,2,0,1,1,0,0,0
"POINT (12.406027672000100 51.343050737000098)",Unfall 251281 (2022) Kat:3, Licht: 0,251281,3,2,2,11,13,3,0,0,0,1,0,0,0,0
"POINT (12.434577242000000 51.379932708000098)",Unfall 251283 (2022) Kat:3, Licht: 0,251283,3,6,2,10,15,5,0,0,0,1,0,0,0,0
"POINT (12.336130999000000 51.332035111000003)",Unfall 251288 (2022) Kat:2, Licht: 0,251288,2,3,6,10,11,5,0,0,0,1,1,0,0,0
"POINT (12.383837737000000 51.351977002000098)",Unfall 251290 (2022) Kat:3, Licht: 0,251290,3,3,5,10,13,1,0,0,1,1,0,0,0,0
"POINT (12.373454869000099 51.328521924000000)",Unfall 251297 (2022) Kat:3, Licht: 0,251297,3,2,3,11,10,3,1,0,1,1,0,0,0,0
"POINT (12.369841138000000 51.325240044000097)",Unfall 251306 (2022) Kat:2, Licht: 0,251306,2,1,9,10,12,1,0,0,0,0,0,1,0,0
"POINT (12.397768629000000 51.323889436000101)",Unfall 251311 (2022) Kat:3, Licht: 1,251311,3,2,5,10,17,3,0,1,1,1,0,0,0,0
"POINT (12.393844294000100 51.322639504999998)",Unfall 251312 (2022) Kat:3, Licht: 0,251312,3,6,3,11,16,3,0,0,1,0,0,0,0,0
"POINT (12.387958101000001 51.353230459000002)",Unfall 251323 (2022) Kat:3, Licht: 0,251323,3,6,2,10,09,2,0,0,0,1,0,0,0,0
"POINT (12.338843016000100 51.332475184000003)",Unfall 251325 (2022) Kat:2, Licht: 2,251325,2,4,6,12,17,7,1,2,0,1,1,0,0,0
"POINT (12.362662097999999 51.333378513000099)",Unfall 251337 (2022) Kat:3, Licht: 2,251337,3,1,8,11,06,4,0,2,0,1,0,0,0,0
"POINT (12.377661628000100 51.348863258000101)",Unfall 251342 (2022) Kat:3, Licht: 2,251342,3,3,5,11,20,6,1,2,0,1,0,0,0,1
"POINT (12.381506602000099 51.338757932000100)",Unfall 251343 (2022) Kat:3, Licht: 0,251343,3,1,0,10,16,6,0,0,1,0,0,0,0,0
"POINT (12.378594769000101 51.320698032000102)",Unfall 251344 (2022) Kat:3, Licht: 0,251344,3,6,1,12,10,7,0,0,0,1,0,0,0,0
"POINT (12.398859358999999 51.336364738000000)",Unfall 251352 (2022) Kat:3, Licht: 0,251352,3,2,3,10,17,2,0,0,1,1,0,0,0,0
"POINT (12.400427487000099 51.345823444000096)",Unfall 251353 (2022) Kat:3, Licht: 2,251353,3,6,2,11,17,5,1,2,0,1,0,0,0,0
"POINT (12.428092978000100 51.342448508000103)",Unfall 251357 (2022) Kat:3, Licht: 0,251357,3,1,0,11,07,6,1,0,1,0,0,0,0,0
"POINT (12.363230066000000 51.355134899000099)",Unfall 251359 (2022) Kat:2, Licht: 1,251359,2,6,6,11,16,6,0,1,1,0,1,0,0,0
"POINT (12.373914554000100 51.334133558000097)",Unfall 251360 (2022) Kat:3, Licht: 2,251360,3,2,6,11,19,7,0,2,0,1,1,0,0,0
"POINT (12.373521129000000 51.351660123000002)",Unfall 251361 (2022) Kat:3, Licht: 2,251361,3,3,5,11,07,6,0,2,1,1,0,0,0,0
"POINT (12.398478073000000 51.363411196000101)",Unfall 251364 (2022) Kat:3, Licht: 0,251364,3,1,8,12,09,7,2,0,0,1,0,0,0,0
"POINT (12.334719386000099 51.331658904999998)",Unfall 251365 (2022) Kat:3, Licht: 2,251365,3,4,6,10,20,6,1,2,1,0,1,0,0,0
"POINT (12.409852570000099 51.352684078999999)",Unfall 251379 (2022) Kat:3, Licht: 2,251379,3,3,5,11,18,4,0,2,0,1,0,1,0,0
"POINT (12.394372302000022 51.336650619000068)",Unfall 134793 (2023) Kat:3, Licht: 0,134793,3,1,0,05,16,6,0,0,1,0,0,0,0,0
"POINT (12.262900769000055 51.344616006000081)",Unfall 134795 (2023) Kat:3, Licht: 0,134795,3,3,5,05,15,6,0,0,1,1,0,0,0,0
"POINT (12.426446959000032 51.351826338000080)",Unfall 134796 (2023) Kat:3, Licht: 0,134796,3,2,5,05,12,6,0,0,1,0,0,0,0,1
"POINT (12.403947584000036 51.321726974000057)",Unfall 134829 (2023) Kat:3, Licht: 0,134829,3,2,5,05,16,4,1,0,1,1,0,0,0,0
"POINT (12.422483254000042 51.306937980000043)",Unfall 134846 (2023) Kat:3, Licht: 0,134846,3,2,3,05,16,3,0,0,1,1,0,0,0,0
"POINT (12.376441587000045 51.408167234000075)",Unfall 134847 (2023) Kat:3, Licht: 0,134847,3,6,2,05,14,3,0,0,0,1,0,0,0,0
"POINT (12.394540627000026 51.410401997000065)",Unfall 134865 (2023) Kat:3, Licht: 0,134865,3,6,2,05,08,2,0,0,0,1,0,0,0,0
"POINT (12.393701222000061 51.335598625000046)",Unfall 134898 (2023) Kat:3, Licht: 0,134898,3,5,1,05,09,6,0,0,0,1,0,0,0,0
"POINT (12.382429126000034 51.314975236000066)",Unfall 134900 (2023) Kat:3, Licht: 0,134900,3,1,0,05,16,6,0,0,1,0,0,0,0,1
"POINT (12.361056722000058 51.375567514000068)",Unfall 134925 (2023) Kat:2, Licht: 1,134925,2,2,6,05,05,5,0,1,0,1,1,0,0,0
"POINT (12.315795872000024 51.300628505000077)",Unfall 134938 (2023) Kat:3, Licht: 0,134938,3,3,6,05,15,4,0,0,0,1,1,0,0,0
"POINT (12.296405280000045 51.256462455000076)",Unfall 134939 (2023) Kat:3, Licht: 0,134939,3,6,3,05,10,4,0,0,0,1,0,0,0,1
"POINT (12.405976106000026 51.313914797000052)",Unfall 134955 (2023) Kat:3, Licht: 0,134955,3,3,5,05,19,3,0,0,1,1,0,0,0,0
"POINT (12.422301805000075 51.306832675000067)",Unfall 134956 (2023) Kat:3, Licht: 0,134956,3,7,0,05,14,3,0,0,1,0,0,0,0,0
"POINT (12.405960279000055 51.313914948000047)",Unfall 134959 (2023) Kat:3, Licht: 0,134959,3,3,5,05,09,3,0,0,1,1,0,0,0,0
"POINT (12.407246269000041 51.318664386000080)",Unfall 134973 (2023) Kat:3, Licht: 2,134973,3,1,0,05,22,2,0,2,1,0,0,0,0,0
"POINT (12.384381328000075 51.394047434000072)",Unfall 134987 (2023) Kat:3, Licht: 0,134987,3,3,5,04,16,7,0,0,0,1,0,0,0,0
"POINT (12.282297090000043 51.329196893000073)",Unfall 135002 (2023) Kat:3, Licht: 2,135002,3,1,9,04,20,6,0,2,0,1,0,0,0,0
"POINT (12.294242105000023 51.290958188000047)",Unfall 135030 (2023) Kat:2, Licht: 0,135030,2,3,5,04,16,4,0,0,0,1,0,0,0,0
"POINT (12.310692673000062 51.250501246000056)",Unfall 135056 (2023) Kat:3, Licht: 0,135056,3,6,3,04,18,2,0,0,0,1,0,0,0,0
"POINT (12.395023791000028 51.342736587000047)",Unfall 135100 (2023) Kat:3, Licht: 0,135100,3,2,3,04,10,6,0,0,1,1,0,0,0,0
"POINT (12.290855412000042 51.334875735000026)",Unfall 135101 (2023) Kat:3, Licht: 2,135101,3,1,9,04,21,6,0,2,0,1,0,0,0,0
"POINT (12.270988225000053 51.317603799000040)",Unfall 135117 (2023) Kat:3, Licht: 0,135117,3,3,5,04,11,5,0,0,0,1,0,0,0,0
"POINT (12.423157170000025 51.305478632000074)",Unfall 135118 (2023) Kat:3, Licht: 0,135118,3,1,8,04,16,5,0,0,0,1,0,0,0,0
"POINT (12.446162261000040 51.361095015000046)",Unfall 135152 (2023) Kat:3, Licht: 0,135152,3,6,2,04,08,2,1,0,0,1,0,0,0,0
"POINT (12.401632139000071 51.324373948000073)",Unfall 135153 (2023) Kat:2, Licht: 0,135153,2,3,6,04,10,2,1,0,0,1,1,0,0,0
"POINT (12.386956209000061 51.404792027000042)",Unfall 135158 (2023) Kat:3, Licht: 0,135158,3,1,8,04,13,1,1,0,0,0,0,1,0,0
"POINT (12.370986571000060 51.344097762000047)",Unfall 135189 (2023) Kat:3, Licht: 2,135189,3,3,5,04,21,5,0,2,0,1,0,0,0,0
"POINT (12.479442496000047 51.352014482000072)",Unfall 135212 (2023) Kat:3, Licht: 0,135212,3,3,5,04,07,3,1,0,0,1,0,0,0,0
"POINT (12.374135340000066 51.393609887000082)",Unfall 135213 (2023) Kat:3, Licht: 1,135213,3,4,6,04,05,3,1,1,0,1,1,0,0,0
"POINT (12.392130272000031 51.346361005000063)",Unfall 135258 (2023) Kat:3, Licht: 0,135258,3,6,2,04,11,5,0,0,0,1,0,0,0,0
"POINT (12.388786852000067 51.405993212000055)",Unfall 135260 (2023) Kat:3, Licht: 2,135260,3,6,2,04,05,5,0,2,0,1,0,0,0,0
"POINT (12.433022012000038 51.299101223000036)",Unfall 135261 (2023) Kat:3, Licht: 0,135261,3,2,5,04,08,5,0,0,1,1,0,0,0,0
"POINT (12.393043142000067 51.334502252000050)",Unfall 135288 (2023) Kat:3, Licht: 0,135288,3,3,5,04,15,3,0,0,1,1,0,0,0,0
"POINT (12.441589505000024 51.350823705000039)",Unfall 135300 (2023) Kat:3, Licht: 0,135300,3,2,5,04,12,2,0,0,1,1,0,0,0,0
"POINT (12.263066252000044 51.344582071000048)",Unfall 135312 (2023) Kat:3, Licht: 0,135312,3,3,5,04,10,1,0,0,0,1,0,0,0,0
"POINT (12.392209770000022 51.345528380000076)",Unfall 135377 (2023) Kat:3, Licht: 0,135377,3,5,3,03,14,3,0,0,1,1,0,0,0,0
"POINT (12.407637148000049 51.318063616000074)",Unfall 135378 (2023) Kat:3, Licht: 0,135378,3,6,3,03,15,3,1,0,0,1,0,0,0,0
"POINT (12.434933512000043 51.351123713000050)",Unfall 135392 (2023) Kat:3, Licht: 2,135392,3,2,6,03,06,2,0,2,0,1,1,0,0,0
"POINT (12.411738086000071 51.314613490000056)",Unfall 135394 (2023) Kat:3, Licht: 0,135394,3,2,5,03,17,2,0,0,1,1,0,0,0,0
"POINT (12.398319839000067 51.352904030000047)",Unfall 135395 (2023) Kat:3, Licht: 0,135395,3,1,0,03,12,2,0,0,0,0,0,0,0,1
"POINT (12.371398729000077 51.344456471000058)",Unfall 135425 (2023) Kat:3, Licht: 0,135425,3,6,2,04,16,7,0,0,0,1,0,0,0,0
"POINT (12.405619848000072 51.320015271000045)",Unfall 135434 (2023) Kat:3, Licht: 0,135434,3,3,5,03,06,6,1,0,1,1,0,0,0,0
"POINT (12.435499986000025 51.393213076000052)",Unfall 135447 (2023) Kat:3, Licht: 0,135447,3,6,2,03,14,5,0,0,0,1,0,0,0,0
"POINT (12.394673094000041 51.410265935000041)",Unfall 135460 (2023) Kat:3, Licht: 0,135460,3,3,5,04,16,2,0,0,0,1,0,0,0,0
"POINT (12.451608431000068 51.279030377000026)",Unfall 135462 (2023) Kat:3, Licht: 0,135462,3,2,2,03,09,4,0,0,0,1,0,0,0,0
"POINT (12.434065493000048 51.355463394000026)",Unfall 135463 (2023) Kat:3, Licht: 0,135463,3,6,2,03,08,4,0,0,0,1,0,0,0,0
"POINT (12.464935933000049 51.307331821000048)",Unfall 135464 (2023) Kat:3, Licht: 2,135464,3,3,5,03,18,4,0,2,1,1,0,0,0,0
"POINT (12.324923086000069 51.338290017000077)",Unfall 135482 (2023) Kat:3, Licht: 2,135482,3,2,5,03,20,3,1,2,1,1,0,0,0,0
"POINT (12.263688815000023 51.275780935000057)",Unfall 135530 (2023) Kat:3, Licht: 0,135530,3,6,2,03,13,6,0,0,0,1,0,0,0,0
"POINT (12.337604714000065 51.335379114000034)",Unfall 135531 (2023) Kat:2, Licht: 0,135531,2,7,0,03,15,6,0,0,0,0,0,0,0,1
"POINT (12.371369624000067 51.344454655000050)",Unfall 135549 (2023) Kat:3, Licht: 0,135549,3,2,2,03,11,5,0,0,0,1,0,0,0,0