WKT,Name,OBJECTID,UKATEGORIE,UTYP1,UART,UMONAT,USTUNDE,UWOCHENTAG,STRZUSTAND,ULICHTVERH,ISTRAD,ISTPKW,ISTFUSS,ISTKRAD,ISTGKFZ,ISTSONSTIG
"POINT (12.378746950000050 51.344641508000052)",Unfall 135578 (2023) Kat:3, Licht: 0,135578,3,4,6,03,09,4,0,0,0,0,1,0,0,1
"POINT (12.378507907000028 51.407787916000075)",Unfall 135584 (2023) Kat:3, Licht: 0,135584,3,6,2,04,09,1,0,0,0,1,0,0,0,0
"POINT (12.371300455000039 51.344448068000077)",Unfall 135612 (2023) Kat:3, Licht: 2,135612,3,2,2,03,18,2,1,2,0,1,0,0,0,0
"POINT (12.390480065000077 51.346989602000065)",Unfall 135613 (2023) Kat:3, Licht: 0,135613,3,2,5,03,08,2,1,0,1,1,0,0,0,0
"POINT (12.342492187000062 51.338467698000045)",Unfall 135631 (2023) Kat:3, Licht: 2,135631,3,7,3,03,05,7,1,2,0,1,0,0,0,1
"POINT (12.357679559000076 51.341810706000047)",Unfall 135679 (2023) Kat:3, Licht: 0,135679,3,2,3,03,13,4,1,0,1,0,0,0,0,1
"POINT (12.353524399000037 51.340889073000028)",Unfall 135682 (2023) Kat:3, Licht: 0,135682,3,4,6,03,10,4,0,0,0,1,1,0,0,0
"POINT (12.407993151000028 51.318038535000028)",Unfall 135705 (2023) Kat:3, Licht: 0,135705,3,2,5,03,07,3,0,0,1,1,0,0,0,0
"POINT (12.391609700000060 51.347638828000072)",Unfall 135717 (2023) Kat:3, Licht: 2,135717,3,6,3,03,21,2,1,2,0,1,0,0,0,0
"POINT (12.376370604000044 51.391639339000051)",Unfall 135720 (2023) Kat:3, Licht: 2,135720,3,2,5,04,00,1,1,2,0,1,0,0,0,0
"POINT (12.343543410000052 51.393992334000075)",Unfall 135732 (2023) Kat:3, Licht: 0,135732,3,2,3,03,08,6,0,0,0,1,0,1,0,0
"POINT (12.424701148000054 51.304753029000040)",Unfall 135746 (2023) Kat:3, Licht: 0,135746,3,2,5,03,14,7,0,0,1,1,0,0,0,0
"POINT (12.403143652000040 51.350669626000069)",Unfall 135747 (2023) Kat:3, Licht: 0,135747,3,6,3,03,15,7,0,0,0,1,0,0,0,0
"POINT (12.380966454000031 51.343902817000071)",Unfall 135757 (2023) Kat:3, Licht: 2,135757,3,3,5,03,23,6,0,2,1,1,0,0,0,0
"POINT (12.380793999000048 51.343974100000082)",Unfall 135760 (2023) Kat:3, Licht: 0,135760,3,3,5,03,13,6,0,0,1,1,0,0,0,0
"POINT (12.376578844000051 51.408292313000061)",Unfall 135792 (2023) Kat:3, Licht: 0,135792,3,1,9,03,13,4,0,0,0,0,0,0,1,0
"POINT (12.254650435000030 51.281158949000030)",Unfall 135793 (2023) Kat:3, Licht: 0,135793,3,3,5,03,07,4,0,0,0,1,0,0,0,0
"POINT (12.277821546000041 51.319005581000056)",Unfall 135794 (2023) Kat:3, Licht: 0,135794,3,2,2,03,14,4,0,0,0,1,0,0,0,0
"POINT (12.391939379000064 51.346484644000043)",Unfall 135805 (2023) Kat:3, Licht: 0,135805,3,6,2,02,11,3,0,0,0,1,0,0,0,0
"POINT (12.364953662000062 51.343119448000039)",Unfall 135808 (2023) Kat:3, Licht: 0,135808,3,7,0,02,15,3,0,0,0,0,0,0,0,1
"POINT (12.367864771000029 51.343866019000075)",Unfall 135818 (2023) Kat:2, Licht: 0,135818,2,1,0,02,12,2,0,0,1,0,0,0,0,0
"POINT (12.394488175000049 51.337088501000039)",Unfall 135819 (2023) Kat:3, Licht: 0,135819,3,6,2,02,09,2,0,0,0,1,0,0,0,1
"POINT (12.392451887000050 51.345250789000033)",Unfall 135820 (2023) Kat:3, Licht: 0,135820,3,6,2,02,11,2,0,0,0,1,0,0,0,0
"POINT (12.377010540000072 51.344505133000041)",Unfall 135821 (2023) Kat:3, Licht: 0,135821,3,3,0,02,16,2,0,0,0,1,0,0,0,1
"POINT (12.392478291000032 51.345224414000029)",Unfall 135823 (2023) Kat:3, Licht: 0,135823,3,6,2,02,11,2,0,0,0,1,0,0,0,1
"POINT (12.298554713000044 51.338521739000043)",Unfall 135826 (2023) Kat:3, Licht: 0,135826,3,3,5,05,11,5,0,0,1,1,0,0,0,0
"POINT (12.350926634000075 51.340595907000079)",Unfall 135849 (2023) Kat:3, Licht: 2,135849,3,7,6,02,18,7,1,2,1,0,1,0,0,0
"POINT (12.380569471000058 51.344066908000059)",Unfall 135875 (2023) Kat:3, Licht: 2,135875,3,7,0,02,19,5,1,2,0,0,1,0,0,1
"POINT (12.405270086000030 51.320014286000060)",Unfall 135876 (2023) Kat:3, Licht: 1,135876,3,7,0,02,17,5,1,1,0,0,0,1,0,0
"POINT (12.285602188000041 51.330845290000070)",Unfall 135877 (2023) Kat:3, Licht: 2,135877,3,1,0,02,00,5,0,2,1,0,0,0,0,0
"POINT (12.323288975000025 51.414786156000048)",Unfall 135879 (2023) Kat:3, Licht: 2,135879,3,7,8,03,20,4,0,2,0,1,0,0,0,0
"POINT (12.323833234000062 51.379415362000032)",Unfall 135880 (2023) Kat:3, Licht: 0,135880,3,6,2,02,15,5,0,0,0,1,0,0,0,0
"POINT (12.465356804000066 51.371547039000063)",Unfall 135881 (2023) Kat:2, Licht: 2,135881,2,6,3,02,05,5,0,2,0,1,0,0,1,1
"POINT (12.392690145000074 51.334037464000062)",Unfall 135888 (2023) Kat:3, Licht: 0,135888,3,3,5,02,09,4,0,0,1,0,0,0,1,0
"POINT (12.515878436000037 51.323970397000039)",Unfall 135889 (2023) Kat:3, Licht: 0,135889,3,6,3,02,12,4,0,0,0,1,0,0,0,0
"POINT (12.377693351000062 51.375860896000063)",Unfall 135891 (2023) Kat:3, Licht: 0,135891,3,3,5,02,16,4,0,0,1,1,0,0,0,0
"POINT (12.388379728000075 51.346263386000032)",Unfall 135914 (2023) Kat:3, Licht: 0,135914,3,2,5,02,13,2,0,0,1,1,0,0,0,0
"POINT (12.449175193000031 51.287873977000061)",Unfall 135935 (2023) Kat:3, Licht: 2,135935,3,1,0,02,00,7,1,2,1,0,0,0,0,0
"POINT (12.484034224000027 51.299557873000026)",Unfall 135936 (2023) Kat:3, Licht: 0,135936,3,1,8,04,17,7,1,0,0,1,0,0,0,0
"POINT (12.263975030000040 51.316513965000070)",Unfall 135937 (2023) Kat:2, Licht: 0,135937,2,3,5,02,12,7,0,0,1,1,0,0,0,0
"POINT (12.261605692000046 51.316161111000042)",Unfall 135956 (2023) Kat:3, Licht: 0,135956,3,2,5,02,13,5,0,0,0,1,0,0,0,0
"POINT (12.454367046000073 51.350277665000078)",Unfall 135988 (2023) Kat:3, Licht: 0,135988,3,2,5,02,15,3,0,0,1,1,0,0,0,0
"POINT (12.372297121000031 51.344075510000039)",Unfall 135995 (2023) Kat:3, Licht: 0,135995,3,4,6,02,16,2,0,0,0,0,1,0,0,1
"POINT (12.515471668000032 51.324239636000073)",Unfall 136000 (2023) Kat:3, Licht: 0,136000,3,6,3,02,14,4,0,0,0,1,0,0,1,0
"POINT (12.389895500000023 51.346561302000055)",Unfall 136004 (2023) Kat:3, Licht: 2,136004,3,3,5,02,18,1,1,2,1,1,0,0,0,0
"POINT (12.464523767000060 51.305655286000047)",Unfall 136005 (2023) Kat:3, Licht: 0,136005,3,3,5,02,11,1,1,0,0,1,0,0,0,0
"POINT (12.392950743000029 51.334569673000033)",Unfall 136025 (2023) Kat:3, Licht: 0,136025,3,6,2,02,10,6,0,0,0,1,0,0,0,1
"POINT (12.330097141000067 51.335740321000060)",Unfall 136027 (2023) Kat:3, Licht: 0,136027,3,2,2,02,10,6,0,0,0,1,0,0,0,0
"POINT (12.279288404000056 51.414660988000037)",Unfall 136028 (2023) Kat:3, Licht: 2,136028,3,3,5,02,23,6,0,2,0,1,0,0,0,1
"POINT (12.339810098000044 51.335327880000079)",Unfall 136034 (2023) Kat:3, Licht: 0,136034,3,4,6,02,12,5,0,0,0,1,1,0,0,0
"POINT (12.399354741000025 51.363543480000033)",Unfall 136036 (2023) Kat:3, Licht: 1,136036,3,6,2,02,17,5,0,1,0,1,0,0,0,0
"POINT (12.392402543000060 51.405013764000046)",Unfall 136038 (2023) Kat:3, Licht: 0,136038,3,3,5,02,13,5,0,0,0,1,0,0,1,0
"POINT (12.460857186000055 51.367229625000050)",Unfall 136039 (2023) Kat:3, Licht: 2,136039,3,2,5,02,18,5,0,2,0,1,0,0,0,1
"POINT (12.362761657000021 51.314252722000049)",Unfall 136071 (2023) Kat:3, Licht: 0,136071,3,3,5,02,09,3,0,0,1,1,0,0,0,0
"POINT (12.383513436000044 51.343451835000053)",Unfall 136074 (2023) Kat:3, Licht: 0,136074,3,3,5,03,13,1,1,0,0,1,0,0,0,0
"POINT (12.375533935000021 51.392427258000055)",Unfall 136080 (2023) Kat:3, Licht: 0,136080,3,6,3,04,06,4,0,0,0,1,0,0,0,1
"POINT (12.429639486000042 51.286177707000036)",Unfall 136090 (2023) Kat:3, Licht: 0,136090,3,1,3,02,09,2,1,0,1,1,0,0,0,0
"POINT (12.344871676000025 51.339189905000069)",Unfall 136091 (2023) Kat:3, Licht: 0,136091,3,3,5,02,15,2,1,0,1,1,0,0,0,0
"POINT (12.362347987000021 51.342593156000078)",Unfall 136116 (2023) Kat:3, Licht: 2,136116,3,4,6,02,00,1,1,2,0,1,1,0,0,0
"POINT (12.281156335000048 51.383417737000059)",Unfall 136131 (2023) Kat:3, Licht: 2,136131,3,2,5,02,05,6,1,2,0,1,0,0,0,0
"POINT (12.508714247000057 51.339888698000038)",Unfall 136132 (2023) Kat:3, Licht: 0,136132,3,6,2,02,15,6,0,0,0,1,0,0,0,0
"POINT (12.404529458000070 51.320742810000070)",Unfall 136133 (2023) Kat:3, Licht: 0,136133,3,4,6,02,15,6,1,0,1,0,1,0,0,0
"POINT (12.399949843000059 51.361441839000065)",Unfall 136150 (2023) Kat:3, Licht: 0,136150,3,6,2,02,14,5,0,0,0,1,0,0,0,0
"POINT (12.263211638000030 51.276168215000041)",Unfall 136151 (2023) Kat:3, Licht: 0,136151,3,2,2,02,13,5,1,0,0,1,0,0,0,0
"POINT (12.392716873000040 51.333978459000036)",Unfall 136172 (2023) Kat:3, Licht: 0,136172,3,4,6,02,10,4,1,0,0,1,1,0,0,0
"POINT (12.253493307000042 51.346892793000052)",Unfall 136174 (2023) Kat:3, Licht: 0,136174,3,1,8,02,07,4,0,0,0,1,0,0,0,0
"POINT (12.391957686000069 51.346441799000047)",Unfall 136195 (2023) Kat:3, Licht: 0,136195,3,2,5,01,15,3,1,0,1,1,0,0,0,0
"POINT (12.426428878000024 51.351817731000040)",Unfall 136196 (2023) Kat:3, Licht: 0,136196,3,6,2,01,12,3,1,0,0,1,0,0,0,0
"POINT (12.363860412000065 51.311899443000073)",Unfall 136211 (2023) Kat:3, Licht: 0,136211,3,6,3,01,07,2,1,0,0,1,0,0,0,0
"POINT (12.395168691000038 51.332249355000044)",Unfall 136212 (2023) Kat:3, Licht: 0,136212,3,6,2,01,15,2,1,0,0,1,0,0,0,0
"POINT (12.399367724000058 51.363465529000052)",Unfall 136213 (2023) Kat:2, Licht: 2,136213,2,2,5,01,20,2,1,2,0,1,0,0,0,0
"POINT (12.393984324000030 51.409158362000028)",Unfall 136240 (2023) Kat:3, Licht: 0,136240,3,6,3,01,12,6,1,0,0,1,0,0,0,0
"POINT (12.422548023000047 51.306788746000052)",Unfall 136283 (2023) Kat:3, Licht: 0,136283,3,4,6,01,15,4,0,0,0,0,1,1,0,0
"POINT (12.397393795000028 51.369587949000049)",Unfall 136288 (2023) Kat:3, Licht: 0,136288,3,3,5,01,13,3,0,0,0,1,0,0,0,1
"POINT (12.365066135000063 51.376148228000034)",Unfall 136322 (2023) Kat:2, Licht: 0,136322,2,2,5,05,09,4,0,0,0,1,0,1,0,0
"POINT (12.346161750000022 51.297466720000045)",Unfall 136323 (2023) Kat:3, Licht: 2,136323,3,1,8,01,04,7,0,2,0,1,0,0,0,0
"POINT (12.378474455000060 51.344639803000064)",Unfall 136370 (2023) Kat:3, Licht: 0,136370,3,3,5,01,09,5,0,0,0,1,0,0,0,1
"POINT (12.399834822000059 51.362052348000077)",Unfall 136371 (2023) Kat:1, Licht: 0,136371,1,2,5,01,09,5,1,0,1,0,0,0,1,0
"POINT (12.443997422000052 51.360070487000030)",Unfall 136453 (2023) Kat:3, Licht: 0,136453,3,2,5,01,07,3,0,0,1,1,0,0,0,0
"POINT (12.334777654000050 51.335794726000074)",Unfall 136469 (2023) Kat:3, Licht: 0,136469,3,6,2,01,14,2,0,0,0,1,0,0,0,0
"POINT (12.394566638000072 51.354798147000054)",Unfall 136492 (2023) Kat:3, Licht: 0,136492,3,6,2,01,12,1,0,0,0,1,0,0,0,1
"POINT (12.263519014000053 51.340725394000060)",Unfall 136493 (2023) Kat:2, Licht: 2,136493,2,1,7,01,05,1,1,2,0,1,0,0,0,0
"POINT (12.313617912000041 51.382697394000047)",Unfall 136549 (2023) Kat:3, Licht: 2,136549,3,6,2,01,21,4,1,2,0,1,0,1,0,0
"POINT (12.384396805000051 51.394050504000063)",Unfall 136571 (2023) Kat:3, Licht: 0,136571,3,2,3,01,10,3,0,0,0,1,0,0,0,0
"POINT (12.380606445000069 51.421448418000068)",Unfall 136574 (2023) Kat:2, Licht: 2,136574,2,3,5,01,20,3,1,2,0,1,0,0,0,0
"POINT (12.461203382000065 51.367352906000065)",Unfall 136592 (2023) Kat:3, Licht: 2,136592,3,2,6,01,06,2,1,2,0,1,1,0,0,0
"POINT (12.432930156000054 51.351211821000049)",Unfall 136621 (2023) Kat:3, Licht: 0,136621,3,5,3,01,14,6,1,0,0,1,0,0,0,0
"POINT (12.395339243000024 51.332140335000076)",Unfall 136639 (2023) Kat:3, Licht: 2,136639,3,2,2,01,21,5,1,2,0,1,0,0,0,0
"POINT (12.275618116000032 51.345054538000056)",Unfall 136641 (2023) Kat:2, Licht: 0,136641,2,1,8,01,12,5,1,0,0,1,0,0,0,0
"POINT (12.427979835000031 51.302592836000031)",Unfall 136643 (2023) Kat:3, Licht: 2,136643,3,6,3,01,16,5,1,2,1,0,0,1,0,0
"POINT (12.394417552000050 51.336761026000033)",Unfall 136645 (2023) Kat:2, Licht: 2,136645,2,2,6,01,07,5,0,2,0,1,1,0,0,0
"POINT (12.411764841000036 51.314593417000026)",Unfall 136677 (2023) Kat:3, Licht: 0,136677,3,7,0,01,10,3,0,0,1,1,0,0,0,0
"POINT (12.491548575000024 51.357016076000036)",Unfall 136678 (2023) Kat:2, Licht: 0,136678,2,6,3,01,13,3,0,0,0,1,0,0,0,1
"POINT (12.266166778000070 51.316831754000077)",Unfall 136691 (2023) Kat:3, Licht: 0,136691,3,6,1,03,14,1,1,0,0,1,0,0,0,0
"POINT (12.437485011000035 51.350973390000036)",Unfall 136695 (2023) Kat:3, Licht: 2,136695,3,6,2,01,17,2,0,2,0,1,0,0,0,0
"POINT (12.371101389000046 51.395930570000075)",Unfall 136714 (2023) Kat:2, Licht: 1,136714,2,4,6,01,16,7,0,1,0,1,1,0,0,0
"POINT (12.405957966000074 51.313914969000052)",Unfall 136746 (2023) Kat:3, Licht: 0,136746,3,3,5,01,11,7,0,0,1,1,0,0,0,0
"POINT (12.424705373000052 51.304598549000048)",Unfall 136885 (2023) Kat:3, Licht: 0,136885,3,2,5,05,16,4,0,0,1,1,0,0,0,0
"POINT (12.390803408000068 51.376244102000044)",Unfall 137051 (2023) Kat:3, Licht: 0,137051,3,2,2,03,06,5,0,0,0,1,0,0,0,0
"POINT (12.437280359000056 51.296132747000058)",Unfall 137208 (2023) Kat:3, Licht: 2,137208,3,1,0,03,23,7,1,2,0,0,0,0,0,1
"POINT (12.273211456000070 51.244790749000060)",Unfall 137382 (2023) Kat:2, Licht: 0,137382,2,7,4,08,16,6,1,0,0,1,0,0,1,0
"POINT (12.407977640000070 51.318051573000048)",Unfall 137408 (2023) Kat:3, Licht: 0,137408,3,2,3,08,10,5,0,0,1,1,0,0,0,0
"POINT (12.280970122000042 51.344574206000061)",Unfall 137423 (2023) Kat:3, Licht: 0,137423,3,6,2,08,15,4,0,0,0,1,0,0,0,1
"POINT (12.378237672000068 51.375844960000052)",Unfall 137425 (2023) Kat:3, Licht: 0,137425,3,2,5,08,09,4,0,0,0,1,0,0,0,0
"POINT (12.392106089000038 51.346428617000072)",Unfall 137449 (2023) Kat:3, Licht: 0,137449,3,2,2,08,12,2,0,0,0,1,1,0,0,0
"POINT (12.480815941000060 51.332850125000050)",Unfall 137450 (2023) Kat:3, Licht: 0,137450,3,3,5,08,09,2,0,0,1,1,0,0,0,0
"POINT (12.383159687000045 51.343622969000080)",Unfall 137468 (2023) Kat:3, Licht: 0,137468,3,3,5,08,19,1,0,0,1,1,0,0,0,0
"POINT (12.342507319000049 51.338527810000073)",Unfall 137519 (2023) Kat:2, Licht: 0,137519,2,2,3,08,07,4,0,0,1,1,0,0,0,0
"POINT (12.447131865000074 51.350265925000031)",Unfall 137520 (2023) Kat:3, Licht: 0,137520,3,2,5,08,16,4,1,0,1,1,0,0,0,0
"POINT (12.370851607000077 51.344101787000056)",Unfall 137532 (2023) Kat:3, Licht: 0,137532,3,6,3,08,15,3,0,0,1,0,0,0,0,0
"POINT (12.389898737000067 51.346561337000026)",Unfall 137558 (2023) Kat:3, Licht: 0,137558,3,3,5,07,15,2,0,0,1,1,0,0,0,0
"POINT (12.389921151000067 51.346561577000045)",Unfall 137591 (2023) Kat:3, Licht: 2,137591,3,3,5,07,21,7,0,2,1,1,0,0,0,0
"POINT (12.422216879000075 51.351669161000075)",Unfall 137592 (2023) Kat:3, Licht: 0,137592,3,6,2,07,11,7,0,0,0,1,0,0,0,0
"POINT (12.465634555000065 51.286854691000030)",Unfall 137594 (2023) Kat:2, Licht: 2,137594,2,1,6,07,21,7,0,2,0,1,1,0,0,0
"POINT (12.449065165000036 51.288013250000063)",Unfall 137607 (2023) Kat:2, Licht: 0,137607,2,1,4,07,15,6,0,0,0,1,0,0,0,0
"POINT (12.394443891000037 51.354679109000074)",Unfall 137627 (2023) Kat:3, Licht: 2,137627,3,3,5,07,00,5,0,2,1,1,0,0,0,0
"POINT (12.370807447000061 51.344103209000082)",Unfall 137704 (2023) Kat:3, Licht: 2,137704,3,6,0,07,00,7,0,2,1,0,0,0,0,0
"POINT (12.390317040000070 51.346880231000057)",Unfall 137740 (2023) Kat:3, Licht: 2,137740,3,3,2,07,21,5,0,2,0,1,0,1,0,0
"POINT (12.261719436000021 51.316177607000043)",Unfall 137763 (2023) Kat:2, Licht: 0,137763,2,4,6,07,08,4,0,0,0,1,1,0,0,0
"POINT (12.322365929000057 51.299844335000046)",Unfall 137780 (2023) Kat:3, Licht: 0,137780,3,7,1,07,14,3,0,0,0,1,0,0,0,0
"POINT (12.330191939000031 51.335707745000036)",Unfall 137781 (2023) Kat:2, Licht: 0,137781,2,3,5,07,18,3,0,0,1,0,0,0,0,0
"POINT (12.398180751000041 51.367009506000045)",Unfall 137785 (2023) Kat:3, Licht: 0,137785,3,7,5,07,10,3,0,0,0,1,0,0,0,0
"POINT (12.261692915000026 51.316173760000027)",Unfall 137808 (2023) Kat:3, Licht: 0,137808,3,2,5,07,16,2,0,0,1,1,0,0,0,0
"POINT (12.256589026000029 51.261461649000069)",Unfall 137809 (2023) Kat:1, Licht: 0,137809,1,7,1,07,13,2,0,0,0,0,0,0,1,0
"POINT (12.403640137000025 51.321744355000078)",Unfall 137827 (2023) Kat:3, Licht: 0,137827,3,6,1,07,11,1,0,0,0,1,0,0,0,0
"POINT (12.261721842000043 51.316177955000057)",Unfall 137839 (2023) Kat:3, Licht: 0,137839,3,3,5,07,19,7,0,0,1,1,0,0,0,0
"POINT (12.426461885000037 51.351808085000073)",Unfall 137866 (2023) Kat:3, Licht: 0,137866,3,2,5,07,10,6,0,0,1,1,0,0,0,0
"POINT (12.424667619000047 51.304620229000079)",Unfall 137884 (2023) Kat:2, Licht: 2,137884,2,1,8,07,22,5,0,2,0,0,0,1,0,0
"POINT (12.370902775000047 51.396099702000072)",Unfall 137900 (2023) Kat:3, Licht: 0,137900,3,3,5,07,11,4,0,0,0,1,0,1,0,0
"POINT (12.286561730000074 51.381785814000068)",Unfall 137901 (2023) Kat:3, Licht: 1,137901,3,6,6,08,22,7,0,1,0,1,1,0,0,0
"POINT (12.357707979000054 51.341815408000059)",Unfall 137905 (2023) Kat:3, Licht: 0,137905,3,2,5,07,13,4,0,0,1,1,0,0,0,0
"POINT (12.426338390000069 51.351855801000056)",Unfall 137917 (2023) Kat:3, Licht: 0,137917,3,6,2,07,07,3,0,0,0,1,0,0,0,0
"POINT (12.396049530000028 51.415479753000056)",Unfall 137936 (2023) Kat:3, Licht: 0,137936,3,7,5,07,13,6,0,0,0,1,0,0,0,0
"POINT (12.298230323000041 51.338150802000030)",Unfall 137964 (2023) Kat:3, Licht: 0,137964,3,6,2,07,09,7,0,0,0,1,0,0,0,0
"POINT (12.392699110000024 51.348538786000063)",Unfall 137965 (2023) Kat:3, Licht: 0,137965,3,6,0,07,15,7,0,0,1,1,0,0,0,0
"POINT (12.390459975000056 51.346976123000047)",Unfall 137985 (2023) Kat:3, Licht: 0,137985,3,1,0,07,12,6,0,0,1,0,0,0,0,0
"POINT (12.466519265000045 51.369414610000035)",Unfall 138010 (2023) Kat:3, Licht: 0,138010,3,6,2,07,07,5,0,0,0,1,0,0,0,0
"POINT (12.403511134000041 51.350575638000066)",Unfall 138011 (2023) Kat:3, Licht: 0,138011,3,1,9,07,11,5,0,0,0,1,0,0,0,0
"POINT (12.465429976000053 51.368883234000066)",Unfall 138028 (2023) Kat:2, Licht: 0,138028,2,1,0,07,17,4,0,0,1,0,0,0,0,0
"POINT (12.394882886000062 51.338849465000067)",Unfall 138035 (2023) Kat:3, Licht: 0,138035,3,6,2,07,19,4,0,0,0,1,0,0,0,0
"POINT (12.380108394000047 51.343824511000037)",Unfall 138057 (2023) Kat:2, Licht: 0,138057,2,4,6,07,11,3,0,0,0,0,1,0,0,1
"POINT (12.344929484000033 51.375176062000037)",Unfall 138058 (2023) Kat:3, Licht: 0,138058,3,7,0,07,20,3,0,0,1,0,0,0,0,0
"POINT (12.413563016000069 51.313387869000053)",Unfall 138095 (2023) Kat:3, Licht: 0,138095,3,6,3,07,15,2,0,0,1,0,0,0,0,0
"POINT (12.443896742000049 51.291497965000076)",Unfall 138148 (2023) Kat:3, Licht: 0,138148,3,2,5,06,14,6,1,0,1,0,0,0,0,1
"POINT (12.371369624000067 51.344454655000050)",Unfall 138149 (2023) Kat:3, Licht: 0,138149,3,6,3,06,10,6,1,0,0,1,0,0,0,1
"POINT (12.377296825000030 51.344536108000057)",Unfall 138178 (2023) Kat:3, Licht: 0,138178,3,3,5,06,19,5,0,0,0,1,0,0,0,1
"POINT (12.446997139000075 51.350385375000030)",Unfall 138195 (2023) Kat:2, Licht: 0,138195,2,3,5,06,05,4,0,0,1,1,0,0,0,0
"POINT (12.394175000000075 51.314538924000033)",Unfall 138196 (2023) Kat:3, Licht: 0,138196,3,2,5,07,12,1,0,0,0,1,0,0,0,0
"POINT (12.394078432000072 51.351193125000066)",Unfall 138221 (2023) Kat:3, Licht: 0,138221,3,6,2,06,16,3,0,0,0,1,0,0,0,0
"POINT (12.275095815000043 51.323202803000072)",Unfall 138241 (2023) Kat:2, Licht: 0,138241,2,2,5,06,08,2,0,0,1,1,0,0,0,0
"POINT (12.486027768000042 51.359905544000071)",Unfall 138257 (2023) Kat:3, Licht: 0,138257,3,6,2,06,18,1,0,0,0,1,0,0,0,0
"POINT (12.381178802000022 51.343815043000063)",Unfall 138275 (2023) Kat:3, Licht: 2,138275,3,7,0,06,02,7,0,2,0,0,0,0,0,1
"POINT (12.350768897000023 51.340560532000040)",Unfall 138276 (2023) Kat:3, Licht: 0,138276,3,6,3,06,18,7,0,0,1,1,0,0,0,0
"POINT (12.373540071000036 51.344090203000064)",Unfall 138310 (2023) Kat:3, Licht: 1,138310,3,3,5,06,23,5,1,1,1,1,0,0,0,0
"POINT (12.266221908000034 51.328756670000075)",Unfall 138311 (2023) Kat:3, Licht: 0,138311,3,1,8,06,08,5,0,0,0,1,0,0,0,0
"POINT (12.374066007000067 51.393661195000050)",Unfall 138313 (2023) Kat:3, Licht: 0,138313,3,6,2,06,07,5,0,0,0,1,0,0,0,0
"POINT (12.344980788000044 51.339213503000053)",Unfall 138314 (2023) Kat:3, Licht: 0,138314,3,6,2,06,17,5,0,0,0,1,0,0,0,0
"POINT (12.464515253000059 51.368690611000034)",Unfall 138360 (2023) Kat:3, Licht: 0,138360,3,1,7,06,15,3,0,0,1,0,0,0,0,0
"POINT (12.394848918000037 51.342743336000069)",Unfall 138362 (2023) Kat:3, Licht: 0,138362,3,3,5,06,17,3,0,0,0,1,0,0,0,0
"POINT (12.265149478000069 51.326266015000044)",Unfall 138376 (2023) Kat:3, Licht: 0,138376,3,1,0,06,17,6,0,0,0,1,0,1,0,0
"POINT (12.368548776000068 51.314670788000058)",Unfall 138389 (2023) Kat:2, Licht: 0,138389,2,7,0,06,07,6,0,0,1,0,0,0,0,0
"POINT (12.327252431000034 51.298548880000055)",Unfall 138404 (2023) Kat:3, Licht: 0,138404,3,7,2,07,10,6,0,0,0,0,0,1,1,0
"POINT (12.473643254000024 51.351535300000080)",Unfall 138414 (2023) Kat:3, Licht: 1,138414,3,3,5,06,20,1,0,1,0,1,0,0,0,0
"POINT (12.387268331000030 51.404891086000077)",Unfall 138415 (2023) Kat:2, Licht: 2,138415,2,1,9,06,20,1,0,2,0,0,0,1,0,0
"POINT (12.250219028000060 51.346912016000033)",Unfall 138416 (2023) Kat:2, Licht: 0,138416,2,6,4,06,14,1,0,0,0,1,0,0,0,0
"POINT (12.339934349000032 51.335340688000031)",Unfall 138435 (2023) Kat:2, Licht: 2,138435,2,3,5,06,23,7,0,2,1,0,0,0,0,0
"POINT (12.383534111000074 51.343492635000075)",Unfall 138449 (2023) Kat:2, Licht: 0,138449,2,3,5,06,16,6,0,0,1,1,0,0,0,0
"POINT (12.387640831000056 51.403436830000032)",Unfall 138450 (2023) Kat:3, Licht: 0,138450,3,1,9,06,13,6,1,0,0,1,0,0,0,0
"POINT (12.378891683000063 51.407881843000041)",Unfall 138451 (2023) Kat:3, Licht: 0,138451,3,6,3,06,14,6,0,0,0,1,0,0,0,0
"POINT (12.397987940000064 51.329964815000039)",Unfall 138452 (2023) Kat:3, Licht: 0,138452,3,3,5,06,15,6,0,0,1,1,0,0,0,0
"POINT (12.457794823000029 51.350461485000039)",Unfall 138479 (2023) Kat:3, Licht: 0,138479,3,6,2,06,11,5,0,0,0,1,0,0,0,0
"POINT (12.383503579000035 51.343432382000060)",Unfall 138498 (2023) Kat:2, Licht: 0,138498,2,3,5,06,06,4,0,0,1,1,0,0,0,0
"POINT (12.430522829000040 51.351364420000039)",Unfall 138547 (2023) Kat:3, Licht: 0,138547,3,2,5,06,18,2,0,0,1,0,0,0,0,1
"POINT (12.265072448000069 51.345999157000051)",Unfall 138552 (2023) Kat:3, Licht: 0,138552,3,6,2,06,15,2,0,0,0,1,0,0,0,0
"POINT (12.247314442000061 51.318156981000072)",Unfall 138574 (2023) Kat:3, Licht: 0,138574,3,3,5,06,14,1,0,0,1,0,0,0,0,1
"POINT (12.460857186000055 51.367229625000050)",Unfall 138576 (2023) Kat:3, Licht: 0,138576,3,2,5,06,17,1,0,0,1,1,0,0,0,0
"POINT (12.387640808000072 51.403441593000082)",Unfall 138600 (2023) Kat:3, Licht: 0,138600,3,6,3,06,21,7,0,0,0,0,0,1,0,1
"POINT (12.397362846000021 51.369987731000037)",Unfall 138601 (2023) Kat:3, Licht: 0,138601,3,2,2,06,15,7,1,0,0,1,0,0,0,0