WKT,Name,OBJECTID,UKATEGORIE,UTYP1,UART,UMONAT,USTUNDE,UWOCHENTAG,STRZUSTAND,ULICHTVERH,ISTRAD,ISTPKW,ISTFUSS,ISTKRAD,ISTGKFZ,ISTSONSTIG
"POINT (12.401537863000044 51.324107063000042)",Unfall 138620 (2023) Kat:3, Licht: 1,138620,3,6,3,06,21,6,0,1,1,0,0,0,0,0
"POINT (12.451406799000040 51.363734152000063)",Unfall 138621 (2023) Kat:3, Licht: 0,138621,3,2,2,06,06,6,0,0,0,1,0,0,0,0
"POINT (12.274567609000030 51.397569394000072)",Unfall 138622 (2023) Kat:3, Licht: 0,138622,3,6,2,06,15,6,0,0,0,1,0,0,0,1
"POINT (12.399957263000033 51.327589741000054)",Unfall 138623 (2023) Kat:3, Licht: 0,138623,3,3,5,06,14,6,0,0,1,0,0,0,0,1
"POINT (12.371144547000029 51.344433017000028)",Unfall 138648 (2023) Kat:3, Licht: 0,138648,3,2,5,06,10,5,0,0,1,1,0,0,0,0
"POINT (12.298539080000069 51.338503863000028)",Unfall 138650 (2023) Kat:3, Licht: 0,138650,3,6,2,06,15,5,0,0,0,1,0,0,0,0
"POINT (12.451366541000027 51.363715057000036)",Unfall 138652 (2023) Kat:3, Licht: 0,138652,3,2,5,06,14,5,0,0,1,1,0,0,0,0
"POINT (12.403109392000033 51.322711946000027)",Unfall 138653 (2023) Kat:3, Licht: 0,138653,3,6,0,06,12,5,1,0,0,1,0,1,0,0
"POINT (12.484730830000046 51.267356907000078)",Unfall 138681 (2023) Kat:3, Licht: 2,138681,3,1,8,06,23,4,0,2,0,1,0,0,0,0
"POINT (12.247325562000071 51.318159307000030)",Unfall 138713 (2023) Kat:3, Licht: 0,138713,3,2,2,08,16,4,0,0,0,1,0,0,0,0
"POINT (12.322635684000034 51.374923406000050)",Unfall 138718 (2023) Kat:2, Licht: 0,138718,2,2,5,06,17,3,0,0,0,1,0,1,0,0
"POINT (12.344940889000043 51.375176037000074)",Unfall 138736 (2023) Kat:3, Licht: 0,138736,3,2,5,06,18,2,0,0,1,1,0,0,0,0
"POINT (12.399672126000041 51.362064052000051)",Unfall 138737 (2023) Kat:3, Licht: 0,138737,3,6,2,06,16,2,0,0,0,1,0,1,0,0
"POINT (12.424526035000042 51.304690609000033)",Unfall 138790 (2023) Kat:3, Licht: 0,138790,3,6,2,06,15,7,0,0,0,1,0,0,0,0
"POINT (12.364719953000076 51.343133943000055)",Unfall 138792 (2023) Kat:3, Licht: 1,138792,3,2,2,06,20,7,0,1,1,1,0,0,0,0
"POINT (12.368348686000047 51.314661804000082)",Unfall 138814 (2023) Kat:2, Licht: 1,138814,2,2,5,07,05,2,0,1,0,1,0,0,0,1
"POINT (12.401239949000058 51.324984978000032)",Unfall 138844 (2023) Kat:3, Licht: 0,138844,3,6,2,06,16,5,0,0,0,1,1,1,0,0
"POINT (12.261515033000023 51.316146872000047)",Unfall 138851 (2023) Kat:2, Licht: 0,138851,2,2,5,06,10,5,0,0,1,0,0,0,1,0
"POINT (12.378213105000043 51.375845679000065)",Unfall 138852 (2023) Kat:3, Licht: 0,138852,3,2,5,06,07,5,0,0,0,1,0,0,0,0
"POINT (12.461216678000028 51.367357698000035)",Unfall 138900 (2023) Kat:2, Licht: 0,138900,2,3,5,06,14,4,0,0,1,1,0,0,0,0
"POINT (12.394101976000059 51.351171985000065)",Unfall 138926 (2023) Kat:3, Licht: 0,138926,3,6,2,07,12,2,0,0,0,1,0,0,0,0
"POINT (12.389970189000053 51.346591177000050)",Unfall 138927 (2023) Kat:3, Licht: 0,138927,3,2,2,05,08,3,0,0,0,1,0,0,0,0
"POINT (12.426728838000031 51.303600563000032)",Unfall 138929 (2023) Kat:3, Licht: 0,138929,3,3,5,05,19,3,0,0,1,1,0,0,0,0
"POINT (12.410279558000070 51.314684049000050)",Unfall 138948 (2023) Kat:3, Licht: 0,138948,3,1,4,05,19,2,0,0,1,1,0,0,0,0
"POINT (12.406604111000036 51.314097529000037)",Unfall 138949 (2023) Kat:3, Licht: 2,138949,3,3,5,05,00,2,0,2,0,1,0,1,0,0
"POINT (12.381624904000034 51.343356695000068)",Unfall 138950 (2023) Kat:2, Licht: 0,138950,2,3,5,05,14,2,0,0,0,0,0,0,1,1
"POINT (12.277703430000031 51.319049140000061)",Unfall 138968 (2023) Kat:2, Licht: 0,138968,2,1,0,06,11,2,0,0,1,0,0,0,0,0
"POINT (12.389899354000022 51.346561344000065)",Unfall 139004 (2023) Kat:3, Licht: 2,139004,3,7,1,05,00,7,0,2,1,1,0,0,0,0
"POINT (12.256693306000045 51.369618211000045)",Unfall 139005 (2023) Kat:3, Licht: 0,139005,3,1,0,05,15,7,0,0,0,0,0,1,0,0
"POINT (12.427674932000059 51.351555853000036)",Unfall 139006 (2023) Kat:3, Licht: 0,139006,3,1,8,05,19,7,0,0,0,0,0,0,0,1
"POINT (12.345366287000047 51.339184424000052)",Unfall 139028 (2023) Kat:3, Licht: 0,139028,3,6,2,05,18,6,0,0,0,1,0,0,0,0
"POINT (12.386816286000055 51.345661030000031)",Unfall 139031 (2023) Kat:2, Licht: 0,139031,2,6,2,05,12,6,0,0,0,1,0,1,0,0
"POINT (12.412741727000025 51.399712080000029)",Unfall 139092 (2023) Kat:3, Licht: 0,139092,3,6,3,05,07,4,0,0,0,1,0,0,0,0
"POINT (12.394404916000042 51.336730196000076)",Unfall 139110 (2023) Kat:3, Licht: 0,139110,3,3,5,05,12,3,0,0,1,1,0,0,0,0
"POINT (12.353551202000062 51.341184040000030)",Unfall 139140 (2023) Kat:2, Licht: 0,139140,2,1,0,07,20,6,1,0,0,0,0,1,0,0
"POINT (12.325368388000072 51.386917098000026)",Unfall 139141 (2023) Kat:3, Licht: 0,139141,3,6,4,05,07,2,0,0,1,0,0,0,0,0
"POINT (12.391930033000051 51.346506519000059)",Unfall 139162 (2023) Kat:3, Licht: 0,139162,3,6,2,05,17,1,0,0,0,1,0,0,0,0
"POINT (12.370010037000043 51.344287003000034)",Unfall 139190 (2023) Kat:2, Licht: 2,139190,2,1,0,05,04,7,0,2,0,0,0,0,0,1
"POINT (12.400778360000061 51.325246572000026)",Unfall 139206 (2023) Kat:3, Licht: 2,139206,3,7,0,05,02,6,0,2,1,0,0,0,0,0
"POINT (12.369502652000051 51.344188114000076)",Unfall 139219 (2023) Kat:3, Licht: 0,139219,3,6,3,05,17,5,0,0,0,1,0,1,0,0
"POINT (12.357679559000076 51.341810706000047)",Unfall 139243 (2023) Kat:3, Licht: 0,139243,3,2,5,05,12,4,0,0,1,1,0,0,0,0
"POINT (12.479324109000061 51.352116438000053)",Unfall 139245 (2023) Kat:2, Licht: 0,139245,2,3,5,05,19,4,0,0,0,1,0,0,0,1
"POINT (12.428869301000077 51.351489921000052)",Unfall 139268 (2023) Kat:3, Licht: 0,139268,3,7,3,05,09,3,0,0,0,1,0,0,1,0
"POINT (12.469841373000065 51.262207157000034)",Unfall 139307 (2023) Kat:3, Licht: 0,139307,3,6,2,05,08,2,0,0,0,1,0,0,0,0
"POINT (12.269425779000073 51.262486897000031)",Unfall 139334 (2023) Kat:3, Licht: 0,139334,3,6,2,05,16,1,0,0,0,1,0,0,0,0
"POINT (12.482686018000038 51.299594374000037)",Unfall 139335 (2023) Kat:3, Licht: 0,139335,3,1,8,05,17,1,0,0,0,1,0,0,0,0
"POINT (12.282579626000029 51.329349256000057)",Unfall 139358 (2023) Kat:3, Licht: 0,139358,3,6,2,05,11,7,0,0,0,1,0,1,0,0
"POINT (12.310376264000070 51.383704476000048)",Unfall 139359 (2023) Kat:3, Licht: 0,139359,3,5,1,05,17,7,0,0,0,1,0,0,0,0
"POINT (12.310365591000050 51.415172319000078)",Unfall 140280 (2023) Kat:3, Licht: 0,140280,3,1,8,12,14,7,1,0,0,1,0,0,0,0
"POINT (12.393484656000055 51.344591965000063)",Unfall 140299 (2023) Kat:3, Licht: 2,140299,3,7,0,12,07,6,1,2,1,0,0,0,0,0
"POINT (12.272591132000059 51.276893261000055)",Unfall 140325 (2023) Kat:3, Licht: 0,140325,3,3,5,12,14,5,1,0,0,1,0,0,0,0
"POINT (12.389874225000028 51.346561075000068)",Unfall 140338 (2023) Kat:3, Licht: 2,140338,3,3,5,12,04,4,1,2,1,1,0,0,0,0
"POINT (12.319101966000062 51.380226286000038)",Unfall 140339 (2023) Kat:3, Licht: 2,140339,3,2,4,12,07,4,1,2,0,1,0,0,0,0
"POINT (12.466695179000055 51.369345355000064)",Unfall 140340 (2023) Kat:2, Licht: 2,140340,2,3,5,12,05,4,1,2,0,1,0,0,0,1
"POINT (12.379323544000044 51.344142259000080)",Unfall 140343 (2023) Kat:3, Licht: 2,140343,3,4,6,12,19,4,1,2,0,1,1,0,0,0
"POINT (12.380727507000074 51.343571769000050)",Unfall 140360 (2023) Kat:3, Licht: 0,140360,3,6,3,12,13,3,0,0,0,1,0,0,0,1
"POINT (12.395334906000073 51.332143108000082)",Unfall 140387 (2023) Kat:3, Licht: 1,140387,3,2,5,12,07,2,0,1,1,1,0,0,0,0
"POINT (12.357334677000040 51.341744360000064)",Unfall 140388 (2023) Kat:3, Licht: 0,140388,3,6,6,12,15,2,0,0,0,0,1,0,0,1
"POINT (12.321470293000061 51.300097695000034)",Unfall 140433 (2023) Kat:3, Licht: 2,140433,3,2,6,12,06,5,1,2,0,1,1,0,0,0
"POINT (12.263262062000024 51.276128762000042)",Unfall 140434 (2023) Kat:3, Licht: 2,140434,3,2,2,12,19,5,1,2,0,1,0,0,0,0
"POINT (12.378251353000053 51.314809878000062)",Unfall 140435 (2023) Kat:3, Licht: 0,140435,3,6,1,12,07,5,1,0,0,1,0,0,0,0
"POINT (12.507382218000032 51.343236015000059)",Unfall 140436 (2023) Kat:3, Licht: 0,140436,3,6,2,12,15,5,1,0,0,1,0,0,1,1
"POINT (12.314516391000041 51.340506607000066)",Unfall 140437 (2023) Kat:3, Licht: 0,140437,3,1,8,12,14,5,1,0,0,1,0,0,0,0
"POINT (12.376974392000022 51.344501222000076)",Unfall 140457 (2023) Kat:3, Licht: 2,140457,3,3,5,12,16,4,0,2,0,1,0,0,0,0
"POINT (12.286362935000056 51.344095131000074)",Unfall 140471 (2023) Kat:3, Licht: 2,140471,3,6,1,12,16,3,0,2,0,1,0,0,0,0
"POINT (12.394417360000034 51.336760559000027)",Unfall 140505 (2023) Kat:3, Licht: 2,140505,3,2,4,12,18,1,0,2,0,1,0,0,0,0
"POINT (12.301880668000024 51.342652834000035)",Unfall 140524 (2023) Kat:3, Licht: 0,140524,3,4,6,12,15,5,0,0,0,1,1,0,0,0
"POINT (12.390743687000054 51.376242912000066)",Unfall 140618 (2023) Kat:3, Licht: 0,140618,3,2,1,12,13,6,1,0,0,1,0,0,0,0
"POINT (12.389897564000023 51.346561324000049)",Unfall 140630 (2023) Kat:3, Licht: 1,140630,3,4,6,11,16,5,1,1,0,0,1,0,0,1
"POINT (12.392781472000024 51.333938280000041)",Unfall 140638 (2023) Kat:3, Licht: 1,140638,3,3,5,11,06,4,2,1,1,0,0,0,0,1
"POINT (12.392519881000055 51.334009541000057)",Unfall 140664 (2023) Kat:3, Licht: 2,140664,3,7,3,11,20,3,1,2,0,1,0,0,0,1
"POINT (12.360690299000055 51.411116167000046)",Unfall 140668 (2023) Kat:3, Licht: 2,140668,3,1,9,11,03,3,2,2,0,1,0,0,0,0
"POINT (12.443588349000038 51.359888131000048)",Unfall 140672 (2023) Kat:3, Licht: 2,140672,3,6,2,11,18,3,2,2,0,1,0,0,0,1
"POINT (12.348299972000063 51.375202283000078)",Unfall 140709 (2023) Kat:3, Licht: 0,140709,3,3,5,11,07,2,1,0,0,1,0,0,0,0
"POINT (12.384343683000054 51.394039967000026)",Unfall 140741 (2023) Kat:3, Licht: 0,140741,3,7,5,11,10,7,1,0,0,1,0,0,0,0
"POINT (12.380597474000069 51.421450463000042)",Unfall 140742 (2023) Kat:3, Licht: 2,140742,3,3,5,11,17,7,1,2,0,1,0,0,0,0
"POINT (12.382634678000045 51.343167998000069)",Unfall 140760 (2023) Kat:3, Licht: 0,140760,3,6,2,11,11,6,1,0,0,1,0,0,0,0
"POINT (12.364957984000057 51.310024518000034)",Unfall 140761 (2023) Kat:3, Licht: 2,140761,3,6,2,11,16,6,1,2,0,1,0,0,0,0
"POINT (12.417332904000034 51.310983010000029)",Unfall 140773 (2023) Kat:3, Licht: 0,140773,3,2,2,12,11,7,0,0,0,1,0,0,0,0
"POINT (12.395774891000030 51.331828901000051)",Unfall 140812 (2023) Kat:3, Licht: 2,140812,3,6,2,11,17,3,1,2,0,1,0,0,0,0
"POINT (12.353529170000058 51.341179196000041)",Unfall 140816 (2023) Kat:3, Licht: 1,140816,3,2,3,11,17,3,1,1,1,1,0,0,0,0
"POINT (12.465829459000076 51.312541910000050)",Unfall 140834 (2023) Kat:3, Licht: 0,140834,3,3,5,11,15,2,0,0,1,1,0,0,0,0
"POINT (12.254636785000059 51.281168010000044)",Unfall 140866 (2023) Kat:2, Licht: 0,140866,2,3,5,11,11,6,0,0,0,1,0,0,1,0
"POINT (12.263063162000037 51.344599480000056)",Unfall 140910 (2023) Kat:3, Licht: 0,140910,3,3,5,11,10,4,1,0,1,1,0,0,0,0
"POINT (12.313776508000046 51.413214348000054)",Unfall 140911 (2023) Kat:3, Licht: 1,140911,3,1,8,11,16,4,1,1,0,1,0,0,0,0
"POINT (12.393122911000034 51.391674442000067)",Unfall 140951 (2023) Kat:3, Licht: 2,140951,3,6,2,11,19,2,1,2,0,1,0,0,0,0
"POINT (12.333008793000033 51.336050395000029)",Unfall 140976 (2023) Kat:3, Licht: 2,140976,3,2,5,11,16,1,0,2,1,1,0,0,0,0
"POINT (12.399867524000058 51.361617267000042)",Unfall 140977 (2023) Kat:3, Licht: 2,140977,3,1,9,11,06,1,1,2,0,1,0,0,0,0
"POINT (12.265055282000048 51.262780610000050)",Unfall 141016 (2023) Kat:3, Licht: 2,141016,3,6,3,11,17,3,2,2,0,1,0,0,0,0
"POINT (12.303997664000065 51.301548508000053)",Unfall 141033 (2023) Kat:3, Licht: 2,141033,3,6,2,11,17,5,0,2,0,1,0,0,0,0
"POINT (12.431394436000062 51.300227834000054)",Unfall 141034 (2023) Kat:3, Licht: 0,141034,3,3,5,11,12,5,0,0,0,1,0,0,0,1
"POINT (12.394654046000028 51.410232553000071)",Unfall 141035 (2023) Kat:2, Licht: 2,141035,2,3,5,11,18,5,0,2,1,1,0,0,0,0
"POINT (12.376996736000024 51.344503639000038)",Unfall 141067 (2023) Kat:3, Licht: 2,141067,3,3,5,11,22,4,0,2,1,1,0,0,0,0
"POINT (12.516982486000074 51.340368055000056)",Unfall 141068 (2023) Kat:2, Licht: 0,141068,2,6,4,11,11,4,0,0,1,0,0,0,0,0
"POINT (12.440326983000034 51.294001807000029)",Unfall 141069 (2023) Kat:3, Licht: 0,141069,3,6,2,11,12,6,1,0,0,1,0,1,0,0
"POINT (12.371606148000069 51.314846480000028)",Unfall 141080 (2023) Kat:3, Licht: 2,141080,3,4,6,11,19,3,0,2,1,0,1,0,0,0
"POINT (12.391807903000029 51.374423793000062)",Unfall 141105 (2023) Kat:3, Licht: 0,141105,3,6,3,11,10,7,0,0,0,1,0,0,0,0
"POINT (12.368298767000056 51.314660017000051)",Unfall 141146 (2023) Kat:3, Licht: 0,141146,3,2,5,11,13,5,0,0,1,0,0,0,0,0
"POINT (12.275512496000033 51.322561764000056)",Unfall 141168 (2023) Kat:3, Licht: 0,141168,3,3,5,11,12,4,0,0,1,1,0,0,0,0
"POINT (12.434795287000043 51.297868241000060)",Unfall 141171 (2023) Kat:3, Licht: 0,141171,3,4,6,11,14,4,0,0,0,0,1,0,0,1
"POINT (12.268366348000029 51.317155801000069)",Unfall 141184 (2023) Kat:3, Licht: 0,141184,3,6,1,10,12,3,0,0,0,1,0,0,0,0
"POINT (12.338490168000021 51.335377453000035)",Unfall 141190 (2023) Kat:3, Licht: 0,141190,3,2,4,10,11,2,0,0,1,1,0,0,0,0
"POINT (12.371381526000050 51.344090457000050)",Unfall 141192 (2023) Kat:3, Licht: 2,141192,3,4,6,10,18,2,0,2,0,0,1,0,0,1
"POINT (12.390356438000026 51.346906662000038)",Unfall 141193 (2023) Kat:3, Licht: 0,141193,3,6,2,10,14,2,0,0,0,1,0,0,0,0
"POINT (12.398252663000051 51.330071952000026)",Unfall 141215 (2023) Kat:3, Licht: 0,141215,3,2,3,10,15,7,0,0,1,1,0,0,0,0
"POINT (12.263893853000070 51.316502031000027)",Unfall 141223 (2023) Kat:3, Licht: 2,141223,3,3,5,11,06,2,1,2,0,1,0,1,0,0
"POINT (12.268518431000075 51.317178858000034)",Unfall 141236 (2023) Kat:3, Licht: 0,141236,3,6,1,10,12,6,1,0,0,1,0,0,0,0
"POINT (12.373538449000023 51.344090090000066)",Unfall 141237 (2023) Kat:3, Licht: 1,141237,3,4,6,10,22,6,1,1,0,1,1,0,0,0
"POINT (12.392843852000055 51.404909569000040)",Unfall 141239 (2023) Kat:3, Licht: 2,141239,3,6,3,10,07,6,1,2,0,1,0,0,0,0
"POINT (12.363328018000061 51.342815493000046)",Unfall 141240 (2023) Kat:3, Licht: 1,141240,3,2,4,10,07,6,1,1,1,1,0,0,0,0
"POINT (12.398521955000035 51.359262085000069)",Unfall 141259 (2023) Kat:3, Licht: 2,141259,3,6,3,10,19,5,0,2,0,1,0,0,0,0
"POINT (12.285802501000035 51.330931487000043)",Unfall 141260 (2023) Kat:1, Licht: 2,141260,1,2,4,10,06,5,1,2,0,1,0,1,0,0
"POINT (12.439483249000034 51.350826854000047)",Unfall 141281 (2023) Kat:3, Licht: 2,141281,3,2,0,10,17,4,1,2,1,1,0,0,0,0
"POINT (12.387636318000034 51.345893081000042)",Unfall 141282 (2023) Kat:3, Licht: 2,141282,3,6,2,10,18,4,1,2,0,1,0,0,0,0
"POINT (12.511280184000043 51.334004761000074)",Unfall 141331 (2023) Kat:3, Licht: 1,141331,3,6,2,10,07,2,0,1,0,1,0,0,0,0
"POINT (12.404318372000034 51.321316758000080)",Unfall 141367 (2023) Kat:3, Licht: 2,141367,3,4,6,10,23,7,1,2,0,1,1,0,0,0
"POINT (12.440330528000061 51.293999311000050)",Unfall 141368 (2023) Kat:3, Licht: 0,141368,3,6,2,10,10,7,0,0,0,1,0,0,0,0
"POINT (12.394200172000069 51.314637694000055)",Unfall 141369 (2023) Kat:3, Licht: 2,141369,3,2,5,10,21,7,0,2,0,1,0,0,0,0
"POINT (12.460851018000028 51.367366829000048)",Unfall 141370 (2023) Kat:3, Licht: 0,141370,3,3,5,10,14,7,0,0,0,1,0,0,0,0
"POINT (12.463196369000059 51.372489284000039)",Unfall 141371 (2023) Kat:3, Licht: 2,141371,3,6,3,10,21,7,0,2,0,1,0,0,0,0
"POINT (12.365300132000073 51.343348351000031)",Unfall 141384 (2023) Kat:3, Licht: 0,141384,3,4,6,11,12,4,0,0,1,0,1,0,0,0
"POINT (12.369351584000071 51.344159862000026)",Unfall 141451 (2023) Kat:3, Licht: 1,141451,3,2,3,10,19,4,0,1,1,0,0,0,0,1
"POINT (12.338359049000076 51.396573597000042)",Unfall 141452 (2023) Kat:3, Licht: 0,141452,3,3,5,10,16,4,0,0,1,1,0,0,0,0
"POINT (12.518847516000051 51.313740909000046)",Unfall 141454 (2023) Kat:2, Licht: 0,141454,2,6,3,10,14,4,0,0,1,0,0,0,0,1
"POINT (12.392637179000076 51.351512654000032)",Unfall 141467 (2023) Kat:3, Licht: 0,141467,3,6,2,10,08,3,0,0,0,1,0,0,0,0
"POINT (12.268585542000039 51.263935431000050)",Unfall 141468 (2023) Kat:3, Licht: 0,141468,3,6,3,10,10,1,0,0,0,1,0,0,0,0
"POINT (12.461229097000057 51.367362174000050)",Unfall 141469 (2023) Kat:2, Licht: 1,141469,2,2,5,10,18,3,0,1,1,1,0,0,0,0
"POINT (12.399359187000073 51.418379178000066)",Unfall 141473 (2023) Kat:3, Licht: 0,141473,3,6,1,12,15,4,1,0,0,1,0,0,0,1
"POINT (12.319127562000062 51.300369312000043)",Unfall 141493 (2023) Kat:3, Licht: 0,141493,3,3,5,10,16,2,1,0,0,1,0,1,0,0
"POINT (12.318561024000076 51.375682113000039)",Unfall 141496 (2023) Kat:3, Licht: 2,141496,3,4,6,10,18,2,0,2,0,1,1,0,0,0
"POINT (12.404736319000051 51.401890949000062)",Unfall 141508 (2023) Kat:3, Licht: 2,141508,3,7,2,10,19,1,0,2,0,1,0,0,1,0
"POINT (12.333317548000025 51.414482201000055)",Unfall 141520 (2023) Kat:3, Licht: 0,141520,3,1,8,10,13,7,0,0,0,1,0,0,0,0
"POINT (12.399675167000055 51.352268569000046)",Unfall 141522 (2023) Kat:2, Licht: 2,141522,2,3,5,10,22,7,0,2,1,1,0,0,0,0
"POINT (12.371004471000049 51.344097434000048)",Unfall 141535 (2023) Kat:3, Licht: 2,141535,3,3,5,10,22,6,0,2,0,1,0,0,0,0
"POINT (12.277896756000075 51.319066591000080)",Unfall 141558 (2023) Kat:3, Licht: 1,141558,3,3,4,10,08,5,1,1,1,1,0,0,0,0
"POINT (12.439156692000040 51.294823891000078)",Unfall 141562 (2023) Kat:2, Licht: 0,141562,2,3,5,10,16,5,1,0,1,1,0,0,0,0
"POINT (12.446129455000062 51.361215337000033)",Unfall 141563 (2023) Kat:2, Licht: 2,141563,2,3,5,10,19,5,1,2,0,1,0,0,0,1
"POINT (12.379311432000065 51.344146939000041)",Unfall 141573 (2023) Kat:3, Licht: 2,141573,3,4,6,10,21,4,0,2,0,1,1,0,0,0
"POINT (12.360658358000023 51.411121856000079)",Unfall 141575 (2023) Kat:3, Licht: 0,141575,3,6,2,10,10,4,0,0,0,1,0,0,0,1
"POINT (12.439105452000035 51.294860342000050)",Unfall 141576 (2023) Kat:2, Licht: 0,141576,2,3,5,10,12,4,0,0,0,1,0,1,0,0
"POINT (12.357713931000035 51.341816392000055)",Unfall 141579 (2023) Kat:3, Licht: 0,141579,3,2,3,10,12,4,0,0,1,1,0,0,0,0
"POINT (12.258459967000022 51.316057630000046)",Unfall 141602 (2023) Kat:2, Licht: 2,141602,2,1,4,12,21,7,0,2,0,1,0,0,0,0
"POINT (12.344890256000042 51.339193923000039)",Unfall 141610 (2023) Kat:3, Licht: 0,141610,3,3,5,10,12,3,0,0,1,1,0,0,0,0
"POINT (12.381704769000066 51.314972004000026)",Unfall 141611 (2023) Kat:3, Licht: 0,141611,3,6,2,10,08,3,0,0,0,1,0,1,0,0
"POINT (12.393890122000073 51.351275864000058)",Unfall 141612 (2023) Kat:3, Licht: 1,141612,3,3,3,10,06,3,1,1,1,1,0,0,0,0
"POINT (12.263975772000038 51.337749803000065)",Unfall 141614 (2023) Kat:3, Licht: 0,141614,3,2,3,10,10,3,0,0,0,1,0,1,0,0
"POINT (12.369336743000076 51.344156930000054)",Unfall 141618 (2023) Kat:3, Licht: 0,141618,3,2,3,12,15,4,0,0,1,1,0,0,0,0
"POINT (12.389543184000047 51.406408463000048)",Unfall 141652 (2023) Kat:3, Licht: 2,141652,3,1,8,12,05,7,0,2,0,1,0,0,0,0
"POINT (12.393674975000067 51.351330772000040)",Unfall 141667 (2023) Kat:3, Licht: 0,141667,3,6,1,10,17,1,0,0,0,1,0,0,0,0
"POINT (12.353483653000069 51.341169187000048)",Unfall 141668 (2023) Kat:3, Licht: 2,141668,3,3,5,10,05,1,1,2,1,1,0,0,0,0
"POINT (12.297280644000068 51.337366708000047)",Unfall 141691 (2023) Kat:3, Licht: 0,141691,3,7,1,10,17,6,0,0,0,1,0,0,0,0
"POINT (12.434701115000053 51.351130890000036)",Unfall 141693 (2023) Kat:3, Licht: 0,141693,3,1,8,10,11,6,0,0,0,1,0,0,0,0
"POINT (12.389610206000043 51.346450579000077)",Unfall 141709 (2023) Kat:3, Licht: 2,141709,3,2,2,10,18,3,1,2,0,1,0,0,0,0
"POINT (12.473286408000035 51.351379491000046)",Unfall 141734 (2023) Kat:3, Licht: 0,141734,3,6,4,10,16,4,0,0,1,0,0,0,0,0
"POINT (12.342539316000057 51.338588196000046)",Unfall 141748 (2023) Kat:3, Licht: 1,141748,3,7,0,10,17,3,1,1,0,1,0,1,0,0
"POINT (12.495836927000028 51.355805420000081)",Unfall 141751 (2023) Kat:3, Licht: 2,141751,3,2,5,10,21,3,1,2,0,1,0,0,0,0
"POINT (12.432135210000069 51.354524491000063)",Unfall 141769 (2023) Kat:3, Licht: 0,141769,3,6,2,10,10,4,0,0,0,1,0,0,0,0
"POINT (12.443904280000027 51.360026404000052)",Unfall 141771 (2023) Kat:3, Licht: 0,141771,3,2,2,12,15,4,1,0,0,1,0,0,0,0
"POINT (12.390652515000056 51.394129982000038)",Unfall 141775 (2023) Kat:3, Licht: 0,141775,3,2,2,10,11,2,0,0,0,1,0,0,0,0
"POINT (12.427336608000076 51.294865910000055)",Unfall 141776 (2023) Kat:2, Licht: 0,141776,2,2,5,10,16,2,0,0,1,1,0,0,0,0
"POINT (12.495736006000072 51.355701075000070)",Unfall 141868 (2023) Kat:3, Licht: 0,141868,3,6,2,11,14,6,0,0,0,1,0,0,0,1
"POINT (12.334147891000043 51.399343000000044)",Unfall 141889 (2023) Kat:3, Licht: 2,141889,3,1,8,12,06,2,2,2,0,0,0,0,0,1
"POINT (12.365066135000063 51.376148228000034)",Unfall 141903 (2023) Kat:3, Licht: 0,141903,3,3,5,09,07,4,0,0,1,1,0,0,0,0
"POINT (12.411547900000073 51.314613626000039)",Unfall 141904 (2023) Kat:3, Licht: 0,141904,3,7,6,09,13,4,0,0,0,1,1,0,0,0
"POINT (12.378201524000076 51.291187370000046)",Unfall 141931 (2023) Kat:3, Licht: 0,141931,3,3,3,09,08,3,0,0,0,1,0,0,1,0
"POINT (12.303999712000063 51.301561352000078)",Unfall 141932 (2023) Kat:3, Licht: 0,141932,3,6,2,09,16,3,0,0,0,0,0,0,0,1
"POINT (12.362790968000070 51.314257048000059)",Unfall 141952 (2023) Kat:3, Licht: 2,141952,3,3,5,09,06,2,0,2,1,1,0,0,0,0
"POINT (12.334262874000046 51.393862301000070)",Unfall 141974 (2023) Kat:3, Licht: 2,141974,3,1,9,11,18,5,1,2,0,1,0,0,0,0
"POINT (12.454604927000048 51.269584723000037)",Unfall 141977 (2023) Kat:3, Licht: 2,141977,3,1,4,11,23,5,2,2,0,1,0,0,0,0
"POINT (12.381594095000025 51.343359786000065)",Unfall 142030 (2023) Kat:3, Licht: 2,142030,3,2,0,09,21,6,0,2,0,0,1,1,0,0
"POINT (12.397230447000027 51.353433960000075)",Unfall 142031 (2023) Kat:3, Licht: 0,142031,3,3,5,09,17,6,0,0,0,1,0,0,0,0
"POINT (12.492755173000035 51.277792205000026)",Unfall 142060 (2023) Kat:3, Licht: 0,142060,3,6,2,09,14,5,0,0,0,1,0,0,0,0
"POINT (12.473319485000047 51.351382919000059)",Unfall 142061 (2023) Kat:3, Licht: 0,142061,3,6,2,09,18,5,0,0,0,1,0,0,0,0
"POINT (12.302992388000064 51.295658029000037)",Unfall 142086 (2023) Kat:2, Licht: 0,142086,2,1,8,11,14,4,0,0,0,0,0,0,1,0
"POINT (12.381480281000051 51.343371200000036)",Unfall 142118 (2023) Kat:3, Licht: 2,142118,3,6,1,12,21,4,1,2,0,1,0,0,0,0
"POINT (12.396214245000067 51.331286353000053)",Unfall 142137 (2023) Kat:3, Licht: 0,142137,3,7,0,09,13,2,0,0,0,0,0,0,0,1
"POINT (12.399681654000062 51.362054435000061)",Unfall 142138 (2023) Kat:2, Licht: 0,142138,2,6,3,09,13,2,1,0,0,1,0,1,0,0
"POINT (12.325446166000063 51.338164318000054)",Unfall 142164 (2023) Kat:3, Licht: 0,142164,3,5,0,09,18,1,0,0,0,1,0,0,0,1