WKT,Name,OBJECTID,UKATEGORIE,UTYP1,UART,UMONAT,USTUNDE,UWOCHENTAG,STRZUSTAND,ULICHTVERH,ISTRAD,ISTPKW,ISTFUSS,ISTKRAD,ISTGKFZ,ISTSONSTIG
"POINT (12.353884733000029 51.319744070000070)",Unfall 251951 (2023) Kat:3, Licht: 0,251951,3,6,2,02,15,5,0,0,0,1,0,0,0,0
"POINT (12.302436580000062 51.353674247000072)",Unfall 251964 (2023) Kat:3, Licht: 0,251964,3,6,3,02,13,4,0,0,1,1,0,0,0,0
"POINT (12.394115977000070 51.285382412000047)",Unfall 251967 (2023) Kat:3, Licht: 0,251967,3,2,3,02,16,7,1,0,1,1,0,0,0,0
"POINT (12.325533808000046 51.343798519000075)",Unfall 251968 (2023) Kat:3, Licht: 0,251968,3,3,5,02,07,4,0,0,0,1,0,0,0,0
"POINT (12.303124257000036 51.314390765000041)",Unfall 251978 (2023) Kat:3, Licht: 1,251978,3,2,2,02,06,3,2,1,0,1,0,0,0,0
"POINT (12.372388825000030 51.349630884000078)",Unfall 251979 (2023) Kat:3, Licht: 0,251979,3,3,5,02,16,3,0,0,1,1,0,0,0,0
"POINT (12.404165980000073 51.336088368000048)",Unfall 251980 (2023) Kat:3, Licht: 0,251980,3,4,0,02,15,3,0,0,1,0,1,0,0,0
"POINT (12.327217843000028 51.329649443000051)",Unfall 251993 (2023) Kat:3, Licht: 0,251993,3,2,5,02,10,2,1,0,1,1,0,0,0,0
"POINT (12.378512149000073 51.321994515000029)",Unfall 251994 (2023) Kat:3, Licht: 0,251994,3,2,5,02,07,2,1,0,1,1,0,0,0,0
"POINT (12.369444840000028 51.342412851000063)",Unfall 252003 (2023) Kat:3, Licht: 2,252003,3,6,4,03,22,6,0,2,1,0,0,0,0,1
"POINT (12.386100167000052 51.362193920000038)",Unfall 252010 (2023) Kat:2, Licht: 2,252010,2,4,6,02,18,7,0,2,0,1,1,0,0,0
"POINT (12.358020685000042 51.349787713000069)",Unfall 252014 (2023) Kat:3, Licht: 0,252014,3,1,4,02,15,6,1,0,0,1,0,0,0,0
"POINT (12.370714569000029 51.335239609000041)",Unfall 252015 (2023) Kat:2, Licht: 2,252015,2,6,2,02,23,6,1,2,0,1,0,0,0,1
"POINT (12.398761792000073 51.336505564000049)",Unfall 252022 (2023) Kat:3, Licht: 2,252022,3,3,5,02,16,5,1,2,1,0,0,0,0,0
"POINT (12.390880298000070 51.325970279000046)",Unfall 252023 (2023) Kat:3, Licht: 2,252023,3,7,0,02,16,5,1,2,1,0,0,0,0,0
"POINT (12.414412703000039 51.345085456000049)",Unfall 252024 (2023) Kat:3, Licht: 0,252024,3,4,6,02,10,5,0,0,1,0,1,0,0,0
"POINT (12.376479030000041 51.353266972000029)",Unfall 252029 (2023) Kat:3, Licht: 1,252029,3,1,0,03,19,1,0,1,1,0,0,0,0,0
"POINT (12.381665944000076 51.331775515000061)",Unfall 252030 (2023) Kat:3, Licht: 0,252030,3,3,5,02,10,4,0,0,0,1,0,0,0,0
"POINT (12.409254671000042 51.382534716000066)",Unfall 252032 (2023) Kat:3, Licht: 0,252032,3,2,3,02,13,4,0,0,1,1,0,0,0,0
"POINT (12.303146305000041 51.314376432000074)",Unfall 252033 (2023) Kat:3, Licht: 0,252033,3,2,6,02,15,4,1,0,0,1,1,0,0,0
"POINT (12.409649289000072 51.359802912000077)",Unfall 252041 (2023) Kat:3, Licht: 0,252041,3,6,3,03,07,2,1,0,1,0,0,0,0,1
"POINT (12.406082987000048 51.345521997000048)",Unfall 252045 (2023) Kat:3, Licht: 2,252045,3,6,2,01,19,3,1,2,0,1,0,0,0,0
"POINT (12.396739236000030 51.345991175000051)",Unfall 252046 (2023) Kat:3, Licht: 2,252046,3,2,5,01,17,3,0,2,1,1,0,0,0,0
"POINT (12.292216049000046 51.351678043000049)",Unfall 252047 (2023) Kat:3, Licht: 0,252047,3,1,0,01,14,3,0,0,1,0,0,0,0,0
"POINT (12.393358606000049 51.410636725000074)",Unfall 252048 (2023) Kat:3, Licht: 0,252048,3,3,5,01,14,3,1,0,0,1,0,0,0,1
"POINT (12.383363010000039 51.363771535000069)",Unfall 252049 (2023) Kat:3, Licht: 0,252049,3,5,3,01,15,3,1,0,1,1,0,0,0,0
"POINT (12.288710761000061 51.323404088000075)",Unfall 252050 (2023) Kat:3, Licht: 2,252050,3,4,6,01,18,3,0,2,0,1,1,0,0,0
"POINT (12.310236958000075 51.317741234000039)",Unfall 252055 (2023) Kat:3, Licht: 0,252055,3,3,5,03,07,3,1,0,1,1,0,0,0,0
"POINT (12.370892351000066 51.338414687000068)",Unfall 252061 (2023) Kat:3, Licht: 2,252061,3,6,2,01,18,2,1,2,0,1,0,0,0,0
"POINT (12.401111528000058 51.376581616000067)",Unfall 252062 (2023) Kat:3, Licht: 2,252062,3,7,6,01,00,2,0,2,0,1,1,0,0,0
"POINT (12.373963279000066 51.334294671000066)",Unfall 252072 (2023) Kat:3, Licht: 2,252072,3,6,2,01,17,1,0,2,0,1,0,0,0,0
"POINT (12.349326089000044 51.348510656000030)",Unfall 252076 (2023) Kat:3, Licht: 2,252076,3,3,5,01,22,7,0,2,0,1,0,0,0,0
"POINT (12.327332009000031 51.325438460000044)",Unfall 252083 (2023) Kat:3, Licht: 1,252083,3,3,5,01,07,6,2,1,1,0,0,0,0,1
"POINT (12.327339574000064 51.313878364000061)",Unfall 252084 (2023) Kat:3, Licht: 1,252084,3,6,1,01,07,6,2,1,0,1,0,0,0,0
"POINT (12.376791061000063 51.320526300000040)",Unfall 252086 (2023) Kat:3, Licht: 0,252086,3,3,5,01,10,6,2,0,1,1,0,0,0,0
"POINT (12.376932972000077 51.390209276000064)",Unfall 252087 (2023) Kat:3, Licht: 0,252087,3,2,6,01,07,6,1,0,0,1,1,0,0,0
"POINT (12.406800815000054 51.338112591000026)",Unfall 252088 (2023) Kat:3, Licht: 2,252088,3,2,3,01,17,6,1,2,1,1,0,0,0,0
"POINT (12.373501032000036 51.320585499000060)",Unfall 252089 (2023) Kat:3, Licht: 0,252089,3,2,0,01,12,6,1,0,0,1,0,0,0,1
"POINT (12.376864380000029 51.320513666000068)",Unfall 252090 (2023) Kat:3, Licht: 0,252090,3,2,6,01,07,6,1,0,0,1,1,0,0,0
"POINT (12.412725846000058 51.336524682000061)",Unfall 252091 (2023) Kat:3, Licht: 0,252091,3,3,5,01,09,6,1,0,0,1,0,0,0,0
"POINT (12.424148404000050 51.357121743000050)",Unfall 252099 (2023) Kat:3, Licht: 2,252099,3,2,6,01,17,5,0,2,0,0,1,0,0,1
"POINT (12.428040337000027 51.398574677000056)",Unfall 252100 (2023) Kat:3, Licht: 0,252100,3,1,0,01,11,5,0,0,1,0,0,0,0,0
"POINT (12.370899298000040 51.336319660000072)",Unfall 252101 (2023) Kat:3, Licht: 0,252101,3,3,5,01,09,5,1,0,1,1,0,0,0,0
"POINT (12.367431555000053 51.341161183000054)",Unfall 252109 (2023) Kat:3, Licht: 2,252109,3,2,3,01,18,4,0,2,1,1,0,0,0,0
"POINT (12.428093171000057 51.398499342000036)",Unfall 252110 (2023) Kat:3, Licht: 2,252110,3,6,4,01,05,4,1,2,1,0,0,0,0,0
"POINT (12.377630359000023 51.360823987000060)",Unfall 252111 (2023) Kat:3, Licht: 0,252111,3,2,5,01,14,4,0,0,1,1,0,0,0,0
"POINT (12.361299112000040 51.375395521000030)",Unfall 252112 (2023) Kat:3, Licht: 0,252112,3,6,2,01,15,4,0,0,1,0,0,0,0,0
"POINT (12.393155813000021 51.336955266000075)",Unfall 252113 (2023) Kat:3, Licht: 2,252113,3,3,5,01,20,4,0,2,1,1,0,0,0,0
"POINT (12.377290957000071 51.371121957000071)",Unfall 252118 (2023) Kat:2, Licht: 0,252118,2,1,0,01,15,3,0,0,1,0,0,0,0,0
"POINT (12.323223147000022 51.344007070000032)",Unfall 252120 (2023) Kat:3, Licht: 2,252120,3,3,5,01,05,3,0,2,1,1,0,0,0,0
"POINT (12.397553588000051 51.299688083000035)",Unfall 252121 (2023) Kat:3, Licht: 0,252121,3,7,1,01,14,3,0,0,0,1,0,0,0,0
"POINT (12.322192430000030 51.344609220000052)",Unfall 252133 (2023) Kat:3, Licht: 2,252133,3,3,5,01,07,2,1,2,1,1,0,0,0,0
"POINT (12.373314491000031 51.316862568000033)",Unfall 252144 (2023) Kat:3, Licht: 2,252144,3,1,0,01,02,7,0,2,0,0,0,0,0,1
"POINT (12.343420916000071 51.318800533000058)",Unfall 252149 (2023) Kat:3, Licht: 0,252149,3,6,6,01,15,6,0,0,0,1,1,0,0,0
"POINT (12.349435056000061 51.348537160000035)",Unfall 252150 (2023) Kat:3, Licht: 2,252150,3,4,6,01,17,6,0,2,0,1,1,0,0,0
"POINT (12.380014768000024 51.307121915000039)",Unfall 252151 (2023) Kat:3, Licht: 2,252151,3,7,6,01,18,6,0,2,0,0,1,0,0,1
"POINT (12.296590396000056 51.317917800000032)",Unfall 252161 (2023) Kat:3, Licht: 1,252161,3,3,5,01,16,5,1,1,0,1,0,0,0,0
"POINT (12.325441858000033 51.325680460000058)",Unfall 252162 (2023) Kat:3, Licht: 0,252162,3,3,5,01,12,5,0,0,0,1,0,0,0,0
"POINT (12.393493598000077 51.291979065000078)",Unfall 252163 (2023) Kat:3, Licht: 2,252163,3,5,1,01,06,5,2,2,0,1,0,0,0,0
"POINT (12.371127772000023 51.328908618000071)",Unfall 252164 (2023) Kat:3, Licht: 0,252164,3,3,5,01,12,5,0,0,1,1,0,0,0,0
"POINT (12.371122554000067 51.347384024000064)",Unfall 252166 (2023) Kat:3, Licht: 2,252166,3,3,5,01,04,5,0,2,0,0,0,0,0,1
"POINT (12.383354577000034 51.334900555000047)",Unfall 252176 (2023) Kat:3, Licht: 2,252176,3,3,5,01,07,4,1,2,1,1,0,0,0,0
"POINT (12.281896352000047 51.348383604000048)",Unfall 252177 (2023) Kat:2, Licht: 2,252177,2,1,8,01,22,4,2,2,0,1,0,0,0,0
"POINT (12.392589309000073 51.301671231000057)",Unfall 252178 (2023) Kat:3, Licht: 2,252178,3,1,0,01,17,4,1,2,1,0,0,0,0,0
"POINT (12.357352517000038 51.377369427000076)",Unfall 252179 (2023) Kat:3, Licht: 0,252179,3,5,3,01,09,4,1,0,1,1,0,0,0,0
"POINT (12.459468968000067 51.353057856000078)",Unfall 252180 (2023) Kat:2, Licht: 2,252180,2,3,5,01,22,4,1,2,0,1,0,0,0,1
"POINT (12.421739173000049 51.379273965000039)",Unfall 252190 (2023) Kat:3, Licht: 0,252190,3,6,3,01,12,3,0,0,1,0,0,0,0,1
"POINT (12.344252130000029 51.319929801000058)",Unfall 252195 (2023) Kat:3, Licht: 0,252195,3,3,5,03,13,3,0,0,0,1,0,0,0,0
"POINT (12.377053691000071 51.329241798000055)",Unfall 252198 (2023) Kat:3, Licht: 0,252198,3,5,3,01,13,2,0,0,1,1,0,0,0,0
"POINT (12.301015860000064 51.354808940000055)",Unfall 252199 (2023) Kat:3, Licht: 0,252199,3,2,6,01,09,2,0,0,0,1,1,0,0,0
"POINT (12.329202616000032 51.321502240000029)",Unfall 252215 (2023) Kat:3, Licht: 0,252215,3,3,5,01,12,7,0,0,0,1,0,1,0,0
"POINT (12.353709650000042 51.330168263000076)",Unfall 252225 (2023) Kat:3, Licht: 0,252225,3,6,6,01,12,6,1,0,1,0,1,0,0,0
"POINT (12.407751508000047 51.326396691000070)",Unfall 252226 (2023) Kat:3, Licht: 0,252226,3,3,5,01,08,6,1,0,1,1,0,0,0,0
"POINT (12.366272339000034 51.365504208000061)",Unfall 252227 (2023) Kat:3, Licht: 0,252227,3,1,0,01,15,6,1,0,1,0,0,0,0,0
"POINT (12.444352305000052 51.331470927000055)",Unfall 252228 (2023) Kat:3, Licht: 2,252228,3,7,3,01,00,6,0,2,1,1,0,0,0,0
"POINT (12.407582880000064 51.351295917000073)",Unfall 252237 (2023) Kat:3, Licht: 2,252237,3,2,3,01,17,5,0,2,1,1,0,0,0,0
"POINT (12.356967325000028 51.336127930000032)",Unfall 252239 (2023) Kat:3, Licht: 0,252239,3,7,0,01,11,5,0,0,1,0,0,0,0,0
"POINT (12.370100773000047 51.320690216000060)",Unfall 252240 (2023) Kat:3, Licht: 2,252240,3,6,3,01,16,5,0,2,0,1,0,0,0,1
"POINT (12.409053024000059 51.351252453000029)",Unfall 252241 (2023) Kat:3, Licht: 0,252241,3,3,5,01,15,5,1,0,0,1,0,1,0,0
"POINT (12.387455067000076 51.357024353000043)",Unfall 252256 (2023) Kat:3, Licht: 2,252256,3,3,5,01,22,4,1,2,1,1,0,0,0,0
"POINT (12.354519900000071 51.349656219000053)",Unfall 252257 (2023) Kat:3, Licht: 0,252257,3,7,1,01,14,4,1,0,1,1,0,0,0,0
"POINT (12.437267933000044 51.395778428000028)",Unfall 252258 (2023) Kat:3, Licht: 2,252258,3,2,4,01,16,4,1,2,0,1,0,0,0,0
"POINT (12.370563836000031 51.361272255000074)",Unfall 252272 (2023) Kat:3, Licht: 2,252272,3,2,5,01,23,3,0,2,0,1,0,0,0,0
"POINT (12.370559480000054 51.361267658000031)",Unfall 252273 (2023) Kat:3, Licht: 2,252273,3,2,5,01,06,3,1,2,0,1,0,0,0,0
"POINT (12.347124669000038 51.350644109000029)",Unfall 252284 (2023) Kat:3, Licht: 1,252284,3,1,0,01,16,2,0,1,1,0,0,0,0,0
"POINT (12.277972303000070 51.319047507000050)",Unfall 252285 (2023) Kat:3, Licht: 2,252285,3,6,4,01,19,2,0,2,1,0,0,0,0,0
"POINT (12.371137231000034 51.347626690000027)",Unfall 252288 (2023) Kat:3, Licht: 2,252288,3,7,3,01,17,2,0,2,1,1,0,0,0,0
"POINT (12.382888847000061 51.351470168000048)",Unfall 252289 (2023) Kat:3, Licht: 1,252289,3,6,3,01,07,2,1,1,1,0,0,0,1,0
"POINT (12.382898403000070 51.320478870000045)",Unfall 252298 (2023) Kat:3, Licht: 0,252298,3,2,5,01,12,7,0,0,0,1,0,0,0,0
"POINT (12.318596563000028 51.331565640000065)",Unfall 252308 (2023) Kat:3, Licht: 0,252308,3,6,2,01,11,6,1,0,0,1,0,1,0,0
"POINT (12.331400356000074 51.371907528000065)",Unfall 252309 (2023) Kat:3, Licht: 0,252309,3,4,6,01,11,6,0,0,0,1,1,0,0,0
"POINT (12.384107270000072 51.361299439000049)",Unfall 252310 (2023) Kat:3, Licht: 2,252310,3,3,5,01,17,6,1,2,0,1,0,0,0,0
"POINT (12.375127985000063 51.341229493000071)",Unfall 252311 (2023) Kat:3, Licht: 0,252311,3,4,6,01,09,6,1,0,1,0,1,0,0,0
"POINT (12.370885069000053 51.338373983000054)",Unfall 252313 (2023) Kat:2, Licht: 2,252313,2,4,6,01,07,6,1,2,0,0,1,0,0,1
"POINT (12.397584760000029 51.336489759000074)",Unfall 252320 (2023) Kat:3, Licht: 2,252320,3,3,5,01,21,3,1,2,1,1,0,0,0,0
"POINT (12.337065371000051 51.332284605000041)",Unfall 252330 (2023) Kat:3, Licht: 1,252330,3,5,3,01,07,5,0,1,1,1,0,0,0,0
"POINT (12.333966673000077 51.319330085000047)",Unfall 252342 (2023) Kat:3, Licht: 2,252342,3,4,6,01,19,4,0,2,0,1,1,0,0,0
"POINT (12.288807537000025 51.323446281000031)",Unfall 252343 (2023) Kat:3, Licht: 2,252343,3,7,0,01,05,4,0,2,0,0,0,0,0,1
"POINT (12.419450738000023 51.409703628000045)",Unfall 252344 (2023) Kat:2, Licht: 0,252344,2,4,6,01,15,4,1,0,0,1,1,0,0,0
"POINT (12.407646525000075 51.339300305000052)",Unfall 252351 (2023) Kat:3, Licht: 2,252351,3,2,5,01,16,3,0,2,1,1,0,0,0,0
"POINT (12.396201208000036 51.301137361000031)",Unfall 252352 (2023) Kat:3, Licht: 0,252352,3,2,6,01,15,3,0,0,0,1,1,0,0,0
"POINT (12.372984429000041 51.301387367000075)",Unfall 252354 (2023) Kat:3, Licht: 0,252354,3,3,5,01,13,3,0,0,1,1,0,0,0,0
"POINT (12.374634317000073 51.347985399000038)",Unfall 252355 (2023) Kat:3, Licht: 0,252355,3,3,5,01,07,3,0,0,1,1,0,0,0,0
"POINT (12.331972311000072 51.333257843000069)",Unfall 252356 (2023) Kat:3, Licht: 2,252356,3,5,1,01,18,3,0,2,1,1,0,0,0,0
"POINT (12.416373500000077 51.356982525000035)",Unfall 252357 (2023) Kat:3, Licht: 0,252357,3,1,9,01,12,2,0,0,1,0,0,0,0,0
"POINT (12.357443820000071 51.364318417000050)",Unfall 252358 (2023) Kat:3, Licht: 0,252358,3,4,6,01,08,3,1,0,0,1,1,0,0,0
"POINT (12.390654618000042 51.296238932000051)",Unfall 252359 (2023) Kat:2, Licht: 2,252359,2,1,5,01,18,3,0,2,1,1,0,0,0,0
"POINT (12.399709753000025 51.361883854000041)",Unfall 252374 (2023) Kat:3, Licht: 2,252374,3,3,5,01,23,2,1,2,0,1,0,0,0,1
"POINT (12.370024540000031 51.339921491000041)",Unfall 252375 (2023) Kat:3, Licht: 0,252375,3,7,7,01,11,2,0,0,1,0,0,0,0,0
"POINT (12.430861312000047 51.365695114000061)",Unfall 252376 (2023) Kat:3, Licht: 0,252376,3,2,5,01,11,2,0,0,0,1,0,0,0,0
"POINT (12.338334799000052 51.327282270000069)",Unfall 252379 (2023) Kat:3, Licht: 0,252379,3,3,5,01,13,1,0,0,1,1,0,0,0,0
"POINT (12.382483900000068 51.333294170000045)",Unfall 252438 (2023) Kat:3, Licht: 0,252438,3,2,3,02,08,6,1,0,1,1,0,0,0,0
"POINT (12.348706390000075 51.348811741000077)",Unfall 252440 (2023) Kat:3, Licht: 0,252440,3,1,9,02,13,5,0,0,0,1,0,0,0,0
"POINT (12.371743923000054 51.339448700000048)",Unfall 252513 (2023) Kat:3, Licht: 0,252513,3,7,6,01,15,1,0,0,0,1,1,0,0,0
"POINT (12.313387871000032 51.347890520000078)",Unfall 252525 (2023) Kat:3, Licht: 2,252525,3,2,5,02,17,5,0,2,0,1,0,0,0,0
"POINT (12.391348265000033 51.334883715000046)",Unfall 252537 (2023) Kat:3, Licht: 0,252537,3,2,3,01,08,5,0,0,1,1,0,0,0,0
"POINT (12.368085169000040 51.330385832000047)",Unfall 252573 (2023) Kat:3, Licht: 2,252573,3,5,3,01,18,4,0,2,1,1,0,0,0,0
"POINT (12.373557018000042 51.306579368000030)",Unfall 252604 (2023) Kat:3, Licht: 0,252604,3,2,3,03,16,4,0,0,1,1,0,0,0,0
"POINT (12.318737371000054 51.331614045000038)",Unfall 252662 (2023) Kat:3, Licht: 0,252662,3,4,6,03,15,5,0,0,0,0,1,0,0,1
"POINT (12.367099884000027 51.325446710000051)",Unfall 252712 (2023) Kat:3, Licht: 0,252712,3,2,5,06,18,5,0,0,1,1,0,0,0,0
"POINT (12.338290318000077 51.326059843000053)",Unfall 252713 (2023) Kat:3, Licht: 0,252713,3,3,5,06,13,5,0,0,1,1,0,0,0,0
"POINT (12.416654849000054 51.320972381000047)",Unfall 252714 (2023) Kat:3, Licht: 0,252714,3,2,3,06,14,5,0,0,1,1,0,0,0,0
"POINT (12.404084680000039 51.366356027000052)",Unfall 252715 (2023) Kat:3, Licht: 0,252715,3,7,1,06,06,5,0,0,1,1,0,0,0,0
"POINT (12.337048861000028 51.325009750000049)",Unfall 252716 (2023) Kat:3, Licht: 0,252716,3,3,5,06,12,5,0,0,1,0,0,0,0,1
"POINT (12.321485862000031 51.343317799000033)",Unfall 252717 (2023) Kat:3, Licht: 0,252717,3,4,6,06,07,5,0,0,0,0,1,0,0,1
"POINT (12.331235362000029 51.335356622000063)",Unfall 252718 (2023) Kat:3, Licht: 0,252718,3,5,1,06,10,5,0,0,1,1,0,0,0,0
"POINT (12.305974479000042 51.316799942000046)",Unfall 252741 (2023) Kat:3, Licht: 0,252741,3,4,6,05,07,4,0,0,0,1,1,0,0,0
"POINT (12.263858097000025 51.306933964000052)",Unfall 252742 (2023) Kat:3, Licht: 0,252742,3,2,5,05,18,4,0,0,0,1,0,1,0,0
"POINT (12.348813611000026 51.328890295000065)",Unfall 252744 (2023) Kat:3, Licht: 0,252744,3,5,1,05,16,4,0,0,1,1,0,0,0,0
"POINT (12.361254750000057 51.362064402000044)",Unfall 252745 (2023) Kat:3, Licht: 0,252745,3,3,5,05,13,4,0,0,1,1,0,0,0,0
"POINT (12.346134127000028 51.402288677000058)",Unfall 252746 (2023) Kat:3, Licht: 0,252746,3,3,5,05,18,4,0,0,0,1,0,0,0,0
"POINT (12.376629663000074 51.345935843000063)",Unfall 252747 (2023) Kat:3, Licht: 0,252747,3,6,3,05,17,4,0,0,0,1,0,0,0,0
"POINT (12.459042529000044 51.352993675000050)",Unfall 252748 (2023) Kat:3, Licht: 0,252748,3,6,2,05,13,4,0,0,0,1,0,0,0,0
"POINT (12.381801293000024 51.338262277000069)",Unfall 252749 (2023) Kat:3, Licht: 0,252749,3,7,0,05,14,4,0,0,0,0,0,0,0,1
"POINT (12.375085264000063 51.340468906000069)",Unfall 252761 (2023) Kat:2, Licht: 0,252761,2,6,6,05,09,3,0,0,1,0,1,0,0,0
"POINT (12.404871105000041 51.338152759000081)",Unfall 252762 (2023) Kat:3, Licht: 0,252762,3,4,6,05,12,3,0,0,1,0,1,0,0,0
"POINT (12.390346511000075 51.290871908000042)",Unfall 252763 (2023) Kat:3, Licht: 0,252763,3,2,5,05,14,3,0,0,1,1,0,0,0,0
"POINT (12.373638414000027 51.333186128000079)",Unfall 252764 (2023) Kat:3, Licht: 2,252764,3,1,0,05,22,3,0,2,1,0,0,0,0,0
"POINT (12.376641239000037 51.369312570000034)",Unfall 252765 (2023) Kat:3, Licht: 0,252765,3,6,6,05,14,3,0,0,1,0,1,0,0,0
"POINT (12.422719478000033 51.366288229000077)",Unfall 252766 (2023) Kat:3, Licht: 0,252766,3,3,5,05,16,3,0,0,1,1,0,0,0,0
"POINT (12.345633610000050 51.330052383000066)",Unfall 252767 (2023) Kat:2, Licht: 0,252767,2,3,5,05,07,3,0,0,1,1,0,0,0,0
"POINT (12.352036504000068 51.333457778000081)",Unfall 252783 (2023) Kat:3, Licht: 0,252783,3,6,4,05,17,2,0,0,1,0,0,0,0,0
"POINT (12.365019652000058 51.341392916000075)",Unfall 252784 (2023) Kat:3, Licht: 0,252784,3,2,5,05,19,2,0,0,1,0,0,0,0,0
"POINT (12.308380093000039 51.320960577000051)",Unfall 252785 (2023) Kat:3, Licht: 0,252785,3,3,5,05,14,2,0,0,0,1,0,1,0,0
"POINT (12.396284490000028 51.310275237000042)",Unfall 252786 (2023) Kat:3, Licht: 0,252786,3,2,5,05,05,2,0,0,1,1,0,0,0,0
"POINT (12.328418009000075 51.392274340000029)",Unfall 252787 (2023) Kat:3, Licht: 0,252787,3,2,2,05,18,2,0,0,0,1,0,0,0,0
"POINT (12.358138591000056 51.336744360000068)",Unfall 252796 (2023) Kat:3, Licht: 0,252796,3,2,5,05,14,1,0,0,1,1,0,0,0,0
"POINT (12.308340108000039 51.321022590000041)",Unfall 252806 (2023) Kat:3, Licht: 0,252806,3,1,9,05,13,7,0,0,0,1,0,0,0,0
"POINT (12.345352623000053 51.367084972000043)",Unfall 252807 (2023) Kat:3, Licht: 0,252807,3,1,0,05,09,7,0,0,1,0,0,0,1,0
"POINT (12.394898256000033 51.343616508000082)",Unfall 252808 (2023) Kat:3, Licht: 0,252808,3,5,1,05,16,7,0,0,0,1,0,0,0,1
"POINT (12.360135996000054 51.333794519000037)",Unfall 252819 (2023) Kat:3, Licht: 2,252819,3,6,3,05,21,6,0,2,1,0,0,0,0,0
"POINT (12.353061297000067 51.341818539000030)",Unfall 252820 (2023) Kat:3, Licht: 2,252820,3,1,0,05,00,6,0,2,1,0,0,0,0,0
"POINT (12.367484592000039 51.388461308000046)",Unfall 252822 (2023) Kat:3, Licht: 0,252822,3,3,5,05,16,6,0,0,1,1,0,0,0,0
"POINT (12.476767687000063 51.337179372000037)",Unfall 252823 (2023) Kat:3, Licht: 0,252823,3,2,5,05,17,6,0,0,1,1,0,0,0,0
"POINT (12.377012196000067 51.356890732000068)",Unfall 252845 (2023) Kat:3, Licht: 0,252845,3,3,1,05,09,5,0,0,1,0,0,0,0,1
"POINT (12.393840331000035 51.351290747000064)",Unfall 252846 (2023) Kat:3, Licht: 0,252846,3,2,2,05,15,5,0,0,0,1,0,0,0,0
"POINT (12.329907107000054 51.342401433000077)",Unfall 252847 (2023) Kat:3, Licht: 0,252847,3,5,1,05,16,5,0,0,1,1,0,0,0,0
"POINT (12.407541072000072 51.351301213000056)",Unfall 252848 (2023) Kat:3, Licht: 0,252848,3,3,5,05,06,5,0,0,1,1,0,0,0,0
"POINT (12.376600865000057 51.357259811000063)",Unfall 252849 (2023) Kat:2, Licht: 0,252849,2,3,5,05,07,5,0,0,1,0,1,0,0,0
"POINT (12.433081856000058 51.339991302000044)",Unfall 252850 (2023) Kat:3, Licht: 0,252850,3,3,5,05,14,5,0,0,0,1,0,0,0,1
"POINT (12.373301895000054 51.337486092000063)",Unfall 252865 (2023) Kat:3, Licht: 0,252865,3,4,6,05,14,4,0,0,0,1,1,0,0,0
"POINT (12.394613024000023 51.313698278000061)",Unfall 252877 (2023) Kat:3, Licht: 0,252877,3,3,5,05,12,3,0,0,1,0,0,0,1,0
"POINT (12.392954730000042 51.400174597000046)",Unfall 252878 (2023) Kat:3, Licht: 0,252878,3,2,5,05,06,3,0,0,0,1,0,0,0,0
"POINT (12.386236055000040 51.320681332000049)",Unfall 252879 (2023) Kat:2, Licht: 1,252879,2,4,6,05,18,3,0,1,1,0,1,0,0,0
"POINT (12.384941771000058 51.338128908000044)",Unfall 252888 (2023) Kat:3, Licht: 0,252888,3,2,5,05,15,2,0,0,1,1,0,0,0,0
"POINT (12.303094760000022 51.314405607000026)",Unfall 252889 (2023) Kat:2, Licht: 0,252889,2,2,3,05,11,2,0,0,1,0,0,0,0,0
"POINT (12.373142488000042 51.311312974000032)",Unfall 252890 (2023) Kat:3, Licht: 2,252890,3,7,6,05,01,2,0,2,0,0,1,0,0,1
"POINT (12.327457486000071 51.335043270000028)",Unfall 252891 (2023) Kat:3, Licht: 0,252891,3,2,2,05,15,2,0,0,0,1,0,0,1,0
"POINT (12.465181318000077 51.345857094000053)",Unfall 252892 (2023) Kat:3, Licht: 0,252892,3,3,5,05,15,2,0,0,1,1,0,0,0,0
"POINT (12.391134174000058 51.289419177000070)",Unfall 252893 (2023) Kat:3, Licht: 0,252893,3,6,3,05,13,2,0,0,0,1,0,0,0,0
"POINT (12.366288107000059 51.324708421000082)",Unfall 252904 (2023) Kat:3, Licht: 0,252904,3,6,3,05,18,1,0,0,0,1,0,0,0,0
"POINT (12.293784597000069 51.359079255000040)",Unfall 252915 (2023) Kat:3, Licht: 2,252915,3,7,1,05,21,7,0,2,0,1,0,0,0,1
"POINT (12.367429046000041 51.367209797000044)",Unfall 252923 (2023) Kat:2, Licht: 0,252923,2,3,5,05,11,6,0,0,0,1,0,0,0,1
"POINT (12.374560108000026 51.334231485000032)",Unfall 252932 (2023) Kat:3, Licht: 1,252932,3,1,0,05,03,5,0,1,1,0,0,0,0,0
"POINT (12.324269244000050 51.333572210000057)",Unfall 252938 (2023) Kat:2, Licht: 0,252938,2,1,0,05,16,5,0,0,1,0,0,0,0,0
"POINT (12.463204122000036 51.333898857000065)",Unfall 252939 (2023) Kat:3, Licht: 0,252939,3,3,5,05,09,5,0,0,1,1,0,0,0,0
"POINT (12.425891150000041 51.320697460000076)",Unfall 252940 (2023) Kat:2, Licht: 0,252940,2,3,5,05,15,5,0,0,0,1,0,0,0,0
"POINT (12.376190391000023 51.348312579000037)",Unfall 252953 (2023) Kat:3, Licht: 0,252953,3,2,5,05,11,2,0,0,1,1,0,0,0,0