WKT,Name,OBJECTID,UKATEGORIE,UTYP1,UART,UMONAT,USTUNDE,UWOCHENTAG,STRZUSTAND,ULICHTVERH,ISTRAD,ISTPKW,ISTFUSS,ISTKRAD,ISTGKFZ,ISTSONSTIG
"POINT (12.394252803000029 51.346156397000073)",Unfall 252957 (2023) Kat:3, Licht: 0,252957,3,2,5,05,06,4,0,0,0,0,0,0,0,1
"POINT (12.373259197000039 51.352421413000059)",Unfall 252958 (2023) Kat:3, Licht: 0,252958,3,4,6,05,13,4,0,0,1,0,1,0,0,0
"POINT (12.385324993000040 51.340137593000065)",Unfall 252959 (2023) Kat:3, Licht: 0,252959,3,2,3,05,06,4,0,0,1,1,0,0,0,0
"POINT (12.392086996000046 51.338706480000042)",Unfall 252962 (2023) Kat:3, Licht: 0,252962,3,7,6,05,15,4,0,0,0,1,1,0,0,0
"POINT (12.371331984000051 51.346291944000029)",Unfall 252975 (2023) Kat:3, Licht: 1,252975,3,2,2,05,20,3,0,1,1,1,0,0,0,0
"POINT (12.313484474000063 51.347806685000080)",Unfall 252977 (2023) Kat:3, Licht: 0,252977,3,3,5,05,15,3,0,0,1,1,0,0,0,0
"POINT (12.386682790000066 51.327147424000032)",Unfall 252978 (2023) Kat:2, Licht: 0,252978,2,4,6,05,10,3,0,0,0,1,1,0,0,0
"POINT (12.371346354000025 51.346219213000040)",Unfall 252979 (2023) Kat:2, Licht: 0,252979,2,2,6,05,18,3,0,0,0,1,1,0,0,0
"POINT (12.428744938000023 51.355511566000075)",Unfall 252997 (2023) Kat:3, Licht: 0,252997,3,7,6,05,14,2,0,0,0,1,1,0,0,0
"POINT (12.374851191000062 51.325215180000043)",Unfall 252998 (2023) Kat:3, Licht: 0,252998,3,2,5,05,15,2,0,0,1,0,0,0,0,0
"POINT (12.323710512000048 51.305265795000082)",Unfall 252999 (2023) Kat:3, Licht: 0,252999,3,6,3,05,15,2,0,0,1,1,0,0,0,0
"POINT (12.424966796000035 51.320686653000053)",Unfall 253000 (2023) Kat:3, Licht: 2,253000,3,1,9,05,03,2,0,2,0,1,0,0,0,0
"POINT (12.339414959000067 51.334370086000035)",Unfall 253016 (2023) Kat:3, Licht: 0,253016,3,2,5,05,14,1,0,0,1,1,0,0,0,0
"POINT (12.427976424000065 51.372024437000050)",Unfall 253027 (2023) Kat:3, Licht: 0,253027,3,4,6,05,17,7,0,0,0,1,1,0,0,0
"POINT (12.402686086000074 51.363965096000072)",Unfall 253028 (2023) Kat:3, Licht: 2,253028,3,7,7,05,00,7,0,2,0,0,0,1,0,0
"POINT (12.373616495000022 51.321415786000046)",Unfall 253029 (2023) Kat:3, Licht: 0,253029,3,5,1,05,19,7,0,0,1,1,0,0,0,0
"POINT (12.326043563000042 51.307291472000031)",Unfall 253040 (2023) Kat:3, Licht: 0,253040,3,3,5,05,16,6,0,0,0,1,0,0,0,0
"POINT (12.370992344000058 51.339793222000026)",Unfall 253041 (2023) Kat:3, Licht: 2,253041,3,7,1,05,23,6,0,2,1,1,0,0,0,0
"POINT (12.405115843000033 51.338114495000070)",Unfall 253053 (2023) Kat:3, Licht: 0,253053,3,1,8,05,13,5,0,0,0,1,0,0,0,0
"POINT (12.433080000000075 51.339985785000067)",Unfall 253054 (2023) Kat:3, Licht: 1,253054,3,3,5,05,07,5,1,1,0,1,0,0,0,1
"POINT (12.325364806000039 51.345003563000034)",Unfall 253055 (2023) Kat:3, Licht: 0,253055,3,6,3,05,12,5,0,0,1,1,0,0,0,0
"POINT (12.397640461000037 51.336511586000029)",Unfall 253071 (2023) Kat:3, Licht: 0,253071,3,2,5,05,07,4,0,0,1,1,0,0,0,0
"POINT (12.371267149000062 51.346266920000062)",Unfall 253072 (2023) Kat:3, Licht: 0,253072,3,7,0,05,08,4,0,0,1,0,0,0,0,0
"POINT (12.311073502000056 51.298919169000044)",Unfall 253073 (2023) Kat:3, Licht: 0,253073,3,6,6,05,11,4,1,0,0,1,1,0,0,0
"POINT (12.365261612000040 51.323634459000061)",Unfall 253074 (2023) Kat:3, Licht: 0,253074,3,3,5,05,11,4,0,0,1,1,0,0,0,0
"POINT (12.391832153000053 51.376289133000057)",Unfall 253075 (2023) Kat:3, Licht: 1,253075,3,1,9,05,19,4,1,1,0,0,0,0,0,1
"POINT (12.371648141000037 51.338847344000044)",Unfall 253093 (2023) Kat:3, Licht: 0,253093,3,2,5,05,08,3,0,0,1,1,0,0,0,0
"POINT (12.330495112000051 51.342047692000051)",Unfall 253094 (2023) Kat:3, Licht: 0,253094,3,6,3,05,16,3,0,0,1,1,0,0,0,0
"POINT (12.425791230000073 51.351512437000054)",Unfall 253095 (2023) Kat:2, Licht: 0,253095,2,6,3,05,16,3,0,0,1,0,0,0,0,0
"POINT (12.441197474000035 51.326811367000062)",Unfall 253096 (2023) Kat:3, Licht: 0,253096,3,3,5,05,15,3,0,0,0,1,0,0,0,0
"POINT (12.377767311000071 51.348902404000057)",Unfall 253118 (2023) Kat:3, Licht: 0,253118,3,6,2,05,09,2,0,0,0,1,0,0,0,0
"POINT (12.340234511000062 51.337488396000026)",Unfall 253119 (2023) Kat:3, Licht: 2,253119,3,1,0,05,22,2,0,2,1,0,0,0,0,0
"POINT (12.354860380000048 51.361307872000054)",Unfall 253120 (2023) Kat:3, Licht: 0,253120,3,5,1,05,15,2,0,0,1,1,0,0,0,0
"POINT (12.410967519000053 51.282839852000052)",Unfall 253121 (2023) Kat:2, Licht: 2,253121,2,1,9,05,23,2,0,2,0,1,0,0,0,0
"POINT (12.373449831000073 51.351656501000036)",Unfall 253122 (2023) Kat:3, Licht: 0,253122,3,3,5,05,07,2,0,0,1,1,0,0,0,0
"POINT (12.329435105000073 51.335603988000059)",Unfall 253141 (2023) Kat:3, Licht: 2,253141,3,1,0,05,00,1,0,2,1,0,0,0,0,0
"POINT (12.323106536000068 51.327115992000074)",Unfall 253150 (2023) Kat:2, Licht: 0,253150,2,3,5,05,19,7,0,0,1,1,0,0,0,0
"POINT (12.410085068000058 51.352832581000030)",Unfall 253152 (2023) Kat:3, Licht: 2,253152,3,3,5,05,22,7,0,2,0,1,0,0,0,0
"POINT (12.346393461000048 51.369585968000081)",Unfall 253158 (2023) Kat:3, Licht: 0,253158,3,3,5,05,19,6,0,0,0,1,0,0,0,0
"POINT (12.366415686000039 51.362216457000045)",Unfall 253159 (2023) Kat:3, Licht: 0,253159,3,6,2,05,18,6,0,0,0,1,0,0,0,0
"POINT (12.268248709000034 51.307908365000060)",Unfall 253160 (2023) Kat:2, Licht: 0,253160,2,2,5,05,17,6,0,0,0,1,0,0,0,0
"POINT (12.319745143000034 51.390910243000064)",Unfall 253161 (2023) Kat:3, Licht: 0,253161,3,1,8,05,17,4,0,0,1,0,0,0,0,0
"POINT (12.451329771000076 51.325748985000075)",Unfall 253162 (2023) Kat:3, Licht: 0,253162,3,3,5,05,13,6,0,0,0,1,0,0,0,0
"POINT (12.394267899000056 51.344001687000059)",Unfall 253174 (2023) Kat:3, Licht: 0,253174,3,1,0,05,17,5,0,0,1,0,0,0,0,0
"POINT (12.342517122000061 51.321593549000056)",Unfall 253175 (2023) Kat:3, Licht: 0,253175,3,2,5,05,08,5,0,0,1,1,0,0,0,0
"POINT (12.331996668000045 51.322411663000082)",Unfall 253176 (2023) Kat:3, Licht: 0,253176,3,3,5,05,11,5,0,0,0,1,0,0,0,1
"POINT (12.374128438000071 51.303393649000043)",Unfall 253177 (2023) Kat:3, Licht: 0,253177,3,1,0,05,15,5,0,0,0,0,0,1,0,0
"POINT (12.373604027000056 51.309857207000050)",Unfall 253178 (2023) Kat:3, Licht: 0,253178,3,3,5,05,07,5,0,0,1,1,0,0,0,0
"POINT (12.406827394000061 51.338128551000068)",Unfall 253179 (2023) Kat:3, Licht: 0,253179,3,7,5,05,16,5,0,0,0,1,0,0,0,1
"POINT (12.373902516000044 51.333971856000062)",Unfall 253203 (2023) Kat:3, Licht: 0,253203,3,5,3,05,10,4,0,0,1,0,0,0,0,1
"POINT (12.375828458000058 51.366891155000076)",Unfall 253204 (2023) Kat:3, Licht: 0,253204,3,2,6,05,17,4,0,0,0,0,1,0,1,0
"POINT (12.385160107000047 51.342718474000037)",Unfall 253220 (2023) Kat:3, Licht: 1,253220,3,2,5,05,20,3,0,1,1,1,0,0,0,0
"POINT (12.262867689000075 51.356860292000079)",Unfall 253221 (2023) Kat:3, Licht: 1,253221,3,3,5,05,05,3,0,1,0,1,0,0,0,0
"POINT (12.412359753000032 51.285256208000078)",Unfall 253222 (2023) Kat:1, Licht: 0,253222,1,7,4,05,14,3,0,0,0,1,0,0,0,0
"POINT (12.429765885000052 51.374108636000074)",Unfall 253223 (2023) Kat:3, Licht: 0,253223,3,2,2,05,12,3,0,0,0,1,0,0,0,1
"POINT (12.382222475000049 51.338965401000053)",Unfall 253224 (2023) Kat:3, Licht: 0,253224,3,4,6,05,15,3,0,0,0,0,1,0,0,1
"POINT (12.405611827000030 51.341878007000048)",Unfall 253226 (2023) Kat:2, Licht: 0,253226,2,4,6,05,07,3,0,0,0,1,1,0,0,0
"POINT (12.368641523000065 51.289215293000041)",Unfall 253237 (2023) Kat:3, Licht: 0,253237,3,2,2,05,18,2,0,0,1,1,0,0,0,0
"POINT (12.340569689000063 51.326100048000058)",Unfall 253238 (2023) Kat:1, Licht: 2,253238,1,7,0,05,03,2,0,2,1,0,0,0,0,0
"POINT (12.371745987000054 51.348607234000042)",Unfall 253247 (2023) Kat:3, Licht: 0,253247,3,7,0,04,11,1,0,0,0,1,0,1,0,0
"POINT (12.308534751000025 51.297326243000043)",Unfall 253248 (2023) Kat:3, Licht: 0,253248,3,6,6,04,16,1,0,0,0,1,1,0,0,0
"POINT (12.338869453000029 51.332537699000056)",Unfall 253255 (2023) Kat:3, Licht: 0,253255,3,4,6,04,11,7,1,0,0,1,1,0,0,0
"POINT (12.315457019000064 51.356164633000049)",Unfall 253256 (2023) Kat:3, Licht: 2,253256,3,1,0,04,03,7,1,2,1,0,0,0,0,0
"POINT (12.367638673000044 51.327315960000078)",Unfall 253263 (2023) Kat:3, Licht: 2,253263,3,3,5,04,02,6,0,2,0,1,0,0,0,0
"POINT (12.325695385000074 51.313233568000044)",Unfall 253264 (2023) Kat:3, Licht: 0,253264,3,1,3,04,18,6,0,0,1,1,0,0,0,0
"POINT (12.334005925000042 51.337479496000071)",Unfall 253265 (2023) Kat:2, Licht: 2,253265,2,4,6,04,22,6,0,2,0,0,1,0,0,1
"POINT (12.428242887000067 51.343872605000058)",Unfall 253266 (2023) Kat:3, Licht: 0,253266,3,4,6,04,09,6,0,0,0,0,1,0,0,1
"POINT (12.373314933000074 51.311250997000059)",Unfall 253267 (2023) Kat:2, Licht: 0,253267,2,4,6,04,14,6,0,0,0,0,1,0,0,1
"POINT (12.379041710000024 51.346020020000026)",Unfall 253301 (2023) Kat:3, Licht: 2,253301,3,1,8,04,22,4,0,2,0,0,0,0,0,1
"POINT (12.317786384000044 51.370958332000043)",Unfall 253303 (2023) Kat:3, Licht: 0,253303,3,6,2,04,16,4,0,0,1,1,0,0,0,0
"POINT (12.428702823000037 51.355491652000069)",Unfall 253304 (2023) Kat:2, Licht: 0,253304,2,3,1,04,07,4,0,0,0,1,0,0,0,0
"POINT (12.373722648000069 51.326432320000038)",Unfall 253314 (2023) Kat:3, Licht: 0,253314,3,5,1,04,10,3,0,0,1,1,0,0,0,0
"POINT (12.370953680000071 51.334024006000050)",Unfall 253325 (2023) Kat:3, Licht: 0,253325,3,3,2,04,15,2,0,0,0,1,0,0,0,1
"POINT (12.378582689000041 51.323800259000052)",Unfall 253326 (2023) Kat:3, Licht: 0,253326,3,1,1,04,08,2,0,0,1,1,0,0,0,0
"POINT (12.327415633000044 51.325429182000050)",Unfall 253327 (2023) Kat:3, Licht: 0,253327,3,4,1,04,17,2,0,0,1,1,1,0,0,0
"POINT (12.393876263000038 51.339107082000055)",Unfall 253340 (2023) Kat:3, Licht: 2,253340,3,2,5,04,23,1,0,2,1,1,0,0,0,0
"POINT (12.326798140000051 51.323701976000052)",Unfall 253341 (2023) Kat:3, Licht: 1,253341,3,1,8,04,05,1,1,1,0,1,0,0,0,0
"POINT (12.365935179000076 51.364293054000029)",Unfall 253342 (2023) Kat:2, Licht: 0,253342,2,1,0,04,15,1,0,0,1,0,0,0,0,0
"POINT (12.384404952000068 51.338149851000026)",Unfall 253343 (2023) Kat:3, Licht: 0,253343,3,6,2,04,15,1,0,0,0,1,0,0,0,0
"POINT (12.306135494000046 51.355304286000035)",Unfall 253352 (2023) Kat:3, Licht: 2,253352,3,1,7,04,23,7,1,2,0,1,0,0,0,0
"POINT (12.323480710000069 51.328706961000080)",Unfall 253353 (2023) Kat:3, Licht: 0,253353,3,1,0,04,10,7,0,0,1,0,0,0,0,0
"POINT (12.351102447000073 51.347950781000065)",Unfall 253354 (2023) Kat:3, Licht: 0,253354,3,1,0,04,16,7,0,0,0,0,0,1,0,0
"POINT (12.425915486000065 51.294757159000028)",Unfall 253355 (2023) Kat:3, Licht: 0,253355,3,7,3,04,11,7,0,0,1,1,0,0,0,0
"POINT (12.323798920000058 51.374591241000076)",Unfall 253356 (2023) Kat:2, Licht: 2,253356,2,1,0,04,21,7,0,2,1,0,0,0,0,0
"POINT (12.401493708000032 51.378181818000030)",Unfall 253357 (2023) Kat:3, Licht: 0,253357,3,3,5,04,14,7,0,0,0,1,0,0,0,1
"POINT (12.398035945000061 51.322588362000033)",Unfall 253368 (2023) Kat:3, Licht: 0,253368,3,7,5,04,12,6,0,0,1,0,0,0,1,0
"POINT (12.288697383000056 51.358464351000066)",Unfall 253369 (2023) Kat:3, Licht: 0,253369,3,3,5,04,09,6,0,0,1,1,0,0,0,0
"POINT (12.326994885000033 51.316920967000044)",Unfall 253370 (2023) Kat:2, Licht: 1,253370,2,5,1,04,20,6,0,1,1,1,0,0,0,0
"POINT (12.370306586000027 51.397173503000033)",Unfall 253371 (2023) Kat:3, Licht: 0,253371,3,3,5,04,07,6,0,0,1,1,0,0,0,0
"POINT (12.382897824000054 51.320484702000044)",Unfall 253372 (2023) Kat:3, Licht: 0,253372,3,2,5,04,18,6,0,0,0,1,0,0,0,0
"POINT (12.397731129000022 51.347506404000058)",Unfall 253373 (2023) Kat:3, Licht: 0,253373,3,4,6,04,14,6,0,0,0,1,1,0,0,0
"POINT (12.325657938000063 51.312996890000079)",Unfall 253391 (2023) Kat:2, Licht: 0,253391,2,1,0,04,11,5,0,0,1,0,0,0,0,0
"POINT (12.373237652000057 51.315163980000079)",Unfall 253393 (2023) Kat:3, Licht: 2,253393,3,7,0,04,18,5,0,2,0,0,0,0,0,1
"POINT (12.372671208000042 51.343048120000049)",Unfall 253403 (2023) Kat:3, Licht: 0,253403,3,7,6,04,17,4,0,0,0,1,1,0,0,0
"POINT (12.374342242000068 51.335804258000053)",Unfall 253404 (2023) Kat:3, Licht: 0,253404,3,2,5,04,17,4,1,0,1,1,0,0,0,0
"POINT (12.399855377000051 51.319758662000027)",Unfall 253405 (2023) Kat:3, Licht: 0,253405,3,3,5,04,09,4,0,0,1,1,0,0,0,0
"POINT (12.352045934000046 51.333462978000057)",Unfall 253406 (2023) Kat:3, Licht: 2,253406,3,2,5,04,20,4,1,2,1,1,0,0,0,0
"POINT (12.411638378000077 51.342632197000057)",Unfall 253407 (2023) Kat:3, Licht: 0,253407,3,2,5,04,07,4,1,0,1,1,0,0,0,0
"POINT (12.267801886000029 51.321472170000050)",Unfall 253408 (2023) Kat:3, Licht: 0,253408,3,3,5,04,17,4,0,0,1,1,0,0,0,0
"POINT (12.371486340000047 51.354634937000071)",Unfall 253409 (2023) Kat:3, Licht: 0,253409,3,3,5,04,07,4,0,0,1,0,1,0,0,0
"POINT (12.373387984000033 51.307511251000051)",Unfall 253410 (2023) Kat:3, Licht: 0,253410,3,2,5,04,20,4,0,0,1,1,0,0,0,0
"POINT (12.386215395000022 51.368377447000057)",Unfall 253411 (2023) Kat:3, Licht: 0,253411,3,3,5,04,15,4,0,0,1,1,0,0,0,0
"POINT (12.425809884000046 51.401178451000078)",Unfall 253412 (2023) Kat:3, Licht: 2,253412,3,7,8,04,21,4,1,2,0,1,0,0,0,0
"POINT (12.316729929000076 51.332822725000028)",Unfall 253415 (2023) Kat:3, Licht: 0,253415,3,4,6,04,17,4,1,0,0,1,1,0,0,0
"POINT (12.382171964000065 51.338886905000038)",Unfall 253416 (2023) Kat:3, Licht: 0,253416,3,4,6,04,18,4,0,0,0,0,1,0,0,1
"POINT (12.427156286000070 51.379750529000034)",Unfall 253420 (2023) Kat:3, Licht: 0,253420,3,6,1,04,15,6,0,0,0,1,0,0,0,0
"POINT (12.343123865000052 51.322690643000044)",Unfall 253423 (2023) Kat:3, Licht: 0,253423,3,2,5,05,10,3,0,0,1,1,0,0,0,0
"POINT (12.360246481000047 51.363735911000049)",Unfall 253428 (2023) Kat:3, Licht: 0,253428,3,1,1,05,11,3,0,0,0,1,0,0,0,1
"POINT (12.396087040000054 51.343181065000067)",Unfall 253430 (2023) Kat:3, Licht: 0,253430,3,2,5,04,08,3,0,0,1,1,0,0,0,0
"POINT (12.268211158000042 51.307728138000073)",Unfall 253431 (2023) Kat:3, Licht: 0,253431,3,2,3,04,16,3,0,0,0,1,0,0,0,1
"POINT (12.373647157000050 51.325312651000047)",Unfall 253432 (2023) Kat:3, Licht: 0,253432,3,2,3,04,17,3,0,0,1,1,0,0,0,0
"POINT (12.339400345000058 51.334374368000056)",Unfall 253433 (2023) Kat:3, Licht: 0,253433,3,2,5,04,17,3,0,0,0,1,0,0,0,1
"POINT (12.373661182000035 51.330512696000028)",Unfall 253434 (2023) Kat:3, Licht: 0,253434,3,2,5,04,15,3,0,0,1,1,0,0,0,0
"POINT (12.387093081000046 51.326885000000061)",Unfall 253435 (2023) Kat:2, Licht: 0,253435,2,2,5,04,08,3,0,0,1,1,0,0,0,0
"POINT (12.330055214000026 51.326500074000080)",Unfall 253436 (2023) Kat:2, Licht: 0,253436,2,7,0,04,15,3,0,0,1,0,0,0,0,1
"POINT (12.429537794000055 51.344052416000068)",Unfall 253438 (2023) Kat:3, Licht: 0,253438,3,1,4,05,14,3,0,0,0,0,0,0,0,1
"POINT (12.444068298000047 51.332484001000068)",Unfall 253445 (2023) Kat:3, Licht: 0,253445,3,6,4,05,17,3,0,0,1,0,0,0,0,0
"POINT (12.309149256000069 51.328026724000040)",Unfall 253453 (2023) Kat:2, Licht: 0,253453,2,4,6,04,15,2,0,0,0,1,1,0,0,0
"POINT (12.377904669000031 51.339670425000065)",Unfall 253454 (2023) Kat:3, Licht: 0,253454,3,7,6,04,10,2,1,0,1,0,1,0,0,0
"POINT (12.388517269000033 51.325931420000074)",Unfall 253455 (2023) Kat:3, Licht: 0,253455,3,3,5,04,09,2,0,0,1,1,0,0,0,0
"POINT (12.340827110000077 51.337785537000059)",Unfall 253464 (2023) Kat:3, Licht: 2,253464,3,7,0,04,03,1,1,2,0,0,1,0,0,1
"POINT (12.371310190000031 51.330154742000047)",Unfall 253471 (2023) Kat:3, Licht: 0,253471,3,6,2,04,15,7,1,0,0,1,0,0,0,0
"POINT (12.371119614000065 51.347399355000050)",Unfall 253475 (2023) Kat:3, Licht: 0,253475,3,3,5,05,15,4,0,0,1,1,0,0,0,0
"POINT (12.356274546000066 51.372348952000038)",Unfall 253480 (2023) Kat:3, Licht: 0,253480,3,3,5,04,15,6,0,0,0,1,0,0,0,0
"POINT (12.430844662000027 51.365695096000081)",Unfall 253481 (2023) Kat:3, Licht: 0,253481,3,3,5,04,09,6,1,0,0,1,0,0,0,1
"POINT (12.380344109000077 51.383428976000062)",Unfall 253483 (2023) Kat:3, Licht: 0,253483,3,3,5,04,06,6,0,0,0,1,0,0,0,0
"POINT (12.300548602000049 51.349943924000058)",Unfall 253491 (2023) Kat:3, Licht: 0,253491,3,6,2,04,14,5,0,0,0,1,0,0,0,0
"POINT (12.375216880000039 51.304437550000046)",Unfall 253492 (2023) Kat:2, Licht: 0,253492,2,7,6,04,12,5,0,0,0,1,1,0,0,0
"POINT (12.417093639000029 51.344982912000035)",Unfall 253497 (2023) Kat:3, Licht: 0,253497,3,3,5,04,15,4,1,0,0,1,0,0,0,0
"POINT (12.363410460000068 51.369811095000045)",Unfall 253499 (2023) Kat:3, Licht: 2,253499,3,2,5,04,21,1,0,2,1,1,0,0,0,0
"POINT (12.425148921000073 51.365702686000077)",Unfall 253500 (2023) Kat:3, Licht: 0,253500,3,2,5,04,14,4,0,0,1,0,0,0,0,1
"POINT (12.371335200000033 51.346275171000059)",Unfall 253507 (2023) Kat:3, Licht: 0,253507,3,3,5,04,15,3,0,0,1,1,0,0,0,0
"POINT (12.374109283000053 51.303313443000036)",Unfall 253509 (2023) Kat:3, Licht: 2,253509,3,2,3,04,20,3,0,2,1,1,0,0,0,0
"POINT (12.332010184000069 51.322428436000052)",Unfall 253521 (2023) Kat:3, Licht: 0,253521,3,3,5,04,13,2,0,0,1,1,0,0,0,0
"POINT (12.456912856000031 51.324767713000028)",Unfall 253522 (2023) Kat:3, Licht: 0,253522,3,7,0,04,11,2,0,0,0,1,0,0,0,0
"POINT (12.430816743000037 51.368862882000030)",Unfall 253523 (2023) Kat:3, Licht: 0,253523,3,3,5,04,15,2,0,0,0,1,0,0,0,0
"POINT (12.381662945000073 51.331775675000074)",Unfall 253528 (2023) Kat:3, Licht: 0,253528,3,2,5,04,13,1,0,0,0,1,0,0,0,0
"POINT (12.305373682000038 51.326947196000049)",Unfall 253531 (2023) Kat:3, Licht: 0,253531,3,6,2,05,15,3,0,0,0,1,0,0,0,0
"POINT (12.341290290000074 51.325826818000053)",Unfall 253535 (2023) Kat:3, Licht: 0,253535,3,7,6,04,10,7,0,0,0,1,1,0,0,0
"POINT (12.262841661000039 51.347868019000032)",Unfall 253536 (2023) Kat:3, Licht: 0,253536,3,7,6,04,12,7,1,0,0,1,1,0,0,0
"POINT (12.392703387000040 51.381141683000067)",Unfall 253543 (2023) Kat:2, Licht: 2,253543,2,7,0,04,04,6,0,2,1,0,0,0,0,0
"POINT (12.376403024000069 51.308566063000058)",Unfall 253544 (2023) Kat:3, Licht: 2,253544,3,1,0,04,23,6,1,2,1,0,0,0,0,0
"POINT (12.376196776000029 51.307393719000061)",Unfall 253550 (2023) Kat:2, Licht: 1,253550,2,7,7,04,19,5,0,1,1,0,0,0,0,0
"POINT (12.397443540000040 51.334070261000079)",Unfall 253551 (2023) Kat:3, Licht: 0,253551,3,3,5,04,07,5,0,0,1,1,0,0,0,0
"POINT (12.376685438000038 51.317794715000048)",Unfall 253553 (2023) Kat:3, Licht: 0,253553,3,7,3,04,15,5,0,0,1,1,0,0,0,0
"POINT (12.473019227000066 51.359404293000068)",Unfall 253554 (2023) Kat:1, Licht: 0,253554,1,4,6,04,09,5,0,0,0,0,1,0,0,1
"POINT (12.320050801000036 51.344438069000034)",Unfall 253555 (2023) Kat:3, Licht: 0,253555,3,4,6,04,17,5,0,0,0,1,1,0,0,0
"POINT (12.366710772000033 51.340561957000034)",Unfall 253568 (2023) Kat:3, Licht: 0,253568,3,2,5,04,08,4,0,0,1,1,0,0,0,0
"POINT (12.336769275000051 51.324410833000059)",Unfall 253569 (2023) Kat:3, Licht: 0,253569,3,7,1,04,10,4,0,0,0,1,0,0,0,1
"POINT (12.409576703000027 51.339246839000054)",Unfall 253570 (2023) Kat:3, Licht: 0,253570,3,3,5,04,07,4,0,0,1,0,0,1,0,0
"POINT (12.378442566000047 51.335818404000065)",Unfall 253571 (2023) Kat:3, Licht: 0,253571,3,2,5,04,16,4,0,0,1,1,0,0,0,0
"POINT (12.423670552000033 51.319915719000051)",Unfall 253572 (2023) Kat:3, Licht: 0,253572,3,2,3,04,09,4,0,0,1,1,0,0,0,0
"POINT (12.485329723000063 51.346284978000028)",Unfall 253573 (2023) Kat:3, Licht: 0,253573,3,6,2,04,16,4,0,0,0,1,0,0,0,0
"POINT (12.311666781000042 51.316382233000070)",Unfall 253575 (2023) Kat:3, Licht: 0,253575,3,3,5,04,15,4,0,0,1,1,0,0,0,0
"POINT (12.362658950000025 51.321035452000046)",Unfall 253576 (2023) Kat:2, Licht: 0,253576,2,3,5,04,15,4,0,0,1,0,0,0,0,1
"POINT (12.385376503000032 51.343568119000054)",Unfall 253581 (2023) Kat:3, Licht: 0,253581,3,2,5,05,14,4,0,0,1,0,0,0,1,0
"POINT (12.385415827000031 51.334489974000064)",Unfall 253582 (2023) Kat:3, Licht: 0,253582,3,7,6,04,15,3,0,0,0,1,1,0,0,0
"POINT (12.336617175000072 51.328800337000075)",Unfall 253583 (2023) Kat:3, Licht: 0,253583,3,4,6,04,16,3,0,0,0,1,1,0,0,0
"POINT (12.382258640000032 51.365885579000064)",Unfall 253584 (2023) Kat:3, Licht: 0,253584,3,2,5,04,18,3,0,0,1,1,0,0,0,0
"POINT (12.387193417000049 51.336918465000053)",Unfall 253585 (2023) Kat:3, Licht: 0,253585,3,3,5,04,14,3,0,0,1,0,0,0,0,0
"POINT (12.366461327000025 51.367359582000063)",Unfall 253587 (2023) Kat:3, Licht: 0,253587,3,5,3,04,11,3,0,0,1,1,0,0,0,0
"POINT (12.369460850000053 51.341795992000073)",Unfall 253589 (2023) Kat:3, Licht: 0,253589,3,6,2,05,11,2,0,0,0,1,0,1,0,0
"POINT (12.394831585000077 51.342721293000068)",Unfall 253593 (2023) Kat:3, Licht: 0,253593,3,2,5,05,16,3,0,0,1,1,0,0,0,0
"POINT (12.412422302000039 51.333505636000041)",Unfall 253602 (2023) Kat:3, Licht: 0,253602,3,6,2,04,14,2,0,0,1,0,0,0,0,0
"POINT (12.364440626000032 51.330914293000035)",Unfall 253603 (2023) Kat:3, Licht: 0,253603,3,3,5,04,16,2,0,0,0,1,0,0,0,1
"POINT (12.344506173000070 51.325299470000061)",Unfall 253605 (2023) Kat:3, Licht: 0,253605,3,2,5,04,08,2,0,0,1,1,0,0,0,0
"POINT (12.437909249000029 51.327633953000031)",Unfall 253606 (2023) Kat:3, Licht: 0,253606,3,6,2,04,09,2,0,0,0,1,0,0,1,0
"POINT (12.326162725000074 51.331084025000052)",Unfall 253607 (2023) Kat:3, Licht: 0,253607,3,6,3,04,09,2,0,0,1,1,0,0,0,0
"POINT (12.353762544000062 51.332117159000063)",Unfall 253608 (2023) Kat:2, Licht: 0,253608,2,5,1,04,15,2,0,0,1,1,0,0,0,0
"POINT (12.394319655000061 51.339080262000039)",Unfall 253609 (2023) Kat:3, Licht: 0,253609,3,6,3,04,14,2,0,0,1,0,0,0,0,1
"POINT (12.373646949000033 51.325309075000064)",Unfall 253610 (2023) Kat:2, Licht: 0,253610,2,3,5,04,17,2,0,0,0,1,0,0,0,1
"POINT (12.389590072000033 51.321762350000029)",Unfall 253617 (2023) Kat:3, Licht: 2,253617,3,2,5,04,23,1,0,2,0,1,0,0,0,0
"POINT (12.395158218000063 51.341078080000045)",Unfall 253623 (2023) Kat:3, Licht: 2,253623,3,1,0,04,22,7,1,2,1,0,0,0,0,0
"POINT (12.324333766000052 51.317404755000041)",Unfall 253624 (2023) Kat:3, Licht: 2,253624,3,6,4,04,22,7,1,2,0,1,0,0,0,0
"POINT (12.348660599000027 51.332147082000063)",Unfall 253625 (2023) Kat:3, Licht: 2,253625,3,2,5,04,02,7,0,2,1,1,0,0,0,0
"POINT (12.375884188000043 51.308801591000076)",Unfall 253626 (2023) Kat:3, Licht: 0,253626,3,1,0,04,13,7,1,0,1,0,0,0,0,0
"POINT (12.362029827000072 51.360098977000064)",Unfall 253627 (2023) Kat:3, Licht: 0,253627,3,6,3,04,18,7,1,0,0,1,0,1,0,0
"POINT (12.334092666000060 51.319396307000034)",Unfall 253628 (2023) Kat:3, Licht: 2,253628,3,3,5,04,23,7,1,2,0,1,0,0,0,0