WKT,Name,OBJECTID,UKATEGORIE,UTYP1,UART,UMONAT,USTUNDE,UWOCHENTAG,STRZUSTAND,ULICHTVERH,ISTRAD,ISTPKW,ISTFUSS,ISTKRAD,ISTGKFZ,ISTSONSTIG
"POINT (12.382888815000058 51.340468427000076)",Unfall 253629 (2023) Kat:3, Licht: 0,253629,3,3,5,05,16,1,0,0,1,1,0,0,0,0
"POINT (12.339394177000031 51.334430122000072)",Unfall 253638 (2023) Kat:3, Licht: 0,253638,3,7,3,03,13,6,1,0,0,1,0,0,0,0
"POINT (12.409197726000059 51.371555633000071)",Unfall 253640 (2023) Kat:1, Licht: 0,253640,1,7,6,03,10,6,1,0,0,0,1,0,0,1
"POINT (12.376719913000045 51.306959408000068)",Unfall 253652 (2023) Kat:3, Licht: 0,253652,3,3,5,04,17,2,0,0,0,1,0,1,0,0
"POINT (12.326047046000042 51.307295948000046)",Unfall 253653 (2023) Kat:3, Licht: 1,253653,3,3,5,03,18,5,0,1,0,1,0,0,0,0
"POINT (12.373496146000036 51.307521547000078)",Unfall 253654 (2023) Kat:3, Licht: 0,253654,3,6,2,03,16,5,0,0,1,1,0,0,0,0
"POINT (12.433364747000041 51.379685340000037)",Unfall 253655 (2023) Kat:3, Licht: 0,253655,3,4,6,03,06,5,0,0,0,1,1,0,0,0
"POINT (12.428488717000050 51.379695396000045)",Unfall 253658 (2023) Kat:2, Licht: 0,253658,2,1,0,05,14,5,0,0,0,0,0,0,0,1
"POINT (12.388919010000052 51.309214380000071)",Unfall 253669 (2023) Kat:3, Licht: 0,253669,3,2,2,03,15,4,0,0,0,1,0,0,0,0
"POINT (12.331846500000040 51.348157897000078)",Unfall 253678 (2023) Kat:3, Licht: 0,253678,3,1,8,04,13,7,1,0,0,1,0,0,0,0
"POINT (12.312577428000054 51.329410602000053)",Unfall 253679 (2023) Kat:3, Licht: 0,253679,3,6,2,03,16,3,0,0,0,1,0,0,0,0
"POINT (12.380065073000026 51.339408481000078)",Unfall 253680 (2023) Kat:3, Licht: 0,253680,3,7,0,03,06,3,0,0,0,0,0,0,0,1
"POINT (12.361481424000033 51.363341910000031)",Unfall 253681 (2023) Kat:3, Licht: 0,253681,3,6,2,03,10,3,0,0,0,1,0,0,0,0
"POINT (12.392929691000063 51.400266072000079)",Unfall 253682 (2023) Kat:2, Licht: 0,253682,2,2,5,03,10,3,0,0,1,1,0,0,0,0
"POINT (12.361952625000072 51.343930429000068)",Unfall 253683 (2023) Kat:3, Licht: 2,253683,3,7,9,03,21,3,0,2,0,1,0,0,0,0
"POINT (12.369006027000069 51.289691987000026)",Unfall 253695 (2023) Kat:3, Licht: 0,253695,3,1,0,03,09,2,0,0,1,0,0,0,0,0
"POINT (12.449922349000076 51.345547849000070)",Unfall 253696 (2023) Kat:3, Licht: 0,253696,3,3,5,03,11,2,0,0,0,1,0,0,0,0
"POINT (12.359880732000022 51.388529846000040)",Unfall 253697 (2023) Kat:3, Licht: 0,253697,3,1,0,03,07,2,0,0,1,0,0,0,0,0
"POINT (12.388472290000038 51.325979409000070)",Unfall 253698 (2023) Kat:3, Licht: 0,253698,3,2,5,03,15,2,0,0,1,1,0,0,0,0
"POINT (12.395948174000068 51.343230900000037)",Unfall 253699 (2023) Kat:2, Licht: 0,253699,2,4,6,03,15,2,0,0,1,0,1,0,0,0
"POINT (12.397442951000073 51.391296606000026)",Unfall 253708 (2023) Kat:3, Licht: 0,253708,3,3,5,05,14,2,0,0,0,1,0,1,0,0
"POINT (12.379327107000051 51.359359927000071)",Unfall 253712 (2023) Kat:3, Licht: 0,253712,3,6,2,03,14,1,1,0,0,1,0,0,0,0
"POINT (12.412253201000055 51.343279373000030)",Unfall 253713 (2023) Kat:3, Licht: 2,253713,3,1,0,03,05,1,1,2,1,0,0,0,0,0
"POINT (12.445323408000036 51.346323382000037)",Unfall 253714 (2023) Kat:3, Licht: 0,253714,3,2,5,03,14,1,1,0,1,1,0,0,0,0
"POINT (12.386719409000023 51.335656392000033)",Unfall 253715 (2023) Kat:2, Licht: 2,253715,2,2,6,03,20,1,1,2,0,1,1,0,0,0
"POINT (12.371309367000038 51.330146623000076)",Unfall 253724 (2023) Kat:3, Licht: 0,253724,3,6,2,03,10,7,0,0,0,1,0,0,0,0
"POINT (12.371258843000021 51.332639565000079)",Unfall 253725 (2023) Kat:3, Licht: 2,253725,3,2,5,03,22,7,0,2,1,1,0,0,0,0
"POINT (12.364187000000072 51.379797890000077)",Unfall 253740 (2023) Kat:3, Licht: 0,253740,3,7,6,03,09,6,0,0,0,1,0,0,0,1
"POINT (12.362895574000049 51.330572640000071)",Unfall 253742 (2023) Kat:3, Licht: 0,253742,3,6,2,03,17,6,0,0,0,1,0,0,0,0
"POINT (12.365640876000043 51.332051954000065)",Unfall 253743 (2023) Kat:3, Licht: 0,253743,3,3,5,03,14,6,1,0,1,1,0,0,0,0
"POINT (12.281989443000043 51.357923800000037)",Unfall 253744 (2023) Kat:3, Licht: 0,253744,3,3,5,03,07,6,1,0,1,1,0,0,0,0
"POINT (12.414010591000022 51.359464731000060)",Unfall 253745 (2023) Kat:2, Licht: 0,253745,2,1,0,03,16,6,1,0,1,0,0,0,0,0
"POINT (12.339746212000023 51.329628671000080)",Unfall 253746 (2023) Kat:2, Licht: 0,253746,2,4,6,03,13,6,1,0,0,1,1,0,0,0
"POINT (12.417660644000023 51.381989385000054)",Unfall 253754 (2023) Kat:3, Licht: 0,253754,3,3,5,05,07,6,0,0,0,1,0,0,0,0
"POINT (12.342059324000047 51.325253322000037)",Unfall 253756 (2023) Kat:3, Licht: 0,253756,3,1,0,03,08,5,1,0,0,0,0,1,0,0
"POINT (12.376263846000029 51.348326588000077)",Unfall 253757 (2023) Kat:3, Licht: 1,253757,3,6,3,03,06,5,1,1,1,1,0,0,0,0
"POINT (12.399446352000041 51.376402969000026)",Unfall 253758 (2023) Kat:3, Licht: 0,253758,3,3,5,03,08,5,0,0,1,1,0,0,0,0
"POINT (12.401865958000030 51.379739535000056)",Unfall 253759 (2023) Kat:2, Licht: 0,253759,2,3,5,03,15,5,0,0,0,1,0,1,0,0
"POINT (12.368052397000042 51.358049291000043)",Unfall 253760 (2023) Kat:3, Licht: 0,253760,3,2,5,03,15,5,0,0,1,1,0,0,0,0
"POINT (12.373667721000061 51.332810527000049)",Unfall 253772 (2023) Kat:3, Licht: 0,253772,3,6,2,03,09,4,0,0,1,0,0,0,0,0
"POINT (12.368794646000026 51.361224419000052)",Unfall 253775 (2023) Kat:2, Licht: 2,253775,2,1,0,03,19,4,1,2,1,0,0,0,0,0
"POINT (12.382071942000039 51.332604835000041)",Unfall 253783 (2023) Kat:2, Licht: 0,253783,2,2,4,03,06,3,0,0,1,1,0,0,0,0
"POINT (12.359975609000060 51.340797409000061)",Unfall 253785 (2023) Kat:3, Licht: 0,253785,3,5,1,05,09,4,0,0,1,0,0,0,1,0
"POINT (12.289209033000077 51.327770233000081)",Unfall 253786 (2023) Kat:3, Licht: 0,253786,3,4,6,03,17,3,0,0,0,1,1,0,0,0
"POINT (12.380109092000055 51.339193257000034)",Unfall 253799 (2023) Kat:3, Licht: 1,253799,3,2,6,03,19,2,1,1,0,1,1,0,0,0
"POINT (12.371724649000043 51.321550139000067)",Unfall 253801 (2023) Kat:3, Licht: 0,253801,3,4,6,03,12,2,1,0,1,0,1,0,0,0
"POINT (12.371464932000038 51.320636039000078)",Unfall 253803 (2023) Kat:3, Licht: 0,253803,3,3,5,03,08,2,1,0,1,1,0,0,0,0
"POINT (12.364516500000036 51.326779485000031)",Unfall 253804 (2023) Kat:3, Licht: 0,253804,3,3,5,03,14,2,0,0,0,1,0,0,0,0
"POINT (12.413723027000060 51.359485885000026)",Unfall 253817 (2023) Kat:3, Licht: 0,253817,3,3,5,03,14,1,1,0,1,1,0,0,0,0
"POINT (12.370787793000034 51.343706069000064)",Unfall 253818 (2023) Kat:2, Licht: 2,253818,2,1,8,03,04,1,0,2,0,0,0,0,0,1
"POINT (12.378958617000023 51.345116440000027)",Unfall 253827 (2023) Kat:3, Licht: 2,253827,3,2,5,03,19,7,0,2,1,1,0,0,0,0
"POINT (12.298596117000045 51.356699551000077)",Unfall 253828 (2023) Kat:3, Licht: 0,253828,3,3,5,03,17,7,0,0,0,1,0,1,0,0
"POINT (12.328989352000065 51.391863798000031)",Unfall 253829 (2023) Kat:2, Licht: 0,253829,2,6,2,03,17,7,0,0,1,1,0,0,0,0
"POINT (12.343766442000060 51.324277125000037)",Unfall 253830 (2023) Kat:3, Licht: 0,253830,3,1,0,05,17,4,1,0,0,1,0,1,0,0
"POINT (12.445086908000064 51.343482925000046)",Unfall 253832 (2023) Kat:2, Licht: 2,253832,2,1,0,03,18,7,0,2,1,0,0,0,0,0
"POINT (12.373634867000021 51.330514718000074)",Unfall 253833 (2023) Kat:3, Licht: 0,253833,3,2,4,04,12,2,0,0,1,1,0,0,0,0
"POINT (12.254088982000042 51.339071099000080)",Unfall 253843 (2023) Kat:3, Licht: 0,253843,3,7,8,03,12,6,0,0,0,1,0,0,0,0
"POINT (12.341722360000063 51.318565466000052)",Unfall 253844 (2023) Kat:3, Licht: 1,253844,3,7,0,03,18,6,0,1,0,0,0,0,0,1
"POINT (12.426006204000032 51.320052824000072)",Unfall 253845 (2023) Kat:3, Licht: 2,253845,3,3,5,03,18,6,0,2,1,0,0,1,0,0
"POINT (12.373075869000047 51.309289965000062)",Unfall 253846 (2023) Kat:2, Licht: 0,253846,2,3,5,03,15,6,0,0,1,1,0,0,0,0
"POINT (12.390174462000061 51.366262383000048)",Unfall 253860 (2023) Kat:3, Licht: 0,253860,3,3,5,05,19,5,0,0,1,1,0,0,0,0
"POINT (12.370462552000049 51.326894365000044)",Unfall 253864 (2023) Kat:3, Licht: 0,253864,3,5,1,03,13,5,0,0,1,1,0,0,0,0
"POINT (12.316310367000028 51.349562114000037)",Unfall 253865 (2023) Kat:3, Licht: 0,253865,3,3,5,03,07,5,0,0,1,1,0,0,0,0
"POINT (12.398106114000029 51.376543091000030)",Unfall 253866 (2023) Kat:3, Licht: 0,253866,3,4,6,03,08,5,0,0,0,1,1,0,0,0
"POINT (12.354043929000056 51.340282280000054)",Unfall 253874 (2023) Kat:3, Licht: 0,253874,3,6,2,08,16,2,1,0,0,1,0,0,0,0
"POINT (12.378934806000075 51.335907726000073)",Unfall 253875 (2023) Kat:3, Licht: 0,253875,3,1,0,08,07,2,1,0,0,0,0,1,0,0
"POINT (12.392143073000057 51.338831541000047)",Unfall 253884 (2023) Kat:2, Licht: 2,253884,2,1,0,08,20,1,1,2,1,0,0,0,0,0
"POINT (12.416495004000069 51.321876249000070)",Unfall 253885 (2023) Kat:3, Licht: 2,253885,3,3,5,08,21,1,1,2,0,1,0,0,0,0
"POINT (12.367710590000058 51.345532404000039)",Unfall 253893 (2023) Kat:3, Licht: 0,253893,3,6,2,08,12,7,0,0,0,1,0,0,0,0
"POINT (12.327364187000057 51.304712112000061)",Unfall 253894 (2023) Kat:3, Licht: 0,253894,3,1,0,08,10,7,0,0,1,0,0,0,0,0
"POINT (12.271308678000025 51.303231697000058)",Unfall 253897 (2023) Kat:3, Licht: 0,253897,3,3,5,08,07,6,1,0,1,1,0,0,0,0
"POINT (12.370277276000024 51.386311408000040)",Unfall 253898 (2023) Kat:3, Licht: 0,253898,3,3,5,08,18,6,0,0,0,1,0,0,0,0
"POINT (12.373969524000074 51.343111242000077)",Unfall 253899 (2023) Kat:3, Licht: 0,253899,3,5,1,08,15,6,0,0,1,0,0,0,0,1
"POINT (12.406826486000057 51.338126370000055)",Unfall 253913 (2023) Kat:3, Licht: 0,253913,3,7,0,08,16,5,0,0,0,0,0,1,0,1
"POINT (12.410096728000042 51.329407677000063)",Unfall 253914 (2023) Kat:3, Licht: 1,253914,3,6,2,08,20,5,0,1,0,1,0,0,0,0
"POINT (12.465191208000022 51.364525326000035)",Unfall 253915 (2023) Kat:3, Licht: 0,253915,3,2,5,08,08,5,0,0,0,1,0,0,0,0
"POINT (12.365654399000050 51.329512268000030)",Unfall 253916 (2023) Kat:3, Licht: 0,253916,3,3,5,08,08,5,0,0,0,1,0,0,0,0
"POINT (12.437237322000044 51.395773043000077)",Unfall 253917 (2023) Kat:3, Licht: 0,253917,3,2,5,08,15,5,0,0,0,1,0,0,0,0
"POINT (12.459121987000060 51.353135411000039)",Unfall 253918 (2023) Kat:3, Licht: 0,253918,3,3,5,08,10,5,0,0,0,1,0,0,0,1
"POINT (12.308110894000038 51.347027994000030)",Unfall 253932 (2023) Kat:3, Licht: 0,253932,3,2,2,08,16,4,1,0,0,1,0,0,0,0
"POINT (12.380935123000029 51.342026884000063)",Unfall 253933 (2023) Kat:3, Licht: 0,253933,3,2,0,08,17,4,0,0,0,1,0,0,0,1
"POINT (12.414508371000068 51.345138695000060)",Unfall 253934 (2023) Kat:2, Licht: 0,253934,2,6,2,08,08,4,0,0,0,1,0,1,0,1
"POINT (12.445647353000027 51.347309428000074)",Unfall 253935 (2023) Kat:3, Licht: 1,253935,3,3,5,08,05,4,0,1,1,0,0,0,0,1
"POINT (12.373673214000064 51.332752936000077)",Unfall 253943 (2023) Kat:2, Licht: 2,253943,2,7,0,08,00,3,1,2,1,0,0,0,0,0
"POINT (12.371079974000054 51.344028316000049)",Unfall 253944 (2023) Kat:2, Licht: 0,253944,2,1,0,08,13,3,1,0,1,0,0,0,0,0
"POINT (12.327854297000044 51.327358802000049)",Unfall 253945 (2023) Kat:3, Licht: 0,253945,3,3,5,08,18,3,0,0,0,1,0,0,0,0
"POINT (12.379310002000068 51.326376130000028)",Unfall 253954 (2023) Kat:3, Licht: 0,253954,3,1,0,07,06,2,1,0,1,0,0,0,0,0
"POINT (12.284707580000031 51.312184247000062)",Unfall 253955 (2023) Kat:3, Licht: 0,253955,3,2,5,07,07,2,1,0,0,1,0,0,0,1
"POINT (12.384897017000071 51.338154855000028)",Unfall 253962 (2023) Kat:2, Licht: 0,253962,2,2,3,07,15,1,1,0,1,0,0,0,0,0
"POINT (12.470277649000025 51.345745095000041)",Unfall 253964 (2023) Kat:2, Licht: 0,253964,2,6,4,07,17,1,1,0,1,0,0,0,0,0
"POINT (12.393389381000077 51.322922739000035)",Unfall 253971 (2023) Kat:3, Licht: 0,253971,3,2,5,07,12,7,0,0,1,1,0,0,0,0
"POINT (12.334103322000033 51.319360412000037)",Unfall 253972 (2023) Kat:2, Licht: 0,253972,2,2,5,07,10,7,0,0,1,1,0,0,0,0
"POINT (12.452156271000035 51.310338885000078)",Unfall 253973 (2023) Kat:3, Licht: 0,253973,3,3,2,07,18,7,1,0,0,1,0,0,0,1
"POINT (12.354877075000047 51.330469920000041)",Unfall 253981 (2023) Kat:2, Licht: 0,253981,2,7,5,07,15,6,0,0,1,0,0,0,0,0
"POINT (12.348096523000038 51.328800701000034)",Unfall 253982 (2023) Kat:3, Licht: 2,253982,3,1,0,07,00,6,1,2,1,0,0,0,0,0
"POINT (12.309270536000042 51.268812260000061)",Unfall 253983 (2023) Kat:3, Licht: 0,253983,3,7,5,07,16,6,0,0,0,1,0,1,0,0
"POINT (12.479256377000070 51.345820621000030)",Unfall 253984 (2023) Kat:3, Licht: 0,253984,3,2,5,07,18,6,0,0,0,1,0,0,0,0
"POINT (12.360688675000063 51.331994252000072)",Unfall 253985 (2023) Kat:2, Licht: 2,253985,2,7,0,07,04,6,1,2,1,0,0,0,0,0
"POINT (12.372865327000056 51.343176860000028)",Unfall 253994 (2023) Kat:3, Licht: 0,253994,3,3,4,07,07,5,0,0,1,0,0,0,0,0
"POINT (12.392837207000071 51.337021548000052)",Unfall 253995 (2023) Kat:3, Licht: 0,253995,3,2,5,07,17,5,1,0,1,1,0,0,0,0
"POINT (12.476956565000023 51.339878704000057)",Unfall 253996 (2023) Kat:3, Licht: 0,253996,3,6,2,07,10,5,0,0,0,1,0,0,0,0
"POINT (12.413407537000069 51.359509091000064)",Unfall 253997 (2023) Kat:3, Licht: 0,253997,3,2,1,07,15,5,1,0,0,1,0,0,0,0
"POINT (12.459057320000056 51.401943939000034)",Unfall 254007 (2023) Kat:3, Licht: 0,254007,3,3,5,07,15,4,0,0,1,0,0,0,1,0
"POINT (12.385753290000025 51.371327247000067)",Unfall 254008 (2023) Kat:3, Licht: 0,254008,3,6,1,07,09,4,0,0,0,1,0,0,0,0
"POINT (12.327690726000071 51.341326359000050)",Unfall 254021 (2023) Kat:3, Licht: 0,254021,3,2,5,07,15,3,0,0,1,1,0,0,0,0
"POINT (12.368764401000021 51.357165356000053)",Unfall 254022 (2023) Kat:3, Licht: 0,254022,3,4,6,07,10,3,0,0,0,1,1,0,0,0
"POINT (12.408333904000074 51.340088601000048)",Unfall 254024 (2023) Kat:3, Licht: 0,254024,3,6,2,07,10,3,0,0,0,1,0,0,0,0
"POINT (12.341703232000043 51.320112321000067)",Unfall 254025 (2023) Kat:2, Licht: 0,254025,2,5,0,07,13,3,0,0,1,1,0,0,0,0
"POINT (12.393295601000034 51.322885419000045)",Unfall 254036 (2023) Kat:3, Licht: 0,254036,3,2,5,07,09,2,0,0,1,1,0,0,0,0
"POINT (12.358065343000021 51.341861207000079)",Unfall 254037 (2023) Kat:3, Licht: 0,254037,3,3,5,07,06,2,0,0,1,1,0,0,0,0
"POINT (12.366610855000033 51.367365989000064)",Unfall 254038 (2023) Kat:3, Licht: 0,254038,3,6,2,07,14,2,0,0,0,1,0,0,0,0
"POINT (12.335635262000039 51.336591865000059)",Unfall 254039 (2023) Kat:2, Licht: 2,254039,2,7,0,07,23,2,1,2,0,0,1,0,0,1
"POINT (12.381543970000052 51.350758583000072)",Unfall 254054 (2023) Kat:3, Licht: 2,254054,3,7,8,07,04,1,0,2,0,1,0,0,0,0
"POINT (12.378820907000033 51.343562923000036)",Unfall 254060 (2023) Kat:3, Licht: 2,254060,3,4,6,07,20,7,0,2,1,0,1,0,0,0
"POINT (12.308192817000077 51.350419769000041)",Unfall 254061 (2023) Kat:3, Licht: 0,254061,3,5,1,07,16,7,0,0,0,1,0,0,0,0
"POINT (12.321220740000058 51.332444567000039)",Unfall 254062 (2023) Kat:3, Licht: 0,254062,3,6,6,07,16,7,0,0,1,0,1,0,0,0
"POINT (12.407642646000056 51.339301540000065)",Unfall 254063 (2023) Kat:3, Licht: 2,254063,3,1,0,07,23,7,0,2,1,0,0,0,0,0
"POINT (12.373691664000035 51.333436995000056)",Unfall 254077 (2023) Kat:3, Licht: 0,254077,3,1,3,07,15,6,1,0,1,0,0,1,0,0
"POINT (12.345339075000027 51.318946418000053)",Unfall 254078 (2023) Kat:3, Licht: 0,254078,3,6,2,07,10,6,1,0,0,1,0,1,0,0
"POINT (12.308860905000074 51.333867409000050)",Unfall 254079 (2023) Kat:3, Licht: 0,254079,3,7,0,07,16,6,0,0,1,1,0,0,0,0
"POINT (12.366101076000064 51.368463606000034)",Unfall 254080 (2023) Kat:3, Licht: 0,254080,3,6,3,07,10,6,1,0,0,1,0,0,0,0
"POINT (12.386000006000074 51.363074562000065)",Unfall 254081 (2023) Kat:3, Licht: 0,254081,3,2,5,07,15,6,0,0,1,1,0,0,0,0
"POINT (12.459130844000072 51.353152666000028)",Unfall 254082 (2023) Kat:3, Licht: 0,254082,3,3,5,07,17,6,0,0,0,1,0,0,0,0
"POINT (12.446453375000033 51.346115150000060)",Unfall 254083 (2023) Kat:3, Licht: 0,254083,3,7,6,07,10,6,1,0,0,1,1,0,0,0
"POINT (12.406011248000027 51.335935448000043)",Unfall 254098 (2023) Kat:3, Licht: 0,254098,3,3,5,07,15,5,0,0,0,1,0,0,0,1
"POINT (12.373441221000064 51.322015942000064)",Unfall 254099 (2023) Kat:3, Licht: 0,254099,3,4,6,07,17,5,0,0,1,0,1,0,0,0
"POINT (12.366461341000047 51.360670630000072)",Unfall 254100 (2023) Kat:3, Licht: 0,254100,3,3,0,07,14,5,1,0,0,1,0,1,0,0
"POINT (12.317202251000026 51.307179826000038)",Unfall 254114 (2023) Kat:3, Licht: 0,254114,3,1,0,07,11,4,0,0,1,0,0,0,0,0
"POINT (12.339484541000047 51.324111332000030)",Unfall 254115 (2023) Kat:3, Licht: 2,254115,3,7,0,07,23,4,1,2,1,0,0,0,0,0
"POINT (12.369035421000035 51.319853423000040)",Unfall 254116 (2023) Kat:3, Licht: 0,254116,3,5,1,07,07,4,0,0,1,1,0,0,0,0
"POINT (12.394353585000033 51.285063460000060)",Unfall 254117 (2023) Kat:3, Licht: 2,254117,3,1,0,07,20,4,0,2,1,0,0,0,0,0
"POINT (12.448344029000054 51.383011798000041)",Unfall 254118 (2023) Kat:3, Licht: 0,254118,3,3,5,07,13,4,0,0,1,1,0,0,0,0
"POINT (12.332016890000034 51.322436759000027)",Unfall 254120 (2023) Kat:2, Licht: 0,254120,2,2,5,07,12,4,0,0,1,0,0,0,0,1
"POINT (12.447622182000032 51.325975768000035)",Unfall 254123 (2023) Kat:3, Licht: 0,254123,3,3,5,07,14,4,0,0,0,1,0,1,0,0
"POINT (12.332668134000073 51.291776273000039)",Unfall 254146 (2023) Kat:3, Licht: 0,254146,3,6,2,07,09,3,0,0,1,1,0,0,0,0
"POINT (12.359745847000056 51.358286831000044)",Unfall 254147 (2023) Kat:3, Licht: 0,254147,3,7,9,07,08,3,0,0,0,1,0,0,0,0
"POINT (12.421330796000063 51.352914660000067)",Unfall 254148 (2023) Kat:2, Licht: 0,254148,2,2,5,07,14,3,0,0,1,1,0,0,0,0
"POINT (12.279547607000040 51.314805397000043)",Unfall 254149 (2023) Kat:2, Licht: 0,254149,2,3,5,07,19,3,0,0,0,1,0,0,0,1
"POINT (12.427908957000056 51.357371918000069)",Unfall 254160 (2023) Kat:3, Licht: 0,254160,3,7,6,07,10,2,0,0,0,1,1,0,0,0
"POINT (12.376990448000072 51.344560655000066)",Unfall 254161 (2023) Kat:3, Licht: 0,254161,3,3,5,07,07,2,0,0,1,1,0,0,0,0
"POINT (12.303152740000030 51.314372248000041)",Unfall 254172 (2023) Kat:3, Licht: 0,254172,3,3,0,07,18,1,0,0,0,1,0,0,0,1
"POINT (12.394425486000046 51.314557774000036)",Unfall 254173 (2023) Kat:3, Licht: 0,254173,3,2,4,07,16,1,0,0,0,1,0,0,0,0
"POINT (12.371763992000069 51.339642294000043)",Unfall 254184 (2023) Kat:3, Licht: 0,254184,3,2,4,07,12,7,0,0,1,0,0,0,0,0
"POINT (12.405886168000052 51.331729431000042)",Unfall 254185 (2023) Kat:3, Licht: 0,254185,3,6,3,07,19,7,0,0,0,1,0,0,0,1
"POINT (12.296818625000071 51.313598457000069)",Unfall 254186 (2023) Kat:3, Licht: 0,254186,3,3,5,07,11,7,0,0,1,1,0,0,0,0
"POINT (12.326172076000034 51.315461340000070)",Unfall 254187 (2023) Kat:3, Licht: 0,254187,3,5,1,07,18,7,0,0,1,1,0,0,0,0
"POINT (12.416692569000077 51.323701347000053)",Unfall 254188 (2023) Kat:3, Licht: 2,254188,3,1,0,07,23,7,1,2,1,0,0,0,0,0
"POINT (12.420233463000045 51.321978072000036)",Unfall 254189 (2023) Kat:3, Licht: 0,254189,3,5,1,07,14,7,0,0,0,1,0,0,0,1
"POINT (12.416223875000071 51.356732632000046)",Unfall 254190 (2023) Kat:2, Licht: 2,254190,2,1,0,07,23,7,1,2,0,0,0,0,0,1
"POINT (12.370766415000048 51.335229987000048)",Unfall 254191 (2023) Kat:3, Licht: 1,254191,3,2,5,07,19,7,0,1,0,1,0,0,0,0
"POINT (12.339302628000041 51.333555388000036)",Unfall 254204 (2023) Kat:3, Licht: 2,254204,3,7,0,07,21,6,0,2,1,0,0,0,0,0
"POINT (12.323416646000055 51.328704817000073)",Unfall 254205 (2023) Kat:3, Licht: 0,254205,3,6,2,07,15,6,0,0,0,1,0,0,0,0
"POINT (12.299290630000030 51.313822027000072)",Unfall 254207 (2023) Kat:3, Licht: 0,254207,3,6,4,07,19,6,0,0,1,0,0,0,0,0
"POINT (12.409116666000045 51.338643567000076)",Unfall 254208 (2023) Kat:3, Licht: 0,254208,3,5,1,07,19,6,0,0,0,1,0,0,0,0
"POINT (12.415171917000066 51.359377983000059)",Unfall 254209 (2023) Kat:3, Licht: 0,254209,3,6,2,07,18,6,0,0,0,1,0,0,0,0
"POINT (12.373742669000023 51.367107371000031)",Unfall 254210 (2023) Kat:3, Licht: 1,254210,3,1,1,07,04,6,0,1,0,1,0,0,0,1
"POINT (12.409132927000030 51.345360873000061)",Unfall 254224 (2023) Kat:3, Licht: 0,254224,3,3,5,07,10,5,0,0,1,1,0,0,0,0
"POINT (12.334557652000058 51.319973463000053)",Unfall 254225 (2023) Kat:3, Licht: 0,254225,3,5,1,07,16,5,0,0,1,1,0,0,0,0
"POINT (12.332099666000033 51.379538020000041)",Unfall 254226 (2023) Kat:3, Licht: 0,254226,3,5,1,07,16,5,0,0,1,1,0,0,0,0
"POINT (12.416918560000056 51.344950071000028)",Unfall 254228 (2023) Kat:3, Licht: 0,254228,3,4,6,07,11,5,0,0,0,1,1,0,0,0
"POINT (12.441651414000034 51.334236663000070)",Unfall 254229 (2023) Kat:3, Licht: 0,254229,3,6,2,07,15,5,0,0,0,1,0,0,0,0
"POINT (12.371134643000062 51.335737022000046)",Unfall 254240 (2023) Kat:3, Licht: 0,254240,3,3,5,07,08,4,0,0,1,1,0,0,0,0
"POINT (12.272519495000040 51.344461871000078)",Unfall 254241 (2023) Kat:3, Licht: 0,254241,3,2,4,07,17,4,0,0,1,1,0,0,0,0
"POINT (12.315385564000053 51.379957097000045)",Unfall 254242 (2023) Kat:3, Licht: 0,254242,3,3,5,07,07,4,0,0,0,1,0,1,0,0
"POINT (12.393172530000072 51.336932744000080)",Unfall 254243 (2023) Kat:3, Licht: 0,254243,3,3,5,07,10,4,0,0,1,1,0,0,0,0
"POINT (12.389579142000059 51.326838430000066)",Unfall 254257 (2023) Kat:3, Licht: 0,254257,3,1,0,07,12,3,0,0,0,0,0,0,0,1
"POINT (12.408259402000056 51.340070312000080)",Unfall 254258 (2023) Kat:3, Licht: 0,254258,3,2,5,07,17,3,0,0,1,1,0,0,0,0
"POINT (12.305207122000070 51.326858471000037)",Unfall 254259 (2023) Kat:3, Licht: 0,254259,3,3,5,07,13,3,0,0,0,1,0,0,0,1
"POINT (12.385384066000029 51.343540623000081)",Unfall 254260 (2023) Kat:3, Licht: 0,254260,3,3,5,07,18,3,0,0,0,1,0,0,0,1
"POINT (12.398847660000058 51.346706682000047)",Unfall 254261 (2023) Kat:3, Licht: 0,254261,3,1,1,07,20,3,0,0,1,1,0,0,0,0
"POINT (12.383736474000045 51.395395024000038)",Unfall 254262 (2023) Kat:2, Licht: 0,254262,2,5,1,07,08,3,0,0,1,1,0,0,0,0
"POINT (12.383499492000055 51.302901565000070)",Unfall 254264 (2023) Kat:3, Licht: 0,254264,3,7,1,07,19,1,0,0,1,1,0,0,0,0
"POINT (12.370129142000053 51.340012607000062)",Unfall 254275 (2023) Kat:3, Licht: 0,254275,3,6,5,07,10,2,0,0,1,0,0,0,0,0
"POINT (12.340568889000053 51.332326219000038)",Unfall 254276 (2023) Kat:3, Licht: 0,254276,3,2,3,07,16,2,0,0,1,1,0,0,0,0
"POINT (12.396166471000072 51.299632224000050)",Unfall 254278 (2023) Kat:2, Licht: 0,254278,2,1,8,07,08,2,0,0,0,1,0,0,0,0
"POINT (12.373700755000073 51.326170116000071)",Unfall 254279 (2023) Kat:3, Licht: 0,254279,3,6,2,07,19,2,0,0,0,1,0,0,0,0
"POINT (12.396238369000059 51.303570131000072)",Unfall 254306 (2023) Kat:3, Licht: 0,254306,3,2,5,07,15,7,0,0,1,0,0,0,0,1