WKT,Name,OBJECTID,UKATEGORIE,UTYP1,UART,UMONAT,USTUNDE,UWOCHENTAG,STRZUSTAND,ULICHTVERH,ISTRAD,ISTPKW,ISTFUSS,ISTKRAD,ISTGKFZ,ISTSONSTIG
"POINT (12.416471860000058 51.323741760000075)",Unfall 254996 (2023) Kat:3, Licht: 0,254996,3,1,0,06,07,3,1,0,1,0,0,0,0,0
"POINT (12.416153288000032 51.356754993000038)",Unfall 254997 (2023) Kat:3, Licht: 0,254997,3,1,0,06,08,3,1,0,1,0,0,0,0,0
"POINT (12.372928804000026 51.349590347000060)",Unfall 254998 (2023) Kat:3, Licht: 0,254998,3,2,5,06,13,3,0,0,1,1,0,0,0,0
"POINT (12.400078831000030 51.341914136000071)",Unfall 254999 (2023) Kat:3, Licht: 0,254999,3,3,5,06,09,3,1,0,0,1,0,0,0,0
"POINT (12.384621309000067 51.329338244000041)",Unfall 255018 (2023) Kat:3, Licht: 0,255018,3,5,1,06,13,2,0,0,1,1,0,0,0,0
"POINT (12.367737590000047 51.358470090000026)",Unfall 255019 (2023) Kat:3, Licht: 0,255019,3,3,5,06,18,2,0,0,1,1,0,0,0,0
"POINT (12.398335132000057 51.339217954000048)",Unfall 255020 (2023) Kat:2, Licht: 0,255020,2,3,5,06,11,2,0,0,0,1,0,0,0,0
"POINT (12.415395940000053 51.319929657000046)",Unfall 255021 (2023) Kat:2, Licht: 0,255021,2,3,5,06,16,2,0,0,0,1,0,1,0,0
"POINT (12.366575324000053 51.325057858000037)",Unfall 255022 (2023) Kat:3, Licht: 0,255022,3,6,2,06,17,2,0,0,0,1,0,0,0,0
"POINT (12.338615691000030 51.332102381000027)",Unfall 255051 (2023) Kat:3, Licht: 0,255051,3,4,0,06,06,1,0,0,0,1,1,0,0,0
"POINT (12.327290976000029 51.338469278000048)",Unfall 255052 (2023) Kat:2, Licht: 0,255052,2,1,0,06,13,1,0,0,1,0,0,0,0,0
"POINT (12.343334846000062 51.323085643000070)",Unfall 255053 (2023) Kat:3, Licht: 0,255053,3,5,1,06,18,1,0,0,1,1,0,0,0,0
"POINT (12.363082232000068 51.308518115000027)",Unfall 255054 (2023) Kat:2, Licht: 0,255054,2,6,6,06,15,1,0,0,1,0,1,0,0,0
"POINT (12.445670371000062 51.347371607000071)",Unfall 255055 (2023) Kat:3, Licht: 0,255055,3,1,0,06,19,1,0,0,1,0,0,0,0,0
"POINT (12.324735379000060 51.343190605000075)",Unfall 255072 (2023) Kat:3, Licht: 2,255072,3,1,0,06,02,7,0,2,1,0,0,0,0,0
"POINT (12.305239623000034 51.326769102000071)",Unfall 255086 (2023) Kat:3, Licht: 0,255086,3,2,5,07,12,5,0,0,0,0,0,0,1,1
"POINT (12.376593207000042 51.351201839000055)",Unfall 255098 (2023) Kat:3, Licht: 0,255098,3,6,2,06,13,6,0,0,0,0,0,0,1,1
"POINT (12.389697064000075 51.321600572000079)",Unfall 255099 (2023) Kat:3, Licht: 0,255099,3,3,5,06,06,6,0,0,1,0,0,0,1,0
"POINT (12.421352189000061 51.379455350000057)",Unfall 255100 (2023) Kat:3, Licht: 0,255100,3,2,3,06,11,6,0,0,1,1,0,0,0,0
"POINT (12.446330034000027 51.348710285000038)",Unfall 255101 (2023) Kat:3, Licht: 0,255101,3,7,3,06,15,6,0,0,0,1,0,0,0,0
"POINT (12.437519339000062 51.375887182000042)",Unfall 255102 (2023) Kat:2, Licht: 0,255102,2,3,5,06,11,6,0,0,0,1,0,0,0,0
"POINT (12.461103210000033 51.285267456000042)",Unfall 255105 (2023) Kat:3, Licht: 0,255105,3,5,1,06,08,6,0,0,1,1,0,0,0,0
"POINT (12.362918735000051 51.330622167000058)",Unfall 255120 (2023) Kat:3, Licht: 0,255120,3,2,5,06,08,5,0,0,1,1,0,0,0,0
"POINT (12.371631576000027 51.335229248000076)",Unfall 255121 (2023) Kat:3, Licht: 0,255121,3,3,5,06,11,5,0,0,1,1,0,0,0,0
"POINT (12.383072988000038 51.342529067000044)",Unfall 255131 (2023) Kat:3, Licht: 0,255131,3,6,0,10,08,2,0,0,1,0,0,0,0,0
"POINT (12.381670146000033 51.331775290000053)",Unfall 255132 (2023) Kat:3, Licht: 0,255132,3,2,3,10,09,2,0,0,1,1,0,0,0,0
"POINT (12.333360061000064 51.331295510000075)",Unfall 255133 (2023) Kat:3, Licht: 0,255133,3,2,5,10,13,2,0,0,1,0,0,0,0,1
"POINT (12.370726334000040 51.355252027000063)",Unfall 255134 (2023) Kat:3, Licht: 0,255134,3,3,5,10,12,2,0,0,1,1,0,0,0,0
"POINT (12.407922280000037 51.335592103000067)",Unfall 255135 (2023) Kat:2, Licht: 0,255135,2,2,6,10,11,2,0,0,0,0,1,0,0,1
"POINT (12.399448403000065 51.376402773000052)",Unfall 255148 (2023) Kat:3, Licht: 2,255148,3,3,5,10,19,1,0,2,0,1,0,0,0,0
"POINT (12.394234728000072 51.346158140000057)",Unfall 255151 (2023) Kat:3, Licht: 0,255151,3,3,5,09,17,7,0,0,1,0,0,0,0,0
"POINT (12.372934084000065 51.350589833000072)",Unfall 255152 (2023) Kat:3, Licht: 2,255152,3,6,0,09,20,7,0,2,0,1,0,1,0,0
"POINT (12.325695840000037 51.313236068000037)",Unfall 255153 (2023) Kat:3, Licht: 2,255153,3,1,0,09,00,7,0,2,1,0,0,0,0,0
"POINT (12.323020675000066 51.302604986000063)",Unfall 255160 (2023) Kat:3, Licht: 0,255160,3,2,5,09,07,6,0,0,1,1,0,0,0,0
"POINT (12.297044864000043 51.413262069000041)",Unfall 255161 (2023) Kat:3, Licht: 2,255161,3,1,0,09,04,6,0,2,1,0,0,0,0,0
"POINT (12.368694639000068 51.361827614000049)",Unfall 255162 (2023) Kat:3, Licht: 0,255162,3,4,6,09,12,6,0,0,1,0,1,0,0,0
"POINT (12.474990533000039 51.338101783000070)",Unfall 255163 (2023) Kat:2, Licht: 2,255163,2,1,9,09,20,6,0,2,1,0,0,0,0,0
"POINT (12.451829378000070 51.315996370000050)",Unfall 255164 (2023) Kat:3, Licht: 0,255164,3,2,5,09,13,6,0,0,0,1,0,0,0,1
"POINT (12.405056753000054 51.330501588000061)",Unfall 255166 (2023) Kat:3, Licht: 0,255166,3,4,6,09,14,6,0,0,0,1,1,0,0,0
"POINT (12.327442772000040 51.304374334000045)",Unfall 255181 (2023) Kat:3, Licht: 0,255181,3,4,6,09,17,5,0,0,0,0,1,1,0,0
"POINT (12.337167116000046 51.329791856000043)",Unfall 255182 (2023) Kat:3, Licht: 0,255182,3,1,0,09,18,5,0,0,1,0,0,0,0,0
"POINT (12.371160961000044 51.336493272000041)",Unfall 255202 (2023) Kat:3, Licht: 0,255202,3,2,3,09,16,4,0,0,0,1,0,0,0,1
"POINT (12.398735250000072 51.336418676000051)",Unfall 255203 (2023) Kat:3, Licht: 0,255203,3,4,6,09,07,4,0,0,0,0,1,1,0,0
"POINT (12.384129912000049 51.338181443000053)",Unfall 255223 (2023) Kat:3, Licht: 0,255223,3,6,4,09,14,3,0,0,1,0,0,0,0,0
"POINT (12.298362407000070 51.345325173000049)",Unfall 255224 (2023) Kat:2, Licht: 0,255224,2,3,5,09,09,3,0,0,0,1,0,0,0,1
"POINT (12.341577709000035 51.327821801000027)",Unfall 255225 (2023) Kat:3, Licht: 2,255225,3,3,5,09,20,3,0,2,1,0,0,1,0,0
"POINT (12.462019989000055 51.357973597000068)",Unfall 255228 (2023) Kat:3, Licht: 0,255228,3,2,2,09,15,6,0,0,0,1,0,0,0,0
"POINT (12.368204043000048 51.334764216000053)",Unfall 255240 (2023) Kat:3, Licht: 0,255240,3,3,5,09,07,2,0,0,1,1,0,0,0,0
"POINT (12.319835076000061 51.320416546000047)",Unfall 255241 (2023) Kat:3, Licht: 0,255241,3,3,5,09,16,2,0,0,1,0,0,1,0,0
"POINT (12.392941599000039 51.400217233000035)",Unfall 255242 (2023) Kat:3, Licht: 0,255242,3,2,4,09,06,2,0,0,0,1,0,1,0,0
"POINT (12.333231006000062 51.392018073000031)",Unfall 255244 (2023) Kat:3, Licht: 0,255244,3,4,6,09,16,2,0,0,0,0,1,0,0,1
"POINT (12.338907064000068 51.332364848000054)",Unfall 255260 (2023) Kat:3, Licht: 0,255260,3,1,0,09,12,1,0,0,1,0,0,0,0,0
"POINT (12.386305732000039 51.360541834000060)",Unfall 255261 (2023) Kat:3, Licht: 2,255261,3,2,4,09,19,1,0,2,0,1,0,0,0,0
"POINT (12.431881577000070 51.330429843000047)",Unfall 255262 (2023) Kat:2, Licht: 0,255262,2,1,0,09,17,1,0,0,0,0,0,1,0,0
"POINT (12.313531429000022 51.273144815000080)",Unfall 255268 (2023) Kat:3, Licht: 2,255268,3,7,6,09,23,7,0,2,0,1,1,0,0,0
"POINT (12.451254972000072 51.300671067000053)",Unfall 255269 (2023) Kat:2, Licht: 2,255269,2,1,1,09,05,7,0,2,0,1,0,0,0,0
"POINT (12.473951411000030 51.316670536000061)",Unfall 255271 (2023) Kat:3, Licht: 0,255271,3,3,5,09,09,7,0,0,1,1,0,0,0,0
"POINT (12.373496497000076 51.329687532000037)",Unfall 255281 (2023) Kat:3, Licht: 0,255281,3,2,5,09,13,6,0,0,1,1,0,0,0,0
"POINT (12.380944002000035 51.342050182000037)",Unfall 255282 (2023) Kat:3, Licht: 2,255282,3,7,0,09,01,6,0,2,0,1,0,0,0,1
"POINT (12.338851729000055 51.332366090000050)",Unfall 255284 (2023) Kat:3, Licht: 0,255284,3,1,0,09,17,6,0,0,1,0,0,0,0,0
"POINT (12.294961610000030 51.411732678000078)",Unfall 255285 (2023) Kat:3, Licht: 1,255285,3,1,8,09,05,6,1,1,0,1,0,0,0,0
"POINT (12.326096382000060 51.334485750000056)",Unfall 255286 (2023) Kat:3, Licht: 0,255286,3,1,4,09,14,6,0,0,0,1,0,0,0,0
"POINT (12.311086901000067 51.328944078000063)",Unfall 255301 (2023) Kat:3, Licht: 0,255301,3,2,2,09,17,5,0,0,0,1,0,1,0,0
"POINT (12.377732740000056 51.328745835000063)",Unfall 255302 (2023) Kat:2, Licht: 2,255302,2,5,0,09,20,5,0,2,1,1,0,0,0,0
"POINT (12.377075002000026 51.366698850000034)",Unfall 255303 (2023) Kat:3, Licht: 0,255303,3,6,2,09,10,5,0,0,0,1,0,0,0,0
"POINT (12.395045429000049 51.313176356000042)",Unfall 255304 (2023) Kat:2, Licht: 0,255304,2,7,8,09,14,5,0,0,0,1,0,0,0,0
"POINT (12.482008075000067 51.346043203000079)",Unfall 255305 (2023) Kat:2, Licht: 2,255305,2,2,3,09,19,5,0,2,1,0,0,0,0,1
"POINT (12.389340647000040 51.335874414000045)",Unfall 255316 (2023) Kat:3, Licht: 0,255316,3,7,3,09,14,4,0,0,0,1,0,0,0,1
"POINT (12.428047204000052 51.358674804000032)",Unfall 255317 (2023) Kat:3, Licht: 0,255317,3,2,6,09,11,4,0,0,0,1,1,0,0,0
"POINT (12.371361079000053 51.346277271000076)",Unfall 255318 (2023) Kat:3, Licht: 0,255318,3,2,4,09,10,4,0,0,1,0,0,1,0,0
"POINT (12.458022179000068 51.313447534000034)",Unfall 255319 (2023) Kat:3, Licht: 1,255319,3,3,5,09,19,4,0,1,1,1,0,0,0,0
"POINT (12.406951617000061 51.338106515000050)",Unfall 255321 (2023) Kat:3, Licht: 0,255321,3,7,3,09,06,4,0,0,0,1,0,0,0,1
"POINT (12.371391787000050 51.330972174000067)",Unfall 255335 (2023) Kat:3, Licht: 0,255335,3,6,2,09,07,3,0,0,0,1,0,0,0,0
"POINT (12.309211381000068 51.347381314000074)",Unfall 255336 (2023) Kat:3, Licht: 0,255336,3,2,1,09,14,3,0,0,0,1,0,0,0,0
"POINT (12.488572988000044 51.346493466000027)",Unfall 255337 (2023) Kat:3, Licht: 0,255337,3,3,5,09,07,3,0,0,1,1,0,0,0,0
"POINT (12.386466530000064 51.294784864000064)",Unfall 255338 (2023) Kat:3, Licht: 0,255338,3,4,6,09,11,3,0,0,0,0,1,0,1,0
"POINT (12.369683102000067 51.315898786000048)",Unfall 255339 (2023) Kat:3, Licht: 0,255339,3,5,1,09,13,3,0,0,1,1,0,0,0,0
"POINT (12.359255064000024 51.361929525000050)",Unfall 255340 (2023) Kat:2, Licht: 0,255340,2,7,2,09,15,3,0,0,1,0,0,0,0,1
"POINT (12.379381065000075 51.359416702000033)",Unfall 255357 (2023) Kat:3, Licht: 0,255357,3,1,0,09,19,2,1,0,1,0,0,0,0,0
"POINT (12.313403471000072 51.347902454000064)",Unfall 255358 (2023) Kat:3, Licht: 0,255358,3,2,4,09,16,2,1,0,0,1,0,0,0,0
"POINT (12.388399754000034 51.354154887000050)",Unfall 255359 (2023) Kat:3, Licht: 0,255359,3,3,5,09,14,2,1,0,1,1,0,0,0,0
"POINT (12.378421689000049 51.319541281000056)",Unfall 255360 (2023) Kat:2, Licht: 0,255360,2,4,6,09,15,2,1,0,0,1,1,0,0,0
"POINT (12.463206111000034 51.333891311000059)",Unfall 255361 (2023) Kat:3, Licht: 0,255361,3,3,5,09,18,2,0,0,1,1,0,0,0,0
"POINT (12.338616208000076 51.332371311000031)",Unfall 255382 (2023) Kat:3, Licht: 0,255382,3,1,0,09,18,1,0,0,1,0,0,0,0,0
"POINT (12.308902360000047 51.328215064000062)",Unfall 255383 (2023) Kat:3, Licht: 0,255383,3,7,0,09,16,1,0,0,1,0,0,0,0,0
"POINT (12.369694957000036 51.360364885000081)",Unfall 255384 (2023) Kat:3, Licht: 2,255384,3,1,0,09,20,1,0,2,1,0,0,0,0,0
"POINT (12.318168700000058 51.331300851000037)",Unfall 255385 (2023) Kat:3, Licht: 0,255385,3,6,3,09,18,1,0,0,0,1,0,0,0,1
"POINT (12.378608427000074 51.349186975000066)",Unfall 255393 (2023) Kat:3, Licht: 0,255393,3,3,5,09,16,7,0,0,1,1,0,0,0,0
"POINT (12.343788874000040 51.320396874000039)",Unfall 255394 (2023) Kat:3, Licht: 0,255394,3,3,0,09,10,7,0,0,0,1,0,1,0,0
"POINT (12.475381409000022 51.345626027000037)",Unfall 255395 (2023) Kat:3, Licht: 0,255395,3,3,5,09,16,7,0,0,1,1,0,0,0,0
"POINT (12.406848425000021 51.381354688000044)",Unfall 255396 (2023) Kat:3, Licht: 0,255396,3,7,6,09,15,7,0,0,0,1,1,0,0,0
"POINT (12.384125539000024 51.380162984000037)",Unfall 255398 (2023) Kat:3, Licht: 0,255398,3,2,4,09,08,7,0,0,0,1,0,0,0,0
"POINT (12.266650455000047 51.346901798000033)",Unfall 255399 (2023) Kat:2, Licht: 0,255399,2,7,4,09,16,7,0,0,0,1,0,0,0,0
"POINT (12.365473192000024 51.362633501000062)",Unfall 255410 (2023) Kat:3, Licht: 0,255410,3,4,6,09,11,6,0,0,0,1,1,0,0,0
"POINT (12.373499772000059 51.328085237000039)",Unfall 255411 (2023) Kat:3, Licht: 1,255411,3,5,1,09,19,6,0,1,1,1,0,0,0,0
"POINT (12.357688957000050 51.341791123000064)",Unfall 255412 (2023) Kat:3, Licht: 0,255412,3,2,3,09,13,6,0,0,1,1,0,0,0,0
"POINT (12.373695974000043 51.326112871000078)",Unfall 255413 (2023) Kat:3, Licht: 0,255413,3,6,3,09,13,6,0,0,1,1,0,0,0,0
"POINT (12.371103682000069 51.339787237000053)",Unfall 255414 (2023) Kat:3, Licht: 0,255414,3,2,4,09,11,6,0,0,0,1,0,0,0,0
"POINT (12.459046854000064 51.397166407000043)",Unfall 255415 (2023) Kat:3, Licht: 1,255415,3,3,5,09,18,6,0,1,0,1,0,0,0,0
"POINT (12.430846309000060 51.365695098000060)",Unfall 255416 (2023) Kat:3, Licht: 0,255416,3,3,5,09,13,6,0,0,0,1,0,0,0,0
"POINT (12.480838435000067 51.350603076000027)",Unfall 255417 (2023) Kat:3, Licht: 0,255417,3,2,1,09,15,6,0,0,0,1,0,1,0,0
"POINT (12.307054964000031 51.346435065000037)",Unfall 255429 (2023) Kat:3, Licht: 0,255429,3,3,5,09,18,5,0,0,0,1,0,0,0,0
"POINT (12.267327747000024 51.322576407000042)",Unfall 255430 (2023) Kat:2, Licht: 0,255430,2,1,0,09,14,5,0,0,0,0,0,0,0,1
"POINT (12.293786179000051 51.359078748000059)",Unfall 255431 (2023) Kat:3, Licht: 0,255431,3,5,1,09,16,5,0,0,1,1,0,0,0,0
"POINT (12.359205606000046 51.334491496000055)",Unfall 255432 (2023) Kat:3, Licht: 0,255432,3,2,3,09,17,5,0,0,1,1,0,0,0,0
"POINT (12.376723834000074 51.356498670000065)",Unfall 255433 (2023) Kat:3, Licht: 0,255433,3,4,6,09,08,5,0,0,1,0,1,0,0,0
"POINT (12.396203538000066 51.308911165000040)",Unfall 255434 (2023) Kat:3, Licht: 0,255434,3,3,5,09,08,5,0,0,1,1,0,0,0,0
"POINT (12.402585199000043 51.338908013000037)",Unfall 255454 (2023) Kat:3, Licht: 0,255454,3,6,3,09,09,4,0,0,1,1,0,0,0,0
"POINT (12.324881423000022 51.340885936000063)",Unfall 255455 (2023) Kat:3, Licht: 2,255455,3,3,0,09,22,4,1,2,1,1,0,0,0,0
"POINT (12.352587167000024 51.319450451000080)",Unfall 255456 (2023) Kat:3, Licht: 0,255456,3,6,1,09,15,4,0,0,0,1,0,0,1,0
"POINT (12.436526935000074 51.382798176000051)",Unfall 255457 (2023) Kat:3, Licht: 2,255457,3,7,7,09,22,4,1,2,0,0,1,0,0,1
"POINT (12.392986468000061 51.380479591000039)",Unfall 255458 (2023) Kat:3, Licht: 0,255458,3,3,1,09,12,4,0,0,0,1,0,0,0,0
"POINT (12.336186028000043 51.332051578000062)",Unfall 255459 (2023) Kat:3, Licht: 1,255459,3,3,5,09,19,4,1,1,1,1,0,0,0,0
"POINT (12.343060787000070 51.350829802000078)",Unfall 255481 (2023) Kat:3, Licht: 0,255481,3,1,0,09,17,3,0,0,1,0,0,0,0,0
"POINT (12.373370060000070 51.352422887000046)",Unfall 255482 (2023) Kat:3, Licht: 0,255482,3,3,0,09,07,3,0,0,1,1,0,0,0,0
"POINT (12.392228485000032 51.288572983000051)",Unfall 255483 (2023) Kat:3, Licht: 0,255483,3,1,0,09,07,3,0,0,1,0,0,0,0,0
"POINT (12.403839743000049 51.338469258000032)",Unfall 255500 (2023) Kat:3, Licht: 0,255500,3,6,2,09,12,2,0,0,1,1,0,0,0,0
"POINT (12.388513183000043 51.325952810000047)",Unfall 255501 (2023) Kat:3, Licht: 2,255501,3,3,5,09,20,2,0,2,0,1,0,1,0,0
"POINT (12.348863976000075 51.318846088000043)",Unfall 255502 (2023) Kat:3, Licht: 0,255502,3,6,2,09,10,2,0,0,0,1,0,0,0,0
"POINT (12.374124700000039 51.303375027000072)",Unfall 255503 (2023) Kat:3, Licht: 0,255503,3,1,0,09,07,2,0,0,0,0,0,1,0,0
"POINT (12.462226777000069 51.351313536000077)",Unfall 255504 (2023) Kat:3, Licht: 0,255504,3,6,0,09,17,2,0,0,1,0,0,0,0,1
"POINT (12.371331162000047 51.346296235000068)",Unfall 255505 (2023) Kat:3, Licht: 0,255505,3,2,2,09,13,2,0,0,0,1,0,0,0,1
"POINT (12.385379740000076 51.343556351000075)",Unfall 255524 (2023) Kat:3, Licht: 0,255524,3,3,5,09,15,1,0,0,1,1,0,0,0,0
"POINT (12.376959338000063 51.333083068000064)",Unfall 255525 (2023) Kat:2, Licht: 2,255525,2,7,0,09,20,1,0,2,1,0,0,0,0,0
"POINT (12.367683055000043 51.327296497000077)",Unfall 255536 (2023) Kat:3, Licht: 0,255536,3,3,5,09,11,7,0,0,0,1,0,0,0,0
"POINT (12.449595930000044 51.345571506000056)",Unfall 255537 (2023) Kat:3, Licht: 0,255537,3,6,3,09,08,7,0,0,1,1,0,0,0,0
"POINT (12.391793562000032 51.362208445000078)",Unfall 255538 (2023) Kat:3, Licht: 0,255538,3,3,5,09,10,7,0,0,0,1,0,1,0,0
"POINT (12.349401160000070 51.318920829000035)",Unfall 255539 (2023) Kat:3, Licht: 0,255539,3,6,2,09,14,7,0,0,0,1,0,1,0,0
"POINT (12.409319563000054 51.366894615000035)",Unfall 255549 (2023) Kat:3, Licht: 0,255549,3,6,3,09,15,6,0,0,1,1,0,0,0,0
"POINT (12.376094226000077 51.358096558000057)",Unfall 255550 (2023) Kat:3, Licht: 2,255550,3,5,1,09,20,6,0,2,1,1,0,0,0,0
"POINT (12.312999472000058 51.356823592000069)",Unfall 255551 (2023) Kat:3, Licht: 0,255551,3,2,3,09,18,6,0,0,0,1,0,1,0,0
"POINT (12.448385751000046 51.383039343000064)",Unfall 255552 (2023) Kat:3, Licht: 0,255552,3,3,5,09,16,6,0,0,1,1,0,0,0,0
"POINT (12.404136090000065 51.363652338000065)",Unfall 255553 (2023) Kat:3, Licht: 0,255553,3,2,5,09,15,6,0,0,1,1,0,0,0,0
"POINT (12.399427755000033 51.376404749000073)",Unfall 255554 (2023) Kat:3, Licht: 0,255554,3,3,5,09,10,6,0,0,1,1,0,0,0,0
"POINT (12.432556440000042 51.365698410000050)",Unfall 255555 (2023) Kat:3, Licht: 0,255555,3,3,5,09,11,6,0,0,1,0,0,0,0,1
"POINT (12.385384582000029 51.365731436000033)",Unfall 255556 (2023) Kat:3, Licht: 0,255556,3,2,5,09,13,6,0,0,1,1,0,0,0,0
"POINT (12.373279484000022 51.316598983000063)",Unfall 255558 (2023) Kat:3, Licht: 0,255558,3,3,5,09,17,6,0,0,1,0,0,0,0,1
"POINT (12.373224043000050 51.305622549000077)",Unfall 255575 (2023) Kat:3, Licht: 2,255575,3,1,1,09,23,5,0,2,0,1,0,1,0,0
"POINT (12.441089123000040 51.333428093000066)",Unfall 255576 (2023) Kat:3, Licht: 0,255576,3,6,3,09,07,5,0,0,1,1,0,0,0,0
"POINT (12.357975119000059 51.379469717000063)",Unfall 255577 (2023) Kat:3, Licht: 0,255577,3,2,3,09,07,5,0,0,1,1,0,0,0,0
"POINT (12.470116655000027 51.361351098000057)",Unfall 255578 (2023) Kat:2, Licht: 2,255578,2,1,8,09,23,5,0,2,1,1,0,0,0,0
"POINT (12.380670321000025 51.331007709000062)",Unfall 255600 (2023) Kat:3, Licht: 0,255600,3,2,5,09,17,4,0,0,1,1,0,0,0,0
"POINT (12.367516364000039 51.320955714000036)",Unfall 255601 (2023) Kat:3, Licht: 0,255601,3,3,5,09,16,4,0,0,1,1,0,0,0,0
"POINT (12.405215652000038 51.373376658000041)",Unfall 255602 (2023) Kat:3, Licht: 0,255602,3,7,6,09,07,4,0,0,0,1,1,0,0,0
"POINT (12.372693135000077 51.353646761000050)",Unfall 255622 (2023) Kat:3, Licht: 0,255622,3,2,4,09,07,3,0,0,1,1,0,0,0,0
"POINT (12.373684687000036 51.332583069000066)",Unfall 255623 (2023) Kat:3, Licht: 2,255623,3,4,6,09,22,3,0,2,1,0,1,0,0,0
"POINT (12.407631611000056 51.326243935000036)",Unfall 255624 (2023) Kat:3, Licht: 2,255624,3,1,1,09,00,3,0,2,1,1,0,0,0,0
"POINT (12.291955862000066 51.400262568000073)",Unfall 255625 (2023) Kat:3, Licht: 2,255625,3,5,3,09,05,3,0,2,1,1,0,0,0,0
"POINT (12.350815654000030 51.384082683000031)",Unfall 255626 (2023) Kat:3, Licht: 0,255626,3,6,2,09,16,3,0,0,0,1,0,0,0,1
"POINT (12.366676586000040 51.334543919000055)",Unfall 255627 (2023) Kat:3, Licht: 0,255627,3,3,5,09,18,3,0,0,0,0,0,1,0,1
"POINT (12.316272631000061 51.330519509000055)",Unfall 255628 (2023) Kat:2, Licht: 0,255628,2,7,1,09,10,3,0,0,0,1,0,0,0,0
"POINT (12.396349672000042 51.310236658000065)",Unfall 255630 (2023) Kat:3, Licht: 0,255630,3,2,3,09,17,5,0,0,1,1,0,0,0,0
"POINT (12.378359236000051 51.305670898000074)",Unfall 255650 (2023) Kat:3, Licht: 2,255650,3,3,5,09,00,4,0,2,0,1,0,0,0,0
"POINT (12.385688386000027 51.341168569000047)",Unfall 255652 (2023) Kat:3, Licht: 1,255652,3,5,1,09,19,2,0,1,1,1,0,0,0,0
"POINT (12.402078589000041 51.327688084000044)",Unfall 255653 (2023) Kat:2, Licht: 0,255653,2,1,0,09,07,2,0,0,1,0,0,0,0,0
"POINT (12.373663324000063 51.332856612000057)",Unfall 255654 (2023) Kat:3, Licht: 0,255654,3,3,5,09,08,2,0,0,1,1,0,0,0,0
"POINT (12.328798946000063 51.319214880000061)",Unfall 255656 (2023) Kat:3, Licht: 2,255656,3,3,5,09,21,2,0,2,1,0,0,0,0,0
"POINT (12.427917190000073 51.358672741000078)",Unfall 255657 (2023) Kat:3, Licht: 0,255657,3,3,5,09,07,6,0,0,0,1,0,0,0,0
"POINT (12.309327491000033 51.349843936000070)",Unfall 255658 (2023) Kat:2, Licht: 0,255658,2,2,5,09,13,2,0,0,1,1,0,0,0,0
"POINT (12.375878695000040 51.358471911000038)",Unfall 255659 (2023) Kat:3, Licht: 0,255659,3,3,5,09,07,2,0,0,1,0,0,0,0,0
"POINT (12.305292905000044 51.326923771000054)",Unfall 255660 (2023) Kat:3, Licht: 0,255660,3,3,5,09,11,2,0,0,0,0,0,1,0,1
"POINT (12.368831376000060 51.363113233000036)",Unfall 255661 (2023) Kat:3, Licht: 0,255661,3,6,2,09,18,2,0,0,0,1,0,0,0,1
"POINT (12.405956673000048 51.345528599000033)",Unfall 255663 (2023) Kat:2, Licht: 0,255663,2,3,5,09,15,2,0,0,0,1,0,1,0,0
"POINT (12.394294539000043 51.346152373000052)",Unfall 255678 (2023) Kat:2, Licht: 0,255678,2,3,5,09,12,1,0,0,1,1,0,0,0,0
"POINT (12.405877234000059 51.344955831000050)",Unfall 255679 (2023) Kat:3, Licht: 0,255679,3,1,0,09,16,1,0,0,0,0,0,0,0,1
"POINT (12.312864375000061 51.348193745000060)",Unfall 255680 (2023) Kat:3, Licht: 2,255680,3,7,0,09,22,1,0,2,0,0,0,0,0,1
"POINT (12.425279768000053 51.304884407000031)",Unfall 255681 (2023) Kat:3, Licht: 0,255681,3,3,5,09,19,1,0,0,1,1,0,0,0,0
"POINT (12.324126718000059 51.333498517000066)",Unfall 255688 (2023) Kat:3, Licht: 0,255688,3,2,2,09,10,7,0,0,0,1,0,0,0,0
"POINT (12.377661213000067 51.373323638000045)",Unfall 255689 (2023) Kat:3, Licht: 0,255689,3,3,5,09,12,7,0,0,1,1,0,0,0,0
"POINT (12.433466524000039 51.301415190000057)",Unfall 255690 (2023) Kat:3, Licht: 0,255690,3,7,1,09,11,7,0,0,0,1,0,0,0,0
"POINT (12.314967569000032 51.358434314000078)",Unfall 255700 (2023) Kat:3, Licht: 2,255700,3,6,4,09,22,6,1,2,1,0,0,0,0,0
"POINT (12.305722969000044 51.326042725000036)",Unfall 255701 (2023) Kat:3, Licht: 0,255701,3,3,1,09,11,6,0,0,1,1,0,0,0,0
"POINT (12.465577034000034 51.312665075000041)",Unfall 255702 (2023) Kat:3, Licht: 1,255702,3,3,5,09,05,6,0,1,1,0,0,0,0,0
"POINT (12.326686295000059 51.307600631000071)",Unfall 255704 (2023) Kat:3, Licht: 0,255704,3,4,6,09,16,6,0,0,0,1,1,0,0,0
"POINT (12.377577433000056 51.348825570000031)",Unfall 255717 (2023) Kat:3, Licht: 0,255717,3,2,5,08,09,5,0,0,1,1,0,0,0,0
"POINT (12.373914995000064 51.363404291000052)",Unfall 255719 (2023) Kat:3, Licht: 0,255719,3,7,5,08,19,5,0,0,1,1,0,0,0,0
"POINT (12.386541391000037 51.335655428000052)",Unfall 255728 (2023) Kat:3, Licht: 0,255728,3,3,5,09,14,2,0,0,0,1,0,0,0,0
"POINT (12.385087920000046 51.342743794000057)",Unfall 255730 (2023) Kat:3, Licht: 0,255730,3,3,5,08,07,4,0,0,1,1,0,0,0,0