WKT,Name,OBJECTID,UKATEGORIE,UTYP1,UART,UMONAT,USTUNDE,UWOCHENTAG,STRZUSTAND,ULICHTVERH,ISTRAD,ISTPKW,ISTFUSS,ISTKRAD,ISTGKFZ,ISTSONSTIG
"POINT (12.368581301000063 51.359174869000071)",Unfall 255743 (2023) Kat:3, Licht: 0,255743,3,4,5,09,08,6,0,0,0,1,1,0,0,0
"POINT (12.437691777000055 51.412012277000031)",Unfall 255750 (2023) Kat:2, Licht: 0,255750,2,6,2,08,15,3,0,0,0,1,0,0,0,0
"POINT (12.403963948000069 51.345636615000046)",Unfall 255752 (2023) Kat:3, Licht: 0,255752,3,5,1,08,17,3,0,0,1,1,0,0,0,0
"POINT (12.315347539000072 51.379951268000070)",Unfall 255753 (2023) Kat:3, Licht: 2,255753,3,3,5,08,03,3,1,2,0,1,0,0,0,0
"POINT (12.302928163000047 51.353267707000043)",Unfall 255754 (2023) Kat:3, Licht: 2,255754,3,1,0,08,21,3,1,2,0,0,0,1,0,0
"POINT (12.369669898000041 51.324523765000038)",Unfall 255756 (2023) Kat:3, Licht: 0,255756,3,2,3,08,14,3,0,0,1,1,0,0,0,0
"POINT (12.380025149000062 51.306295329000079)",Unfall 255757 (2023) Kat:3, Licht: 0,255757,3,5,1,08,07,3,1,0,1,1,0,0,0,0
"POINT (12.361587146000033 51.363317838000057)",Unfall 255758 (2023) Kat:3, Licht: 2,255758,3,3,5,08,04,3,1,2,1,1,0,0,0,0
"POINT (12.365668996000068 51.321016772000064)",Unfall 255759 (2023) Kat:3, Licht: 0,255759,3,3,5,08,09,3,1,0,1,0,0,0,0,1
"POINT (12.371157698000047 51.347200770000029)",Unfall 255772 (2023) Kat:3, Licht: 0,255772,3,1,0,08,12,2,0,0,1,0,0,0,0,0
"POINT (12.326884659000029 51.339097223000067)",Unfall 255787 (2023) Kat:3, Licht: 0,255787,3,7,0,08,13,1,0,0,0,0,0,0,0,1
"POINT (12.376062084000068 51.339862187000051)",Unfall 255802 (2023) Kat:3, Licht: 0,255802,3,6,6,08,15,7,0,0,0,0,1,0,0,1
"POINT (12.425079122000056 51.285535981000066)",Unfall 255821 (2023) Kat:3, Licht: 0,255821,3,7,0,09,14,4,0,0,0,1,0,0,0,0
"POINT (12.280464911000024 51.360946269000067)",Unfall 255823 (2023) Kat:2, Licht: 2,255823,2,1,0,08,23,6,1,2,1,0,0,0,0,0
"POINT (12.292485743000043 51.263345506000064)",Unfall 255824 (2023) Kat:3, Licht: 0,255824,3,6,2,08,09,6,0,0,0,1,0,0,0,0
"POINT (12.385454433000064 51.376212686000031)",Unfall 255826 (2023) Kat:3, Licht: 0,255826,3,3,5,08,17,6,0,0,1,1,0,0,0,0
"POINT (12.418994161000057 51.375840668000080)",Unfall 255827 (2023) Kat:3, Licht: 0,255827,3,7,5,08,11,6,0,0,0,1,0,0,0,0
"POINT (12.331413792000035 51.371902798000065)",Unfall 255828 (2023) Kat:3, Licht: 0,255828,3,4,6,08,16,6,0,0,0,1,1,0,0,0
"POINT (12.373587787000076 51.355666384000074)",Unfall 255840 (2023) Kat:3, Licht: 0,255840,3,3,5,08,17,5,0,0,0,1,0,0,0,0
"POINT (12.403013295000051 51.339962958000058)",Unfall 255841 (2023) Kat:3, Licht: 0,255841,3,5,1,08,09,5,0,0,1,1,0,0,0,0
"POINT (12.321790026000031 51.328845335000040)",Unfall 255842 (2023) Kat:3, Licht: 1,255842,3,3,0,08,21,5,0,1,1,1,0,0,0,0
"POINT (12.480906771000036 51.334849485000063)",Unfall 255843 (2023) Kat:3, Licht: 0,255843,3,6,2,08,07,5,0,0,0,1,0,0,0,0
"POINT (12.365466264000077 51.362578807000034)",Unfall 255844 (2023) Kat:3, Licht: 2,255844,3,2,2,08,16,5,0,2,0,1,0,0,0,0
"POINT (12.426932191000049 51.358644586000082)",Unfall 255845 (2023) Kat:3, Licht: 0,255845,3,7,0,08,13,5,0,0,0,1,0,1,0,0
"POINT (12.441505360000065 51.380606088000036)",Unfall 255847 (2023) Kat:2, Licht: 0,255847,2,6,3,08,15,5,0,0,1,1,0,0,0,0
"POINT (12.411152814000047 51.317694628000027)",Unfall 255849 (2023) Kat:3, Licht: 0,255849,3,3,5,08,15,5,0,0,1,1,0,0,0,0
"POINT (12.319082478000041 51.354401664000079)",Unfall 255862 (2023) Kat:3, Licht: 0,255862,3,5,0,09,08,3,0,0,1,1,0,0,0,0
"POINT (12.374331402000053 51.349843549000070)",Unfall 255875 (2023) Kat:2, Licht: 0,255875,2,5,1,08,13,4,0,0,1,1,0,0,0,0
"POINT (12.406003596000062 51.335936405000041)",Unfall 255877 (2023) Kat:3, Licht: 0,255877,3,2,5,08,17,4,0,0,1,1,0,0,0,0
"POINT (12.318170304000034 51.306737932000033)",Unfall 255878 (2023) Kat:3, Licht: 0,255878,3,1,7,08,19,4,0,0,0,0,0,1,0,0
"POINT (12.375032190000070 51.309212351000042)",Unfall 255880 (2023) Kat:3, Licht: 0,255880,3,1,0,08,10,4,0,0,1,0,0,0,0,0
"POINT (12.432531183000037 51.379564338000080)",Unfall 255881 (2023) Kat:3, Licht: 0,255881,3,3,5,08,08,4,0,0,1,1,0,0,0,0
"POINT (12.376082117000067 51.393456464000053)",Unfall 255882 (2023) Kat:3, Licht: 0,255882,3,4,6,08,09,4,0,0,0,0,1,0,0,1
"POINT (12.368835250000075 51.320760628000073)",Unfall 255884 (2023) Kat:3, Licht: 0,255884,3,3,5,08,17,4,0,0,0,1,0,0,0,0
"POINT (12.448357151000039 51.383034424000073)",Unfall 255885 (2023) Kat:3, Licht: 0,255885,3,2,5,08,14,4,0,0,0,1,0,0,0,0
"POINT (12.420041592000075 51.357411405000050)",Unfall 255886 (2023) Kat:3, Licht: 0,255886,3,4,0,08,15,4,0,0,0,0,1,0,0,1
"POINT (12.370737599000051 51.335052800000028)",Unfall 255887 (2023) Kat:1, Licht: 0,255887,1,4,6,08,07,4,0,0,0,1,1,0,0,0
"POINT (12.357303568000077 51.336283380000054)",Unfall 255888 (2023) Kat:3, Licht: 0,255888,3,6,6,08,14,4,0,0,1,0,1,0,0,0
"POINT (12.373399405000043 51.352535565000039)",Unfall 255910 (2023) Kat:3, Licht: 0,255910,3,6,2,08,11,3,0,0,1,0,0,0,0,0
"POINT (12.300933862000022 51.348876989000075)",Unfall 255911 (2023) Kat:3, Licht: 0,255911,3,6,2,08,15,3,0,0,0,1,0,0,0,0
"POINT (12.337373121000041 51.336911281000027)",Unfall 255912 (2023) Kat:3, Licht: 0,255912,3,3,0,08,11,3,0,0,0,1,0,0,0,1
"POINT (12.385484310000038 51.376140131000056)",Unfall 255913 (2023) Kat:3, Licht: 0,255913,3,2,3,08,16,3,0,0,1,1,0,0,0,0
"POINT (12.403007543000058 51.341054894000081)",Unfall 255914 (2023) Kat:3, Licht: 0,255914,3,6,6,08,12,3,0,0,0,1,1,0,0,0
"POINT (12.388354826000068 51.326055813000039)",Unfall 255915 (2023) Kat:2, Licht: 0,255915,2,4,6,08,18,3,0,0,0,1,1,0,0,0
"POINT (12.367550830000027 51.320964449000030)",Unfall 255916 (2023) Kat:3, Licht: 0,255916,3,3,5,08,15,3,0,0,1,1,0,0,0,0
"POINT (12.375724341000023 51.358739179000054)",Unfall 255937 (2023) Kat:3, Licht: 0,255937,3,4,6,08,13,2,0,0,0,1,1,0,0,0
"POINT (12.296880951000048 51.313602946000060)",Unfall 255938 (2023) Kat:3, Licht: 0,255938,3,2,3,08,09,2,0,0,0,1,0,0,0,1
"POINT (12.335824640000055 51.327654752000058)",Unfall 255939 (2023) Kat:3, Licht: 0,255939,3,2,5,08,12,2,0,0,0,1,0,1,0,0
"POINT (12.373712259000058 51.331340061000049)",Unfall 255940 (2023) Kat:3, Licht: 0,255940,3,6,3,08,08,2,0,0,1,1,0,0,0,0
"POINT (12.413924433000034 51.314855013000056)",Unfall 255941 (2023) Kat:3, Licht: 0,255941,3,6,2,08,16,2,0,0,1,1,0,1,0,0
"POINT (12.380650413000069 51.306543904000080)",Unfall 255942 (2023) Kat:3, Licht: 0,255942,3,2,3,08,13,2,0,0,1,1,0,0,0,0
"POINT (12.374516858000050 51.366925493000053)",Unfall 255943 (2023) Kat:3, Licht: 0,255943,3,5,1,08,08,2,0,0,1,1,0,0,0,0
"POINT (12.357012449000024 51.320486914000071)",Unfall 255945 (2023) Kat:3, Licht: 0,255945,3,6,4,08,07,2,0,0,1,0,0,0,0,0
"POINT (12.474795496000070 51.338119710000058)",Unfall 255946 (2023) Kat:3, Licht: 0,255946,3,3,5,08,18,2,0,0,1,1,0,0,0,0
"POINT (12.396215577000021 51.309588946000076)",Unfall 255947 (2023) Kat:2, Licht: 0,255947,2,4,6,08,11,2,0,0,1,0,1,0,0,0
"POINT (12.363666393000074 51.357101715000056)",Unfall 255948 (2023) Kat:3, Licht: 0,255948,3,7,0,08,07,2,0,0,1,0,0,0,1,0
"POINT (12.372172512000077 51.335282690000042)",Unfall 255967 (2023) Kat:3, Licht: 0,255967,3,2,2,08,10,1,0,0,0,1,0,0,0,0
"POINT (12.373659663000069 51.330842141000062)",Unfall 255978 (2023) Kat:3, Licht: 1,255978,3,5,1,08,19,7,0,1,1,1,0,0,0,0
"POINT (12.333373917000074 51.331299054000056)",Unfall 255979 (2023) Kat:3, Licht: 1,255979,3,2,5,08,19,7,0,1,1,1,0,0,0,0
"POINT (12.372824358000059 51.309715108000034)",Unfall 255980 (2023) Kat:3, Licht: 2,255980,3,5,1,08,00,7,0,2,0,1,0,1,0,0
"POINT (12.357071982000036 51.320497837000062)",Unfall 255982 (2023) Kat:3, Licht: 0,255982,3,3,5,08,10,7,0,0,0,1,0,1,0,0
"POINT (12.403842502000032 51.363768925000045)",Unfall 255984 (2023) Kat:3, Licht: 0,255984,3,6,2,08,10,7,0,0,0,1,0,0,0,0
"POINT (12.380667345000063 51.306521614000076)",Unfall 255985 (2023) Kat:2, Licht: 2,255985,2,1,8,08,04,7,0,2,0,1,0,0,0,0
"POINT (12.358971739000026 51.356907157000080)",Unfall 255986 (2023) Kat:3, Licht: 0,255986,3,3,5,08,15,7,0,0,1,0,0,0,0,0
"POINT (12.309131121000064 51.347366850000071)",Unfall 255994 (2023) Kat:3, Licht: 0,255994,3,1,0,09,15,6,0,0,0,0,0,1,0,0
"POINT (12.373377583000035 51.363066834000051)",Unfall 255997 (2023) Kat:3, Licht: 0,255997,3,3,5,09,14,3,0,0,1,1,0,0,0,0
"POINT (12.270750293000049 51.310393486000066)",Unfall 255998 (2023) Kat:3, Licht: 0,255998,3,7,5,08,18,2,0,0,1,1,0,0,0,0
"POINT (12.380291811000063 51.343013146000033)",Unfall 256006 (2023) Kat:3, Licht: 0,256006,3,4,6,08,14,6,0,0,1,0,1,0,0,0
"POINT (12.448859191000054 51.345627643000057)",Unfall 256017 (2023) Kat:2, Licht: 0,256017,2,4,6,09,13,7,0,0,0,1,1,0,0,0
"POINT (12.374429446000022 51.339900517000046)",Unfall 256019 (2023) Kat:3, Licht: 2,256019,3,7,6,08,23,5,1,2,0,1,1,0,0,0
"POINT (12.357161369000039 51.336208474000045)",Unfall 256020 (2023) Kat:3, Licht: 0,256020,3,6,3,08,11,5,1,0,1,0,0,0,1,0
"POINT (12.478113354000072 51.341403662000062)",Unfall 256021 (2023) Kat:3, Licht: 0,256021,3,7,0,08,17,5,0,0,1,0,1,0,0,0
"POINT (12.393659747000072 51.342208912000046)",Unfall 256039 (2023) Kat:3, Licht: 0,256039,3,5,1,08,16,4,0,0,1,1,0,0,0,0
"POINT (12.309421412000063 51.315279902000043)",Unfall 256040 (2023) Kat:3, Licht: 0,256040,3,3,5,08,16,4,0,0,1,1,0,0,0,0
"POINT (12.416495444000077 51.321876259000078)",Unfall 256041 (2023) Kat:3, Licht: 0,256041,3,3,5,08,08,4,0,0,0,1,0,0,0,0
"POINT (12.379482391000067 51.331729138000071)",Unfall 256054 (2023) Kat:3, Licht: 2,256054,3,6,3,08,21,3,1,2,0,1,0,1,0,0
"POINT (12.315209778000053 51.357174354000051)",Unfall 256057 (2023) Kat:2, Licht: 1,256057,2,1,4,08,05,3,1,1,0,1,0,0,0,0
"POINT (12.372986044000072 51.301390444000049)",Unfall 256058 (2023) Kat:3, Licht: 2,256058,3,3,5,08,23,3,0,2,1,1,0,0,0,0
"POINT (12.405675424000037 51.345543161000080)",Unfall 256059 (2023) Kat:3, Licht: 0,256059,3,6,3,08,17,3,1,0,1,0,0,0,0,0
"POINT (12.353149334000022 51.334059572000058)",Unfall 256060 (2023) Kat:3, Licht: 0,256060,3,6,2,08,14,3,0,0,0,1,0,0,0,0
"POINT (12.425878973000067 51.388854590000051)",Unfall 256069 (2023) Kat:2, Licht: 0,256069,2,1,4,09,12,4,0,0,0,1,0,0,0,0
"POINT (12.358657997000023 51.343204506000063)",Unfall 256072 (2023) Kat:3, Licht: 0,256072,3,6,2,08,17,2,0,0,1,1,0,0,0,0
"POINT (12.371160681000049 51.336493197000038)",Unfall 256073 (2023) Kat:3, Licht: 0,256073,3,3,5,08,11,2,0,0,1,1,0,0,0,0
"POINT (12.336348177000048 51.319066455000041)",Unfall 256075 (2023) Kat:3, Licht: 0,256075,3,3,5,08,08,2,0,0,1,1,0,0,0,0
"POINT (12.479172581000057 51.342785655000057)",Unfall 256076 (2023) Kat:3, Licht: 0,256076,3,2,5,08,16,2,0,0,1,1,0,0,0,0
"POINT (12.408682997000028 51.360003293000034)",Unfall 256077 (2023) Kat:3, Licht: 2,256077,3,3,5,08,22,2,0,2,0,1,0,0,0,0
"POINT (12.350722350000069 51.384139995000055)",Unfall 256078 (2023) Kat:2, Licht: 0,256078,2,3,5,08,13,2,0,0,0,1,0,1,1,0
"POINT (12.383619044000056 51.289287716000047)",Unfall 256092 (2023) Kat:3, Licht: 2,256092,3,1,8,08,04,1,1,2,0,1,0,0,0,0
"POINT (12.422213445000068 51.304636149000032)",Unfall 256093 (2023) Kat:3, Licht: 0,256093,3,4,6,08,17,1,0,0,0,1,1,0,0,0
"POINT (12.378859227000021 51.345769659000041)",Unfall 256103 (2023) Kat:3, Licht: 0,256103,3,1,0,08,14,7,0,0,1,0,0,0,0,0
"POINT (12.432289631000060 51.374992426000063)",Unfall 256104 (2023) Kat:3, Licht: 0,256104,3,5,1,08,19,7,1,0,1,1,0,0,0,0
"POINT (12.386045692000039 51.320829952000054)",Unfall 256105 (2023) Kat:3, Licht: 0,256105,3,6,2,08,13,7,0,0,0,1,0,0,0,0
"POINT (12.365209819000029 51.320985441000062)",Unfall 256106 (2023) Kat:3, Licht: 2,256106,3,6,4,08,00,7,0,2,1,0,0,0,0,0
"POINT (12.378479002000063 51.320692629000064)",Unfall 256120 (2023) Kat:3, Licht: 0,256120,3,2,2,08,15,6,0,0,0,1,0,0,0,0
"POINT (12.341905257000064 51.318600900000035)",Unfall 256121 (2023) Kat:3, Licht: 0,256121,3,6,2,08,09,6,0,0,0,1,0,0,1,0
"POINT (12.302975736000064 51.356573004000040)",Unfall 256123 (2023) Kat:3, Licht: 0,256123,3,3,1,08,12,6,0,0,1,1,0,0,0,0
"POINT (12.363575499000035 51.390718221000043)",Unfall 256127 (2023) Kat:3, Licht: 0,256127,3,7,6,08,12,6,0,0,0,1,1,0,0,0
"POINT (12.415530763000049 51.356327824000061)",Unfall 256128 (2023) Kat:2, Licht: 0,256128,2,7,0,08,12,6,0,0,0,0,0,0,0,1
"POINT (12.377354474000072 51.372156460000042)",Unfall 256129 (2023) Kat:3, Licht: 0,256129,3,5,1,08,12,6,0,0,1,1,0,0,0,0
"POINT (12.369139559000075 51.320940916000040)",Unfall 256130 (2023) Kat:3, Licht: 0,256130,3,2,5,08,16,6,0,0,1,1,0,0,0,0
"POINT (12.422133416000065 51.319623880000051)",Unfall 256131 (2023) Kat:3, Licht: 0,256131,3,3,5,08,12,6,0,0,1,1,0,0,0,0
"POINT (12.378604155000062 51.358826007000062)",Unfall 256150 (2023) Kat:3, Licht: 0,256150,3,6,3,08,16,5,0,0,1,0,0,0,0,0
"POINT (12.321078871000054 51.302933266000082)",Unfall 256151 (2023) Kat:3, Licht: 0,256151,3,3,5,08,10,5,0,0,1,1,0,0,0,0
"POINT (12.481707957000026 51.323078093000049)",Unfall 256152 (2023) Kat:3, Licht: 0,256152,3,5,1,08,18,5,0,0,1,1,0,0,0,0
"POINT (12.371368932000053 51.346277907000058)",Unfall 256153 (2023) Kat:3, Licht: 0,256153,3,2,5,08,11,5,0,0,1,1,0,0,0,0
"POINT (12.415390455000022 51.323939476000078)",Unfall 256154 (2023) Kat:2, Licht: 0,256154,2,5,3,08,11,5,0,0,1,1,0,0,0,0
"POINT (12.423156241000072 51.350218593000079)",Unfall 256155 (2023) Kat:2, Licht: 0,256155,2,7,9,08,15,5,0,0,0,1,0,0,0,0
"POINT (12.385057925000069 51.339018310000029)",Unfall 256168 (2023) Kat:3, Licht: 0,256168,3,7,1,08,11,4,0,0,1,1,0,0,0,0
"POINT (12.423543474000041 51.350414120000039)",Unfall 256170 (2023) Kat:2, Licht: 0,256170,2,4,6,08,11,4,0,0,1,0,1,0,0,0
"POINT (12.324452710000060 51.328915674000029)",Unfall 256181 (2023) Kat:3, Licht: 0,256181,3,1,0,08,10,6,0,0,1,0,0,0,0,0
"POINT (12.368893492000041 51.321250473000077)",Unfall 256186 (2023) Kat:3, Licht: 0,256186,3,2,3,08,17,3,0,0,1,0,0,0,0,1
"POINT (12.345042611000054 51.369747050000058)",Unfall 256228 (2023) Kat:3, Licht: 1,256228,3,7,0,12,16,5,0,1,0,0,1,0,0,1
"POINT (12.473610394000048 51.347619038000062)",Unfall 256233 (2023) Kat:3, Licht: 2,256233,3,6,1,12,17,4,0,2,0,1,0,0,0,0
"POINT (12.390155714000059 51.331100862000028)",Unfall 256242 (2023) Kat:3, Licht: 2,256242,3,1,1,12,00,3,1,2,1,1,0,0,0,0
"POINT (12.362658710000062 51.321042048000038)",Unfall 256243 (2023) Kat:3, Licht: 2,256243,3,3,5,12,17,3,0,2,0,1,0,0,0,1
"POINT (12.310648043000072 51.315358170000081)",Unfall 256247 (2023) Kat:3, Licht: 2,256247,3,6,2,12,17,2,1,2,0,1,0,0,0,0
"POINT (12.412749628000029 51.375131303000046)",Unfall 256248 (2023) Kat:3, Licht: 0,256248,3,2,5,12,10,2,1,0,0,1,0,0,0,0
"POINT (12.364751226000067 51.334225797000045)",Unfall 256265 (2023) Kat:3, Licht: 2,256265,3,3,5,12,17,6,1,2,1,1,0,0,0,0
"POINT (12.375092093000035 51.302861650000068)",Unfall 256266 (2023) Kat:3, Licht: 0,256266,3,2,2,12,08,6,1,0,0,1,0,0,0,0
"POINT (12.433817030000057 51.301094145000036)",Unfall 256267 (2023) Kat:3, Licht: 0,256267,3,2,6,12,11,6,1,0,0,1,1,0,0,0
"POINT (12.363886495000031 51.340380507000077)",Unfall 256277 (2023) Kat:3, Licht: 0,256277,3,5,1,12,09,5,1,0,1,1,0,0,0,0
"POINT (12.367794584000023 51.345470534000071)",Unfall 256278 (2023) Kat:3, Licht: 1,256278,3,3,5,12,08,5,1,1,1,1,0,0,0,0
"POINT (12.303250927000022 51.314492356000073)",Unfall 256279 (2023) Kat:3, Licht: 2,256279,3,6,2,12,07,5,0,2,1,1,0,0,0,0
"POINT (12.336756802000025 51.329135400000041)",Unfall 256280 (2023) Kat:3, Licht: 0,256280,3,1,1,12,10,5,1,0,1,1,0,0,0,0
"POINT (12.376522090000037 51.353187177000052)",Unfall 256281 (2023) Kat:3, Licht: 2,256281,3,2,5,12,18,5,1,2,1,1,0,0,0,0
"POINT (12.473919395000053 51.358783466000034)",Unfall 256282 (2023) Kat:3, Licht: 1,256282,3,2,6,12,07,5,1,1,0,1,1,0,0,0
"POINT (12.381993359000035 51.332622782000044)",Unfall 256284 (2023) Kat:3, Licht: 0,256284,3,2,3,12,07,5,0,0,1,1,0,0,0,0
"POINT (12.377985321000040 51.329623700000070)",Unfall 256291 (2023) Kat:3, Licht: 2,256291,3,5,1,12,19,4,1,2,1,1,0,0,0,0
"POINT (12.403449156000022 51.338605890000053)",Unfall 256292 (2023) Kat:3, Licht: 0,256292,3,7,0,12,11,4,0,0,0,0,0,0,0,1
"POINT (12.437754930000040 51.327535882000063)",Unfall 256293 (2023) Kat:3, Licht: 2,256293,3,3,5,12,20,4,1,2,0,1,0,0,0,0
"POINT (12.382175963000066 51.338893120000080)",Unfall 256294 (2023) Kat:3, Licht: 1,256294,3,2,6,12,17,4,1,1,0,1,1,0,0,0
"POINT (12.301506099000051 51.345420641000032)",Unfall 256304 (2023) Kat:2, Licht: 2,256304,2,3,5,12,16,3,1,2,0,1,0,0,0,1
"POINT (12.371088690000022 51.338470521000033)",Unfall 256317 (2023) Kat:3, Licht: 0,256317,3,6,3,12,08,2,0,0,0,1,0,0,0,1
"POINT (12.382132420000062 51.326045515000033)",Unfall 256318 (2023) Kat:3, Licht: 1,256318,3,3,5,12,07,2,0,1,1,1,0,0,0,0
"POINT (12.376936663000038 51.343735575000039)",Unfall 256319 (2023) Kat:3, Licht: 1,256319,3,2,5,12,17,2,0,1,1,1,0,0,0,0
"POINT (12.449133234000044 51.325867609000056)",Unfall 256320 (2023) Kat:3, Licht: 0,256320,3,7,1,12,10,2,1,0,0,1,0,0,0,0
"POINT (12.404014349000022 51.375931517000026)",Unfall 256321 (2023) Kat:3, Licht: 0,256321,3,6,2,12,10,2,1,0,0,1,0,0,0,0
"POINT (12.378443963000052 51.335835154000051)",Unfall 256322 (2023) Kat:2, Licht: 0,256322,2,2,6,12,11,2,0,0,0,1,1,0,0,0
"POINT (12.380877764000047 51.341876371000069)",Unfall 256323 (2023) Kat:3, Licht: 2,256323,3,7,0,12,17,2,0,2,1,1,0,0,0,0
"POINT (12.349864061000062 51.366102709000074)",Unfall 256329 (2023) Kat:3, Licht: 2,256329,3,2,5,12,06,2,0,2,1,1,0,0,0,0
"POINT (12.371301941000070 51.330073310000046)",Unfall 256341 (2023) Kat:3, Licht: 2,256341,3,6,2,12,16,1,0,2,0,1,0,0,0,0
"POINT (12.438249160000055 51.365700319000041)",Unfall 256342 (2023) Kat:3, Licht: 0,256342,3,3,5,12,13,1,0,0,0,1,0,0,0,0
"POINT (12.373698779000051 51.324280014000067)",Unfall 256347 (2023) Kat:3, Licht: 0,256347,3,4,6,12,13,7,0,0,1,0,1,0,0,0
"POINT (12.302663523000035 51.353487528000073)",Unfall 256357 (2023) Kat:3, Licht: 2,256357,3,1,1,12,06,6,2,2,1,1,0,0,0,0
"POINT (12.399379840000051 51.345882023000058)",Unfall 256358 (2023) Kat:3, Licht: 1,256358,3,5,0,12,19,6,0,1,1,1,0,0,0,0
"POINT (12.412775128000021 51.375186973000041)",Unfall 256359 (2023) Kat:3, Licht: 2,256359,3,6,2,12,17,6,1,2,0,1,0,0,0,0
"POINT (12.378191162000064 51.342758869000079)",Unfall 256360 (2023) Kat:3, Licht: 2,256360,3,3,5,12,02,6,1,2,0,1,0,1,0,0
"POINT (12.411477605000073 51.375237993000042)",Unfall 256361 (2023) Kat:3, Licht: 2,256361,3,2,4,12,18,6,1,2,0,1,0,0,0,1
"POINT (12.405574057000024 51.334347137000066)",Unfall 256362 (2023) Kat:3, Licht: 0,256362,3,4,6,12,07,6,0,0,0,0,1,0,0,1
"POINT (12.373326717000054 51.317031606000057)",Unfall 256366 (2023) Kat:3, Licht: 1,256366,3,6,0,12,16,5,1,1,1,1,0,0,0,0
"POINT (12.333071927000049 51.340570298000046)",Unfall 256371 (2023) Kat:3, Licht: 2,256371,3,5,1,12,06,5,1,2,1,1,0,0,0,0
"POINT (12.373180193000053 51.362939403000041)",Unfall 256372 (2023) Kat:3, Licht: 2,256372,3,2,3,12,18,5,1,2,1,0,0,1,0,0
"POINT (12.392470227000047 51.401698741000075)",Unfall 256373 (2023) Kat:3, Licht: 2,256373,3,2,6,12,07,5,1,2,0,1,1,0,0,0
"POINT (12.405995413000028 51.313925124000036)",Unfall 256374 (2023) Kat:3, Licht: 0,256374,3,3,5,12,15,5,1,0,1,1,0,0,0,0
"POINT (12.365963817000022 51.339916964000054)",Unfall 256383 (2023) Kat:3, Licht: 0,256383,3,2,4,12,13,4,1,0,1,1,0,0,0,0
"POINT (12.494555073000072 51.337204626000073)",Unfall 256384 (2023) Kat:3, Licht: 2,256384,3,2,0,12,16,4,0,2,1,1,0,0,0,0
"POINT (12.479167799000038 51.342771923000043)",Unfall 256385 (2023) Kat:3, Licht: 1,256385,3,3,5,12,07,4,1,1,1,1,0,0,0,0
"POINT (12.373740526000063 51.331777924000050)",Unfall 256386 (2023) Kat:3, Licht: 1,256386,3,2,5,12,07,4,1,1,1,1,0,0,0,0
"POINT (12.382032362000075 51.338657666000074)",Unfall 256387 (2023) Kat:3, Licht: 2,256387,3,3,5,12,21,4,1,2,0,1,0,0,0,0
"POINT (12.407539870000051 51.342814379000060)",Unfall 256394 (2023) Kat:3, Licht: 0,256394,3,3,5,12,15,3,0,0,1,1,0,0,0,0
"POINT (12.395603829000038 51.332650571000045)",Unfall 256395 (2023) Kat:3, Licht: 2,256395,3,4,6,12,16,3,0,2,0,1,1,0,0,0
"POINT (12.378480032000027 51.321088273000044)",Unfall 256396 (2023) Kat:3, Licht: 0,256396,3,1,8,12,11,3,1,0,1,0,0,0,0,0
"POINT (12.302968353000040 51.353154314000051)",Unfall 256413 (2023) Kat:3, Licht: 0,256413,3,2,5,12,11,2,0,0,1,1,0,0,0,0
"POINT (12.378237672000068 51.375844960000052)",Unfall 256414 (2023) Kat:3, Licht: 0,256414,3,2,5,12,07,2,0,0,1,1,0,0,0,0
"POINT (12.437228988000072 51.395749436000074)",Unfall 256415 (2023) Kat:3, Licht: 0,256415,3,2,5,12,15,2,0,0,0,1,0,0,0,0
"POINT (12.373275225000043 51.310849648000044)",Unfall 256416 (2023) Kat:3, Licht: 0,256416,3,6,6,12,12,2,0,0,0,0,1,0,0,1
"POINT (12.405918658000076 51.342994727000075)",Unfall 256422 (2023) Kat:3, Licht: 2,256422,3,3,5,12,21,1,0,2,1,1,0,0,0,0
"POINT (12.326631488000032 51.336105017000079)",Unfall 256423 (2023) Kat:3, Licht: 0,256423,3,3,5,12,11,1,1,0,0,1,0,0,0,0
"POINT (12.410682062000035 51.341731238000079)",Unfall 256424 (2023) Kat:2, Licht: 2,256424,2,4,6,12,17,1,0,2,0,1,1,0,0,0
"POINT (12.391454065000062 51.289472246000059)",Unfall 256426 (2023) Kat:2, Licht: 2,256426,2,3,5,12,21,7,1,2,1,1,0,0,0,0
"POINT (12.408025900000041 51.335724103000075)",Unfall 256427 (2023) Kat:3, Licht: 0,256427,3,6,2,12,11,7,0,0,0,1,0,0,0,0
"POINT (12.399450307000052 51.376402591000044)",Unfall 256428 (2023) Kat:3, Licht: 0,256428,3,3,5,12,14,7,0,0,1,1,0,0,0,0
"POINT (12.406103675000054 51.346828280000068)",Unfall 256429 (2023) Kat:3, Licht: 0,256429,3,3,5,12,14,7,0,0,1,1,0,0,0,0
"POINT (12.303753982000046 51.352772038000069)",Unfall 256434 (2023) Kat:3, Licht: 2,256434,3,4,6,12,16,6,1,2,0,1,1,0,0,0
"POINT (12.329129704000025 51.336899447000064)",Unfall 256435 (2023) Kat:3, Licht: 0,256435,3,5,0,12,09,6,0,0,1,1,0,0,0,0
"POINT (12.339415651000024 51.332353433000037)",Unfall 256436 (2023) Kat:3, Licht: 0,256436,3,4,6,12,14,6,1,0,0,1,1,0,0,0
"POINT (12.420003666000071 51.312665596000045)",Unfall 256437 (2023) Kat:3, Licht: 0,256437,3,2,2,12,07,6,0,0,0,1,0,0,0,0