WKT,Name,OBJECTID,UKATEGORIE,UTYP1,UART,UMONAT,USTUNDE,UWOCHENTAG,STRZUSTAND,ULICHTVERH,ISTRAD,ISTPKW,ISTFUSS,ISTKRAD,ISTGKFZ,ISTSONSTIG
"POINT (12.378550385000040 51.323131806000049)",Unfall 256438 (2023) Kat:3, Licht: 0,256438,3,1,0,12,13,6,1,0,1,0,0,0,0,0
"POINT (12.404614369000058 51.345600582000031)",Unfall 256439 (2023) Kat:2, Licht: 2,256439,2,5,1,12,02,6,0,2,1,1,0,0,0,0
"POINT (12.370913946000030 51.336413265000033)",Unfall 256455 (2023) Kat:3, Licht: 2,256455,3,3,5,12,16,5,0,2,0,1,0,0,0,0
"POINT (12.382787873000041 51.340476675000048)",Unfall 256456 (2023) Kat:3, Licht: 2,256456,3,1,0,12,23,2,0,2,1,0,0,0,0,0
"POINT (12.319595358000072 51.350084831000061)",Unfall 256457 (2023) Kat:3, Licht: 0,256457,3,3,2,12,12,5,0,0,0,1,0,0,0,0
"POINT (12.294164592000072 51.413371575000042)",Unfall 256458 (2023) Kat:1, Licht: 2,256458,1,4,6,12,05,5,1,2,0,0,1,0,0,1
"POINT (12.370898690000047 51.340606866000030)",Unfall 256459 (2023) Kat:3, Licht: 1,256459,3,6,3,12,16,5,1,1,0,0,0,0,0,1
"POINT (12.395026592000022 51.318571791000068)",Unfall 256460 (2023) Kat:3, Licht: 0,256460,3,2,5,12,11,7,1,0,0,1,0,0,0,0
"POINT (12.443971110000064 51.342611929000043)",Unfall 256468 (2023) Kat:3, Licht: 0,256468,3,6,3,12,13,4,0,0,0,1,0,0,0,0
"POINT (12.400278826000033 51.345831486000066)",Unfall 256469 (2023) Kat:3, Licht: 0,256469,3,3,5,12,13,4,1,0,0,0,0,0,1,1
"POINT (12.300933862000022 51.348876989000075)",Unfall 256476 (2023) Kat:3, Licht: 0,256476,3,6,2,12,08,3,1,0,0,1,0,0,0,0
"POINT (12.392500750000067 51.287423955000065)",Unfall 256477 (2023) Kat:3, Licht: 2,256477,3,3,5,12,05,3,1,2,1,1,0,0,0,0
"POINT (12.401723520000075 51.379139248000058)",Unfall 256478 (2023) Kat:3, Licht: 0,256478,3,5,1,12,12,3,1,0,0,1,0,0,0,1
"POINT (12.450573163000058 51.345511972000054)",Unfall 256487 (2023) Kat:3, Licht: 2,256487,3,6,2,12,18,2,0,2,0,1,0,0,0,0
"POINT (12.411258785000030 51.342200710000043)",Unfall 256488 (2023) Kat:3, Licht: 2,256488,3,4,6,12,16,2,1,2,0,1,1,0,0,0
"POINT (12.322562905000041 51.374217175000069)",Unfall 256489 (2023) Kat:3, Licht: 2,256489,3,5,1,12,16,2,1,2,0,1,0,0,0,1
"POINT (12.449469064000027 51.345580700000028)",Unfall 256490 (2023) Kat:3, Licht: 0,256490,3,4,6,12,12,2,1,0,0,0,1,0,0,1
"POINT (12.403346879000026 51.327362431000040)",Unfall 256491 (2023) Kat:3, Licht: 0,256491,3,4,6,12,09,2,1,0,0,1,1,0,0,0
"POINT (12.527563816000054 51.329731294000055)",Unfall 256505 (2023) Kat:3, Licht: 2,256505,3,7,2,12,07,6,2,2,0,1,0,0,0,0
"POINT (12.408165270000040 51.340115455000046)",Unfall 256513 (2023) Kat:3, Licht: 2,256513,3,6,2,11,18,5,1,2,0,1,0,0,0,0
"POINT (12.404160241000056 51.338357907000045)",Unfall 256514 (2023) Kat:3, Licht: 2,256514,3,4,6,11,20,5,2,2,0,1,1,0,0,1
"POINT (12.382808924000074 51.341062450000038)",Unfall 256515 (2023) Kat:2, Licht: 2,256515,2,3,5,11,21,5,2,2,1,0,0,0,0,1
"POINT (12.381018459000074 51.330854553000052)",Unfall 256519 (2023) Kat:3, Licht: 0,256519,3,2,5,11,08,4,2,0,1,1,0,0,0,0
"POINT (12.380022286000042 51.328998466000030)",Unfall 256520 (2023) Kat:3, Licht: 0,256520,3,6,3,11,13,4,1,0,0,1,0,0,0,1
"POINT (12.408009631000027 51.335648966000065)",Unfall 256521 (2023) Kat:3, Licht: 0,256521,3,2,2,11,15,4,1,0,0,1,0,0,0,0
"POINT (12.361307326000031 51.343787038000073)",Unfall 256530 (2023) Kat:2, Licht: 0,256530,2,3,5,11,13,3,1,0,1,1,0,0,0,0
"POINT (12.287055335000048 51.354078428000037)",Unfall 256531 (2023) Kat:3, Licht: 0,256531,3,3,5,11,10,3,2,0,0,1,0,0,0,0
"POINT (12.325988634000055 51.315471597000055)",Unfall 256532 (2023) Kat:3, Licht: 2,256532,3,2,5,11,16,3,1,2,1,1,0,0,0,0
"POINT (12.405806442000028 51.350650535000057)",Unfall 256533 (2023) Kat:3, Licht: 2,256533,3,6,2,11,17,3,2,2,0,1,0,0,0,0
"POINT (12.391057242000045 51.301249622000057)",Unfall 256534 (2023) Kat:3, Licht: 0,256534,3,5,1,11,09,3,1,0,1,1,0,0,0,0
"POINT (12.377284576000022 51.333101214000067)",Unfall 256541 (2023) Kat:3, Licht: 2,256541,3,3,5,11,22,2,1,2,0,1,0,0,0,1
"POINT (12.308306077000054 51.274019672000065)",Unfall 256542 (2023) Kat:3, Licht: 0,256542,3,2,5,11,08,2,1,0,1,1,0,0,0,0
"POINT (12.302096255000038 51.409497500000043)",Unfall 256543 (2023) Kat:3, Licht: 2,256543,3,3,5,12,19,4,1,2,0,1,0,0,0,0
"POINT (12.342074024000055 51.328090614000075)",Unfall 256544 (2023) Kat:3, Licht: 0,256544,3,5,3,11,10,2,1,0,0,1,0,0,0,0
"POINT (12.380633821000060 51.306537308000031)",Unfall 256545 (2023) Kat:3, Licht: 0,256545,3,2,2,11,15,2,1,0,0,1,0,0,0,0
"POINT (12.369151217000024 51.320727917000056)",Unfall 256556 (2023) Kat:3, Licht: 2,256556,3,3,5,11,17,1,1,2,0,1,0,0,0,0
"POINT (12.470427969000070 51.345744188000026)",Unfall 256562 (2023) Kat:3, Licht: 0,256562,3,6,2,11,10,7,1,0,0,1,0,0,0,0
"POINT (12.305196746000036 51.325381193000055)",Unfall 256570 (2023) Kat:3, Licht: 0,256570,3,7,1,11,13,6,1,0,0,1,0,0,0,0
"POINT (12.359266992000073 51.337347151000074)",Unfall 256571 (2023) Kat:3, Licht: 0,256571,3,3,5,11,09,6,1,0,0,1,0,0,0,0
"POINT (12.419683034000059 51.361078188000079)",Unfall 256572 (2023) Kat:2, Licht: 0,256572,2,6,2,11,15,6,1,0,1,1,0,0,0,0
"POINT (12.341604194000070 51.318544244000066)",Unfall 256573 (2023) Kat:3, Licht: 0,256573,3,7,1,11,10,6,1,0,1,1,0,0,0,0
"POINT (12.373731479000071 51.331170207000071)",Unfall 256583 (2023) Kat:3, Licht: 0,256583,3,2,5,11,14,5,0,0,1,0,0,0,0,1
"POINT (12.400604940000051 51.323993310000048)",Unfall 256584 (2023) Kat:3, Licht: 0,256584,3,2,5,11,13,5,0,0,1,1,0,0,0,0
"POINT (12.447715299000038 51.345807347000061)",Unfall 256585 (2023) Kat:3, Licht: 0,256585,3,2,5,11,15,5,0,0,1,1,0,0,0,0
"POINT (12.394407094000030 51.395882264000079)",Unfall 256586 (2023) Kat:3, Licht: 2,256586,3,1,0,11,18,5,0,2,0,0,0,1,0,0
"POINT (12.373601876000066 51.320819454000059)",Unfall 256588 (2023) Kat:3, Licht: 1,256588,3,4,6,11,16,5,0,1,0,1,1,0,0,0
"POINT (12.367286009000054 51.341197568000041)",Unfall 256590 (2023) Kat:3, Licht: 0,256590,3,5,1,12,08,4,0,0,1,1,0,0,0,0
"POINT (12.313038514000027 51.286467456000082)",Unfall 256603 (2023) Kat:3, Licht: 0,256603,3,1,0,11,08,3,1,0,1,0,0,0,0,0
"POINT (12.413275792000036 51.359414023000056)",Unfall 256604 (2023) Kat:3, Licht: 1,256604,3,2,4,11,06,3,1,1,1,1,0,0,0,0
"POINT (12.373704001000021 51.331728886000064)",Unfall 256613 (2023) Kat:3, Licht: 2,256613,3,2,6,11,16,2,0,2,0,1,1,0,0,0
"POINT (12.361346551000054 51.343795662000048)",Unfall 256614 (2023) Kat:3, Licht: 0,256614,3,3,5,11,12,2,1,0,0,1,0,0,0,0
"POINT (12.368445126000040 51.334962153000049)",Unfall 256615 (2023) Kat:3, Licht: 0,256615,3,3,5,11,16,2,1,0,1,0,0,0,0,0
"POINT (12.369889591000060 51.341277883000032)",Unfall 256616 (2023) Kat:3, Licht: 2,256616,3,2,6,11,18,2,1,2,0,1,1,0,0,0
"POINT (12.387291777000030 51.332466603000057)",Unfall 256617 (2023) Kat:3, Licht: 2,256617,3,3,5,11,17,2,0,2,1,1,0,0,0,0
"POINT (12.382084369000040 51.332583003000082)",Unfall 256618 (2023) Kat:3, Licht: 0,256618,3,3,5,11,13,2,1,0,1,1,0,0,0,0
"POINT (12.386601893000034 51.363122509000050)",Unfall 256629 (2023) Kat:3, Licht: 0,256629,3,5,0,11,14,1,1,0,1,1,0,0,0,0
"POINT (12.282071982000048 51.360707209000054)",Unfall 256648 (2023) Kat:3, Licht: 0,256648,3,6,2,11,15,5,0,0,0,1,0,0,0,0
"POINT (12.381180098000073 51.342706046000046)",Unfall 256649 (2023) Kat:3, Licht: 2,256649,3,2,0,11,18,5,0,2,0,1,0,0,0,1
"POINT (12.327297538000039 51.349435243000073)",Unfall 256651 (2023) Kat:2, Licht: 0,256651,2,6,4,12,08,7,2,0,0,1,0,0,0,0
"POINT (12.373850771000036 51.343122497000081)",Unfall 256669 (2023) Kat:3, Licht: 0,256669,3,7,1,11,09,4,0,0,1,1,0,0,0,0
"POINT (12.362881848000029 51.340843819000042)",Unfall 256670 (2023) Kat:3, Licht: 0,256670,3,5,1,11,13,4,1,0,1,1,0,0,0,0
"POINT (12.393134557000053 51.336959689000082)",Unfall 256672 (2023) Kat:3, Licht: 0,256672,3,3,5,11,14,4,1,0,1,1,0,0,0,0
"POINT (12.345526239000037 51.351120477000052)",Unfall 256687 (2023) Kat:3, Licht: 0,256687,3,2,2,11,07,3,1,0,0,1,0,0,0,0
"POINT (12.405836296000075 51.345534837000059)",Unfall 256688 (2023) Kat:3, Licht: 0,256688,3,4,6,11,06,3,0,0,0,1,1,0,0,0
"POINT (12.354091827000047 51.334566525000071)",Unfall 256689 (2023) Kat:2, Licht: 2,256689,2,2,5,11,18,3,0,2,0,1,0,1,0,0
"POINT (12.484142650000024 51.342916602000059)",Unfall 256701 (2023) Kat:3, Licht: 0,256701,3,3,5,11,17,2,1,0,0,1,0,0,0,1
"POINT (12.361115209000047 51.358939472000031)",Unfall 256702 (2023) Kat:2, Licht: 0,256702,2,3,5,11,13,2,1,0,1,1,0,0,0,0
"POINT (12.387793650000049 51.293454358000076)",Unfall 256718 (2023) Kat:3, Licht: 2,256718,3,3,5,11,18,1,0,2,1,1,0,0,0,0
"POINT (12.323769813000069 51.320390980000070)",Unfall 256722 (2023) Kat:3, Licht: 0,256722,3,2,6,11,10,7,1,0,0,1,1,0,0,0
"POINT (12.368625391000023 51.334761172000071)",Unfall 256736 (2023) Kat:3, Licht: 0,256736,3,3,5,11,11,6,1,0,1,1,0,0,0,0
"POINT (12.368528199000025 51.315166048000037)",Unfall 256737 (2023) Kat:2, Licht: 2,256737,2,1,0,11,18,6,0,2,1,0,0,0,0,0
"POINT (12.367105165000055 51.325443944000028)",Unfall 256738 (2023) Kat:3, Licht: 0,256738,3,3,5,11,09,6,0,0,0,1,0,0,0,0
"POINT (12.385583111000074 51.343528879000075)",Unfall 256739 (2023) Kat:3, Licht: 0,256739,3,6,3,11,10,6,1,0,0,1,0,0,0,1
"POINT (12.376216152000040 51.348317492000035)",Unfall 256740 (2023) Kat:3, Licht: 0,256740,3,2,3,11,07,6,0,0,1,1,0,0,0,0
"POINT (12.288075345000038 51.323127705000047)",Unfall 256741 (2023) Kat:3, Licht: 0,256741,3,4,6,11,08,6,1,0,0,1,1,0,0,0
"POINT (12.408846207000067 51.331236002000026)",Unfall 256751 (2023) Kat:3, Licht: 2,256751,3,2,5,11,19,5,0,2,0,1,0,0,0,0
"POINT (12.431791438000062 51.356944371000054)",Unfall 256752 (2023) Kat:3, Licht: 2,256752,3,3,5,11,16,5,0,2,0,1,0,0,0,0
"POINT (12.421485893000067 51.379244059000030)",Unfall 256753 (2023) Kat:3, Licht: 0,256753,3,2,5,11,12,5,0,0,0,1,0,0,0,1
"POINT (12.411254727000028 51.353582068000037)",Unfall 256754 (2023) Kat:2, Licht: 0,256754,2,2,6,11,07,5,0,0,0,1,1,0,0,0
"POINT (12.364174230000060 51.344473760000028)",Unfall 256771 (2023) Kat:3, Licht: 0,256771,3,3,5,11,07,4,0,0,1,1,0,0,0,0
"POINT (12.315042035000033 51.330471048000049)",Unfall 256772 (2023) Kat:3, Licht: 0,256772,3,4,6,11,08,4,0,0,0,1,1,0,0,0
"POINT (12.373887367000066 51.302911063000067)",Unfall 256773 (2023) Kat:2, Licht: 0,256773,2,6,3,11,11,4,0,0,1,0,0,0,0,1
"POINT (12.351932463000026 51.343829206000066)",Unfall 256774 (2023) Kat:2, Licht: 2,256774,2,4,6,11,18,1,0,2,0,1,1,0,0,0
"POINT (12.468870414000037 51.362219325000069)",Unfall 256775 (2023) Kat:3, Licht: 2,256775,3,1,0,11,21,4,0,2,0,0,0,0,0,1
"POINT (12.323872383000037 51.320390773000042)",Unfall 256789 (2023) Kat:3, Licht: 0,256789,3,3,5,11,14,3,0,0,1,1,0,0,0,0
"POINT (12.380204322000054 51.305273053000064)",Unfall 256790 (2023) Kat:3, Licht: 2,256790,3,3,5,11,17,3,0,2,0,1,0,0,0,0
"POINT (12.436087964000023 51.326239437000027)",Unfall 256791 (2023) Kat:3, Licht: 1,256791,3,2,3,11,17,3,0,1,1,1,0,0,0,0
"POINT (12.388178519000064 51.309199695000075)",Unfall 256792 (2023) Kat:3, Licht: 0,256792,3,3,5,11,11,3,0,0,0,1,0,0,0,0
"POINT (12.438195781000047 51.334087771000043)",Unfall 256793 (2023) Kat:3, Licht: 0,256793,3,6,6,11,09,3,0,0,0,1,1,0,0,0
"POINT (12.309525089000033 51.328365530000042)",Unfall 256796 (2023) Kat:3, Licht: 1,256796,3,6,2,11,16,3,0,1,0,1,0,0,0,0
"POINT (12.374456091000070 51.335555796000051)",Unfall 256806 (2023) Kat:3, Licht: 0,256806,3,3,0,11,12,2,0,0,0,1,0,0,0,0
"POINT (12.268241133000060 51.307905673000050)",Unfall 256820 (2023) Kat:3, Licht: 0,256820,3,2,3,11,11,1,0,0,1,0,0,1,0,0
"POINT (12.376795136000055 51.321370380000076)",Unfall 256828 (2023) Kat:3, Licht: 2,256828,3,3,5,11,18,7,0,2,0,1,0,1,0,0
"POINT (12.371589216000075 51.344958039000062)",Unfall 256839 (2023) Kat:3, Licht: 0,256839,3,6,4,11,08,6,0,0,1,0,0,0,0,0
"POINT (12.337913389000050 51.328464475000033)",Unfall 256840 (2023) Kat:3, Licht: 0,256840,3,6,4,11,14,6,0,0,1,1,0,0,0,0
"POINT (12.464485231000026 51.305542295000066)",Unfall 256841 (2023) Kat:3, Licht: 0,256841,3,2,6,11,12,6,0,0,0,1,1,0,0,0
"POINT (12.371348651000062 51.330539729000066)",Unfall 256855 (2023) Kat:3, Licht: 2,256855,3,6,2,11,16,5,1,2,0,1,0,0,0,0
"POINT (12.422163155000021 51.319630234000044)",Unfall 256856 (2023) Kat:3, Licht: 2,256856,3,2,6,11,16,5,1,2,0,1,1,0,0,0
"POINT (12.376792468000076 51.320561121000026)",Unfall 256857 (2023) Kat:3, Licht: 0,256857,3,2,6,11,11,5,0,0,0,1,1,0,0,0
"POINT (12.376727459000051 51.324192936000031)",Unfall 256858 (2023) Kat:3, Licht: 1,256858,3,5,1,11,17,5,0,1,1,1,0,0,0,0
"POINT (12.433434555000076 51.390367984000079)",Unfall 256859 (2023) Kat:3, Licht: 0,256859,3,3,5,11,06,5,0,0,1,1,0,0,0,0
"POINT (12.387311913000076 51.332496340000034)",Unfall 256860 (2023) Kat:3, Licht: 2,256860,3,3,5,11,16,5,1,2,0,1,0,1,0,0
"POINT (12.325874999000064 51.307084554000028)",Unfall 256861 (2023) Kat:3, Licht: 2,256861,3,6,0,11,18,5,1,2,1,0,0,1,0,0
"POINT (12.368727134000039 51.345762547000049)",Unfall 256862 (2023) Kat:3, Licht: 0,256862,3,3,5,11,12,5,0,0,1,1,0,0,0,0
"POINT (12.385844163000058 51.327689080000027)",Unfall 256866 (2023) Kat:3, Licht: 0,256866,3,3,1,11,14,6,1,0,1,1,0,0,0,0
"POINT (12.345693399000027 51.330034561000048)",Unfall 256868 (2023) Kat:3, Licht: 0,256868,3,3,5,11,14,4,0,0,1,1,0,0,0,0
"POINT (12.376732695000044 51.356628487000080)",Unfall 256878 (2023) Kat:3, Licht: 0,256878,3,4,6,11,08,4,0,0,0,1,1,0,0,0
"POINT (12.288848010000038 51.323328164000031)",Unfall 256879 (2023) Kat:3, Licht: 0,256879,3,4,5,11,12,4,0,0,0,0,1,0,0,1
"POINT (12.419778263000069 51.343818792000036)",Unfall 256881 (2023) Kat:3, Licht: 2,256881,3,6,4,11,19,4,0,2,0,1,0,0,0,0
"POINT (12.344280941000022 51.324887250000074)",Unfall 256897 (2023) Kat:3, Licht: 0,256897,3,5,1,10,10,3,1,0,1,1,0,0,0,0
"POINT (12.341493423000031 51.338125027000046)",Unfall 256898 (2023) Kat:3, Licht: 2,256898,3,4,6,10,04,3,1,2,0,1,1,0,0,0
"POINT (12.371128230000068 51.347354425000049)",Unfall 256902 (2023) Kat:3, Licht: 2,256902,3,2,3,11,16,5,0,2,1,1,0,0,0,0
"POINT (12.386277547000077 51.360501260000035)",Unfall 256906 (2023) Kat:3, Licht: 0,256906,3,2,4,10,15,2,0,0,0,1,0,0,0,0
"POINT (12.338920096000038 51.332364556000073)",Unfall 256909 (2023) Kat:3, Licht: 2,256909,3,1,0,11,23,4,1,2,0,0,0,1,0,0
"POINT (12.392596759000071 51.381391067000038)",Unfall 256912 (2023) Kat:3, Licht: 0,256912,3,5,1,11,08,4,1,0,1,0,0,0,1,0
"POINT (12.432943933000047 51.349870556000042)",Unfall 256915 (2023) Kat:3, Licht: 2,256915,3,2,6,10,16,1,0,2,0,1,1,0,0,0
"POINT (12.408253664000028 51.340073064000080)",Unfall 256926 (2023) Kat:2, Licht: 2,256926,2,2,5,10,18,7,0,2,1,1,0,0,0,0
"POINT (12.457803036000030 51.345614130000058)",Unfall 256927 (2023) Kat:3, Licht: 1,256927,3,1,8,10,07,7,1,1,0,1,0,0,0,0
"POINT (12.349382917000071 51.386015474000033)",Unfall 256930 (2023) Kat:3, Licht: 0,256930,3,1,0,11,11,5,0,0,1,0,0,0,0,0
"POINT (12.380869758000074 51.336819681000065)",Unfall 256939 (2023) Kat:3, Licht: 2,256939,3,3,5,12,21,4,1,2,0,1,0,0,0,1
"POINT (12.399817573000064 51.319192815000065)",Unfall 256942 (2023) Kat:3, Licht: 2,256942,3,2,3,10,19,6,0,2,1,1,0,0,0,0
"POINT (12.367781188000038 51.345480402000078)",Unfall 256943 (2023) Kat:3, Licht: 0,256943,3,3,5,10,13,6,1,0,1,1,0,0,0,0
"POINT (12.492963383000074 51.346937773000036)",Unfall 256944 (2023) Kat:3, Licht: 0,256944,3,2,5,10,16,6,1,0,0,1,0,0,0,0
"POINT (12.376613946000077 51.314700917000039)",Unfall 256945 (2023) Kat:3, Licht: 0,256945,3,4,6,10,16,6,1,0,0,1,1,0,0,0
"POINT (12.368666939000036 51.318848649000074)",Unfall 256946 (2023) Kat:3, Licht: 0,256946,3,2,5,10,12,6,1,0,1,1,0,0,0,0
"POINT (12.308232367000073 51.320922674000030)",Unfall 256947 (2023) Kat:3, Licht: 2,256947,3,1,8,10,19,6,1,2,0,1,0,0,0,0
"POINT (12.405948234000050 51.345594462000065)",Unfall 256958 (2023) Kat:3, Licht: 0,256958,3,3,5,11,13,2,0,0,1,1,0,0,0,0
"POINT (12.341181825000035 51.337965624000049)",Unfall 256974 (2023) Kat:2, Licht: 0,256974,2,6,2,10,09,6,1,0,0,0,0,0,0,1
"POINT (12.374633882000069 51.347983264000050)",Unfall 256976 (2023) Kat:3, Licht: 2,256976,3,1,5,10,00,5,1,2,0,1,0,0,0,0
"POINT (12.305194418000042 51.326893404000032)",Unfall 256977 (2023) Kat:3, Licht: 0,256977,3,3,5,10,15,5,0,0,0,1,0,0,0,1
"POINT (12.421720108000045 51.322352929000033)",Unfall 256978 (2023) Kat:3, Licht: 0,256978,3,3,5,10,17,5,0,0,1,1,0,0,0,0
"POINT (12.372756105000065 51.320751400000063)",Unfall 256980 (2023) Kat:2, Licht: 0,256980,2,6,3,10,08,5,0,0,0,1,0,0,0,1
"POINT (12.307321888000047 51.355641547000062)",Unfall 256981 (2023) Kat:3, Licht: 0,256981,3,2,4,10,15,5,0,0,1,1,0,0,0,0
"POINT (12.336186028000043 51.332051578000062)",Unfall 256991 (2023) Kat:3, Licht: 2,256991,3,2,5,12,16,2,2,2,1,0,0,0,0,1
"POINT (12.385000812000044 51.338325449000081)",Unfall 256996 (2023) Kat:3, Licht: 0,256996,3,3,5,10,09,4,0,0,0,1,0,0,0,0
"POINT (12.360816147000037 51.344726103000028)",Unfall 256997 (2023) Kat:3, Licht: 0,256997,3,3,5,10,07,4,1,0,1,1,0,0,0,0
"POINT (12.359979898000063 51.343495174000054)",Unfall 256998 (2023) Kat:3, Licht: 0,256998,3,5,1,10,14,4,0,0,1,1,0,0,0,0
"POINT (12.387246859000072 51.332125975000054)",Unfall 256999 (2023) Kat:3, Licht: 0,256999,3,5,1,10,09,4,0,0,1,1,0,0,0,0
"POINT (12.360250903000065 51.343554762000053)",Unfall 257000 (2023) Kat:3, Licht: 0,257000,3,6,2,10,14,4,0,0,1,1,0,0,0,0
"POINT (12.371358293000071 51.346159313000044)",Unfall 257001 (2023) Kat:3, Licht: 0,257001,3,6,2,10,14,4,0,0,1,1,0,0,0,0
"POINT (12.389835366000057 51.344559895000032)",Unfall 257002 (2023) Kat:3, Licht: 0,257002,3,3,3,10,09,4,0,0,1,1,0,0,0,0
"POINT (12.387945354000067 51.353412167000045)",Unfall 257004 (2023) Kat:3, Licht: 0,257004,3,3,5,10,07,4,1,0,1,0,0,0,0,0
"POINT (12.325643955000032 51.312115236000068)",Unfall 257005 (2023) Kat:3, Licht: 2,257005,3,2,5,10,18,4,1,2,1,1,0,0,0,0
"POINT (12.417239431000041 51.359294931000079)",Unfall 257006 (2023) Kat:3, Licht: 0,257006,3,6,2,10,07,4,1,0,1,1,0,0,0,1
"POINT (12.334065414000065 51.319402321000041)",Unfall 257013 (2023) Kat:3, Licht: 0,257013,3,6,0,12,12,6,0,0,0,1,0,0,0,1
"POINT (12.372841445000063 51.356271701000026)",Unfall 257020 (2023) Kat:3, Licht: 2,257020,3,3,5,10,18,3,1,2,0,1,0,0,0,0
"POINT (12.305365682000058 51.314736776000075)",Unfall 257023 (2023) Kat:3, Licht: 2,257023,3,2,2,10,19,3,1,2,1,1,0,0,0,0
"POINT (12.359194162000051 51.341440065000029)",Unfall 257024 (2023) Kat:2, Licht: 1,257024,2,3,5,10,16,3,1,1,1,1,0,0,0,0
"POINT (12.390856947000032 51.338669838000044)",Unfall 257025 (2023) Kat:3, Licht: 0,257025,3,2,4,10,13,3,1,0,1,1,0,0,0,0
"POINT (12.377872237000076 51.329130228000054)",Unfall 257026 (2023) Kat:3, Licht: 0,257026,3,4,6,10,07,3,1,0,0,1,1,0,0,0
"POINT (12.373649245000024 51.333008902000074)",Unfall 257028 (2023) Kat:3, Licht: 1,257028,3,3,5,10,16,3,1,1,1,0,0,0,0,0
"POINT (12.361071450000054 51.360551202000067)",Unfall 257049 (2023) Kat:3, Licht: 0,257049,3,3,5,10,15,2,0,0,1,1,0,0,0,0
"POINT (12.396979466000062 51.339179952000052)",Unfall 257050 (2023) Kat:3, Licht: 2,257050,3,1,0,10,20,2,0,2,1,0,0,0,0,0
"POINT (12.406537027000070 51.379233128000067)",Unfall 257053 (2023) Kat:3, Licht: 0,257053,3,3,5,10,12,2,0,0,0,1,0,0,0,0
"POINT (12.302925404000064 51.314444669000068)",Unfall 257055 (2023) Kat:3, Licht: 0,257055,3,6,2,10,13,2,0,0,0,1,0,0,0,0
"POINT (12.402838748000022 51.348277381000059)",Unfall 257056 (2023) Kat:3, Licht: 0,257056,3,1,1,10,16,2,0,0,0,1,0,0,0,0
"POINT (12.322411848000058 51.373195650000071)",Unfall 257057 (2023) Kat:3, Licht: 0,257057,3,3,5,10,09,2,0,0,0,0,0,1,0,1
"POINT (12.373734353000032 51.305515087000060)",Unfall 257058 (2023) Kat:3, Licht: 0,257058,3,6,3,10,15,2,0,0,1,0,0,1,0,0
"POINT (12.332010043000025 51.322428262000074)",Unfall 257067 (2023) Kat:3, Licht: 2,257067,3,2,5,12,19,4,1,2,1,1,0,0,0,0
"POINT (12.333395190000033 51.337975483000037)",Unfall 257082 (2023) Kat:3, Licht: 0,257082,3,1,0,10,10,7,1,0,1,0,0,0,0,0
"POINT (12.336556405000067 51.328816083000049)",Unfall 257083 (2023) Kat:3, Licht: 2,257083,3,2,3,10,21,7,0,2,1,0,0,0,0,0
"POINT (12.342575149000027 51.321619039000041)",Unfall 257084 (2023) Kat:2, Licht: 0,257084,2,2,5,10,13,7,0,0,1,1,0,0,0,0
"POINT (12.291391441000030 51.322479289000057)",Unfall 257085 (2023) Kat:2, Licht: 0,257085,2,2,6,10,09,7,1,0,0,1,1,0,0,0
"POINT (12.396297752000066 51.308783796000057)",Unfall 257086 (2023) Kat:3, Licht: 2,257086,3,5,1,10,00,7,1,2,0,1,0,0,0,0
"POINT (12.426330786000051 51.379729913000062)",Unfall 257087 (2023) Kat:3, Licht: 2,257087,3,1,9,10,02,7,1,2,0,1,0,0,0,0
"POINT (12.286088333000066 51.322101200000077)",Unfall 257100 (2023) Kat:2, Licht: 2,257100,2,1,9,10,21,6,1,2,0,1,0,0,0,0
"POINT (12.400178759000028 51.337385918000052)",Unfall 257101 (2023) Kat:3, Licht: 2,257101,3,1,1,10,23,6,1,2,0,1,0,0,0,1
"POINT (12.468286856000077 51.278167029000031)",Unfall 257102 (2023) Kat:3, Licht: 1,257102,3,6,1,10,07,6,1,1,1,1,0,0,0,0
"POINT (12.417481464000048 51.316068048000034)",Unfall 257104 (2023) Kat:3, Licht: 1,257104,3,3,5,10,07,6,1,1,1,1,0,0,0,0
"POINT (12.369462667000050 51.342433621000055)",Unfall 257123 (2023) Kat:3, Licht: 1,257123,3,3,5,10,07,5,1,1,1,0,0,0,0,1
"POINT (12.343472485000063 51.367669367000076)",Unfall 257124 (2023) Kat:3, Licht: 0,257124,3,7,3,10,10,5,1,0,0,1,0,0,0,0
"POINT (12.405979695000042 51.342087027000048)",Unfall 257126 (2023) Kat:3, Licht: 0,257126,3,3,5,10,11,5,1,0,1,0,0,0,1,0
"POINT (12.410465531000057 51.372860428000081)",Unfall 257140 (2023) Kat:3, Licht: 0,257140,3,3,5,10,15,4,0,0,0,1,0,0,0,0
"POINT (12.391638776000036 51.351655486000027)",Unfall 257144 (2023) Kat:3, Licht: 0,257144,3,4,6,11,14,2,0,0,1,0,1,0,0,0
"POINT (12.377647174000060 51.328444669000078)",Unfall 257150 (2023) Kat:3, Licht: 0,257150,3,5,1,10,15,3,0,0,1,1,0,0,0,0
"POINT (12.370951047000062 51.334033180000063)",Unfall 257151 (2023) Kat:2, Licht: 0,257151,2,1,0,10,10,3,0,0,1,0,0,0,0,0
"POINT (12.340562678000026 51.332326368000054)",Unfall 257152 (2023) Kat:3, Licht: 0,257152,3,6,3,10,08,3,0,0,1,1,0,0,0,0
"POINT (12.328951739000047 51.340351260000034)",Unfall 257154 (2023) Kat:3, Licht: 0,257154,3,5,3,10,08,3,0,0,1,0,0,0,0,1