WKT,Name,OBJECTID,UKATEGORIE,UTYP1,UART,UMONAT,USTUNDE,UWOCHENTAG,STRZUSTAND,ULICHTVERH,ISTRAD,ISTPKW,ISTFUSS,ISTKRAD,ISTGKFZ,ISTSONSTIG
"POINT (12.338065108000023 51.369629184000075)",Unfall 257155 (2023) Kat:3, Licht: 0,257155,3,2,5,10,15,3,0,0,0,1,0,0,0,1
"POINT (12.393551124000055 51.299146391000079)",Unfall 257156 (2023) Kat:3, Licht: 0,257156,3,3,5,10,15,3,0,0,1,1,0,0,0,0
"POINT (12.385249893000037 51.338317580000080)",Unfall 257175 (2023) Kat:3, Licht: 0,257175,3,6,6,10,08,2,0,0,1,0,1,0,0,0
"POINT (12.362918392000040 51.333624622000059)",Unfall 257176 (2023) Kat:3, Licht: 0,257176,3,6,3,10,11,2,0,0,1,1,0,0,0,0
"POINT (12.354973662000077 51.333735719000060)",Unfall 257177 (2023) Kat:3, Licht: 0,257177,3,3,5,10,08,2,0,0,0,1,0,0,0,0
"POINT (12.334002529000031 51.324874936000072)",Unfall 257178 (2023) Kat:3, Licht: 0,257178,3,4,6,10,07,2,0,0,0,1,1,0,0,0
"POINT (12.368741331000024 51.312530095000056)",Unfall 257179 (2023) Kat:3, Licht: 0,257179,3,3,5,10,13,2,0,0,1,1,0,0,0,0
"POINT (12.331163601000071 51.371991131000073)",Unfall 257180 (2023) Kat:3, Licht: 0,257180,3,2,2,10,08,2,0,0,0,1,0,0,0,0
"POINT (12.463202529000057 51.333904905000054)",Unfall 257181 (2023) Kat:3, Licht: 0,257181,3,3,5,10,14,2,0,0,1,1,0,0,0,0
"POINT (12.370902864000072 51.336339008000039)",Unfall 257194 (2023) Kat:3, Licht: 1,257194,3,4,6,10,18,1,0,1,0,1,1,0,0,0
"POINT (12.308361601000058 51.274016728000049)",Unfall 257205 (2023) Kat:3, Licht: 0,257205,3,2,5,12,13,7,2,0,0,1,0,0,0,0
"POINT (12.371058602000062 51.344000640000047)",Unfall 257211 (2023) Kat:3, Licht: 1,257211,3,3,5,10,18,6,0,1,1,0,0,0,0,0
"POINT (12.373047415000030 51.309450364000043)",Unfall 257212 (2023) Kat:3, Licht: 0,257212,3,5,3,10,17,6,0,0,1,1,0,0,0,0
"POINT (12.368792810000059 51.357179956000039)",Unfall 257213 (2023) Kat:3, Licht: 0,257213,3,4,6,10,12,6,0,0,0,1,1,0,0,0
"POINT (12.320072487000061 51.372159824000050)",Unfall 257214 (2023) Kat:3, Licht: 0,257214,3,6,2,10,11,6,0,0,0,1,0,0,1,0
"POINT (12.315159807000043 51.349354353000081)",Unfall 257215 (2023) Kat:3, Licht: 0,257215,3,2,5,10,17,6,0,0,0,1,0,0,0,0
"POINT (12.292486313000040 51.357493735000048)",Unfall 257226 (2023) Kat:3, Licht: 0,257226,3,3,5,10,11,5,1,0,0,1,0,1,0,0
"POINT (12.332785946000058 51.319684627000072)",Unfall 257228 (2023) Kat:3, Licht: 0,257228,3,1,0,10,10,5,1,0,1,0,0,0,0,0
"POINT (12.373274681000055 51.309848606000060)",Unfall 257229 (2023) Kat:3, Licht: 0,257229,3,1,1,10,12,5,1,0,1,1,0,0,0,0
"POINT (12.323896459000025 51.374555502000078)",Unfall 257231 (2023) Kat:3, Licht: 0,257231,3,1,0,10,10,5,1,0,0,0,0,1,0,0
"POINT (12.372614181000074 51.362605228000064)",Unfall 257233 (2023) Kat:3, Licht: 0,257233,3,3,5,10,08,5,1,0,0,1,0,0,0,1
"POINT (12.373317732000032 51.317450209000071)",Unfall 257234 (2023) Kat:2, Licht: 0,257234,2,4,6,10,08,5,1,0,0,0,1,0,0,1
"POINT (12.364992561000065 51.339249896000069)",Unfall 257235 (2023) Kat:2, Licht: 0,257235,2,4,6,10,14,5,1,0,0,1,1,0,0,0
"POINT (12.388019831000065 51.333921839000027)",Unfall 257250 (2023) Kat:3, Licht: 0,257250,3,5,1,10,08,4,0,0,1,1,0,0,0,0
"POINT (12.305117798000026 51.341948084000080)",Unfall 257251 (2023) Kat:3, Licht: 0,257251,3,1,4,10,13,4,0,0,1,1,0,0,0,0
"POINT (12.423344373000077 51.336052536000068)",Unfall 257252 (2023) Kat:3, Licht: 2,257252,3,5,1,12,01,1,0,2,0,1,0,0,0,0
"POINT (12.410276966000026 51.333834662000072)",Unfall 257253 (2023) Kat:3, Licht: 2,257253,3,3,5,10,05,4,0,2,0,1,0,0,0,0
"POINT (12.373501086000033 51.317732149000051)",Unfall 257255 (2023) Kat:3, Licht: 0,257255,3,2,5,10,12,4,0,0,1,1,0,0,0,0
"POINT (12.433798255000056 51.344385470000077)",Unfall 257256 (2023) Kat:2, Licht: 0,257256,2,6,4,10,16,4,0,0,1,0,0,0,0,0
"POINT (12.301565951000043 51.315188567000064)",Unfall 257257 (2023) Kat:3, Licht: 0,257257,3,3,5,10,15,4,0,0,0,1,0,0,0,1
"POINT (12.364207844000077 51.371807438000076)",Unfall 257272 (2023) Kat:3, Licht: 2,257272,3,4,6,11,06,6,0,2,0,1,1,0,0,0
"POINT (12.365624786000069 51.339618457000029)",Unfall 257275 (2023) Kat:3, Licht: 2,257275,3,4,6,10,19,3,0,2,0,0,1,1,0,0
"POINT (12.305463336000059 51.351839736000045)",Unfall 257298 (2023) Kat:3, Licht: 0,257298,3,4,6,10,08,2,1,0,0,1,1,0,0,0
"POINT (12.350825614000030 51.319142824000039)",Unfall 257299 (2023) Kat:3, Licht: 2,257299,3,6,2,10,17,2,1,2,0,1,0,0,0,0
"POINT (12.335529267000027 51.321720093000067)",Unfall 257300 (2023) Kat:3, Licht: 0,257300,3,3,5,10,09,2,1,0,0,1,0,0,0,0
"POINT (12.368833207000023 51.320739566000043)",Unfall 257301 (2023) Kat:3, Licht: 0,257301,3,3,5,10,16,2,1,0,0,1,0,1,0,0
"POINT (12.446023091000029 51.348275181000076)",Unfall 257302 (2023) Kat:3, Licht: 1,257302,3,3,1,10,16,2,1,1,0,1,0,0,0,0
"POINT (12.394748151000044 51.318578484000057)",Unfall 257303 (2023) Kat:3, Licht: 0,257303,3,2,2,10,11,2,1,0,0,1,0,0,0,0
"POINT (12.375952575000042 51.308770547000051)",Unfall 257304 (2023) Kat:3, Licht: 0,257304,3,5,3,10,14,2,1,0,1,1,0,0,0,0
"POINT (12.326008621000028 51.307269883000060)",Unfall 257314 (2023) Kat:3, Licht: 0,257314,3,3,5,10,13,1,0,0,0,1,0,0,0,0
"POINT (12.440834991000031 51.303025651000041)",Unfall 257315 (2023) Kat:3, Licht: 2,257315,3,2,3,10,20,1,0,2,0,1,0,0,0,0
"POINT (12.380896034000045 51.342058345000055)",Unfall 257323 (2023) Kat:3, Licht: 2,257323,3,3,5,10,00,7,0,2,0,1,0,0,0,1
"POINT (12.313179794000064 51.329655756000079)",Unfall 257324 (2023) Kat:3, Licht: 2,257324,3,2,5,10,18,4,0,2,1,1,0,0,0,0
"POINT (12.308021970000027 51.332006872000079)",Unfall 257325 (2023) Kat:3, Licht: 0,257325,3,3,5,10,15,7,0,0,1,1,0,0,0,0
"POINT (12.376790597000024 51.320514841000033)",Unfall 257326 (2023) Kat:3, Licht: 0,257326,3,3,5,10,17,7,0,0,1,1,0,0,0,0
"POINT (12.370914285000026 51.336416384000074)",Unfall 257334 (2023) Kat:3, Licht: 2,257334,3,2,3,10,19,6,0,2,0,1,0,0,0,1
"POINT (12.370901750000030 51.336332966000043)",Unfall 257335 (2023) Kat:3, Licht: 0,257335,3,3,5,10,12,6,0,0,1,1,0,0,0,0
"POINT (12.362727120000045 51.338954488000070)",Unfall 257336 (2023) Kat:3, Licht: 2,257336,3,4,6,11,17,6,0,2,0,1,1,0,0,0
"POINT (12.409091375000060 51.340729886000076)",Unfall 257337 (2023) Kat:2, Licht: 0,257337,2,2,5,10,07,6,0,0,1,1,0,0,0,0
"POINT (12.378601825000032 51.344920311000067)",Unfall 257338 (2023) Kat:3, Licht: 0,257338,3,6,6,10,15,6,0,0,1,0,1,0,0,0
"POINT (12.381606737000027 51.331761401000051)",Unfall 257343 (2023) Kat:3, Licht: 0,257343,3,2,5,10,13,5,0,0,1,1,0,0,0,0
"POINT (12.391563702000042 51.289429588000075)",Unfall 257344 (2023) Kat:3, Licht: 0,257344,3,6,2,10,15,5,0,0,0,1,0,0,0,0
"POINT (12.383574978000070 51.344468200000051)",Unfall 257346 (2023) Kat:3, Licht: 2,257346,3,7,6,10,05,5,0,2,0,1,1,0,0,0
"POINT (12.375117903000046 51.340906063000034)",Unfall 257354 (2023) Kat:3, Licht: 0,257354,3,7,5,10,17,4,0,0,1,0,0,0,0,0
"POINT (12.356897345000050 51.336192078000067)",Unfall 257356 (2023) Kat:3, Licht: 2,257356,3,4,6,10,23,4,0,2,0,1,1,0,0,0
"POINT (12.425511084000050 51.343585478000080)",Unfall 257357 (2023) Kat:3, Licht: 1,257357,3,2,3,10,18,4,0,1,1,0,0,1,0,0
"POINT (12.405943020000052 51.345559655000045)",Unfall 257367 (2023) Kat:2, Licht: 2,257367,2,1,0,10,21,3,1,2,1,0,0,0,0,0
"POINT (12.344692376000069 51.339466256000037)",Unfall 257368 (2023) Kat:3, Licht: 0,257368,3,3,5,10,14,3,0,0,1,1,0,0,0,0
"POINT (12.303056807000075 51.323029376000079)",Unfall 268626 (2023) Kat:3, Licht: 0,268626,3,2,5,01,11,7,0,0,1,0,0,0,0,0
"POINT (12.342551116000038 51.351050972000053)",Unfall 268631 (2023) Kat:2, Licht: 2,268631,2,1,0,02,22,1,0,2,1,0,0,0,0,0
"POINT (12.353348793000066 51.328818737000063)",Unfall 268633 (2023) Kat:3, Licht: 2,268633,3,4,6,02,18,4,0,2,1,0,1,0,0,0
"POINT (12.370331316000033 51.342544347000057)",Unfall 268647 (2023) Kat:3, Licht: 2,268647,3,6,4,04,20,4,1,2,1,0,0,0,0,0
"POINT (12.317342347000022 51.320880884000076)",Unfall 268651 (2023) Kat:3, Licht: 0,268651,3,6,2,04,07,4,0,0,1,0,0,0,0,0
"POINT (12.370448360000069 51.336204750000036)",Unfall 268656 (2023) Kat:3, Licht: 0,268656,3,6,3,05,19,5,0,0,1,0,0,0,0,0
"POINT (12.395589196000060 51.328851814000075)",Unfall 268658 (2023) Kat:3, Licht: 0,268658,3,5,1,05,16,1,0,0,1,1,0,0,0,0
"POINT (12.281974307000041 51.311419487000080)",Unfall 268671 (2023) Kat:3, Licht: 0,268671,3,1,0,05,13,6,0,0,1,0,0,0,0,0
"POINT (12.337361245000068 51.314053587000046)",Unfall 268698 (2023) Kat:3, Licht: 0,268698,3,7,0,06,17,5,0,0,1,0,0,0,0,0
"POINT (12.355108078000058 51.329969526000070)",Unfall 268701 (2023) Kat:2, Licht: 0,268701,2,6,4,06,11,2,0,0,1,0,0,0,0,0
"POINT (12.399579629000073 51.334395599000061)",Unfall 268713 (2023) Kat:3, Licht: 0,268713,3,6,4,06,16,6,0,0,1,0,0,0,0,0
"POINT (12.404440380000040 51.344898176000072)",Unfall 268745 (2023) Kat:3, Licht: 0,268745,3,7,2,07,12,6,1,0,1,0,0,0,0,1
"POINT (12.351911585000039 51.333570495000060)",Unfall 268793 (2023) Kat:3, Licht: 0,268793,3,4,6,09,14,7,0,0,1,0,1,0,0,0
"POINT (12.328005504000032 51.366741049000041)",Unfall 268821 (2023) Kat:3, Licht: 0,268821,3,6,6,10,15,7,0,0,1,0,1,0,0,0
"POINT (12.335434177000025 51.361221795000063)",Unfall 268822 (2023) Kat:3, Licht: 0,268822,3,6,4,10,06,2,0,0,1,0,0,0,0,0
"POINT (12.375055250000059 51.335411467000029)",Unfall 268833 (2023) Kat:2, Licht: 1,268833,2,7,0,11,16,7,1,1,1,0,0,0,0,0
"POINT (12.266736982000054 51.317795695000029)",Unfall 268837 (2023) Kat:3, Licht: 0,268837,3,1,0,12,08,6,2,0,1,0,0,0,0,0
"POINT (12.437168044000032 51.412077521000072)",Unfall 129498 (2024) Kat:3, Licht: 0,129498,3,3,5,02,13,2,0,0,0,1,0,0,0,1
"POINT (12.279623350000065 51.262442650000025)",Unfall 129524 (2024) Kat:3, Licht: 1,129524,3,6,2,02,06,6,0,1,0,1,0,0,0,1
"POINT (12.512231300000053 51.331165278000071)",Unfall 129558 (2024) Kat:3, Licht: 2,129558,3,6,2,02,20,2,1,2,0,1,0,0,0,0
"POINT (12.345057877000045 51.375216688000080)",Unfall 129590 (2024) Kat:3, Licht: 2,129590,3,6,2,02,06,5,1,2,0,1,0,0,1,0
"POINT (12.373544673000026 51.344090522000045)",Unfall 129591 (2024) Kat:2, Licht: 2,129591,2,4,6,02,17,5,0,2,0,0,1,0,0,1
"POINT (12.404673919000061 51.320943592000049)",Unfall 129636 (2024) Kat:3, Licht: 0,129636,3,2,3,02,13,7,0,0,1,1,0,0,0,0
"POINT (12.263085376000049 51.276130733000059)",Unfall 129637 (2024) Kat:3, Licht: 2,129637,3,6,1,02,18,7,0,2,0,1,0,1,0,0
"POINT (12.335568320000050 51.335598973000060)",Unfall 129648 (2024) Kat:2, Licht: 1,129648,2,1,6,02,07,6,1,1,0,1,1,0,0,0
"POINT (12.442745901000023 51.388950705000070)",Unfall 129665 (2024) Kat:3, Licht: 0,129665,3,7,0,02,12,5,0,0,0,1,0,0,1,0
"POINT (12.336318948000041 51.335425812000040)",Unfall 129704 (2024) Kat:3, Licht: 0,129704,3,2,0,02,15,1,1,0,1,1,0,0,0,0
"POINT (12.357266883000023 51.342012066000052)",Unfall 129705 (2024) Kat:2, Licht: 2,129705,2,4,6,02,21,1,1,2,0,1,1,0,0,0
"POINT (12.403952240000024 51.321721577000062)",Unfall 129744 (2024) Kat:3, Licht: 0,129744,3,4,6,01,12,4,0,0,1,0,1,0,0,0
"POINT (12.300234858000067 51.340442829000040)",Unfall 129765 (2024) Kat:3, Licht: 0,129765,3,3,5,01,13,2,0,0,0,1,0,0,0,1
"POINT (12.344971524000073 51.375175970000043)",Unfall 129766 (2024) Kat:3, Licht: 2,129766,3,2,5,01,05,2,0,2,1,1,0,0,0,0
"POINT (12.348195361000023 51.339901320000081)",Unfall 129782 (2024) Kat:3, Licht: 1,129782,3,1,0,01,18,7,0,1,1,0,0,0,0,0
"POINT (12.495873850000066 51.355809936000071)",Unfall 129799 (2024) Kat:3, Licht: 0,129799,3,2,5,01,13,4,0,0,0,1,0,0,0,0
"POINT (12.397965175000024 51.329984027000080)",Unfall 129823 (2024) Kat:3, Licht: 0,129823,3,2,3,01,14,2,1,0,0,1,0,0,0,1
"POINT (12.268953446000069 51.263186978000078)",Unfall 129856 (2024) Kat:3, Licht: 0,129856,3,6,3,01,15,6,2,0,0,1,0,0,0,0
"POINT (12.452936254000065 51.364314603000082)",Unfall 129857 (2024) Kat:3, Licht: 0,129857,3,6,1,01,10,6,1,0,0,1,0,0,0,1
"POINT (12.297616662000053 51.337449070000048)",Unfall 129882 (2024) Kat:3, Licht: 0,129882,3,6,2,02,14,3,0,0,0,1,0,0,0,0
"POINT (12.291664675000050 51.380759963000060)",Unfall 129889 (2024) Kat:2, Licht: 2,129889,2,2,0,02,17,7,1,2,0,1,0,1,0,0
"POINT (12.262113513000031 51.262590332000059)",Unfall 129904 (2024) Kat:3, Licht: 2,129904,3,1,8,01,18,4,2,2,0,1,0,0,0,0
"POINT (12.281193425000026 51.383405953000079)",Unfall 129914 (2024) Kat:3, Licht: 2,129914,3,1,0,01,02,3,1,2,1,0,0,0,0,0
"POINT (12.399372022000023 51.363378659000034)",Unfall 129960 (2024) Kat:3, Licht: 1,129960,3,6,1,01,05,6,2,1,0,1,0,0,0,0
"POINT (12.277424676000066 51.401748828000052)",Unfall 129967 (2024) Kat:3, Licht: 2,129967,3,3,5,01,06,5,0,2,0,1,0,0,0,1
"POINT (12.455621616000030 51.365345274000049)",Unfall 129978 (2024) Kat:3, Licht: 2,129978,3,6,4,01,05,4,0,2,1,0,0,0,0,0
"POINT (12.337718093000035 51.335380436000037)",Unfall 129995 (2024) Kat:3, Licht: 0,129995,3,2,5,01,15,3,0,0,1,1,0,0,0,0
"POINT (12.520415588000049 51.316780386000062)",Unfall 130010 (2024) Kat:3, Licht: 2,130010,3,2,4,01,06,2,0,2,1,1,0,0,0,0
"POINT (12.491861018000066 51.355100540000080)",Unfall 130011 (2024) Kat:3, Licht: 0,130011,3,7,3,01,11,2,0,0,0,1,0,0,0,0
"POINT (12.376315609000073 51.344436629000029)",Unfall 130012 (2024) Kat:3, Licht: 0,130012,3,4,6,01,09,2,0,0,0,1,1,0,0,0
"POINT (12.417954873000042 51.350941723000062)",Unfall 130022 (2024) Kat:2, Licht: 0,130022,2,1,8,01,13,1,0,0,0,1,0,0,0,0
"POINT (12.460857186000055 51.367229625000050)",Unfall 130027 (2024) Kat:3, Licht: 0,130027,3,2,4,01,09,7,0,0,1,1,0,0,0,0
"POINT (12.510415901000044 51.328948040000057)",Unfall 130052 (2024) Kat:3, Licht: 2,130052,3,2,5,01,18,4,0,2,0,1,0,0,0,0
"POINT (12.323759155000062 51.379440453000029)",Unfall 130164 (2024) Kat:3, Licht: 1,130164,3,2,3,02,17,4,0,1,1,1,0,0,0,0
"POINT (12.399357867000049 51.363526520000050)",Unfall 130378 (2024) Kat:3, Licht: 2,130378,3,2,6,01,06,2,1,2,0,1,1,0,0,0
"POINT (12.363646049000067 51.376038586000050)",Unfall 130536 (2024) Kat:3, Licht: 0,130536,3,6,3,02,15,6,0,0,0,1,0,1,0,0
"POINT (12.266200701000059 51.328226173000076)",Unfall 130723 (2024) Kat:3, Licht: 0,130723,3,7,9,02,09,4,0,0,0,1,0,0,0,0
"POINT (12.337695208000071 51.335380170000064)",Unfall 130960 (2024) Kat:3, Licht: 0,130960,3,2,4,01,14,4,0,0,1,1,0,0,0,0
"POINT (12.369579225000052 51.376094960000046)",Unfall 131028 (2024) Kat:3, Licht: 2,131028,3,4,0,01,17,5,0,2,0,0,1,0,0,1
"POINT (12.440268528000047 51.294042442000034)",Unfall 131138 (2024) Kat:2, Licht: 0,131138,2,3,6,01,09,3,0,0,0,1,1,0,0,0
"POINT (12.392111255000032 51.346414846000073)",Unfall 131410 (2024) Kat:3, Licht: 2,131410,3,3,5,02,18,4,0,2,1,1,0,0,0,0
"POINT (12.439400361000025 51.294648886000061)",Unfall 132201 (2024) Kat:3, Licht: 0,132201,3,3,5,01,07,6,2,0,1,1,0,0,0,0
"POINT (12.342486568000027 51.338436122000076)",Unfall 132220 (2024) Kat:3, Licht: 0,132220,3,6,8,01,15,4,0,0,1,0,0,0,0,1
"POINT (12.373249906000069 51.314785352000058)",Unfall 132249 (2024) Kat:3, Licht: 2,132249,3,2,5,02,22,2,1,2,0,1,0,1,0,0
"POINT (12.393088314000067 51.334742195000047)",Unfall 132287 (2024) Kat:3, Licht: 0,132287,3,6,3,02,13,4,0,0,0,1,0,0,1,0
"POINT (12.387271529000031 51.345886511000060)",Unfall 132640 (2024) Kat:3, Licht: 0,132640,3,6,1,10,13,7,0,0,0,1,0,0,0,0
"POINT (12.411643145000028 51.314684716000045)",Unfall 132651 (2024) Kat:3, Licht: 2,132651,3,2,6,10,20,6,0,2,0,1,1,0,0,0
"POINT (12.360135236000076 51.342176709000057)",Unfall 132682 (2024) Kat:3, Licht: 0,132682,3,1,0,10,15,2,1,0,1,0,0,0,0,0
"POINT (12.393585851000068 51.371807130000036)",Unfall 132684 (2024) Kat:3, Licht: 2,132684,3,1,8,10,18,2,1,2,0,1,0,0,0,0
"POINT (12.333340684000063 51.414481526000031)",Unfall 132685 (2024) Kat:3, Licht: 0,132685,3,6,3,10,11,2,0,0,0,1,0,0,1,0
"POINT (12.366076070000076 51.343522808000046)",Unfall 132704 (2024) Kat:3, Licht: 0,132704,3,5,3,10,11,7,0,0,0,1,0,0,0,0
"POINT (12.376646525000069 51.344206501000031)",Unfall 132725 (2024) Kat:3, Licht: 2,132725,3,6,2,10,01,5,0,2,0,1,0,0,0,0
"POINT (12.391912317000049 51.346426983000072)",Unfall 132726 (2024) Kat:3, Licht: 0,132726,3,3,5,10,10,5,1,0,0,1,0,0,0,0
"POINT (12.399780339000074 51.361938289000079)",Unfall 132727 (2024) Kat:3, Licht: 0,132727,3,6,2,10,17,5,1,0,0,1,0,0,0,0
"POINT (12.300263931000075 51.254577843000050)",Unfall 132728 (2024) Kat:2, Licht: 2,132728,2,7,2,10,06,5,1,2,0,1,0,0,0,0
"POINT (12.422293705000072 51.351686569000037)",Unfall 132767 (2024) Kat:3, Licht: 0,132767,3,7,5,09,15,2,0,0,0,1,0,0,0,0
"POINT (12.394433221000043 51.336802812000030)",Unfall 132768 (2024) Kat:3, Licht: 0,132768,3,2,3,09,14,2,0,0,1,1,0,0,0,0
"POINT (12.399211869000055 51.364407253000081)",Unfall 132824 (2024) Kat:3, Licht: 0,132824,3,6,3,09,08,4,0,0,0,1,0,0,1,0
"POINT (12.290257788000076 51.392762456000071)",Unfall 132825 (2024) Kat:2, Licht: 2,132825,2,3,5,09,20,4,0,2,0,0,0,1,0,1
"POINT (12.283836296000061 51.344317332000060)",Unfall 132841 (2024) Kat:3, Licht: 1,132841,3,3,5,09,07,3,1,1,0,1,0,0,0,0
"POINT (12.520133994000048 51.349717336000026)",Unfall 132842 (2024) Kat:3, Licht: 1,132842,3,7,8,10,18,7,1,1,0,1,0,0,0,0
"POINT (12.393562291000023 51.351351959000056)",Unfall 132843 (2024) Kat:3, Licht: 0,132843,3,7,7,09,07,3,1,0,1,0,0,0,0,0
"POINT (12.382773494000048 51.375922494000065)",Unfall 132879 (2024) Kat:3, Licht: 0,132879,3,1,0,09,08,1,0,0,1,0,0,0,0,0
"POINT (12.262561950000077 51.346230114000036)",Unfall 132888 (2024) Kat:3, Licht: 0,132888,3,3,5,09,12,7,0,0,0,1,0,0,0,0
"POINT (12.276715161000027 51.320789579000063)",Unfall 132899 (2024) Kat:3, Licht: 0,132899,3,3,5,09,16,6,0,0,0,1,0,0,0,1
"POINT (12.374748493000027 51.393091577000064)",Unfall 132913 (2024) Kat:3, Licht: 0,132913,3,3,5,09,16,5,0,0,0,1,0,0,0,0
"POINT (12.348675540000045 51.340044312000032)",Unfall 132914 (2024) Kat:3, Licht: 0,132914,3,6,2,09,07,5,0,0,0,0,0,0,0,1
"POINT (12.473391871000047 51.351390421000076)",Unfall 132925 (2024) Kat:3, Licht: 0,132925,3,6,1,09,15,4,0,0,0,1,0,0,0,0
"POINT (12.247327475000077 51.318159708000053)",Unfall 132968 (2024) Kat:3, Licht: 0,132968,3,3,5,09,13,1,0,0,1,1,0,0,0,0
"POINT (12.393224434000047 51.314682562000030)",Unfall 132985 (2024) Kat:3, Licht: 0,132985,3,2,3,09,11,6,0,0,0,1,0,0,0,0
"POINT (12.330391700000064 51.335729249000053)",Unfall 132996 (2024) Kat:3, Licht: 0,132996,3,4,6,09,09,5,0,0,1,0,1,0,0,0
"POINT (12.379929780000055 51.344331315000034)",Unfall 133094 (2024) Kat:2, Licht: 0,133094,2,6,6,09,10,6,0,0,1,0,1,0,0,0
"POINT (12.369367323000063 51.344162973000039)",Unfall 133111 (2024) Kat:3, Licht: 0,133111,3,1,0,09,15,5,0,0,1,0,0,0,0,0
"POINT (12.356653815000072 51.341874537000081)",Unfall 133131 (2024) Kat:3, Licht: 0,133131,3,4,6,09,15,3,0,0,0,0,1,0,0,1
"POINT (12.371394934000023 51.344456234000063)",Unfall 133133 (2024) Kat:3, Licht: 0,133133,3,6,2,09,14,3,0,0,0,1,0,1,0,0
"POINT (12.291787503000023 51.343614835000039)",Unfall 133134 (2024) Kat:2, Licht: 0,133134,2,2,3,09,14,3,0,0,0,1,0,1,0,0
"POINT (12.392766099000028 51.351490702000035)",Unfall 133158 (2024) Kat:3, Licht: 0,133158,3,6,2,09,10,2,0,0,0,1,0,0,0,1
"POINT (12.380003681000062 51.344300769000029)",Unfall 133159 (2024) Kat:3, Licht: 0,133159,3,4,0,09,15,2,0,0,0,0,1,0,0,1
"POINT (12.399367217000076 51.363475767000068)",Unfall 133161 (2024) Kat:3, Licht: 0,133161,3,2,3,09,16,2,0,0,1,1,0,0,0,0
"POINT (12.362826582000025 51.314170773000058)",Unfall 133163 (2024) Kat:3, Licht: 0,133163,3,6,2,09,07,2,0,0,0,1,0,0,0,0
"POINT (12.410206338000023 51.314683906000027)",Unfall 133213 (2024) Kat:3, Licht: 0,133213,3,3,5,08,14,6,0,0,1,1,0,0,0,0
"POINT (12.428366381000046 51.291004672000042)",Unfall 133215 (2024) Kat:3, Licht: 0,133215,3,3,5,08,07,6,0,0,0,1,0,1,0,0
"POINT (12.398626069000045 51.359563305000052)",Unfall 133234 (2024) Kat:3, Licht: 0,133234,3,2,3,08,16,5,0,0,0,1,0,1,0,0
"POINT (12.403936735000059 51.321739546000060)",Unfall 133268 (2024) Kat:2, Licht: 0,133268,2,2,3,08,08,3,0,0,1,1,0,0,0,0
"POINT (12.377316903000064 51.375871916000051)",Unfall 133270 (2024) Kat:3, Licht: 0,133270,3,2,5,08,18,3,0,0,1,1,0,0,0,0
"POINT (12.286266234000038 51.331135622000033)",Unfall 133278 (2024) Kat:3, Licht: 0,133278,3,3,5,08,13,5,0,0,1,1,0,0,0,0
"POINT (12.330222517000038 51.335710534000043)",Unfall 133289 (2024) Kat:3, Licht: 0,133289,3,1,0,08,07,2,0,0,1,0,0,0,0,0
"POINT (12.401437456000053 51.324208402000068)",Unfall 133290 (2024) Kat:3, Licht: 0,133290,3,3,5,08,15,2,0,0,1,1,0,0,0,0
"POINT (12.392334026000071 51.345361129000082)",Unfall 133321 (2024) Kat:3, Licht: 0,133321,3,2,3,08,18,7,0,0,1,1,0,0,0,0
"POINT (12.247243225000034 51.318142083000055)",Unfall 133322 (2024) Kat:3, Licht: 0,133322,3,2,2,08,09,7,0,0,0,1,0,0,0,0
"POINT (12.276710372000025 51.320796668000071)",Unfall 133334 (2024) Kat:3, Licht: 0,133334,3,3,5,08,11,6,0,0,1,1,0,0,0,0
"POINT (12.378967465000073 51.314960079000059)",Unfall 133335 (2024) Kat:2, Licht: 0,133335,2,6,3,08,13,6,0,0,1,1,0,0,0,0
"POINT (12.336157256000035 51.335457765000058)",Unfall 133347 (2024) Kat:3, Licht: 0,133347,3,6,3,08,16,5,0,0,1,1,0,0,0,0
"POINT (12.403941335000070 51.321734214000060)",Unfall 133365 (2024) Kat:3, Licht: 0,133365,3,2,3,08,13,4,0,0,1,1,0,0,0,0
"POINT (12.394289607000076 51.336777226000038)",Unfall 133368 (2024) Kat:2, Licht: 0,133368,2,2,4,08,12,4,0,0,1,1,0,0,0,0
"POINT (12.430580147000057 51.351361033000046)",Unfall 133426 (2024) Kat:3, Licht: 0,133426,3,6,2,08,19,1,1,0,0,1,0,0,0,0
"POINT (12.361625945000071 51.342426177000050)",Unfall 133452 (2024) Kat:3, Licht: 0,133452,3,1,0,08,17,6,0,0,1,0,0,0,0,0
"POINT (12.464171855000075 51.350615418000075)",Unfall 133453 (2024) Kat:3, Licht: 1,133453,3,7,0,08,20,6,0,1,1,0,0,0,0,0
"POINT (12.323776725000073 51.379414236000059)",Unfall 133454 (2024) Kat:3, Licht: 0,133454,3,2,6,08,08,6,0,0,0,1,1,0,0,0
"POINT (12.300313373000051 51.340532501000041)",Unfall 133469 (2024) Kat:3, Licht: 0,133469,3,6,1,08,15,5,0,0,0,1,0,0,0,0
"POINT (12.393136774000027 51.344739720000064)",Unfall 133470 (2024) Kat:3, Licht: 0,133470,3,4,6,08,15,5,0,0,1,0,1,0,0,0
"POINT (12.392450697000072 51.345422210000038)",Unfall 133498 (2024) Kat:3, Licht: 0,133498,3,3,5,08,06,4,0,0,1,0,0,0,0,0
"POINT (12.286311045000048 51.331155417000048)",Unfall 133511 (2024) Kat:3, Licht: 0,133511,3,6,2,08,09,3,0,0,0,1,0,1,0,0