WKT,Name,OBJECTID,UKATEGORIE,UTYP1,UART,UMONAT,USTUNDE,UWOCHENTAG,STRZUSTAND,ULICHTVERH,ISTRAD,ISTPKW,ISTFUSS,ISTKRAD,ISTGKFZ,ISTSONSTIG
"POINT (12.397938875000023 51.358036431000073)",Unfall 133513 (2024) Kat:2, Licht: 1,133513,2,7,4,08,19,3,0,1,0,1,0,0,0,0
"POINT (12.388698574000045 51.399579144000029)",Unfall 133581 (2024) Kat:1, Licht: 2,133581,1,1,0,08,01,6,0,2,0,0,0,0,0,1
"POINT (12.403945866000072 51.321728965000034)",Unfall 133597 (2024) Kat:3, Licht: 0,133597,3,2,3,08,12,5,0,0,1,1,0,0,0,0
"POINT (12.371813201000066 51.344468926000047)",Unfall 133663 (2024) Kat:3, Licht: 0,133663,3,4,6,08,11,1,1,0,0,0,1,0,0,1
"POINT (12.380065435000063 51.344275244000073)",Unfall 133678 (2024) Kat:3, Licht: 2,133678,3,4,6,08,02,7,1,2,0,0,1,0,0,1
"POINT (12.361496800000054 51.342397255000037)",Unfall 133679 (2024) Kat:3, Licht: 1,133679,3,6,3,08,20,7,0,1,1,0,0,0,0,0
"POINT (12.269922275000056 51.317402805000029)",Unfall 133680 (2024) Kat:3, Licht: 0,133680,3,6,2,08,13,7,0,0,0,1,0,0,0,0
"POINT (12.372530286000028 51.344453143000067)",Unfall 133704 (2024) Kat:3, Licht: 0,133704,3,4,6,08,17,6,0,0,0,0,1,0,0,1
"POINT (12.341765571000053 51.414121766000051)",Unfall 133705 (2024) Kat:3, Licht: 0,133705,3,1,8,08,11,6,1,0,0,1,0,0,0,0
"POINT (12.300268856000059 51.386261984000043)",Unfall 133707 (2024) Kat:3, Licht: 0,133707,3,1,9,09,10,5,1,0,0,1,0,0,0,0
"POINT (12.391727446000061 51.352037255000027)",Unfall 133756 (2024) Kat:3, Licht: 0,133756,3,6,2,07,09,3,0,0,0,1,0,1,0,0
"POINT (12.401831077000054 51.351355184000056)",Unfall 133760 (2024) Kat:2, Licht: 0,133760,2,2,5,07,08,3,0,0,1,1,0,0,0,0
"POINT (12.452839768000047 51.274417354000036)",Unfall 133806 (2024) Kat:3, Licht: 2,133806,3,7,7,09,22,4,0,2,0,1,0,0,0,0
"POINT (12.301736728000037 51.342666005000069)",Unfall 133823 (2024) Kat:3, Licht: 2,133823,3,3,5,10,00,6,1,2,0,1,0,0,0,0
"POINT (12.433509108000067 51.355185495000057)",Unfall 133835 (2024) Kat:3, Licht: 0,133835,3,2,4,07,18,6,0,0,1,1,0,0,0,0
"POINT (12.394616364000058 51.354843326000037)",Unfall 133855 (2024) Kat:3, Licht: 0,133855,3,7,9,07,14,5,0,0,1,0,0,0,0,0
"POINT (12.383669121000025 51.343865586000049)",Unfall 133876 (2024) Kat:3, Licht: 0,133876,3,3,5,07,17,4,1,0,1,0,0,0,0,1
"POINT (12.376974392000022 51.344501222000076)",Unfall 133895 (2024) Kat:2, Licht: 1,133895,2,3,5,10,06,3,1,1,1,1,0,0,0,0
"POINT (12.383516187000055 51.343457264000051)",Unfall 133951 (2024) Kat:3, Licht: 0,133951,3,3,5,07,13,6,0,0,0,1,0,0,0,1
"POINT (12.272607316000062 51.276894580000032)",Unfall 133952 (2024) Kat:3, Licht: 0,133952,3,3,5,07,15,6,0,0,0,1,0,0,0,0
"POINT (12.247307829000022 51.318155598000033)",Unfall 133954 (2024) Kat:3, Licht: 0,133954,3,2,2,07,13,6,0,0,0,1,0,0,0,0
"POINT (12.395065937000027 51.339102592000074)",Unfall 133974 (2024) Kat:3, Licht: 0,133974,3,3,5,07,08,3,0,0,0,1,0,0,0,1
"POINT (12.460832889000073 51.367220824000071)",Unfall 134003 (2024) Kat:3, Licht: 0,134003,3,2,5,07,05,4,0,0,1,1,0,0,0,0
"POINT (12.378553593000049 51.344643533000067)",Unfall 134006 (2024) Kat:3, Licht: 0,134006,3,6,2,09,15,3,0,0,0,1,0,0,0,0
"POINT (12.273591591000070 51.397050882000030)",Unfall 134043 (2024) Kat:3, Licht: 0,134043,3,6,2,07,16,2,0,0,0,1,0,0,0,0
"POINT (12.374117166000076 51.393623336000076)",Unfall 134044 (2024) Kat:3, Licht: 0,134044,3,7,6,07,16,3,0,0,1,0,1,0,0,0
"POINT (12.276512424000032 51.320819865000033)",Unfall 134075 (2024) Kat:3, Licht: 0,134075,3,1,0,07,17,7,0,0,0,0,0,0,0,1
"POINT (12.480843425000046 51.352182742000082)",Unfall 134076 (2024) Kat:3, Licht: 0,134076,3,6,2,07,16,7,0,0,0,1,0,0,0,0
"POINT (12.342752807000068 51.373828639000067)",Unfall 134080 (2024) Kat:2, Licht: 0,134080,2,1,8,07,16,7,0,0,0,0,0,1,0,0
"POINT (12.378260177000072 51.375844297000071)",Unfall 134163 (2024) Kat:3, Licht: 0,134163,3,2,5,07,13,3,0,0,1,1,0,0,0,0
"POINT (12.403950359000021 51.321723759000065)",Unfall 134182 (2024) Kat:3, Licht: 0,134182,3,2,5,07,20,2,0,0,1,1,0,0,0,0
"POINT (12.389968207000038 51.346587836000026)",Unfall 134243 (2024) Kat:3, Licht: 0,134243,3,6,2,07,15,6,0,0,0,1,0,1,0,0
"POINT (12.379952733000039 51.344321827000044)",Unfall 134259 (2024) Kat:2, Licht: 0,134259,2,4,6,07,19,5,0,0,0,0,1,0,0,1
"POINT (12.373091501000033 51.314776543000050)",Unfall 134274 (2024) Kat:3, Licht: 0,134274,3,6,2,07,05,4,0,0,0,1,0,0,0,0
"POINT (12.399935747000029 51.361899132000076)",Unfall 134276 (2024) Kat:3, Licht: 0,134276,3,6,2,07,13,4,0,0,0,1,0,1,0,0
"POINT (12.403950710000061 51.321723352000049)",Unfall 134278 (2024) Kat:2, Licht: 0,134278,2,2,5,07,07,4,0,0,1,1,0,0,0,0
"POINT (12.369253620000052 51.376103840000042)",Unfall 134282 (2024) Kat:3, Licht: 0,134282,3,2,3,07,06,4,0,0,1,1,0,0,0,0
"POINT (12.427278889000036 51.295049136000046)",Unfall 134296 (2024) Kat:3, Licht: 0,134296,3,3,5,07,17,3,0,0,1,1,0,0,0,0
"POINT (12.323996457000021 51.380471397000065)",Unfall 134318 (2024) Kat:3, Licht: 0,134318,3,1,0,08,19,6,0,0,0,0,0,1,0,0
"POINT (12.448583706000022 51.362239096000053)",Unfall 134334 (2024) Kat:2, Licht: 0,134334,2,3,5,09,14,7,0,0,0,1,0,1,0,0
"POINT (12.398054303000038 51.357968987000049)",Unfall 134370 (2024) Kat:3, Licht: 0,134370,3,6,2,06,15,6,0,0,0,1,0,0,0,0
"POINT (12.422216879000075 51.351669161000075)",Unfall 134393 (2024) Kat:3, Licht: 1,134393,3,3,5,06,21,5,0,1,0,1,0,0,0,0
"POINT (12.479477901000052 51.352130044000035)",Unfall 134397 (2024) Kat:3, Licht: 0,134397,3,3,5,06,08,5,0,0,0,1,0,0,0,0
"POINT (12.268549165000024 51.263979667000058)",Unfall 134431 (2024) Kat:3, Licht: 2,134431,3,6,3,08,06,5,0,2,0,1,0,1,0,0
"POINT (12.461185162000049 51.367346338000061)",Unfall 134438 (2024) Kat:3, Licht: 0,134438,3,2,3,06,06,3,0,0,1,1,0,0,0,0
"POINT (12.393018425000037 51.344812962000049)",Unfall 134461 (2024) Kat:3, Licht: 0,134461,3,1,6,06,12,2,0,0,0,0,1,0,0,1
"POINT (12.373538801000052 51.344399971000030)",Unfall 134463 (2024) Kat:3, Licht: 0,134463,3,6,6,06,11,2,0,0,1,0,1,0,0,0
"POINT (12.391984972000046 51.346327643000052)",Unfall 134471 (2024) Kat:3, Licht: 0,134471,3,6,3,08,17,7,0,0,1,0,0,0,0,1
"POINT (12.380654249000031 51.343600897000044)",Unfall 134504 (2024) Kat:2, Licht: 0,134504,2,7,0,06,21,7,0,0,0,0,1,0,0,1
"POINT (12.292527084000028 51.343543880000027)",Unfall 134523 (2024) Kat:2, Licht: 0,134523,2,6,2,06,11,6,0,0,0,1,0,1,0,0
"POINT (12.247294053000076 51.318152716000043)",Unfall 134538 (2024) Kat:3, Licht: 0,134538,3,2,2,08,08,6,0,0,0,1,0,0,0,0
"POINT (12.388969858000053 51.405958455000075)",Unfall 134597 (2024) Kat:3, Licht: 2,134597,3,1,8,06,23,3,1,2,0,0,0,1,0,0
"POINT (12.379674970000053 51.344436634000033)",Unfall 134600 (2024) Kat:2, Licht: 0,134600,2,4,6,06,07,3,0,0,0,0,1,0,1,0
"POINT (12.378289105000022 51.375843444000054)",Unfall 134605 (2024) Kat:3, Licht: 0,134605,3,4,6,07,07,5,0,0,0,1,1,0,0,0
"POINT (12.330178227000033 51.335706495000068)",Unfall 134626 (2024) Kat:3, Licht: 0,134626,3,3,5,06,13,2,0,0,1,0,0,0,0,0
"POINT (12.395370280000066 51.341320813000038)",Unfall 134648 (2024) Kat:3, Licht: 0,134648,3,1,8,06,20,1,0,0,0,1,0,0,0,0
"POINT (12.333031926000046 51.336051844000053)",Unfall 134649 (2024) Kat:3, Licht: 2,134649,3,1,0,06,02,1,0,2,1,0,0,0,0,0
"POINT (12.331996940000067 51.335920572000077)",Unfall 134650 (2024) Kat:3, Licht: 2,134650,3,1,0,09,19,4,0,2,1,0,0,0,0,0
"POINT (12.294483270000057 51.343370733000029)",Unfall 134660 (2024) Kat:3, Licht: 1,134660,3,1,0,08,19,6,0,1,1,0,0,0,0,0
"POINT (12.426361012000029 51.351846284000032)",Unfall 134690 (2024) Kat:3, Licht: 0,134690,3,6,2,06,08,5,0,0,0,1,0,0,0,0
"POINT (12.389873034000061 51.346561062000035)",Unfall 134691 (2024) Kat:3, Licht: 0,134691,3,3,4,09,07,4,1,0,1,1,0,0,0,0
"POINT (12.371369624000067 51.344454655000050)",Unfall 134696 (2024) Kat:2, Licht: 0,134696,2,3,5,06,07,5,0,0,1,1,0,0,0,0
"POINT (12.431374356000049 51.300241674000063)",Unfall 134713 (2024) Kat:3, Licht: 0,134713,3,6,2,06,16,2,0,0,0,1,0,0,0,0
"POINT (12.391562948000058 51.347554489000061)",Unfall 134745 (2024) Kat:3, Licht: 0,134745,3,6,6,06,11,2,0,0,1,0,1,0,0,0
"POINT (12.380435790000035 51.344122163000065)",Unfall 134746 (2024) Kat:3, Licht: 0,134746,3,1,0,06,06,2,0,0,1,0,0,0,0,0
"POINT (12.391810302000067 51.346339820000026)",Unfall 134750 (2024) Kat:3, Licht: 0,134750,3,3,4,06,19,2,0,0,1,0,0,0,0,0
"POINT (12.260844242000076 51.306657880000046)",Unfall 134759 (2024) Kat:3, Licht: 0,134759,3,7,8,08,18,5,0,0,1,0,0,0,0,0
"POINT (12.397043612000061 51.353519109000047)",Unfall 134769 (2024) Kat:3, Licht: 1,134769,3,1,0,06,04,1,0,1,1,0,0,0,0,0
"POINT (12.323722273000044 51.384063942000068)",Unfall 134795 (2024) Kat:3, Licht: 0,134795,3,1,0,08,17,4,0,0,1,0,0,0,0,0
"POINT (12.460857186000055 51.367229625000050)",Unfall 134821 (2024) Kat:2, Licht: 2,134821,2,3,5,06,07,6,0,2,0,1,0,0,0,0
"POINT (12.326937917000066 51.378071090000049)",Unfall 134822 (2024) Kat:2, Licht: 0,134822,2,1,8,06,14,6,0,0,0,0,0,1,0,0
"POINT (12.363307490000068 51.342810797000027)",Unfall 134854 (2024) Kat:3, Licht: 0,134854,3,2,5,06,18,5,0,0,1,1,0,0,0,0
"POINT (12.351372021000032 51.375158210000052)",Unfall 134855 (2024) Kat:3, Licht: 0,134855,3,1,0,06,11,5,0,0,0,0,0,1,0,0
"POINT (12.526728957000046 51.316336906000060)",Unfall 134856 (2024) Kat:3, Licht: 0,134856,3,6,2,06,08,5,0,0,0,1,0,0,0,0
"POINT (12.375444499000025 51.392508942000063)",Unfall 134882 (2024) Kat:3, Licht: 2,134882,3,1,0,06,00,4,0,2,0,0,0,0,0,1
"POINT (12.276718814000048 51.320784171000071)",Unfall 134884 (2024) Kat:2, Licht: 0,134884,2,2,4,06,08,4,0,0,0,1,0,1,0,0
"POINT (12.395075024000050 51.332309226000064)",Unfall 134885 (2024) Kat:3, Licht: 1,134885,3,3,5,06,18,4,1,1,1,1,0,0,0,0
"POINT (12.426455206000071 51.351810037000064)",Unfall 134886 (2024) Kat:3, Licht: 0,134886,3,2,5,06,15,4,0,0,1,1,0,0,0,0
"POINT (12.529431325000076 51.327692848000027)",Unfall 134910 (2024) Kat:3, Licht: 0,134910,3,3,5,06,10,3,0,0,1,1,0,0,0,0
"POINT (12.341414784000051 51.386564775000068)",Unfall 134924 (2024) Kat:3, Licht: 0,134924,3,6,3,10,16,4,0,0,1,0,0,0,0,0
"POINT (12.398819917000026 51.365033253000036)",Unfall 134925 (2024) Kat:3, Licht: 0,134925,3,6,1,06,09,2,0,0,0,1,0,0,0,0
"POINT (12.399944693000066 51.361876805000065)",Unfall 134947 (2024) Kat:3, Licht: 2,134947,3,6,2,06,01,1,1,2,0,1,0,0,0,0
"POINT (12.336801926000021 51.335378027000047)",Unfall 134960 (2024) Kat:3, Licht: 0,134960,3,2,5,06,13,7,0,0,1,1,0,0,0,0
"POINT (12.361416431000066 51.375618254000074)",Unfall 134985 (2024) Kat:3, Licht: 0,134985,3,2,6,05,17,6,0,0,0,1,1,0,0,0
"POINT (12.286128238000060 51.381914236000057)",Unfall 135011 (2024) Kat:3, Licht: 0,135011,3,3,5,05,06,5,0,0,0,0,0,1,0,1
"POINT (12.371981072000040 51.395257148000042)",Unfall 135013 (2024) Kat:3, Licht: 0,135013,3,6,2,05,14,5,1,0,0,1,0,0,0,0
"POINT (12.276669570000024 51.320857072000081)",Unfall 135014 (2024) Kat:2, Licht: 0,135014,2,3,5,05,07,5,0,0,1,0,0,0,1,0
"POINT (12.442920668000056 51.359708593000050)",Unfall 135044 (2024) Kat:3, Licht: 0,135044,3,6,2,05,16,4,0,0,0,1,0,0,0,0
"POINT (12.393853145000037 51.333156576000079)",Unfall 135046 (2024) Kat:2, Licht: 0,135046,2,7,0,07,17,1,0,0,1,0,0,0,0,0
"POINT (12.380880516000047 51.343938339000033)",Unfall 135072 (2024) Kat:3, Licht: 0,135072,3,3,5,05,06,3,1,0,1,1,0,0,0,0
"POINT (12.267687351000063 51.276457419000053)",Unfall 135107 (2024) Kat:2, Licht: 0,135107,2,6,2,06,16,3,0,0,0,1,0,0,0,0
"POINT (12.545548937000035 51.312644440000042)",Unfall 135112 (2024) Kat:2, Licht: 0,135112,2,1,9,06,19,7,0,0,0,0,0,1,0,0
"POINT (12.273302722000039 51.327063636000048)",Unfall 135113 (2024) Kat:3, Licht: 2,135113,3,1,0,05,02,1,0,2,1,0,0,0,0,0
"POINT (12.342636836000054 51.338699013000053)",Unfall 135114 (2024) Kat:3, Licht: 0,135114,3,7,0,05,16,1,0,0,0,0,0,0,0,1
"POINT (12.337733309000043 51.335380614000030)",Unfall 135131 (2024) Kat:3, Licht: 1,135131,3,6,2,05,20,7,0,1,0,1,0,0,0,0
"POINT (12.286291039000048 51.331146579000063)",Unfall 135140 (2024) Kat:3, Licht: 0,135140,3,3,5,07,12,7,0,0,1,1,0,0,0,0
"POINT (12.273416335000036 51.327071406000073)",Unfall 135220 (2024) Kat:3, Licht: 0,135220,3,1,8,05,14,4,1,0,0,1,0,0,0,0
"POINT (12.446135621000053 51.361218343000075)",Unfall 135222 (2024) Kat:3, Licht: 0,135222,3,2,5,05,08,4,1,0,1,1,0,0,0,0
"POINT (12.425134974000059 51.304511983000054)",Unfall 135338 (2024) Kat:3, Licht: 0,135338,3,6,3,05,16,6,0,0,0,1,0,0,0,0
"POINT (12.383981656000060 51.376035255000033)",Unfall 135355 (2024) Kat:3, Licht: 0,135355,3,6,3,05,07,3,1,0,0,1,0,0,0,0
"POINT (12.337839921000068 51.335381857000073)",Unfall 135361 (2024) Kat:3, Licht: 0,135361,3,2,4,05,11,5,0,0,0,1,0,1,0,0
"POINT (12.424510240000075 51.304698182000038)",Unfall 135408 (2024) Kat:3, Licht: 0,135408,3,1,5,05,16,3,0,0,1,1,0,0,0,0
"POINT (12.449572815000067 51.350271155000030)",Unfall 135409 (2024) Kat:3, Licht: 0,135409,3,6,3,05,11,3,0,0,1,0,0,0,0,0
"POINT (12.379247685000053 51.344170441000074)",Unfall 135410 (2024) Kat:3, Licht: 0,135410,3,3,2,05,15,3,0,0,0,1,1,0,0,0
"POINT (12.377620932000070 51.344571175000056)",Unfall 135443 (2024) Kat:3, Licht: 0,135443,3,4,0,05,11,2,0,0,0,0,1,0,0,1
"POINT (12.516918432000068 51.322699261000082)",Unfall 135461 (2024) Kat:3, Licht: 0,135461,3,1,8,05,09,3,1,0,0,0,0,0,0,1
"POINT (12.392014806000077 51.347938588000034)",Unfall 135482 (2024) Kat:3, Licht: 0,135482,3,3,5,05,14,7,0,0,1,1,0,0,0,0
"POINT (12.426371801000073 51.351841745000058)",Unfall 135483 (2024) Kat:3, Licht: 0,135483,3,2,3,05,10,7,0,0,1,1,0,0,0,0
"POINT (12.257124565000026 51.247984688000031)",Unfall 135491 (2024) Kat:3, Licht: 0,135491,3,1,8,06,06,5,0,0,0,1,0,0,0,0
"POINT (12.392111255000032 51.346414846000073)",Unfall 135515 (2024) Kat:3, Licht: 0,135515,3,2,0,06,19,3,0,0,0,1,0,1,0,0
"POINT (12.422089930000027 51.307844215000046)",Unfall 135516 (2024) Kat:3, Licht: 0,135516,3,6,6,05,14,5,0,0,1,0,1,0,0,0
"POINT (12.440980887000023 51.390394160000028)",Unfall 135545 (2024) Kat:2, Licht: 0,135545,2,6,3,09,17,7,0,0,0,1,0,0,1,0
"POINT (12.286299649000057 51.331150383000079)",Unfall 135549 (2024) Kat:3, Licht: 0,135549,3,2,2,06,15,5,0,0,0,1,0,0,0,0
"POINT (12.407313476000070 51.318339940000044)",Unfall 135553 (2024) Kat:3, Licht: 0,135553,3,2,3,05,15,4,0,0,1,0,0,0,0,0
"POINT (12.449492076000070 51.383102688000065)",Unfall 135593 (2024) Kat:3, Licht: 2,135593,3,6,2,06,07,3,0,2,0,1,0,0,0,0
"POINT (12.371520385000053 51.314689161000047)",Unfall 135596 (2024) Kat:3, Licht: 0,135596,3,2,3,10,11,4,1,0,1,1,0,0,0,0
"POINT (12.529920103000052 51.327818035000064)",Unfall 135600 (2024) Kat:3, Licht: 0,135600,3,1,0,06,06,3,0,0,0,0,0,1,0,0
"POINT (12.357679559000076 51.341810706000047)",Unfall 135657 (2024) Kat:3, Licht: 0,135657,3,2,3,05,11,6,0,0,1,1,0,0,0,0
"POINT (12.395376069000065 51.341077924000047)",Unfall 135661 (2024) Kat:3, Licht: 0,135661,3,2,5,05,13,7,0,0,1,1,0,0,0,0
"POINT (12.378394697000033 51.314956479000045)",Unfall 135662 (2024) Kat:3, Licht: 2,135662,3,3,6,05,22,7,0,2,1,0,1,0,0,0
"POINT (12.392609956000058 51.333939613000041)",Unfall 135663 (2024) Kat:3, Licht: 0,135663,3,3,5,05,14,3,0,0,1,0,0,0,0,1
"POINT (12.307518722000054 51.341812067000035)",Unfall 135698 (2024) Kat:1, Licht: 0,135698,1,1,0,05,09,5,0,0,1,0,0,0,0,0
"POINT (12.277420621000033 51.401741980000054)",Unfall 135702 (2024) Kat:3, Licht: 2,135702,3,3,5,05,21,5,0,2,0,1,0,0,0,0
"POINT (12.338855308000063 51.335350008000034)",Unfall 135720 (2024) Kat:3, Licht: 0,135720,3,6,6,05,09,4,0,0,1,0,1,0,0,0
"POINT (12.296000125000035 51.338157973000079)",Unfall 135750 (2024) Kat:3, Licht: 0,135750,3,6,3,06,11,6,0,0,0,1,0,1,0,0
"POINT (12.493646698000077 51.355718758000080)",Unfall 135752 (2024) Kat:3, Licht: 0,135752,3,6,2,04,15,3,0,0,0,1,0,0,0,0
"POINT (12.333265065000035 51.393714759000034)",Unfall 135768 (2024) Kat:3, Licht: 0,135768,3,3,5,08,06,6,0,0,1,1,0,0,0,0
"POINT (12.376428452000027 51.344448572000033)",Unfall 135830 (2024) Kat:2, Licht: 2,135830,2,7,0,10,04,5,0,2,0,0,0,0,0,1
"POINT (12.505432359000054 51.347721074000049)",Unfall 135832 (2024) Kat:3, Licht: 0,135832,3,1,9,04,06,1,0,0,0,1,0,0,0,0
"POINT (12.275084504000063 51.384491847000049)",Unfall 135847 (2024) Kat:3, Licht: 1,135847,3,3,5,04,05,7,0,1,0,1,0,1,0,0
"POINT (12.351529147000065 51.340446967000048)",Unfall 135848 (2024) Kat:3, Licht: 0,135848,3,7,6,04,18,7,0,0,0,1,0,0,0,1
"POINT (12.464730484000029 51.306388313000070)",Unfall 135868 (2024) Kat:3, Licht: 0,135868,3,7,5,04,07,6,0,0,1,1,0,0,0,0
"POINT (12.399670981000043 51.362065207000057)",Unfall 135890 (2024) Kat:2, Licht: 2,135890,2,1,0,08,00,7,1,2,0,0,0,1,0,0
"POINT (12.329707930000041 51.335995649000040)",Unfall 135899 (2024) Kat:3, Licht: 0,135899,3,5,1,04,18,5,0,0,1,1,0,0,0,0
"POINT (12.261320879000039 51.315215508000051)",Unfall 135900 (2024) Kat:3, Licht: 0,135900,3,2,3,04,07,5,0,0,1,1,0,0,0,0
"POINT (12.394301628000051 51.336808935000079)",Unfall 135904 (2024) Kat:3, Licht: 0,135904,3,3,5,04,19,5,0,0,0,1,0,0,0,0
"POINT (12.269327412000052 51.262352198000031)",Unfall 135912 (2024) Kat:3, Licht: 2,135912,3,1,8,10,04,1,0,2,0,1,0,0,0,0
"POINT (12.318694843000060 51.375656626000080)",Unfall 135915 (2024) Kat:3, Licht: 0,135915,3,2,3,06,13,6,0,0,0,1,0,0,0,1
"POINT (12.399767718000021 51.361958307000066)",Unfall 135920 (2024) Kat:2, Licht: 2,135920,2,1,8,08,02,7,0,2,0,1,0,0,0,0
"POINT (12.364004860000023 51.342970345000026)",Unfall 135929 (2024) Kat:3, Licht: 0,135929,3,6,3,04,07,4,0,0,1,0,0,0,0,0
"POINT (12.371662647000051 51.376033451000069)",Unfall 135931 (2024) Kat:3, Licht: 0,135931,3,5,1,04,16,4,0,0,1,1,0,0,0,0
"POINT (12.433513832000074 51.355187700000045)",Unfall 135933 (2024) Kat:3, Licht: 2,135933,3,3,0,04,23,4,0,2,0,1,0,0,0,1
"POINT (12.397967934000064 51.329981758000031)",Unfall 135955 (2024) Kat:3, Licht: 0,135955,3,2,3,04,08,3,0,0,1,1,0,0,0,0
"POINT (12.347131045000026 51.339558222000051)",Unfall 135957 (2024) Kat:3, Licht: 0,135957,3,1,0,04,17,3,0,0,1,0,0,0,0,0
"POINT (12.318194680000033 51.381197925000038)",Unfall 135987 (2024) Kat:1, Licht: 0,135987,1,3,5,04,11,2,0,0,1,1,0,0,0,0
"POINT (12.399745471000074 51.361986126000033)",Unfall 135988 (2024) Kat:2, Licht: 0,135988,2,2,4,08,19,3,0,0,0,1,0,0,0,0
"POINT (12.374874742000031 51.344356237000056)",Unfall 135990 (2024) Kat:3, Licht: 0,135990,3,2,5,04,16,2,0,0,1,1,0,1,0,0
"POINT (12.424153683000043 51.352107821000061)",Unfall 135994 (2024) Kat:3, Licht: 0,135994,3,6,0,08,14,4,0,0,0,1,0,1,0,0
"POINT (12.263974802000064 51.337756505000073)",Unfall 136018 (2024) Kat:3, Licht: 2,136018,3,1,8,04,22,7,0,2,0,1,0,0,0,0
"POINT (12.382830494000075 51.343512702000055)",Unfall 136028 (2024) Kat:3, Licht: 2,136028,3,6,2,04,19,6,1,2,0,1,0,0,0,0
"POINT (12.394845789000044 51.342757014000028)",Unfall 136047 (2024) Kat:2, Licht: 0,136047,2,2,5,04,07,5,0,0,1,1,0,0,0,0
"POINT (12.353511733000062 51.341175362000058)",Unfall 136081 (2024) Kat:3, Licht: 0,136081,3,2,5,04,17,4,0,0,1,1,0,0,0,0
"POINT (12.379281502000026 51.344158503000074)",Unfall 136098 (2024) Kat:3, Licht: 0,136098,3,4,2,04,12,3,0,0,0,1,1,1,0,0
"POINT (12.387916212000050 51.402544366000029)",Unfall 136099 (2024) Kat:3, Licht: 0,136099,3,6,2,04,07,3,0,0,0,1,0,0,0,0
"POINT (12.374990550000064 51.344357061000039)",Unfall 136107 (2024) Kat:3, Licht: 0,136107,3,6,2,06,18,1,0,0,0,1,0,0,0,0
"POINT (12.379478625000047 51.286012492000054)",Unfall 136124 (2024) Kat:3, Licht: 0,136124,3,6,2,04,07,2,1,0,0,1,0,0,0,0
"POINT (12.350654871000074 51.340534961000060)",Unfall 136156 (2024) Kat:2, Licht: 0,136156,2,4,6,06,17,1,0,0,0,1,1,0,0,0
"POINT (12.263515479000034 51.275763466000058)",Unfall 136158 (2024) Kat:3, Licht: 2,136158,3,1,8,04,01,7,0,2,0,1,0,0,0,0
"POINT (12.393560485000023 51.351352298000052)",Unfall 136160 (2024) Kat:3, Licht: 0,136160,3,6,1,04,12,7,0,0,0,1,0,1,0,0
"POINT (12.266829154000050 51.316929342000037)",Unfall 136161 (2024) Kat:3, Licht: 2,136161,3,6,4,04,21,7,0,2,1,0,0,0,0,0
"POINT (12.393568220000077 51.353696030000037)",Unfall 136190 (2024) Kat:3, Licht: 0,136190,3,6,2,08,14,5,0,0,0,1,0,0,0,0
"POINT (12.355721362000054 51.341383419000067)",Unfall 136203 (2024) Kat:2, Licht: 0,136203,2,1,9,04,08,6,0,0,1,0,0,0,0,0
"POINT (12.345931984000060 51.375176999000075)",Unfall 136205 (2024) Kat:3, Licht: 0,136205,3,2,3,04,08,6,0,0,1,1,0,0,0,0
"POINT (12.378295755000067 51.375843249000070)",Unfall 136206 (2024) Kat:3, Licht: 0,136206,3,4,6,04,15,6,0,0,0,1,1,0,0,0
"POINT (12.328055408000068 51.414650125000037)",Unfall 136209 (2024) Kat:3, Licht: 0,136209,3,6,3,04,14,6,0,0,0,1,0,0,1,0
"POINT (12.362188209000067 51.313769249000075)",Unfall 136215 (2024) Kat:3, Licht: 0,136215,3,6,1,05,10,2,1,0,0,1,0,0,0,1
"POINT (12.371133593000025 51.344431952000036)",Unfall 136242 (2024) Kat:3, Licht: 2,136242,3,7,5,04,20,5,0,2,0,1,0,0,0,1
"POINT (12.399668163000058 51.362068052000041)",Unfall 136246 (2024) Kat:3, Licht: 0,136246,3,6,2,04,11,5,0,0,0,1,0,0,0,0
"POINT (12.278861697000025 51.414552571000058)",Unfall 136304 (2024) Kat:3, Licht: 2,136304,3,3,5,04,04,3,0,2,1,1,0,0,0,0
"POINT (12.340526161000071 51.414204787000074)",Unfall 136305 (2024) Kat:3, Licht: 0,136305,3,6,2,04,10,3,0,0,0,1,0,0,0,0
"POINT (12.406576196000060 51.314095892000068)",Unfall 136335 (2024) Kat:2, Licht: 0,136335,2,2,5,04,15,2,0,0,1,1,0,0,0,0
"POINT (12.287820002000046 51.331864015000065)",Unfall 136337 (2024) Kat:2, Licht: 0,136337,2,6,4,04,11,2,0,0,0,1,0,0,0,0
"POINT (12.439437051000027 51.294622534000041)",Unfall 136349 (2024) Kat:3, Licht: 0,136349,3,6,2,05,11,4,0,0,0,1,0,0,0,0
"POINT (12.401842590000058 51.351346401000058)",Unfall 136364 (2024) Kat:3, Licht: 0,136364,3,2,3,06,07,4,0,0,1,1,0,0,0,0
"POINT (12.373179885000070 51.314781459000073)",Unfall 136372 (2024) Kat:3, Licht: 0,136372,3,3,5,05,18,1,0,0,1,1,0,0,0,0
"POINT (12.300333418000037 51.292709657000046)",Unfall 136373 (2024) Kat:2, Licht: 0,136373,2,6,0,04,14,1,0,0,0,1,0,1,0,0
"POINT (12.488190638000049 51.358715535000044)",Unfall 136402 (2024) Kat:3, Licht: 0,136402,3,6,2,04,18,7,0,0,0,1,0,0,1,0