WKT,Name,OBJECTID,UKATEGORIE,UTYP1,UART,UMONAT,USTUNDE,UWOCHENTAG,STRZUSTAND,ULICHTVERH,ISTRAD,ISTPKW,ISTFUSS,ISTKRAD,ISTGKFZ,ISTSONSTIG
"POINT (12.394458157000031 51.314626444000055)",Unfall 136428 (2024) Kat:3, Licht: 0,136428,3,2,4,09,13,3,1,0,0,1,0,0,0,0
"POINT (12.473868757000048 51.351558732000058)",Unfall 136435 (2024) Kat:3, Licht: 2,136435,3,6,2,04,20,6,0,2,0,1,0,0,0,0
"POINT (12.457667606000030 51.350355550000074)",Unfall 136437 (2024) Kat:2, Licht: 0,136437,2,3,5,04,14,6,0,0,1,0,0,0,0,1
"POINT (12.351459625000075 51.375154198000075)",Unfall 136448 (2024) Kat:3, Licht: 0,136448,3,1,0,05,17,4,0,0,0,0,0,0,0,1
"POINT (12.375914720000026 51.344400260000043)",Unfall 136450 (2024) Kat:3, Licht: 0,136450,3,6,2,09,15,7,1,0,0,1,0,0,0,0
"POINT (12.294273437000072 51.290965133000043)",Unfall 136466 (2024) Kat:3, Licht: 0,136466,3,3,5,04,13,5,0,0,0,1,0,0,0,0
"POINT (12.323781548000056 51.379432629000064)",Unfall 136467 (2024) Kat:2, Licht: 0,136467,2,3,5,04,11,5,0,0,0,1,0,0,0,0
"POINT (12.391931151000051 51.346503902000052)",Unfall 136496 (2024) Kat:3, Licht: 0,136496,3,6,2,04,14,4,0,0,0,1,0,0,0,0
"POINT (12.483940705000066 51.361159357000076)",Unfall 136499 (2024) Kat:3, Licht: 0,136499,3,1,8,04,15,4,0,0,0,1,0,0,0,0
"POINT (12.366190642000049 51.343548310000074)",Unfall 136518 (2024) Kat:3, Licht: 0,136518,3,3,5,04,18,3,1,0,1,1,0,0,0,0
"POINT (12.428718440000068 51.302077888000042)",Unfall 136519 (2024) Kat:3, Licht: 0,136519,3,6,0,04,16,3,0,0,0,1,0,0,0,1
"POINT (12.274556796000070 51.396769459000041)",Unfall 136578 (2024) Kat:3, Licht: 0,136578,3,7,1,03,11,1,0,0,0,1,0,0,0,0
"POINT (12.376990454000065 51.344502960000057)",Unfall 136628 (2024) Kat:3, Licht: 0,136628,3,3,5,03,10,4,0,0,0,1,0,0,0,0
"POINT (12.371862689000068 51.344080515000030)",Unfall 136630 (2024) Kat:2, Licht: 0,136630,2,6,3,03,06,4,0,0,0,1,0,1,0,0
"POINT (12.316292754000074 51.300589582000043)",Unfall 136631 (2024) Kat:3, Licht: 0,136631,3,3,5,03,11,4,0,0,1,1,0,0,0,0
"POINT (12.319255746000067 51.375548673000026)",Unfall 136632 (2024) Kat:2, Licht: 0,136632,2,1,3,03,16,4,0,0,1,0,0,0,0,1
"POINT (12.397392930000024 51.369611770000063)",Unfall 136653 (2024) Kat:3, Licht: 0,136653,3,3,5,03,17,3,0,0,1,0,0,0,0,1
"POINT (12.369563055000071 51.409385905000079)",Unfall 136699 (2024) Kat:3, Licht: 0,136699,3,6,2,03,09,1,1,0,0,1,0,0,0,0
"POINT (12.396636263000062 51.353596279000044)",Unfall 136708 (2024) Kat:3, Licht: 2,136708,3,2,5,07,22,4,0,2,1,1,0,0,0,0
"POINT (12.316509510000060 51.300572601000056)",Unfall 136710 (2024) Kat:3, Licht: 0,136710,3,6,2,03,12,7,0,0,0,1,0,0,0,0
"POINT (12.313534329000049 51.376632864000044)",Unfall 136751 (2024) Kat:3, Licht: 1,136751,3,6,2,03,17,5,0,1,0,1,0,0,0,0
"POINT (12.385593019000055 51.376141522000069)",Unfall 136752 (2024) Kat:3, Licht: 0,136752,3,2,3,03,07,5,0,0,1,1,0,0,0,0
"POINT (12.268622381000057 51.263047897000035)",Unfall 136753 (2024) Kat:2, Licht: 0,136753,2,6,2,03,12,5,0,0,0,1,0,0,1,0
"POINT (12.392281470000057 51.345426713000052)",Unfall 136774 (2024) Kat:3, Licht: 0,136774,3,6,2,03,13,4,0,0,0,1,0,0,0,0
"POINT (12.274137377000045 51.396998194000048)",Unfall 136828 (2024) Kat:3, Licht: 0,136828,3,3,5,03,08,2,0,0,0,1,0,0,0,0
"POINT (12.401732597000034 51.324253274000057)",Unfall 136831 (2024) Kat:3, Licht: 0,136831,3,6,2,03,11,2,0,0,0,1,0,1,0,0
"POINT (12.507134297000050 51.344274305000056)",Unfall 136843 (2024) Kat:2, Licht: 0,136843,2,6,3,04,10,1,0,0,0,0,0,1,0,1
"POINT (12.383673115000022 51.343761372000074)",Unfall 136867 (2024) Kat:3, Licht: 2,136867,3,6,3,03,23,7,0,2,0,1,0,0,0,0
"POINT (12.385379437000040 51.344683171000042)",Unfall 136889 (2024) Kat:3, Licht: 0,136889,3,6,2,03,17,6,0,0,0,1,0,0,0,0
"POINT (12.362816200000054 51.314219660000049)",Unfall 136899 (2024) Kat:3, Licht: 0,136899,3,3,5,09,06,3,0,0,1,0,0,0,1,0
"POINT (12.396650697000041 51.353596119000031)",Unfall 136909 (2024) Kat:3, Licht: 1,136909,3,3,0,03,19,5,0,1,1,1,0,0,0,0
"POINT (12.393283282000027 51.333379108000031)",Unfall 136940 (2024) Kat:3, Licht: 2,136940,3,5,1,03,19,4,0,2,1,1,0,0,0,0
"POINT (12.336325892000048 51.335424439000064)",Unfall 136942 (2024) Kat:3, Licht: 0,136942,3,2,5,03,07,4,0,0,1,1,0,0,0,0
"POINT (12.390130555000042 51.346755119000079)",Unfall 136944 (2024) Kat:3, Licht: 0,136944,3,2,4,03,07,4,0,0,1,1,0,0,0,0
"POINT (12.331998875000068 51.335920817000044)",Unfall 136982 (2024) Kat:2, Licht: 0,136982,2,6,3,03,11,3,0,0,1,0,0,0,1,0
"POINT (12.492507209000053 51.335291033000033)",Unfall 136983 (2024) Kat:2, Licht: 0,136983,2,4,6,03,07,3,0,0,0,1,1,0,0,0
"POINT (12.379975035000029 51.344312609000042)",Unfall 137005 (2024) Kat:3, Licht: 0,137005,3,2,5,03,15,2,0,0,0,1,0,0,0,1
"POINT (12.383810832000052 51.376019283000062)",Unfall 137008 (2024) Kat:3, Licht: 0,137008,3,6,2,03,17,2,0,0,0,1,0,0,0,1
"POINT (12.381145542000070 51.343828791000078)",Unfall 137054 (2024) Kat:3, Licht: 0,137054,3,2,3,08,19,2,0,0,1,1,0,0,0,0
"POINT (12.460883664000050 51.367239148000067)",Unfall 137061 (2024) Kat:3, Licht: 2,137061,3,2,4,09,21,6,1,2,0,1,0,0,0,0
"POINT (12.360536964000062 51.342227492000063)",Unfall 137070 (2024) Kat:3, Licht: 0,137070,3,6,3,03,10,6,0,0,1,1,0,0,0,0
"POINT (12.285179249000066 51.382194127000048)",Unfall 137074 (2024) Kat:3, Licht: 0,137074,3,5,2,03,11,6,0,0,0,1,0,0,0,1
"POINT (12.452275610000072 51.350227845000063)",Unfall 137075 (2024) Kat:3, Licht: 2,137075,3,4,6,03,20,6,0,2,0,1,1,0,0,0
"POINT (12.326831159000051 51.298166884000068)",Unfall 137099 (2024) Kat:3, Licht: 0,137099,3,2,3,03,14,5,0,0,1,1,0,0,0,0
"POINT (12.344867791000070 51.339189064000038)",Unfall 137101 (2024) Kat:3, Licht: 0,137101,3,3,5,03,07,5,0,0,1,1,0,0,0,0
"POINT (12.464441923000038 51.350542222000058)",Unfall 137119 (2024) Kat:1, Licht: 0,137119,1,3,5,03,15,4,0,0,1,1,0,0,0,0
"POINT (12.393502109000053 51.333424191000063)",Unfall 137150 (2024) Kat:3, Licht: 0,137150,3,1,2,07,17,4,1,0,0,1,0,1,0,0
"POINT (12.342883796000024 51.338644915000032)",Unfall 137152 (2024) Kat:3, Licht: 0,137152,3,6,4,03,15,2,0,0,1,0,0,0,0,0
"POINT (12.315650047000076 51.415016985000079)",Unfall 137154 (2024) Kat:3, Licht: 1,137154,3,6,3,03,06,2,1,1,0,1,0,0,1,1
"POINT (12.413619775000029 51.313517610000076)",Unfall 137155 (2024) Kat:3, Licht: 0,137155,3,6,3,03,16,2,0,0,0,1,0,0,0,0
"POINT (12.387802055000066 51.403546617000075)",Unfall 137180 (2024) Kat:3, Licht: 0,137180,3,1,8,03,14,1,0,0,0,1,0,0,0,0
"POINT (12.394584314000042 51.314619998000069)",Unfall 137196 (2024) Kat:2, Licht: 0,137196,2,7,0,03,17,7,0,0,1,0,0,0,0,0
"POINT (12.426621683000064 51.351909499000044)",Unfall 137531 (2024) Kat:3, Licht: 2,137531,3,7,1,12,17,7,0,2,0,1,0,0,0,1
"POINT (12.392518640000048 51.334008092000033)",Unfall 137563 (2024) Kat:3, Licht: 0,137563,3,7,5,12,09,2,1,0,0,1,0,0,0,1
"POINT (12.514974463000044 51.324993797000047)",Unfall 137606 (2024) Kat:3, Licht: 0,137606,3,6,2,12,15,6,0,0,0,1,0,0,0,0
"POINT (12.362133079000046 51.409406290000049)",Unfall 137645 (2024) Kat:2, Licht: 2,137645,2,6,4,12,22,4,0,2,0,1,0,0,0,0
"POINT (12.301596236000023 51.342682158000059)",Unfall 137719 (2024) Kat:3, Licht: 0,137719,3,6,2,12,12,6,0,0,0,1,0,0,0,0
"POINT (12.532956793000039 51.314358143000049)",Unfall 137752 (2024) Kat:3, Licht: 0,137752,3,6,3,12,15,4,0,0,0,1,0,0,0,0
"POINT (12.371116620000066 51.344430302000035)",Unfall 137770 (2024) Kat:3, Licht: 0,137770,3,3,5,12,08,3,1,0,1,1,0,0,0,0
"POINT (12.261637301000064 51.316165696000041)",Unfall 137772 (2024) Kat:3, Licht: 2,137772,3,2,5,12,18,3,0,2,0,1,0,0,0,0
"POINT (12.392276402000050 51.348109990000069)",Unfall 137815 (2024) Kat:3, Licht: 0,137815,3,6,2,12,16,1,0,0,0,1,0,0,0,0
"POINT (12.261590756000032 51.315986495000061)",Unfall 137825 (2024) Kat:3, Licht: 2,137825,3,6,2,12,17,7,1,2,0,1,0,0,0,0
"POINT (12.363775424000039 51.312031346000026)",Unfall 137838 (2024) Kat:3, Licht: 0,137838,3,6,2,12,14,6,1,0,0,1,0,0,0,0
"POINT (12.432013573000063 51.394604944000037)",Unfall 137839 (2024) Kat:3, Licht: 0,137839,3,6,3,12,13,6,1,0,0,1,0,0,0,0
"POINT (12.508719885000062 51.339874778000080)",Unfall 137841 (2024) Kat:3, Licht: 0,137841,3,6,1,12,14,6,1,0,0,1,0,0,0,0
"POINT (12.464500350000037 51.284233487000051)",Unfall 137898 (2024) Kat:3, Licht: 0,137898,3,6,4,12,12,4,0,0,0,1,0,0,0,0
"POINT (12.344428490000041 51.393983086000048)",Unfall 137899 (2024) Kat:3, Licht: 2,137899,3,7,1,12,17,4,1,2,0,1,0,0,0,0
"POINT (12.363284543000077 51.342805546000079)",Unfall 137900 (2024) Kat:3, Licht: 0,137900,3,4,6,12,19,4,1,0,0,0,1,0,0,1
"POINT (12.411687039000071 51.314600665000057)",Unfall 137923 (2024) Kat:3, Licht: 2,137923,3,6,4,12,17,3,1,2,1,0,0,0,0,0
"POINT (12.455985370000064 51.365473831000031)",Unfall 137927 (2024) Kat:3, Licht: 1,137927,3,2,5,12,07,3,1,1,1,1,0,0,0,0
"POINT (12.254626526000038 51.281174604000057)",Unfall 137928 (2024) Kat:2, Licht: 0,137928,2,3,5,12,08,3,1,0,0,1,0,0,1,0
"POINT (12.426428878000024 51.351817731000040)",Unfall 137954 (2024) Kat:3, Licht: 1,137954,3,2,2,12,05,2,0,1,0,1,0,0,0,0
"POINT (12.285598266000022 51.415926626000044)",Unfall 138021 (2024) Kat:3, Licht: 0,138021,3,1,9,12,13,4,0,0,0,1,0,0,0,0
"POINT (12.350311410000074 51.295045408000078)",Unfall 138035 (2024) Kat:3, Licht: 2,138035,3,7,7,11,21,5,1,2,0,1,0,0,0,0
"POINT (12.322556962000021 51.374938668000027)",Unfall 138037 (2024) Kat:3, Licht: 0,138037,3,4,6,11,11,5,1,0,0,0,1,0,0,1
"POINT (12.394659142000023 51.410241486000075)",Unfall 138039 (2024) Kat:2, Licht: 2,138039,2,3,5,11,22,5,1,2,0,1,0,1,0,0
"POINT (12.440035334000072 51.350815948000047)",Unfall 138041 (2024) Kat:3, Licht: 2,138041,3,6,2,11,17,5,1,2,0,1,0,0,0,0
"POINT (12.428023962000054 51.351549624000029)",Unfall 138058 (2024) Kat:3, Licht: 2,138058,3,6,4,11,19,4,0,2,1,0,0,0,0,0
"POINT (12.440268064000065 51.294042761000071)",Unfall 138060 (2024) Kat:2, Licht: 0,138060,2,4,6,11,09,4,0,0,0,1,1,0,0,0
"POINT (12.442922573000033 51.388795531000028)",Unfall 138076 (2024) Kat:3, Licht: 2,138076,3,6,2,11,17,3,0,2,0,1,0,0,0,0
"POINT (12.401685975000021 51.314245256000049)",Unfall 138127 (2024) Kat:3, Licht: 0,138127,3,3,1,11,14,7,0,0,0,1,0,0,0,0
"POINT (12.426533607000067 51.351867579000043)",Unfall 138152 (2024) Kat:2, Licht: 1,138152,2,2,6,11,16,6,0,1,0,1,1,0,0,0
"POINT (12.395229098000073 51.332210741000040)",Unfall 138195 (2024) Kat:3, Licht: 0,138195,3,3,5,11,14,3,1,0,1,1,0,0,0,0
"POINT (12.260901836000073 51.307497873000045)",Unfall 138196 (2024) Kat:3, Licht: 0,138196,3,6,2,11,15,3,1,0,0,1,0,0,0,0
"POINT (12.290435836000029 51.392819512000074)",Unfall 138198 (2024) Kat:3, Licht: 2,138198,3,2,5,11,21,3,1,2,0,1,0,0,1,0
"POINT (12.393479026000023 51.371877539000081)",Unfall 138236 (2024) Kat:3, Licht: 0,138236,3,1,8,11,10,2,1,0,0,1,0,0,0,0
"POINT (12.451637174000041 51.279000910000036)",Unfall 138247 (2024) Kat:3, Licht: 0,138247,3,3,5,11,11,7,0,0,0,1,0,0,0,0
"POINT (12.451816346000044 51.279073689000029)",Unfall 138258 (2024) Kat:3, Licht: 0,138258,3,1,9,11,12,1,1,0,0,0,0,1,0,0
"POINT (12.392463833000022 51.345405638000045)",Unfall 138266 (2024) Kat:3, Licht: 0,138266,3,3,5,11,15,7,0,0,1,1,0,0,0,0
"POINT (12.378391639000029 51.314956461000065)",Unfall 138273 (2024) Kat:3, Licht: 2,138273,3,1,0,11,06,6,1,2,0,0,0,1,0,0
"POINT (12.345171517000040 51.375175841000043)",Unfall 138275 (2024) Kat:3, Licht: 0,138275,3,6,1,11,13,6,0,0,0,1,0,0,0,0
"POINT (12.316650874000061 51.381692121000071)",Unfall 138277 (2024) Kat:1, Licht: 2,138277,1,1,4,11,05,6,1,2,0,1,0,0,0,0
"POINT (12.396201650000023 51.415456514000027)",Unfall 138332 (2024) Kat:3, Licht: 2,138332,3,6,2,11,07,4,0,2,0,1,0,0,0,0
"POINT (12.376296075000027 51.375901793000025)",Unfall 138333 (2024) Kat:2, Licht: 2,138333,2,3,4,11,06,4,1,2,0,1,0,0,1,0
"POINT (12.273220949000063 51.326588499000081)",Unfall 138334 (2024) Kat:2, Licht: 0,138334,2,7,9,11,08,4,1,0,0,1,0,0,0,0
"POINT (12.323710604000041 51.379457418000072)",Unfall 138352 (2024) Kat:3, Licht: 2,138352,3,2,6,11,22,3,1,2,0,1,1,0,0,0
"POINT (12.382719209000072 51.343461802000036)",Unfall 138430 (2024) Kat:3, Licht: 0,138430,3,3,5,11,19,6,0,0,1,1,0,0,0,0
"POINT (12.437561682000023 51.357159993000039)",Unfall 138431 (2024) Kat:3, Licht: 2,138431,3,6,0,11,22,6,0,2,0,1,0,0,0,0
"POINT (12.264835759000050 51.276202598000054)",Unfall 138448 (2024) Kat:2, Licht: 2,138448,2,6,4,11,17,5,0,2,0,1,0,0,0,0
"POINT (12.394632913000066 51.354699894000078)",Unfall 138468 (2024) Kat:3, Licht: 2,138468,3,7,0,11,21,3,0,2,1,0,0,0,0,0
"POINT (12.319122629000049 51.300369748000037)",Unfall 138474 (2024) Kat:3, Licht: 2,138474,3,2,2,11,18,3,0,2,0,1,0,0,0,0
"POINT (12.422181310000042 51.351662397000041)",Unfall 138475 (2024) Kat:3, Licht: 2,138475,3,2,5,11,18,3,0,2,0,1,0,0,0,0
"POINT (12.397963484000059 51.358075471000063)",Unfall 138540 (2024) Kat:2, Licht: 2,138540,2,4,6,11,18,6,0,2,0,1,1,0,0,0
"POINT (12.464376140000070 51.350537858000052)",Unfall 138568 (2024) Kat:3, Licht: 2,138568,3,3,5,10,16,4,1,2,1,1,0,0,0,0
"POINT (12.304347191000033 51.252601472000038)",Unfall 138573 (2024) Kat:3, Licht: 0,138573,3,6,3,10,20,4,1,0,0,1,0,0,0,0
"POINT (12.381484428000022 51.343370785000047)",Unfall 138575 (2024) Kat:2, Licht: 1,138575,2,4,6,10,17,4,1,1,0,1,1,0,0,0
"POINT (12.464460622000047 51.304839198000082)",Unfall 138613 (2024) Kat:2, Licht: 2,138613,2,6,4,10,18,3,0,2,1,0,0,1,0,0
"POINT (12.378977612000028 51.392942052000080)",Unfall 138614 (2024) Kat:3, Licht: 0,138614,3,6,2,10,13,3,0,0,1,0,0,0,0,0
"POINT (12.380633627000066 51.421442222000053)",Unfall 138666 (2024) Kat:3, Licht: 2,138666,3,3,5,10,19,1,1,2,0,1,0,0,0,0
"POINT (12.405188639000073 51.313950249000072)",Unfall 138687 (2024) Kat:3, Licht: 0,138687,3,3,5,10,12,7,0,0,0,1,0,1,0,0
"POINT (12.390502612000034 51.378135772000064)",Unfall 138688 (2024) Kat:3, Licht: 0,138688,3,7,1,10,14,7,0,0,0,1,0,0,0,0
"POINT (12.390530571000056 51.378090561000079)",Unfall 138690 (2024) Kat:3, Licht: 0,138690,3,6,2,10,14,7,0,0,0,1,0,0,0,0
"POINT (12.399180772000022 51.364082853000070)",Unfall 138691 (2024) Kat:3, Licht: 0,138691,3,6,0,10,15,7,0,0,0,1,0,0,0,1
"POINT (12.263352982000072 51.276087841000049)",Unfall 138715 (2024) Kat:3, Licht: 2,138715,3,2,2,11,06,5,1,2,0,1,0,0,0,0
"POINT (12.379816860000062 51.314810860000080)",Unfall 138723 (2024) Kat:3, Licht: 0,138723,3,6,2,10,07,6,0,0,0,1,0,0,0,0
"POINT (12.394695238000054 51.354914986000040)",Unfall 138724 (2024) Kat:3, Licht: 1,138724,3,6,2,10,17,6,0,1,0,1,0,0,0,0
"POINT (12.391329540000072 51.347421112000063)",Unfall 138809 (2024) Kat:3, Licht: 0,138809,3,2,3,10,17,3,0,0,1,1,0,0,0,0
"POINT (12.380344817000037 51.284992144000057)",Unfall 138840 (2024) Kat:3, Licht: 2,138840,3,1,8,11,18,4,0,2,0,1,0,0,0,0
"POINT (12.396049530000028 51.415479753000056)",Unfall 138868 (2024) Kat:3, Licht: 2,138868,3,2,3,11,22,6,1,2,0,1,0,0,1,0
"POINT (12.254636785000059 51.281168010000044)",Unfall 138881 (2024) Kat:3, Licht: 1,138881,3,3,5,10,18,6,0,1,0,1,0,1,0,0
"POINT (12.395375883000042 51.341032962000043)",Unfall 138882 (2024) Kat:3, Licht: 0,138882,3,6,2,10,16,6,0,0,0,1,0,1,0,0
"POINT (12.393694828000037 51.351327039000068)",Unfall 138950 (2024) Kat:3, Licht: 1,138950,3,6,2,10,17,3,0,1,0,1,0,0,0,0
"POINT (12.395186633000037 51.355361431000063)",Unfall 138953 (2024) Kat:3, Licht: 0,138953,3,6,3,10,14,3,0,0,0,1,0,0,0,0
"POINT (12.407763148000072 51.337887396000042)",Unfall 249431 (2024) Kat:3, Licht: 0,249431,3,3,5,03,07,6,0,0,1,1,0,0,0,0
"POINT (12.338156315000049 51.331373791000033)",Unfall 249432 (2024) Kat:3, Licht: 0,249432,3,6,3,03,14,6,0,0,1,1,0,0,0,0
"POINT (12.321032677000062 51.302771960000030)",Unfall 249433 (2024) Kat:3, Licht: 0,249433,3,3,5,03,10,6,0,0,1,1,0,0,0,0
"POINT (12.479286451000064 51.348595862000082)",Unfall 249434 (2024) Kat:3, Licht: 0,249434,3,6,2,03,10,6,0,0,0,1,0,0,0,0
"POINT (12.478472956000076 51.341856820000032)",Unfall 249435 (2024) Kat:3, Licht: 0,249435,3,6,2,03,16,6,0,0,0,1,0,0,0,0
"POINT (12.427084573000059 51.345019152000077)",Unfall 249450 (2024) Kat:3, Licht: 2,249450,3,2,3,03,19,5,0,2,1,1,0,0,0,0
"POINT (12.360252069000069 51.319087422000052)",Unfall 249451 (2024) Kat:3, Licht: 2,249451,3,6,2,03,18,5,0,2,0,1,0,0,0,0
"POINT (12.405995590000032 51.313925653000069)",Unfall 249452 (2024) Kat:3, Licht: 0,249452,3,3,5,03,07,5,0,0,1,1,0,0,0,0
"POINT (12.384559248000073 51.328526683000064)",Unfall 249456 (2024) Kat:3, Licht: 0,249456,3,6,3,03,13,4,0,0,0,1,0,0,0,0
"POINT (12.412791018000064 51.375221665000026)",Unfall 249457 (2024) Kat:2, Licht: 2,249457,2,6,3,03,22,4,0,2,0,1,0,1,0,0
"POINT (12.393792397000027 51.344483565000075)",Unfall 249458 (2024) Kat:2, Licht: 0,249458,2,4,0,03,15,4,0,0,0,0,1,0,0,1
"POINT (12.399457526000049 51.319383162000065)",Unfall 249467 (2024) Kat:3, Licht: 0,249467,3,3,5,03,07,3,1,0,1,1,0,0,0,0
"POINT (12.334948323000049 51.329188364000061)",Unfall 249468 (2024) Kat:3, Licht: 0,249468,3,1,0,03,12,3,1,0,1,0,0,0,0,0
"POINT (12.418922586000065 51.321063062000064)",Unfall 249469 (2024) Kat:3, Licht: 0,249469,3,2,6,03,15,3,1,0,0,1,1,0,0,0
"POINT (12.430846744000064 51.344040114000052)",Unfall 249470 (2024) Kat:3, Licht: 0,249470,3,1,1,03,14,3,1,0,1,1,0,0,0,0
"POINT (12.410022443000059 51.375513385000033)",Unfall 249471 (2024) Kat:3, Licht: 0,249471,3,5,1,03,10,3,1,0,1,1,0,0,0,0
"POINT (12.372826871000029 51.343186267000078)",Unfall 249472 (2024) Kat:3, Licht: 0,249472,3,7,1,03,14,3,0,0,0,1,0,0,0,0
"POINT (12.376910214000077 51.344367657000078)",Unfall 249473 (2024) Kat:3, Licht: 0,249473,3,3,0,03,14,3,1,0,0,1,0,0,0,1
"POINT (12.373708829000066 51.331501557000081)",Unfall 249479 (2024) Kat:3, Licht: 2,249479,3,5,1,03,18,2,0,2,1,1,0,0,0,0
"POINT (12.393079895000028 51.376358085000049)",Unfall 249480 (2024) Kat:3, Licht: 0,249480,3,7,4,03,15,2,0,0,0,1,0,0,0,0
"POINT (12.393422196000074 51.286182528000040)",Unfall 249481 (2024) Kat:3, Licht: 2,249481,3,3,5,03,19,2,1,2,1,1,0,0,0,0
"POINT (12.393859026000030 51.378438698000082)",Unfall 249482 (2024) Kat:3, Licht: 0,249482,3,1,1,03,14,2,0,0,0,1,0,1,0,0
"POINT (12.374139914000068 51.303450801000054)",Unfall 249490 (2024) Kat:3, Licht: 2,249490,3,1,0,03,18,1,0,2,1,0,0,0,0,0
"POINT (12.374336299000049 51.360365782000031)",Unfall 249497 (2024) Kat:3, Licht: 0,249497,3,5,0,03,11,5,0,0,1,0,0,0,1,0
"POINT (12.371075156000074 51.344022077000034)",Unfall 249504 (2024) Kat:3, Licht: 0,249504,3,2,2,03,13,6,0,0,0,1,0,0,0,0
"POINT (12.272817891000045 51.324659287000031)",Unfall 249505 (2024) Kat:3, Licht: 0,249505,3,2,3,03,16,6,0,0,1,1,0,0,0,0
"POINT (12.375206359000060 51.364374619000046)",Unfall 249506 (2024) Kat:3, Licht: 0,249506,3,2,3,03,13,6,0,0,1,1,0,0,0,0
"POINT (12.370583254000053 51.328122747000066)",Unfall 249524 (2024) Kat:3, Licht: 0,249524,3,6,2,02,15,5,0,0,0,1,0,0,0,0
"POINT (12.361575658000049 51.332745452000040)",Unfall 249525 (2024) Kat:3, Licht: 0,249525,3,6,2,02,11,5,0,0,0,1,0,0,0,0
"POINT (12.337286597000059 51.376002965000055)",Unfall 249526 (2024) Kat:3, Licht: 0,249526,3,6,4,02,08,5,0,0,1,1,0,0,0,0
"POINT (12.395944587000031 51.384195967000039)",Unfall 249527 (2024) Kat:3, Licht: 0,249527,3,6,4,02,16,5,0,0,1,0,0,0,0,0
"POINT (12.326901228000054 51.339081239000052)",Unfall 249528 (2024) Kat:3, Licht: 0,249528,3,3,5,02,08,5,0,0,0,1,0,1,0,0
"POINT (12.298541520000072 51.336952298000028)",Unfall 249529 (2024) Kat:3, Licht: 0,249529,3,3,5,02,14,5,0,0,0,1,0,0,0,0
"POINT (12.401001452000060 51.399996850000036)",Unfall 249545 (2024) Kat:3, Licht: 0,249545,3,3,5,02,16,4,0,0,0,1,0,0,0,0
"POINT (12.373652710000044 51.305651252000075)",Unfall 249546 (2024) Kat:3, Licht: 2,249546,3,3,5,02,22,4,0,2,1,0,0,0,0,1
"POINT (12.354073326000048 51.334556583000051)",Unfall 249557 (2024) Kat:3, Licht: 0,249557,3,3,0,02,10,3,0,0,0,1,0,0,0,1
"POINT (12.332996855000033 51.336020871000073)",Unfall 249558 (2024) Kat:3, Licht: 0,249558,3,2,5,02,12,3,0,0,1,0,0,0,0,1
"POINT (12.303015910000056 51.353947695000045)",Unfall 249559 (2024) Kat:3, Licht: 2,249559,3,6,2,02,19,3,1,2,0,1,0,0,0,0
"POINT (12.384087983000029 51.336253466000073)",Unfall 249566 (2024) Kat:3, Licht: 0,249566,3,6,3,02,16,2,0,0,1,1,0,0,0,0
"POINT (12.342520215000036 51.321599177000053)",Unfall 249567 (2024) Kat:3, Licht: 0,249567,3,2,5,02,07,2,0,0,1,1,0,0,0,0
"POINT (12.368365545000074 51.315973689000032)",Unfall 249568 (2024) Kat:3, Licht: 0,249568,3,7,1,02,09,2,0,0,1,1,0,0,0,0
"POINT (12.437342986000033 51.395552333000069)",Unfall 249569 (2024) Kat:3, Licht: 1,249569,3,1,9,02,07,2,2,1,0,0,0,1,0,0
"POINT (12.314467656000033 51.360629663000054)",Unfall 249580 (2024) Kat:3, Licht: 2,249580,3,7,7,02,20,1,0,2,1,0,0,0,0,0
"POINT (12.406340130000046 51.350881418000029)",Unfall 249581 (2024) Kat:3, Licht: 0,249581,3,1,0,02,16,1,0,0,1,0,0,0,0,0
"POINT (12.350493935000031 51.332567761000064)",Unfall 249587 (2024) Kat:3, Licht: 2,249587,3,2,6,02,19,7,0,2,0,1,1,0,0,0
"POINT (12.365939067000056 51.346936644000039)",Unfall 249588 (2024) Kat:3, Licht: 0,249588,3,5,1,02,09,7,0,0,0,1,0,0,0,0
"POINT (12.418448809000040 51.317141640000045)",Unfall 249595 (2024) Kat:3, Licht: 0,249595,3,6,3,02,13,6,0,0,1,1,0,0,0,0
"POINT (12.371293183000034 51.337753406000047)",Unfall 249596 (2024) Kat:3, Licht: 0,249596,3,2,5,02,09,6,0,0,1,1,0,0,0,0
"POINT (12.358440241000039 51.379200326000046)",Unfall 249601 (2024) Kat:3, Licht: 2,249601,3,3,5,02,05,5,1,2,1,1,0,0,0,0
"POINT (12.376879190000068 51.324220686000046)",Unfall 249610 (2024) Kat:3, Licht: 0,249610,3,3,5,02,10,4,0,0,0,1,0,0,0,0
"POINT (12.429776679000042 51.374145376000058)",Unfall 249611 (2024) Kat:3, Licht: 2,249611,3,3,0,02,18,4,0,2,1,0,0,0,0,1
"POINT (12.373171974000059 51.331294277000040)",Unfall 249613 (2024) Kat:3, Licht: 0,249613,3,2,6,02,14,3,0,0,0,1,1,0,0,0
"POINT (12.408410193000066 51.370754266000063)",Unfall 249614 (2024) Kat:3, Licht: 2,249614,3,2,5,02,17,3,0,2,1,1,0,0,0,0
"POINT (12.338744666000025 51.322528995000027)",Unfall 249619 (2024) Kat:3, Licht: 0,249619,3,1,0,02,10,2,1,0,0,0,0,1,0,0
"POINT (12.369140668000057 51.320952177000038)",Unfall 249620 (2024) Kat:3, Licht: 0,249620,3,3,5,02,10,2,1,0,1,1,0,0,0,0