WKT,Name,OBJECTID,UKATEGORIE,UTYP1,UART,UMONAT,USTUNDE,UWOCHENTAG,STRZUSTAND,ULICHTVERH,ISTRAD,ISTPKW,ISTFUSS,ISTKRAD,ISTGKFZ,ISTSONSTIG
"POINT (12.373710662000065 51.331225139000026)",Unfall 249621 (2024) Kat:3, Licht: 0,249621,3,2,3,02,12,2,0,0,1,1,0,0,0,0
"POINT (12.372282930000040 51.349605174000033)",Unfall 249625 (2024) Kat:3, Licht: 2,249625,3,3,5,02,21,1,1,2,1,1,0,0,0,0
"POINT (12.338057307000042 51.369607815000052)",Unfall 249627 (2024) Kat:3, Licht: 0,249627,3,2,5,02,12,7,0,0,1,1,0,0,0,0
"POINT (12.322018810000031 51.332669203000080)",Unfall 249640 (2024) Kat:3, Licht: 0,249640,3,6,6,02,09,5,0,0,1,0,1,0,0,0
"POINT (12.356278983000038 51.372350057000062)",Unfall 249641 (2024) Kat:3, Licht: 0,249641,3,3,5,02,08,5,1,0,1,1,0,0,0,0
"POINT (12.426380347000077 51.351794882000036)",Unfall 249642 (2024) Kat:3, Licht: 0,249642,3,6,1,02,09,5,1,0,0,1,0,0,0,0
"POINT (12.403982338000048 51.336098083000081)",Unfall 249651 (2024) Kat:3, Licht: 2,249651,3,4,6,02,22,4,1,2,0,1,1,0,0,0
"POINT (12.404612718000067 51.338214406000077)",Unfall 249652 (2024) Kat:3, Licht: 0,249652,3,5,3,02,16,4,0,0,0,1,0,0,0,1
"POINT (12.370349183000030 51.355065530000047)",Unfall 249664 (2024) Kat:3, Licht: 1,249664,3,5,1,02,16,3,0,1,1,1,0,0,0,0
"POINT (12.368832305000069 51.326771883000049)",Unfall 249665 (2024) Kat:3, Licht: 0,249665,3,6,2,02,15,3,0,0,0,1,0,0,0,0
"POINT (12.349499413000046 51.367324772000075)",Unfall 249666 (2024) Kat:3, Licht: 0,249666,3,7,0,02,09,3,0,0,0,1,0,0,0,1
"POINT (12.378009215000077 51.332655644000056)",Unfall 249677 (2024) Kat:3, Licht: 2,249677,3,7,6,02,18,2,0,2,1,0,1,0,0,0
"POINT (12.445118863000062 51.342609522000032)",Unfall 249678 (2024) Kat:3, Licht: 0,249678,3,2,5,02,15,2,0,0,1,1,0,0,0,0
"POINT (12.353930527000045 51.350918720000038)",Unfall 249686 (2024) Kat:2, Licht: 0,249686,2,1,0,02,14,7,1,0,1,0,0,0,0,0
"POINT (12.373593488000040 51.327645121000046)",Unfall 249689 (2024) Kat:3, Licht: 2,249689,3,4,6,02,19,1,1,2,1,0,1,0,0,0
"POINT (12.391517844000077 51.322278737000033)",Unfall 249690 (2024) Kat:2, Licht: 0,249690,2,6,3,02,15,1,1,0,0,1,0,0,0,0
"POINT (12.387997768000048 51.361030827000036)",Unfall 249692 (2024) Kat:3, Licht: 2,249692,3,5,1,02,22,7,0,2,1,1,0,0,0,0
"POINT (12.365607015000023 51.339531471000043)",Unfall 249696 (2024) Kat:3, Licht: 0,249696,3,6,3,02,14,6,0,0,1,0,0,0,1,0
"POINT (12.372211528000037 51.331380812000077)",Unfall 249697 (2024) Kat:3, Licht: 0,249697,3,3,5,02,14,6,0,0,1,1,0,0,0,0
"POINT (12.398282263000056 51.339465361000066)",Unfall 249707 (2024) Kat:3, Licht: 0,249707,3,4,6,02,09,5,0,0,0,1,1,0,0,0
"POINT (12.387294044000043 51.309253250000040)",Unfall 249708 (2024) Kat:3, Licht: 0,249708,3,3,5,02,06,5,0,0,1,1,0,0,0,0
"POINT (12.319101966000062 51.380226286000038)",Unfall 249709 (2024) Kat:3, Licht: 2,249709,3,2,5,02,17,5,1,2,0,1,0,0,0,0
"POINT (12.437219252000034 51.395769865000034)",Unfall 249723 (2024) Kat:3, Licht: 0,249723,3,2,5,02,14,6,0,0,0,1,0,0,0,0
"POINT (12.413361624000061 51.354933833000075)",Unfall 249725 (2024) Kat:3, Licht: 2,249725,3,7,6,02,20,4,0,2,0,1,1,0,0,0
"POINT (12.373746210000036 51.331163960000026)",Unfall 249726 (2024) Kat:3, Licht: 2,249726,3,6,3,02,17,4,1,2,1,1,0,0,0,0
"POINT (12.368250365000051 51.346971078000081)",Unfall 249733 (2024) Kat:3, Licht: 0,249733,3,3,5,02,09,3,0,0,1,1,0,0,0,0
"POINT (12.398306112000057 51.333985648000066)",Unfall 249734 (2024) Kat:3, Licht: 0,249734,3,5,1,02,16,3,0,0,0,1,0,1,0,0
"POINT (12.373667921000049 51.332808411000030)",Unfall 249740 (2024) Kat:3, Licht: 0,249740,3,7,0,02,08,2,1,0,1,0,0,0,0,0
"POINT (12.359344237000073 51.357560214000046)",Unfall 249741 (2024) Kat:3, Licht: 0,249741,3,6,3,02,10,2,0,0,1,1,0,0,0,0
"POINT (12.378748952000024 51.366492329000039)",Unfall 249743 (2024) Kat:3, Licht: 0,249743,3,3,5,02,17,2,0,0,1,1,0,0,0,0
"POINT (12.370009909000032 51.343088029000057)",Unfall 249757 (2024) Kat:3, Licht: 0,249757,3,7,5,02,11,7,0,0,1,1,0,0,0,0
"POINT (12.340523765000057 51.319590619000053)",Unfall 249758 (2024) Kat:3, Licht: 2,249758,3,5,0,02,18,7,1,2,1,1,0,0,0,0
"POINT (12.378222671000060 51.358438140000032)",Unfall 249766 (2024) Kat:3, Licht: 0,249766,3,2,3,02,15,6,0,0,1,1,0,0,0,0
"POINT (12.403400410000074 51.326985872000080)",Unfall 249767 (2024) Kat:3, Licht: 0,249767,3,6,0,02,07,4,0,0,1,1,0,0,0,0
"POINT (12.384924206000051 51.338359326000045)",Unfall 249768 (2024) Kat:3, Licht: 0,249768,3,2,3,02,14,6,0,0,1,1,0,0,0,0
"POINT (12.326620709000053 51.323049741000034)",Unfall 249769 (2024) Kat:3, Licht: 0,249769,3,3,5,02,16,6,0,0,1,1,0,0,0,0
"POINT (12.338982002000023 51.332804163000048)",Unfall 249770 (2024) Kat:3, Licht: 0,249770,3,2,2,02,14,6,0,0,1,1,0,0,0,0
"POINT (12.335523180000052 51.321706993000078)",Unfall 249771 (2024) Kat:3, Licht: 0,249771,3,3,5,02,09,6,1,0,1,1,0,0,0,0
"POINT (12.324090656000067 51.333479871000065)",Unfall 249772 (2024) Kat:3, Licht: 0,249772,3,6,1,02,09,6,1,0,0,1,0,0,0,0
"POINT (12.362795244000040 51.367649737000079)",Unfall 249773 (2024) Kat:3, Licht: 2,249773,3,5,1,02,18,6,0,2,1,1,0,0,0,0
"POINT (12.328021299000056 51.328359658000068)",Unfall 249774 (2024) Kat:3, Licht: 2,249774,3,3,5,02,17,4,0,2,1,1,0,0,0,0
"POINT (12.384858373000043 51.378869896000026)",Unfall 249775 (2024) Kat:3, Licht: 2,249775,3,3,5,02,06,6,0,2,1,1,0,0,0,0
"POINT (12.374498386000027 51.335789975000068)",Unfall 249778 (2024) Kat:3, Licht: 2,249778,3,1,3,02,18,6,0,2,1,1,0,0,0,0
"POINT (12.433420969000053 51.390377227000045)",Unfall 249779 (2024) Kat:3, Licht: 0,249779,3,2,4,02,09,6,1,0,0,1,0,0,0,0
"POINT (12.380344109000077 51.383428976000062)",Unfall 249780 (2024) Kat:3, Licht: 0,249780,3,7,6,03,13,2,0,0,0,1,1,0,0,0
"POINT (12.376690610000026 51.356011947000070)",Unfall 249786 (2024) Kat:3, Licht: 0,249786,3,4,6,02,09,5,1,0,0,1,1,0,0,0
"POINT (12.426792133000049 51.316585405000069)",Unfall 249787 (2024) Kat:2, Licht: 0,249787,2,2,6,02,07,5,1,0,0,1,1,0,0,0
"POINT (12.358200186000033 51.363073077000081)",Unfall 249788 (2024) Kat:3, Licht: 0,249788,3,2,6,02,12,5,0,0,0,1,1,0,0,0
"POINT (12.371292982000057 51.329984852000052)",Unfall 249789 (2024) Kat:2, Licht: 2,249789,2,2,2,02,18,5,0,2,1,0,0,0,0,1
"POINT (12.360007395000025 51.318630570000039)",Unfall 249790 (2024) Kat:3, Licht: 0,249790,3,6,2,02,10,5,0,0,0,1,0,0,0,0
"POINT (12.400603538000041 51.323997254000062)",Unfall 249802 (2024) Kat:3, Licht: 0,249802,3,2,5,01,10,4,0,0,1,1,0,0,0,0
"POINT (12.343411546000027 51.323229241000035)",Unfall 249803 (2024) Kat:3, Licht: 0,249803,3,4,6,01,14,4,0,0,0,1,1,0,0,0
"POINT (12.281432803000030 51.311571824000055)",Unfall 249804 (2024) Kat:3, Licht: 0,249804,3,2,2,01,16,4,0,0,0,1,0,0,0,0
"POINT (12.263129804000073 51.344629458000043)",Unfall 249805 (2024) Kat:3, Licht: 2,249805,3,3,5,01,05,4,1,2,1,1,0,0,0,0
"POINT (12.394436664000068 51.314532852000070)",Unfall 249806 (2024) Kat:3, Licht: 0,249806,3,2,0,01,14,4,0,0,0,1,0,0,0,1
"POINT (12.476915416000054 51.339823944000045)",Unfall 249808 (2024) Kat:2, Licht: 0,249808,2,3,5,01,11,4,0,0,1,1,0,0,0,0
"POINT (12.385154111000077 51.338140395000039)",Unfall 249819 (2024) Kat:3, Licht: 0,249819,3,2,5,01,07,3,0,0,1,1,0,0,0,0
"POINT (12.313643855000066 51.341742215000068)",Unfall 249820 (2024) Kat:3, Licht: 0,249820,3,7,6,01,08,3,0,0,0,1,1,0,0,0
"POINT (12.370189624000034 51.362978748000046)",Unfall 249821 (2024) Kat:3, Licht: 0,249821,3,5,1,01,15,3,0,0,1,1,0,0,0,0
"POINT (12.326624427000070 51.323049297000068)",Unfall 249823 (2024) Kat:2, Licht: 0,249823,2,3,5,01,15,3,0,0,0,1,0,0,0,1
"POINT (12.409084717000042 51.340733697000076)",Unfall 249830 (2024) Kat:3, Licht: 0,249830,3,2,5,02,12,5,0,0,1,0,0,0,0,1
"POINT (12.335423151000043 51.329109595000034)",Unfall 249842 (2024) Kat:3, Licht: 0,249842,3,2,6,01,08,2,0,0,0,0,1,0,1,0
"POINT (12.433451556000023 51.390356419000057)",Unfall 249843 (2024) Kat:3, Licht: 0,249843,3,2,5,01,15,2,0,0,1,1,0,0,0,0
"POINT (12.430015361000073 51.354167285000074)",Unfall 249844 (2024) Kat:2, Licht: 1,249844,2,4,6,01,16,2,0,1,0,1,1,0,0,0
"POINT (12.349298829000077 51.348504026000057)",Unfall 249845 (2024) Kat:3, Licht: 0,249845,3,2,4,01,15,2,0,0,0,1,0,0,0,0
"POINT (12.405988760000071 51.342022961000055)",Unfall 249866 (2024) Kat:3, Licht: 0,249866,3,7,1,01,13,7,0,0,0,1,0,1,0,0
"POINT (12.459052171000053 51.397147040000050)",Unfall 249867 (2024) Kat:3, Licht: 0,249867,3,3,5,01,13,7,0,0,0,1,0,0,0,0
"POINT (12.370862101000057 51.335039709000057)",Unfall 249868 (2024) Kat:3, Licht: 0,249868,3,6,2,01,16,7,0,0,0,1,0,0,0,0
"POINT (12.426697789000059 51.304445039000029)",Unfall 249869 (2024) Kat:3, Licht: 0,249869,3,4,6,01,12,7,0,0,0,1,1,0,0,0
"POINT (12.376723630000072 51.356495694000046)",Unfall 249877 (2024) Kat:3, Licht: 0,249877,3,6,3,01,13,6,0,0,0,1,0,0,0,0
"POINT (12.437708326000063 51.327556362000053)",Unfall 249879 (2024) Kat:3, Licht: 2,249879,3,3,6,01,19,6,1,2,0,1,1,0,0,0
"POINT (12.389340877000052 51.291774393000026)",Unfall 249881 (2024) Kat:3, Licht: 0,249881,3,2,4,01,07,6,1,0,1,0,0,0,0,1
"POINT (12.343932387000052 51.351103756000043)",Unfall 249898 (2024) Kat:3, Licht: 0,249898,3,3,1,01,11,5,0,0,1,1,0,0,0,0
"POINT (12.341181232000054 51.332333563000077)",Unfall 249899 (2024) Kat:2, Licht: 1,249899,2,2,4,02,18,7,0,1,0,1,0,0,0,0
"POINT (12.478115771000034 51.341406819000042)",Unfall 249900 (2024) Kat:3, Licht: 2,249900,3,1,0,01,17,5,0,2,1,0,0,0,0,0
"POINT (12.406650272000036 51.380514342000026)",Unfall 249901 (2024) Kat:3, Licht: 2,249901,3,3,5,01,21,5,0,2,1,0,0,0,0,1
"POINT (12.377143444000069 51.333175240000060)",Unfall 249902 (2024) Kat:3, Licht: 1,249902,3,3,5,01,17,5,0,1,1,1,0,0,0,0
"POINT (12.449420976000056 51.345584185000064)",Unfall 249907 (2024) Kat:3, Licht: 2,249907,3,3,5,01,05,4,1,2,1,1,0,0,0,0
"POINT (12.281904195000038 51.349833693000051)",Unfall 249908 (2024) Kat:2, Licht: 2,249908,2,4,6,01,18,4,0,2,0,1,1,0,0,0
"POINT (12.376928550000059 51.343697173000066)",Unfall 249914 (2024) Kat:3, Licht: 2,249914,3,3,5,01,17,3,0,2,1,1,0,0,0,0
"POINT (12.367515354000034 51.320942150000064)",Unfall 249915 (2024) Kat:3, Licht: 2,249915,3,2,4,01,20,3,1,2,0,1,0,0,0,0
"POINT (12.302967388000070 51.314470604000064)",Unfall 249916 (2024) Kat:2, Licht: 0,249916,2,3,6,01,14,3,0,0,0,1,1,0,0,0
"POINT (12.325829079000073 51.320368486000064)",Unfall 249924 (2024) Kat:3, Licht: 1,249924,3,7,2,01,17,2,1,1,0,1,0,0,0,0
"POINT (12.357545426000058 51.344948644000056)",Unfall 249930 (2024) Kat:3, Licht: 1,249930,3,1,1,01,17,1,2,1,1,1,0,0,0,0
"POINT (12.263262430000054 51.337843090000035)",Unfall 249935 (2024) Kat:3, Licht: 0,249935,3,6,1,01,13,7,2,0,0,1,0,0,0,0
"POINT (12.387801656000022 51.352896966000060)",Unfall 249937 (2024) Kat:3, Licht: 2,249937,3,3,5,01,21,6,2,2,1,1,0,0,0,0
"POINT (12.385912983000026 51.367961787000070)",Unfall 249938 (2024) Kat:3, Licht: 0,249938,3,4,6,01,12,6,1,0,0,1,1,0,0,0
"POINT (12.283576929000048 51.325670368000033)",Unfall 249946 (2024) Kat:3, Licht: 0,249946,3,1,0,01,10,5,2,0,1,0,0,0,0,0
"POINT (12.390684411000052 51.361865791000071)",Unfall 249947 (2024) Kat:3, Licht: 0,249947,3,6,2,01,11,5,2,0,1,1,0,0,0,0
"POINT (12.372476198000072 51.350105030000066)",Unfall 249948 (2024) Kat:3, Licht: 0,249948,3,1,8,01,13,5,2,0,0,0,0,0,0,1
"POINT (12.345673045000069 51.330023677000042)",Unfall 249949 (2024) Kat:3, Licht: 2,249949,3,3,5,01,17,5,2,2,1,1,0,0,0,0
"POINT (12.370775663000074 51.335445863000075)",Unfall 249958 (2024) Kat:3, Licht: 0,249958,3,6,2,01,08,4,0,0,0,1,0,0,0,0
"POINT (12.434104384000022 51.324683307000043)",Unfall 249960 (2024) Kat:2, Licht: 0,249960,2,1,4,01,10,4,0,0,0,1,0,0,1,0
"POINT (12.320171324000057 51.344707800000037)",Unfall 249961 (2024) Kat:3, Licht: 1,249961,3,4,6,01,07,4,0,1,0,1,1,0,0,0
"POINT (12.404530276000060 51.345605211000077)",Unfall 249970 (2024) Kat:3, Licht: 0,249970,3,2,4,01,10,3,2,0,1,1,0,0,0,0
"POINT (12.374639797000043 51.347865064000075)",Unfall 249971 (2024) Kat:2, Licht: 0,249971,2,6,1,01,15,3,0,0,1,0,0,0,0,1
"POINT (12.340259705000051 51.330361274000040)",Unfall 249972 (2024) Kat:3, Licht: 2,249972,3,3,5,01,07,3,1,2,1,1,0,0,0,0
"POINT (12.355223229000046 51.360973300000069)",Unfall 249973 (2024) Kat:2, Licht: 0,249973,2,1,0,01,09,3,2,0,1,0,0,0,0,0
"POINT (12.315334710000059 51.379953373000035)",Unfall 249974 (2024) Kat:3, Licht: 2,249974,3,3,5,01,05,3,1,2,1,0,0,0,0,1
"POINT (12.287873974000036 51.357248411000057)",Unfall 249975 (2024) Kat:3, Licht: 2,249975,3,3,5,01,18,3,0,2,0,1,0,0,0,0
"POINT (12.377085591000025 51.390230514000052)",Unfall 249976 (2024) Kat:2, Licht: 0,249976,2,2,5,01,10,3,1,0,0,1,0,0,0,0
"POINT (12.374998779000066 51.310518579000075)",Unfall 249988 (2024) Kat:3, Licht: 1,249988,3,4,6,01,07,2,0,1,0,1,1,0,0,0
"POINT (12.351793591000046 51.384828978000030)",Unfall 249989 (2024) Kat:3, Licht: 2,249989,3,6,2,01,16,2,0,2,0,1,0,0,0,0
"POINT (12.463218407000056 51.383321649000038)",Unfall 250005 (2024) Kat:3, Licht: 2,250005,3,3,5,01,17,7,0,2,0,1,0,0,0,0
"POINT (12.326119804000029 51.315718944000082)",Unfall 250011 (2024) Kat:3, Licht: 0,250011,3,1,0,01,15,6,2,0,1,0,0,0,0,0
"POINT (12.411396128000035 51.389203917000032)",Unfall 250012 (2024) Kat:3, Licht: 0,250012,3,1,0,01,10,6,2,0,1,0,0,0,0,0
"POINT (12.356444099000043 51.346931685000072)",Unfall 250023 (2024) Kat:3, Licht: 0,250023,3,2,4,01,08,5,0,0,1,1,0,0,0,0
"POINT (12.333000629000026 51.336014717000069)",Unfall 250024 (2024) Kat:3, Licht: 2,250024,3,2,5,01,17,5,0,2,1,1,0,0,0,0
"POINT (12.325683120000065 51.313166252000030)",Unfall 250025 (2024) Kat:3, Licht: 2,250025,3,1,0,01,20,5,1,2,1,0,0,0,0,0
"POINT (12.404428954000025 51.375891126000056)",Unfall 250026 (2024) Kat:3, Licht: 2,250026,3,4,6,01,06,5,0,2,0,1,1,0,0,0
"POINT (12.460627307000038 51.367656919000069)",Unfall 250027 (2024) Kat:3, Licht: 2,250027,3,7,1,01,19,5,2,2,0,1,0,0,0,0
"POINT (12.308457378000071 51.320820456000035)",Unfall 250036 (2024) Kat:3, Licht: 2,250036,3,6,2,01,06,4,2,2,0,1,0,0,0,0
"POINT (12.379598981000072 51.327630457000055)",Unfall 250038 (2024) Kat:3, Licht: 0,250038,3,3,5,01,12,4,0,0,0,1,0,0,0,1
"POINT (12.370933091000040 51.336636386000066)",Unfall 250039 (2024) Kat:3, Licht: 1,250039,3,1,6,01,16,4,0,1,1,0,1,0,0,0
"POINT (12.373456184000077 51.315979257000038)",Unfall 250074 (2024) Kat:3, Licht: 0,250074,3,5,1,01,10,1,0,0,1,1,0,0,0,0
"POINT (12.413410188000057 51.359572616000037)",Unfall 250075 (2024) Kat:3, Licht: 2,250075,3,2,2,01,18,1,1,2,0,1,0,0,0,0
"POINT (12.436824604000037 51.383264397000062)",Unfall 250076 (2024) Kat:2, Licht: 0,250076,2,1,9,01,12,1,0,0,0,1,0,0,0,0
"POINT (12.402688718000036 51.325864436000074)",Unfall 250080 (2024) Kat:3, Licht: 0,250080,3,4,6,01,09,7,0,0,0,0,1,0,0,1
"POINT (12.373472737000043 51.351672456000074)",Unfall 250085 (2024) Kat:3, Licht: 2,250085,3,2,3,01,22,6,0,2,0,1,0,0,0,1
"POINT (12.377156158000048 51.333197481000070)",Unfall 250103 (2024) Kat:3, Licht: 2,250103,3,1,0,01,04,5,1,2,1,0,0,0,0,0
"POINT (12.379637941000055 51.327585468000052)",Unfall 250104 (2024) Kat:3, Licht: 0,250104,3,1,0,01,10,5,1,0,1,0,0,0,0,0
"POINT (12.394230239000024 51.314535558000046)",Unfall 250105 (2024) Kat:3, Licht: 1,250105,3,2,6,01,07,5,1,1,0,1,1,0,0,0
"POINT (12.362828853000053 51.333545963000063)",Unfall 250106 (2024) Kat:3, Licht: 0,250106,3,5,1,01,10,5,1,0,1,1,0,0,0,0
"POINT (12.359046447000026 51.387202064000064)",Unfall 250107 (2024) Kat:3, Licht: 0,250107,3,6,2,01,13,5,0,0,1,1,0,0,0,0
"POINT (12.392162332000055 51.338834599000052)",Unfall 250120 (2024) Kat:2, Licht: 2,250120,2,2,5,01,18,4,0,2,1,1,0,0,0,0
"POINT (12.373781809000036 51.324215531000050)",Unfall 250122 (2024) Kat:3, Licht: 2,250122,3,6,1,01,17,4,0,2,1,1,0,0,0,0
"POINT (12.403171445000055 51.327016678000064)",Unfall 250123 (2024) Kat:2, Licht: 2,250123,2,2,6,01,18,4,0,2,0,1,1,0,0,0
"POINT (12.412791018000064 51.375221665000026)",Unfall 250128 (2024) Kat:3, Licht: 2,250128,3,2,6,01,07,3,1,2,0,1,1,0,0,0
"POINT (12.405991890000053 51.313914648000036)",Unfall 250129 (2024) Kat:3, Licht: 2,250129,3,3,5,01,18,3,1,2,1,1,0,0,0,0
"POINT (12.329498846000035 51.339876747000062)",Unfall 250130 (2024) Kat:3, Licht: 0,250130,3,3,5,01,14,3,1,0,0,1,0,0,0,0
"POINT (12.369131100000061 51.356712550000054)",Unfall 250131 (2024) Kat:3, Licht: 1,250131,3,5,1,01,08,3,1,1,1,1,0,0,0,0
"POINT (12.315511910000055 51.370910510000044)",Unfall 250142 (2024) Kat:3, Licht: 2,250142,3,1,0,01,00,2,0,2,1,0,0,0,0,0
"POINT (12.439945047000037 51.361306953000053)",Unfall 250153 (2024) Kat:2, Licht: 0,250153,2,7,1,02,08,5,0,0,0,1,0,0,0,1
"POINT (12.517766992000077 51.309417716000041)",Unfall 250163 (2024) Kat:3, Licht: 0,250163,3,2,2,02,15,5,1,0,0,1,0,0,0,0
"POINT (12.407952025000043 51.335662229000036)",Unfall 250165 (2024) Kat:3, Licht: 0,250165,3,3,5,02,11,4,0,0,0,1,0,0,0,0
"POINT (12.373616127000048 51.321400806000042)",Unfall 250183 (2024) Kat:3, Licht: 2,250183,3,6,0,03,00,1,0,2,1,1,0,0,0,0
"POINT (12.376697212000067 51.353231159000075)",Unfall 250199 (2024) Kat:3, Licht: 0,250199,3,6,3,02,12,5,0,0,0,1,0,0,0,0
"POINT (12.371641933000035 51.364777249000042)",Unfall 250268 (2024) Kat:3, Licht: 1,250268,3,1,0,01,16,6,2,1,1,0,0,0,0,0
"POINT (12.322636646000035 51.374772328000063)",Unfall 250333 (2024) Kat:3, Licht: 0,250333,3,4,6,01,12,6,2,0,0,1,1,0,0,0
"POINT (12.385385932000077 51.340447411000071)",Unfall 250340 (2024) Kat:3, Licht: 1,250340,3,2,5,01,16,2,1,1,1,1,0,0,0,0
"POINT (12.373163081000030 51.367115707000039)",Unfall 250380 (2024) Kat:3, Licht: 0,250380,3,6,0,03,16,7,0,0,1,1,0,0,0,0
"POINT (12.377156206000052 51.390444972000068)",Unfall 250384 (2024) Kat:3, Licht: 2,250384,3,6,2,03,18,3,1,2,0,1,0,0,0,0
"POINT (12.419348705000061 51.347988955000062)",Unfall 250394 (2024) Kat:3, Licht: 0,250394,3,6,3,03,08,6,0,0,1,0,0,0,0,0
"POINT (12.305527376000043 51.351804986000047)",Unfall 250523 (2024) Kat:3, Licht: 0,250523,3,3,5,02,13,5,0,0,1,1,0,0,0,0
"POINT (12.387076216000025 51.328272375000040)",Unfall 250600 (2024) Kat:3, Licht: 0,250600,3,5,1,05,15,3,0,0,1,1,0,0,0,0
"POINT (12.405996985000058 51.313929802000075)",Unfall 250601 (2024) Kat:3, Licht: 0,250601,3,3,5,05,15,3,0,0,1,1,0,0,0,0
"POINT (12.409922778000066 51.345320810000032)",Unfall 250602 (2024) Kat:3, Licht: 0,250602,3,4,6,05,13,3,0,0,0,1,1,0,0,0
"POINT (12.385044305000065 51.328210491000050)",Unfall 250603 (2024) Kat:2, Licht: 0,250603,2,4,6,05,15,3,0,0,0,1,1,0,0,0
"POINT (12.397214732000066 51.343864301000053)",Unfall 250604 (2024) Kat:3, Licht: 0,250604,3,1,4,05,14,3,0,0,0,1,0,0,0,1
"POINT (12.402589591000037 51.323744587000078)",Unfall 250621 (2024) Kat:3, Licht: 0,250621,3,6,4,05,10,2,0,0,1,1,0,0,0,0
"POINT (12.379352181000058 51.326534045000074)",Unfall 250622 (2024) Kat:3, Licht: 0,250622,3,6,1,05,06,2,0,0,1,0,0,0,0,0
"POINT (12.372596969000028 51.334125938000057)",Unfall 250623 (2024) Kat:3, Licht: 0,250623,3,5,1,05,11,2,0,0,1,1,0,0,0,0
"POINT (12.305211838000048 51.326845505000051)",Unfall 250624 (2024) Kat:3, Licht: 0,250624,3,2,0,05,18,2,0,0,1,1,0,0,0,0
"POINT (12.443077424000023 51.302296034000051)",Unfall 250625 (2024) Kat:3, Licht: 0,250625,3,6,6,05,14,2,0,0,0,1,1,0,0,0
"POINT (12.386304629000051 51.360549958000036)",Unfall 250626 (2024) Kat:3, Licht: 0,250626,3,3,5,05,19,2,0,0,0,1,0,0,0,0
"POINT (12.430609381000068 51.365693890000045)",Unfall 250627 (2024) Kat:3, Licht: 0,250627,3,2,5,05,18,2,0,0,0,1,0,0,0,0
"POINT (12.437759282000059 51.327533968000068)",Unfall 250628 (2024) Kat:3, Licht: 0,250628,3,3,5,05,06,2,0,0,0,1,0,0,0,0
"POINT (12.373380821000069 51.311629201000073)",Unfall 250629 (2024) Kat:3, Licht: 0,250629,3,2,5,05,17,2,0,0,1,1,0,0,0,0
"POINT (12.361531643000035 51.338525108000056)",Unfall 250630 (2024) Kat:3, Licht: 0,250630,3,3,5,05,17,2,0,0,1,1,0,0,0,0
"POINT (12.341775228000074 51.338265814000067)",Unfall 250648 (2024) Kat:3, Licht: 0,250648,3,6,2,05,19,1,0,0,1,1,0,0,0,0
"POINT (12.350698698000031 51.346212303000073)",Unfall 250660 (2024) Kat:3, Licht: 0,250660,3,1,0,05,18,7,0,0,1,0,0,0,0,0
"POINT (12.358705967000049 51.364885328000071)",Unfall 250661 (2024) Kat:3, Licht: 0,250661,3,4,6,05,19,7,0,0,1,0,1,0,0,0
"POINT (12.281979418000049 51.356447777000028)",Unfall 250662 (2024) Kat:3, Licht: 0,250662,3,7,8,05,12,7,0,0,0,1,0,0,0,0
"POINT (12.381621913000060 51.317274762000068)",Unfall 250671 (2024) Kat:3, Licht: 0,250671,3,6,0,05,10,6,0,0,1,1,0,0,0,0
"POINT (12.319615028000044 51.331758312000034)",Unfall 250681 (2024) Kat:3, Licht: 0,250681,3,2,0,05,18,5,0,0,1,0,0,0,0,1
"POINT (12.442479462000051 51.302128762000052)",Unfall 250682 (2024) Kat:3, Licht: 0,250682,3,2,5,05,14,5,0,0,0,1,0,0,0,1
"POINT (12.396292750000043 51.301191434000032)",Unfall 250683 (2024) Kat:3, Licht: 0,250683,3,7,5,05,14,5,0,0,1,1,0,0,0,0
"POINT (12.369243260000076 51.322238286000072)",Unfall 250685 (2024) Kat:3, Licht: 0,250685,3,3,5,05,09,5,0,0,0,1,0,0,0,0
"POINT (12.372561473000076 51.370426945000077)",Unfall 250686 (2024) Kat:3, Licht: 0,250686,3,3,5,05,14,5,0,0,1,1,0,0,0,0
"POINT (12.380970015000059 51.338916693000044)",Unfall 250696 (2024) Kat:3, Licht: 0,250696,3,1,0,05,19,4,0,0,1,0,0,0,0,0
"POINT (12.325827511000057 51.320343523000076)",Unfall 250697 (2024) Kat:3, Licht: 0,250697,3,3,5,05,10,4,0,0,0,1,0,0,0,0
"POINT (12.366713110000035 51.340563958000075)",Unfall 250698 (2024) Kat:3, Licht: 0,250698,3,3,5,05,16,4,0,0,0,1,0,0,0,0
"POINT (12.376558949000071 51.346008725000047)",Unfall 250699 (2024) Kat:3, Licht: 0,250699,3,3,5,05,16,4,0,0,0,1,0,0,0,0
"POINT (12.370877295000071 51.337387318000026)",Unfall 250713 (2024) Kat:3, Licht: 0,250713,3,3,5,05,16,3,0,0,1,0,0,0,0,1
"POINT (12.386539631000062 51.335692862000030)",Unfall 250714 (2024) Kat:3, Licht: 0,250714,3,2,1,05,07,3,1,0,1,1,0,0,0,0
"POINT (12.298309257000028 51.313246291000041)",Unfall 250715 (2024) Kat:3, Licht: 0,250715,3,7,1,05,10,3,1,0,0,1,0,0,0,0
"POINT (12.413456791000044 51.342627435000054)",Unfall 250716 (2024) Kat:3, Licht: 0,250716,3,4,6,05,09,3,0,0,1,0,1,0,0,0