WKT,Name,OBJECTID,UKATEGORIE,UTYP1,UART,UMONAT,USTUNDE,UWOCHENTAG,STRZUSTAND,ULICHTVERH,ISTRAD,ISTPKW,ISTFUSS,ISTKRAD,ISTGKFZ,ISTSONSTIG
"POINT (12.359262340000043 51.338821690000032)",Unfall 250717 (2024) Kat:3, Licht: 0,250717,3,6,6,05,13,3,0,0,1,0,1,0,0,0
"POINT (12.343652962000021 51.323680387000081)",Unfall 250723 (2024) Kat:3, Licht: 0,250723,3,2,5,05,08,2,0,0,1,1,0,0,0,0
"POINT (12.373680592000028 51.323158389000071)",Unfall 250724 (2024) Kat:3, Licht: 0,250724,3,3,5,05,07,2,0,0,1,0,0,0,0,0
"POINT (12.375591177000047 51.358966813000052)",Unfall 250725 (2024) Kat:3, Licht: 0,250725,3,5,1,05,14,2,0,0,0,1,0,0,0,0
"POINT (12.428035327000032 51.358674616000030)",Unfall 250726 (2024) Kat:3, Licht: 0,250726,3,2,6,05,09,3,0,0,0,1,1,0,0,0
"POINT (12.381995183000072 51.338588741000081)",Unfall 250742 (2024) Kat:3, Licht: 0,250742,3,4,6,05,17,1,0,0,0,1,1,0,0,0
"POINT (12.339003433000073 51.332362685000078)",Unfall 250743 (2024) Kat:3, Licht: 0,250743,3,1,0,05,12,1,0,0,1,0,0,0,0,0
"POINT (12.376865142000042 51.343465154000057)",Unfall 250755 (2024) Kat:3, Licht: 0,250755,3,5,1,05,17,7,0,0,1,1,0,0,0,0
"POINT (12.361893366000061 51.332069074000060)",Unfall 250756 (2024) Kat:3, Licht: 0,250756,3,3,5,05,15,7,0,0,1,1,0,0,0,0
"POINT (12.392699776000029 51.330624196000031)",Unfall 250757 (2024) Kat:3, Licht: 0,250757,3,2,5,05,13,7,0,0,1,1,0,0,0,0
"POINT (12.290978220000056 51.324198851000062)",Unfall 250758 (2024) Kat:3, Licht: 0,250758,3,3,5,05,14,7,0,0,0,1,0,0,0,0
"POINT (12.406256756000062 51.354725812000027)",Unfall 250760 (2024) Kat:3, Licht: 0,250760,3,3,0,05,15,7,0,0,0,0,0,0,0,1
"POINT (12.274495726000055 51.309979117000069)",Unfall 250771 (2024) Kat:3, Licht: 0,250771,3,6,2,05,12,6,0,0,0,1,0,0,0,0
"POINT (12.342498935000037 51.343480366000051)",Unfall 250772 (2024) Kat:3, Licht: 2,250772,3,1,0,05,22,6,1,2,1,0,0,0,0,0
"POINT (12.299696087000029 51.349762596000062)",Unfall 250773 (2024) Kat:3, Licht: 0,250773,3,5,1,05,10,6,0,0,1,1,0,0,0,0
"POINT (12.369267264000030 51.322237378000068)",Unfall 250774 (2024) Kat:3, Licht: 0,250774,3,2,4,05,18,6,0,0,0,1,0,0,0,0
"POINT (12.287289904000033 51.387923183000055)",Unfall 250775 (2024) Kat:3, Licht: 0,250775,3,1,0,05,18,6,0,0,1,0,0,0,0,0
"POINT (12.379761932000065 51.343219912000052)",Unfall 250777 (2024) Kat:2, Licht: 0,250777,2,6,4,05,15,6,0,0,1,1,0,0,0,0
"POINT (12.376425414000039 51.351388034000081)",Unfall 250787 (2024) Kat:3, Licht: 0,250787,3,6,4,05,15,5,0,0,1,0,0,0,0,0
"POINT (12.388403784000047 51.327632517000040)",Unfall 250788 (2024) Kat:3, Licht: 0,250788,3,2,3,05,13,5,0,0,1,1,0,0,0,0
"POINT (12.387202002000038 51.326813545000050)",Unfall 250789 (2024) Kat:3, Licht: 0,250789,3,3,2,05,13,5,0,0,0,1,0,1,0,1
"POINT (12.264782919000027 51.319215815000064)",Unfall 250790 (2024) Kat:3, Licht: 2,250790,3,1,0,05,21,5,0,2,0,1,0,0,0,0
"POINT (12.338112939000041 51.327204851000033)",Unfall 250791 (2024) Kat:3, Licht: 0,250791,3,2,3,05,16,5,0,0,1,1,0,0,0,0
"POINT (12.452151940000022 51.304049926000062)",Unfall 250792 (2024) Kat:3, Licht: 0,250792,3,3,5,05,15,5,0,0,1,1,0,0,0,0
"POINT (12.364862427000048 51.364592768000080)",Unfall 250793 (2024) Kat:3, Licht: 1,250793,3,4,6,05,18,5,0,1,1,0,1,0,0,0
"POINT (12.420523465000031 51.319268035000050)",Unfall 250794 (2024) Kat:3, Licht: 0,250794,3,2,4,05,17,5,0,0,1,1,0,0,0,0
"POINT (12.365667711000071 51.321036596000056)",Unfall 250795 (2024) Kat:3, Licht: 0,250795,3,3,5,05,10,5,0,0,1,1,0,0,0,0
"POINT (12.419700096000042 51.310641392000036)",Unfall 250806 (2024) Kat:3, Licht: 0,250806,3,7,0,05,12,4,0,0,1,0,0,0,0,0
"POINT (12.333810630000073 51.337426582000035)",Unfall 250807 (2024) Kat:3, Licht: 2,250807,3,1,0,05,21,4,0,2,0,0,0,0,0,1
"POINT (12.430008372000032 51.331618104000029)",Unfall 250808 (2024) Kat:3, Licht: 0,250808,3,6,3,05,19,4,0,0,1,1,0,0,0,0
"POINT (12.411270988000069 51.354400135000049)",Unfall 250809 (2024) Kat:3, Licht: 1,250809,3,3,5,05,19,4,0,1,0,1,0,0,0,0
"POINT (12.373705540000060 51.333471836000058)",Unfall 250822 (2024) Kat:3, Licht: 1,250822,3,5,1,04,20,3,0,1,1,1,0,0,0,0
"POINT (12.357740082000078 51.344598290000079)",Unfall 250823 (2024) Kat:3, Licht: 1,250823,3,1,1,04,20,3,0,1,1,1,0,0,0,0
"POINT (12.351756182000031 51.346756621000054)",Unfall 250824 (2024) Kat:3, Licht: 0,250824,3,7,0,04,08,3,0,0,0,1,0,0,0,1
"POINT (12.305726338000056 51.326035940000054)",Unfall 250825 (2024) Kat:2, Licht: 0,250825,2,2,5,04,16,3,0,0,0,1,0,1,0,0
"POINT (12.405982817000051 51.313903555000081)",Unfall 250827 (2024) Kat:3, Licht: 0,250827,3,6,2,04,14,3,0,0,0,1,0,0,0,0
"POINT (12.382331128000033 51.365876075000074)",Unfall 250828 (2024) Kat:2, Licht: 0,250828,2,2,6,04,11,3,0,0,0,1,1,0,0,0
"POINT (12.421392701000059 51.377945512000053)",Unfall 250829 (2024) Kat:3, Licht: 0,250829,3,4,6,04,14,3,0,0,1,0,1,0,0,0
"POINT (12.370779658000060 51.335554396000077)",Unfall 250830 (2024) Kat:3, Licht: 0,250830,3,6,3,04,09,3,0,0,0,1,1,0,0,0
"POINT (12.439714874000060 51.329575080000041)",Unfall 250831 (2024) Kat:3, Licht: 0,250831,3,1,0,04,20,3,0,0,0,1,0,0,0,0
"POINT (12.393845981000027 51.331419499000049)",Unfall 250849 (2024) Kat:3, Licht: 0,250849,3,5,1,04,11,2,0,0,0,1,0,0,0,0
"POINT (12.268264684000030 51.307914043000039)",Unfall 250850 (2024) Kat:2, Licht: 0,250850,2,2,0,04,14,2,0,0,0,1,0,0,0,1
"POINT (12.384001141000056 51.380618974000072)",Unfall 250851 (2024) Kat:3, Licht: 0,250851,3,2,3,04,16,2,0,0,0,1,0,0,0,1
"POINT (12.348686183000041 51.332113773000060)",Unfall 250852 (2024) Kat:2, Licht: 0,250852,2,2,5,04,09,2,0,0,1,0,0,0,1,0
"POINT (12.337150202000032 51.372396598000080)",Unfall 250853 (2024) Kat:3, Licht: 0,250853,3,3,5,04,16,2,0,0,1,1,0,0,0,0
"POINT (12.442882184000041 51.304225837000047)",Unfall 250854 (2024) Kat:3, Licht: 0,250854,3,6,4,04,15,2,0,0,0,1,0,0,0,0
"POINT (12.410944216000075 51.373312805000069)",Unfall 250868 (2024) Kat:3, Licht: 0,250868,3,3,5,04,10,1,0,0,0,1,0,1,0,0
"POINT (12.349934133000033 51.366039933000081)",Unfall 250883 (2024) Kat:3, Licht: 0,250883,3,2,5,04,18,7,0,0,1,1,0,0,0,0
"POINT (12.403261841000074 51.327019526000072)",Unfall 250898 (2024) Kat:3, Licht: 0,250898,3,2,6,04,15,6,0,0,0,1,1,0,0,0
"POINT (12.433466085000077 51.301806241000065)",Unfall 250899 (2024) Kat:3, Licht: 0,250899,3,7,6,04,07,6,0,0,1,0,1,0,0,0
"POINT (12.385376627000028 51.343567666000069)",Unfall 250900 (2024) Kat:3, Licht: 0,250900,3,3,5,04,12,6,0,0,1,1,0,0,0,0
"POINT (12.429788463000023 51.379556697000055)",Unfall 250901 (2024) Kat:3, Licht: 0,250901,3,2,5,04,09,6,0,0,1,1,0,0,0,0
"POINT (12.423876870000072 51.318383208000057)",Unfall 250902 (2024) Kat:2, Licht: 0,250902,2,4,6,04,08,6,0,0,1,0,1,0,0,0
"POINT (12.400368902000025 51.345777412000075)",Unfall 250903 (2024) Kat:3, Licht: 0,250903,3,2,3,04,18,6,0,0,1,1,0,0,0,0
"POINT (12.378225347000068 51.332518151000045)",Unfall 250904 (2024) Kat:3, Licht: 0,250904,3,4,6,04,09,6,0,0,0,0,1,0,0,1
"POINT (12.355040905000067 51.344379370000070)",Unfall 250919 (2024) Kat:3, Licht: 0,250919,3,3,5,04,15,5,0,0,1,1,0,0,0,0
"POINT (12.371264777000022 51.339556589000040)",Unfall 250920 (2024) Kat:3, Licht: 0,250920,3,4,6,04,10,5,1,0,0,0,1,0,0,1
"POINT (12.396114913000076 51.339229408000051)",Unfall 250921 (2024) Kat:3, Licht: 0,250921,3,3,5,04,09,5,1,0,1,1,0,0,0,0
"POINT (12.350528192000070 51.332452549000038)",Unfall 250922 (2024) Kat:3, Licht: 2,250922,3,1,0,05,03,7,0,2,1,0,0,0,0,0
"POINT (12.339926185000024 51.337374498000031)",Unfall 250923 (2024) Kat:3, Licht: 0,250923,3,2,5,04,18,5,0,0,0,1,0,0,0,0
"POINT (12.314694839000026 51.334410083000080)",Unfall 250924 (2024) Kat:3, Licht: 0,250924,3,2,2,04,10,5,0,0,0,1,0,0,0,0
"POINT (12.368069174000027 51.371601332000068)",Unfall 250929 (2024) Kat:3, Licht: 0,250929,3,7,5,04,14,5,0,0,1,1,0,0,0,0
"POINT (12.378041568000071 51.332636039000079)",Unfall 250930 (2024) Kat:3, Licht: 0,250930,3,4,6,04,07,5,1,0,0,1,1,0,0,0
"POINT (12.323810334000029 51.320390899000074)",Unfall 250940 (2024) Kat:3, Licht: 0,250940,3,2,3,04,07,4,0,0,1,1,0,0,0,0
"POINT (12.441314471000055 51.330976540000052)",Unfall 250941 (2024) Kat:3, Licht: 0,250941,3,6,3,04,06,4,0,0,0,1,0,0,0,0
"POINT (12.392202362000035 51.376310509000064)",Unfall 250942 (2024) Kat:3, Licht: 0,250942,3,3,3,04,14,4,0,0,0,1,0,1,0,0
"POINT (12.361575658000049 51.332745452000040)",Unfall 250943 (2024) Kat:3, Licht: 0,250943,3,3,5,04,16,4,0,0,1,1,0,0,0,0
"POINT (12.329559412000037 51.339854396000078)",Unfall 250955 (2024) Kat:3, Licht: 0,250955,3,3,5,04,18,3,0,0,1,1,0,0,0,0
"POINT (12.324898811000025 51.374506135000047)",Unfall 250956 (2024) Kat:3, Licht: 0,250956,3,7,0,04,13,3,0,0,0,0,0,0,0,1
"POINT (12.385371771000052 51.340350567000030)",Unfall 250957 (2024) Kat:2, Licht: 0,250957,2,2,6,04,12,3,0,0,0,0,1,0,1,0
"POINT (12.384094576000052 51.365786877000062)",Unfall 250958 (2024) Kat:3, Licht: 0,250958,3,4,6,04,15,3,0,0,0,1,1,0,0,0
"POINT (12.411368599000070 51.331019380000043)",Unfall 250969 (2024) Kat:3, Licht: 0,250969,3,2,4,04,07,2,0,0,1,1,0,0,0,0
"POINT (12.421218416000045 51.353085240000041)",Unfall 250970 (2024) Kat:3, Licht: 0,250970,3,2,6,04,08,2,0,0,0,1,1,0,0,0
"POINT (12.428383694000047 51.342322495000076)",Unfall 250971 (2024) Kat:2, Licht: 0,250971,2,4,0,04,17,2,0,0,1,0,1,0,0,0
"POINT (12.394342188000053 51.336806026000033)",Unfall 250980 (2024) Kat:3, Licht: 0,250980,3,2,5,04,16,2,0,0,1,1,0,0,0,0
"POINT (12.328682673000060 51.322804115000054)",Unfall 250983 (2024) Kat:3, Licht: 0,250983,3,3,5,04,12,7,0,0,1,1,0,0,0,0
"POINT (12.413696394000056 51.324354574000040)",Unfall 250986 (2024) Kat:2, Licht: 2,250986,2,6,3,04,19,7,1,2,1,0,0,0,0,1
"POINT (12.386593999000070 51.335681890000046)",Unfall 250993 (2024) Kat:3, Licht: 0,250993,3,2,5,04,13,6,1,0,1,1,0,0,0,0
"POINT (12.404139242000042 51.338365192000026)",Unfall 250994 (2024) Kat:3, Licht: 0,250994,3,7,0,04,15,6,1,0,0,0,1,0,0,1
"POINT (12.368065128000069 51.326183441000069)",Unfall 250995 (2024) Kat:3, Licht: 0,250995,3,4,6,04,09,6,0,0,0,1,1,0,0,0
"POINT (12.402196520000075 51.339844811000034)",Unfall 250996 (2024) Kat:3, Licht: 0,250996,3,3,5,04,16,6,1,0,0,1,0,0,0,1
"POINT (12.412046906000057 51.332247004000067)",Unfall 250997 (2024) Kat:3, Licht: 0,250997,3,5,1,04,19,6,1,0,1,1,0,0,0,0
"POINT (12.408604080000032 51.360040664000053)",Unfall 250998 (2024) Kat:3, Licht: 0,250998,3,6,2,04,17,6,1,0,0,1,0,0,0,0
"POINT (12.291011669000056 51.324078954000072)",Unfall 250999 (2024) Kat:2, Licht: 0,250999,2,3,5,04,12,6,1,0,0,1,0,0,0,0
"POINT (12.393453629000021 51.398365703000081)",Unfall 251000 (2024) Kat:3, Licht: 0,251000,3,3,5,04,13,6,0,0,1,1,0,0,0,0
"POINT (12.339728184000023 51.336294860000066)",Unfall 251012 (2024) Kat:3, Licht: 0,251012,3,4,6,04,19,5,0,0,0,1,1,0,0,0
"POINT (12.420451291000063 51.319259600000066)",Unfall 251014 (2024) Kat:3, Licht: 0,251014,3,2,4,04,17,5,0,0,1,1,0,0,0,0
"POINT (12.459086382000066 51.353144545000077)",Unfall 251015 (2024) Kat:3, Licht: 0,251015,3,2,5,04,07,5,0,0,0,1,0,0,0,0
"POINT (12.376407577000066 51.309167221000052)",Unfall 251016 (2024) Kat:3, Licht: 0,251016,3,3,5,04,16,5,0,0,0,1,0,0,0,0
"POINT (12.405868985000041 51.331772678000050)",Unfall 251019 (2024) Kat:3, Licht: 0,251019,3,2,5,04,13,4,0,0,0,1,0,0,0,1
"POINT (12.375718813000049 51.308885666000037)",Unfall 251020 (2024) Kat:3, Licht: 0,251020,3,2,6,04,11,4,0,0,0,1,1,0,0,0
"POINT (12.407918006000045 51.335668884000029)",Unfall 251022 (2024) Kat:3, Licht: 0,251022,3,6,1,04,07,4,0,0,0,1,0,0,0,0
"POINT (12.479417907000027 51.350604779000037)",Unfall 251024 (2024) Kat:3, Licht: 0,251024,3,3,5,04,13,4,0,0,1,1,0,0,0,0
"POINT (12.365158456000074 51.333238473000051)",Unfall 251035 (2024) Kat:3, Licht: 0,251035,3,3,1,04,19,3,0,0,0,1,0,0,0,0
"POINT (12.414772626000058 51.345287707000068)",Unfall 251036 (2024) Kat:3, Licht: 0,251036,3,6,2,04,12,3,0,0,0,1,0,0,0,1
"POINT (12.426194379000037 51.319281789000058)",Unfall 251037 (2024) Kat:3, Licht: 0,251037,3,3,5,04,15,3,0,0,1,1,0,0,0,0
"POINT (12.471501754000030 51.357504679000044)",Unfall 251038 (2024) Kat:3, Licht: 0,251038,3,4,6,04,18,3,0,0,0,0,1,0,0,1
"POINT (12.377613804000077 51.357804374000068)",Unfall 251048 (2024) Kat:3, Licht: 0,251048,3,6,2,04,15,2,0,0,0,1,0,0,0,1
"POINT (12.308283552000034 51.349607375000062)",Unfall 251050 (2024) Kat:3, Licht: 1,251050,3,7,1,04,19,2,0,1,0,1,0,1,0,0
"POINT (12.378317520000053 51.320499851000079)",Unfall 251051 (2024) Kat:3, Licht: 0,251051,3,6,2,04,16,2,0,0,0,1,0,0,0,0
"POINT (12.393075180000039 51.376357887000040)",Unfall 251052 (2024) Kat:3, Licht: 0,251052,3,3,5,04,15,2,0,0,0,1,0,1,0,0
"POINT (12.341232467000054 51.321922666000034)",Unfall 251053 (2024) Kat:3, Licht: 0,251053,3,4,6,04,17,2,0,0,0,1,1,0,0,0
"POINT (12.365616532000047 51.339583955000080)",Unfall 251055 (2024) Kat:2, Licht: 0,251055,2,3,5,04,16,2,0,0,1,0,0,0,0,1
"POINT (12.389011564000043 51.335548593000055)",Unfall 251056 (2024) Kat:3, Licht: 0,251056,3,6,4,04,11,2,0,0,1,0,0,0,0,1
"POINT (12.406017642000052 51.350773808000042)",Unfall 251067 (2024) Kat:3, Licht: 0,251067,3,7,0,04,19,1,0,0,1,0,0,0,0,0
"POINT (12.398156189000076 51.344410879000066)",Unfall 251068 (2024) Kat:3, Licht: 0,251068,3,5,1,04,11,1,0,0,1,1,0,0,0,0
"POINT (12.436375473000055 51.305651123000075)",Unfall 251070 (2024) Kat:3, Licht: 0,251070,3,3,5,04,15,1,0,0,1,1,0,0,0,0
"POINT (12.364080816000069 51.337723963000030)",Unfall 251071 (2024) Kat:3, Licht: 0,251071,3,3,5,05,08,4,0,0,1,1,0,0,0,0
"POINT (12.374632438000049 51.347734321000075)",Unfall 251076 (2024) Kat:3, Licht: 2,251076,3,3,5,04,00,7,0,2,1,1,0,0,0,0
"POINT (12.396463723000068 51.306645759000048)",Unfall 251077 (2024) Kat:3, Licht: 0,251077,3,5,1,04,18,7,0,0,1,1,0,0,0,0
"POINT (12.314457621000031 51.348845060000031)",Unfall 251078 (2024) Kat:3, Licht: 0,251078,3,6,2,04,15,7,0,0,0,1,0,0,0,0
"POINT (12.368691579000028 51.312778150000042)",Unfall 251089 (2024) Kat:2, Licht: 2,251089,2,1,0,04,21,6,0,2,1,0,0,0,0,0
"POINT (12.399898887000063 51.362049690000049)",Unfall 251090 (2024) Kat:3, Licht: 2,251090,3,6,2,04,19,6,0,2,0,1,0,0,0,0
"POINT (12.393130981000070 51.336960433000058)",Unfall 251092 (2024) Kat:3, Licht: 0,251092,3,2,5,04,18,3,0,0,1,1,0,0,0,0
"POINT (12.407200390000071 51.344593480000071)",Unfall 251109 (2024) Kat:3, Licht: 0,251109,3,3,5,04,11,5,0,0,0,1,0,0,0,1
"POINT (12.356914437000057 51.336079869000059)",Unfall 251110 (2024) Kat:3, Licht: 0,251110,3,6,2,04,06,5,0,0,0,1,0,1,0,0
"POINT (12.393289951000042 51.303383550000035)",Unfall 251111 (2024) Kat:3, Licht: 0,251111,3,5,1,04,13,3,0,0,1,1,0,0,0,0
"POINT (12.289074347000053 51.323561058000053)",Unfall 251112 (2024) Kat:3, Licht: 0,251112,3,3,5,04,12,5,0,0,1,1,0,0,0,0
"POINT (12.289083202000029 51.323564783000052)",Unfall 251113 (2024) Kat:3, Licht: 0,251113,3,3,5,04,12,5,0,0,1,1,0,0,0,0
"POINT (12.378780027000062 51.312439385000062)",Unfall 251114 (2024) Kat:3, Licht: 0,251114,3,5,1,04,19,5,0,0,1,1,0,0,0,0
"POINT (12.462748169000065 51.346429200000046)",Unfall 251115 (2024) Kat:3, Licht: 0,251115,3,1,8,04,16,5,0,0,1,0,0,0,0,0
"POINT (12.382055992000062 51.339407057000074)",Unfall 251135 (2024) Kat:3, Licht: 0,251135,3,7,0,04,09,4,1,0,0,0,0,1,0,1
"POINT (12.379296899000053 51.359329347000028)",Unfall 251136 (2024) Kat:3, Licht: 2,251136,3,6,2,04,21,4,0,2,0,1,0,0,0,0
"POINT (12.373579255000038 51.355583103000072)",Unfall 251137 (2024) Kat:3, Licht: 0,251137,3,2,5,04,11,4,0,0,1,0,0,0,0,0
"POINT (12.365654665000022 51.339644764000070)",Unfall 251138 (2024) Kat:3, Licht: 0,251138,3,6,0,04,08,4,0,0,0,1,0,0,0,1
"POINT (12.323037475000035 51.318655925000030)",Unfall 251139 (2024) Kat:3, Licht: 0,251139,3,4,6,04,15,4,0,0,1,0,1,0,0,0
"POINT (12.268274157000064 51.307917410000073)",Unfall 251140 (2024) Kat:3, Licht: 0,251140,3,2,5,04,15,4,0,0,0,1,0,0,0,0
"POINT (12.373002864000057 51.309680908000075)",Unfall 251141 (2024) Kat:3, Licht: 0,251141,3,3,5,04,15,4,0,0,1,1,0,0,0,0
"POINT (12.404845149000039 51.330291924000051)",Unfall 251142 (2024) Kat:2, Licht: 0,251142,2,3,5,04,08,4,0,0,1,0,0,0,1,0
"POINT (12.373578589000033 51.330303930000071)",Unfall 251177 (2024) Kat:3, Licht: 0,251177,3,1,0,04,14,2,0,0,1,0,0,0,0,0
"POINT (12.377985077000062 51.327865942000074)",Unfall 251178 (2024) Kat:3, Licht: 0,251178,3,5,1,04,07,2,0,0,1,1,0,0,0,0
"POINT (12.366012021000074 51.331139550000046)",Unfall 251179 (2024) Kat:3, Licht: 0,251179,3,3,5,04,09,2,0,0,1,1,0,0,0,0
"POINT (12.314449836000051 51.347367327000029)",Unfall 251182 (2024) Kat:3, Licht: 0,251182,3,4,6,05,07,7,0,0,0,1,1,0,0,0
"POINT (12.377190814000073 51.332945324000036)",Unfall 251200 (2024) Kat:3, Licht: 0,251200,3,2,6,04,16,6,1,0,0,1,1,0,0,0
"POINT (12.327713467000024 51.336451409000063)",Unfall 251202 (2024) Kat:3, Licht: 2,251202,3,1,0,04,00,1,0,2,1,0,0,0,0,0
"POINT (12.479395348000025 51.352261329000044)",Unfall 251203 (2024) Kat:3, Licht: 2,251203,3,6,3,04,00,1,0,2,0,1,0,1,0,0
"POINT (12.340468902000055 51.325188473000026)",Unfall 251219 (2024) Kat:3, Licht: 1,251219,3,1,0,04,19,7,0,1,0,0,0,0,0,1
"POINT (12.344662668000069 51.325596063000035)",Unfall 251220 (2024) Kat:3, Licht: 2,251220,3,5,1,04,00,7,0,2,1,1,0,0,0,0
"POINT (12.435406748000048 51.391189722000036)",Unfall 251221 (2024) Kat:3, Licht: 0,251221,3,7,2,04,17,7,0,0,0,1,0,0,0,0
"POINT (12.368328689000066 51.357849300000055)",Unfall 251233 (2024) Kat:3, Licht: 0,251233,3,2,1,04,17,6,0,0,1,0,0,0,0,0
"POINT (12.380653979000044 51.330852951000054)",Unfall 251248 (2024) Kat:3, Licht: 0,251248,3,2,3,04,14,5,1,0,0,1,0,0,0,1
"POINT (12.339666726000075 51.329506963000028)",Unfall 251249 (2024) Kat:3, Licht: 0,251249,3,6,2,04,18,5,0,0,1,1,0,0,0,0
"POINT (12.327356035000037 51.325435794000043)",Unfall 251250 (2024) Kat:3, Licht: 0,251250,3,2,5,04,18,5,0,0,1,0,0,1,0,0
"POINT (12.340873724000062 51.337809176000064)",Unfall 251251 (2024) Kat:3, Licht: 0,251251,3,4,6,05,18,3,0,0,1,0,1,0,0,0
"POINT (12.268239239000025 51.307905000000062)",Unfall 251252 (2024) Kat:3, Licht: 0,251252,3,3,0,04,16,5,0,0,0,1,0,0,0,1
"POINT (12.424460982000028 51.294669323000051)",Unfall 251253 (2024) Kat:3, Licht: 0,251253,3,3,1,04,07,5,0,0,0,1,0,1,0,0
"POINT (12.375169619000076 51.364464161000058)",Unfall 251254 (2024) Kat:3, Licht: 0,251254,3,7,8,04,13,5,1,0,0,1,0,0,0,0
"POINT (12.447893394000062 51.303741834000050)",Unfall 251271 (2024) Kat:3, Licht: 0,251271,3,3,5,04,14,4,1,0,1,1,0,0,0,0
"POINT (12.371493667000038 51.320669940000073)",Unfall 251272 (2024) Kat:3, Licht: 2,251272,3,3,5,04,00,4,0,2,0,1,0,0,0,0
"POINT (12.343836943000042 51.368598142000053)",Unfall 251284 (2024) Kat:3, Licht: 0,251284,3,3,5,04,17,3,0,0,0,1,0,0,0,0
"POINT (12.316417030000025 51.349651861000041)",Unfall 251298 (2024) Kat:3, Licht: 0,251298,3,6,2,03,14,1,0,0,1,1,0,0,0,0
"POINT (12.373319029000072 51.311529978000067)",Unfall 251299 (2024) Kat:3, Licht: 0,251299,3,7,6,03,16,1,0,0,0,0,1,0,0,1
"POINT (12.321049924000022 51.343632440000079)",Unfall 251300 (2024) Kat:1, Licht: 0,251300,1,4,6,03,11,1,0,0,0,0,1,0,0,1
"POINT (12.371423896000067 51.331589285000064)",Unfall 251310 (2024) Kat:3, Licht: 2,251310,3,2,5,03,00,7,0,2,0,1,0,0,0,0
"POINT (12.373685035000051 51.332575232000067)",Unfall 251311 (2024) Kat:3, Licht: 0,251311,3,1,0,03,12,7,0,0,1,0,0,0,0,0
"POINT (12.316288135000036 51.346552044000077)",Unfall 251312 (2024) Kat:3, Licht: 0,251312,3,1,0,03,17,7,0,0,1,0,0,0,0,0
"POINT (12.372178841000050 51.335261524000032)",Unfall 251317 (2024) Kat:3, Licht: 0,251317,3,2,2,03,15,6,1,0,0,1,0,1,0,0
"POINT (12.417583735000051 51.358654179000041)",Unfall 251318 (2024) Kat:3, Licht: 2,251318,3,1,0,03,22,6,0,2,0,0,0,0,0,1
"POINT (12.268251944000042 51.307909515000063)",Unfall 251320 (2024) Kat:3, Licht: 0,251320,3,3,5,04,18,7,0,0,0,1,0,0,0,0
"POINT (12.366653378000024 51.329658488000064)",Unfall 251325 (2024) Kat:3, Licht: 2,251325,3,2,5,03,19,5,0,2,1,1,0,0,0,0
"POINT (12.468035975000078 51.362873685000068)",Unfall 251326 (2024) Kat:3, Licht: 0,251326,3,7,8,03,06,5,1,0,0,0,0,1,0,0
"POINT (12.353171500000030 51.332775512000069)",Unfall 251328 (2024) Kat:2, Licht: 0,251328,2,3,5,03,13,5,0,0,1,1,0,0,0,0
"POINT (12.365860592000047 51.339826077000055)",Unfall 251339 (2024) Kat:3, Licht: 0,251339,3,7,3,03,17,4,0,0,0,1,0,0,0,1
"POINT (12.366706110000052 51.346878292000042)",Unfall 251340 (2024) Kat:3, Licht: 0,251340,3,2,2,03,14,4,0,0,0,1,0,0,0,1
"POINT (12.396383000000071 51.306176320000077)",Unfall 251341 (2024) Kat:3, Licht: 0,251341,3,2,0,03,10,4,0,0,0,1,0,0,0,1
"POINT (12.388168111000027 51.353499608000050)",Unfall 251342 (2024) Kat:3, Licht: 1,251342,3,2,5,03,04,4,0,1,0,1,0,0,0,0
"POINT (12.361612494000042 51.332733701000052)",Unfall 251355 (2024) Kat:3, Licht: 0,251355,3,6,2,03,08,3,0,0,1,1,0,0,0,0
"POINT (12.338817122000023 51.332426619000046)",Unfall 251356 (2024) Kat:3, Licht: 0,251356,3,1,0,03,12,3,0,0,1,0,0,0,0,0
"POINT (12.307557269000029 51.346080354000037)",Unfall 251357 (2024) Kat:3, Licht: 0,251357,3,3,5,03,17,3,0,0,0,1,0,0,0,0
"POINT (12.379090886000029 51.346168731000034)",Unfall 251359 (2024) Kat:3, Licht: 0,251359,3,3,5,05,12,4,0,0,1,1,0,0,0,0
"POINT (12.322755419000032 51.374895274000039)",Unfall 251361 (2024) Kat:3, Licht: 0,251361,3,6,2,03,10,3,0,0,0,1,0,0,0,1
"POINT (12.353050136000036 51.347898183000041)",Unfall 251362 (2024) Kat:3, Licht: 0,251362,3,3,5,03,08,3,0,0,1,0,0,0,1,0
"POINT (12.373680594000064 51.332675576000042)",Unfall 251364 (2024) Kat:2, Licht: 2,251364,2,4,6,03,20,3,0,2,0,1,1,0,0,0
"POINT (12.376522071000068 51.353186843000060)",Unfall 251366 (2024) Kat:3, Licht: 0,251366,3,2,5,03,07,3,0,0,1,1,0,0,0,0
"POINT (12.330811238000024 51.335106312000050)",Unfall 251378 (2024) Kat:3, Licht: 0,251378,3,7,5,03,16,2,0,0,1,1,0,0,0,0
"POINT (12.320322813000075 51.391016800000045)",Unfall 251379 (2024) Kat:3, Licht: 0,251379,3,3,5,03,14,2,0,0,0,1,0,0,0,0
"POINT (12.385928328000034 51.364316421000069)",Unfall 251380 (2024) Kat:3, Licht: 0,251380,3,1,0,03,10,2,1,0,1,0,0,0,0,0
"POINT (12.470763631000068 51.321650348000048)",Unfall 251381 (2024) Kat:3, Licht: 0,251381,3,6,0,03,16,2,0,0,1,0,0,0,0,1