WKT,Name,OBJECTID,UKATEGORIE,UTYP1,UART,UMONAT,USTUNDE,UWOCHENTAG,STRZUSTAND,ULICHTVERH,ISTRAD,ISTPKW,ISTFUSS,ISTKRAD,ISTGKFZ,ISTSONSTIG
"POINT (12.373669426000049 51.330512062000082)",Unfall 251393 (2024) Kat:3, Licht: 2,251393,3,3,5,03,20,1,1,2,1,1,0,0,0,0
"POINT (12.385143626000058 51.338320937000049)",Unfall 251399 (2024) Kat:3, Licht: 2,251399,3,6,2,03,18,7,1,2,0,1,0,0,0,0
"POINT (12.396859057000029 51.323838442000067)",Unfall 251400 (2024) Kat:3, Licht: 0,251400,3,6,2,03,17,7,1,0,0,1,0,0,0,0
"POINT (12.479371500000070 51.351617025000053)",Unfall 251401 (2024) Kat:3, Licht: 2,251401,3,4,6,03,20,7,1,2,0,0,1,0,0,1
"POINT (12.407146329000057 51.338636431000054)",Unfall 251402 (2024) Kat:2, Licht: 0,251402,2,5,1,03,15,7,1,0,1,1,0,0,0,0
"POINT (12.375046985000040 51.341674250000040)",Unfall 251411 (2024) Kat:3, Licht: 1,251411,3,5,0,03,18,6,1,1,1,1,0,0,0,0
"POINT (12.349585174000026 51.350713410000026)",Unfall 251412 (2024) Kat:3, Licht: 0,251412,3,1,0,03,07,6,0,0,0,0,0,1,0,0
"POINT (12.369140218000041 51.320947602000047)",Unfall 251414 (2024) Kat:3, Licht: 0,251414,3,6,2,03,14,6,0,0,0,1,0,0,0,0
"POINT (12.374956835000035 51.309246747000032)",Unfall 251416 (2024) Kat:3, Licht: 0,251416,3,5,1,03,16,6,1,0,1,1,0,0,0,0
"POINT (12.405018347000066 51.323010952000061)",Unfall 251418 (2024) Kat:3, Licht: 0,251418,3,3,5,03,14,6,0,0,0,1,0,0,0,1
"POINT (12.373647188000064 51.333033323000052)",Unfall 251424 (2024) Kat:3, Licht: 0,251424,3,2,5,04,07,5,0,0,1,0,0,0,0,1
"POINT (12.266278184000043 51.313235795000026)",Unfall 251437 (2024) Kat:3, Licht: 0,251437,3,7,0,03,13,5,0,0,0,1,0,0,0,0
"POINT (12.331919590000041 51.340288072000078)",Unfall 251438 (2024) Kat:3, Licht: 0,251438,3,3,5,03,08,5,0,0,1,1,0,0,0,0
"POINT (12.455654301000038 51.397001180000075)",Unfall 251439 (2024) Kat:3, Licht: 2,251439,3,6,2,03,05,5,0,2,0,1,0,0,0,0
"POINT (12.408404192000035 51.337258657000064)",Unfall 251441 (2024) Kat:2, Licht: 0,251441,2,1,8,03,16,5,0,0,0,1,0,0,0,0
"POINT (12.400261002000036 51.344991714000059)",Unfall 251457 (2024) Kat:3, Licht: 0,251457,3,2,5,03,07,4,0,0,1,1,0,0,0,0
"POINT (12.348628289000033 51.332147616000043)",Unfall 251458 (2024) Kat:3, Licht: 0,251458,3,2,5,03,13,4,0,0,1,0,0,0,0,0
"POINT (12.345631103000073 51.330054209000082)",Unfall 251460 (2024) Kat:3, Licht: 0,251460,3,3,5,03,14,4,0,0,0,1,0,0,0,0
"POINT (12.372171087000027 51.331054611000070)",Unfall 251467 (2024) Kat:3, Licht: 0,251467,3,7,1,03,16,3,0,0,1,1,0,0,0,0
"POINT (12.406016708000038 51.368350136000061)",Unfall 251468 (2024) Kat:3, Licht: 0,251468,3,2,4,03,13,3,0,0,1,0,0,1,0,0
"POINT (12.398348654000074 51.339218406000043)",Unfall 251469 (2024) Kat:3, Licht: 0,251469,3,3,5,03,11,3,0,0,1,1,0,0,0,0
"POINT (12.279490787000043 51.386960565000038)",Unfall 251499 (2024) Kat:3, Licht: 0,251499,3,5,1,03,17,1,0,0,1,1,0,0,0,0
"POINT (12.374427965000052 51.335818620000055)",Unfall 251507 (2024) Kat:3, Licht: 2,251507,3,3,5,03,03,7,0,2,1,1,0,0,0,0
"POINT (12.365447087000064 51.320975990000079)",Unfall 251508 (2024) Kat:3, Licht: 2,251508,3,3,5,03,19,7,0,2,1,0,0,1,0,0
"POINT (12.401782568000044 51.345753306000063)",Unfall 251516 (2024) Kat:3, Licht: 0,251516,3,4,6,05,14,2,0,0,0,1,1,0,0,0
"POINT (12.381520516000023 51.336680749000038)",Unfall 251520 (2024) Kat:3, Licht: 0,251520,3,3,5,03,13,6,0,0,1,1,0,0,0,0
"POINT (12.317252564000057 51.346137902000066)",Unfall 251521 (2024) Kat:3, Licht: 0,251521,3,3,5,03,09,6,0,0,0,1,0,0,0,0
"POINT (12.333586688000025 51.337716444000080)",Unfall 251522 (2024) Kat:3, Licht: 0,251522,3,6,2,03,15,6,0,0,1,1,0,0,0,0
"POINT (12.379086950000044 51.394166715000040)",Unfall 251523 (2024) Kat:3, Licht: 0,251523,3,3,5,03,15,6,0,0,1,1,0,0,0,0
"POINT (12.334342963000040 51.321952514000031)",Unfall 251540 (2024) Kat:3, Licht: 0,251540,3,7,2,04,09,4,0,0,1,1,0,0,0,0
"POINT (12.380051345000027 51.329478167000048)",Unfall 251541 (2024) Kat:3, Licht: 0,251541,3,7,5,03,15,5,0,0,0,1,0,0,0,1
"POINT (12.378348566000057 51.332233315000053)",Unfall 251542 (2024) Kat:3, Licht: 0,251542,3,3,5,03,08,5,1,0,1,1,0,0,0,0
"POINT (12.380561660000069 51.310036367000066)",Unfall 251543 (2024) Kat:3, Licht: 0,251543,3,3,5,03,11,5,0,0,1,1,0,0,0,0
"POINT (12.407576271000039 51.351296754000032)",Unfall 251545 (2024) Kat:3, Licht: 0,251545,3,3,5,03,09,5,1,0,0,1,0,1,0,0
"POINT (12.385338019000073 51.340195193000056)",Unfall 251546 (2024) Kat:3, Licht: 0,251546,3,5,1,03,13,5,0,0,1,1,0,0,0,0
"POINT (12.454691965000052 51.295656770000051)",Unfall 251548 (2024) Kat:2, Licht: 0,251548,2,3,5,04,12,1,0,0,0,1,0,1,0,0
"POINT (12.380613773000050 51.341172233000066)",Unfall 251558 (2024) Kat:3, Licht: 0,251558,3,5,1,03,15,4,0,0,1,1,0,0,0,0
"POINT (12.355121619000045 51.335120322000080)",Unfall 251559 (2024) Kat:3, Licht: 0,251559,3,7,0,03,07,4,0,0,1,0,0,0,0,0
"POINT (12.396027545000038 51.310139519000074)",Unfall 251560 (2024) Kat:3, Licht: 0,251560,3,2,3,03,15,4,0,0,1,1,0,0,0,0
"POINT (12.280226063000043 51.319692583000062)",Unfall 251561 (2024) Kat:3, Licht: 0,251561,3,3,0,03,15,4,0,0,0,1,0,0,0,1
"POINT (12.396167027000047 51.353982883000072)",Unfall 251562 (2024) Kat:2, Licht: 0,251562,2,7,6,03,08,4,0,0,1,0,1,0,0,0
"POINT (12.369674762000045 51.308827635000057)",Unfall 251563 (2024) Kat:2, Licht: 0,251563,2,4,6,03,16,4,0,0,1,0,1,0,0,0
"POINT (12.389383820000035 51.335850497000081)",Unfall 251564 (2024) Kat:3, Licht: 0,251564,3,2,3,03,15,4,0,0,1,1,0,0,0,0
"POINT (12.372307392000039 51.349598975000049)",Unfall 251581 (2024) Kat:3, Licht: 0,251581,3,3,5,03,09,3,0,0,1,0,0,0,0,1
"POINT (12.373602878000042 51.320860312000036)",Unfall 251583 (2024) Kat:3, Licht: 0,251583,3,4,6,03,07,3,0,0,0,1,1,0,0,0
"POINT (12.306983239000033 51.351044593000040)",Unfall 251587 (2024) Kat:3, Licht: 0,251587,3,6,2,03,11,3,0,0,0,1,0,0,0,0
"POINT (12.369188649000023 51.341860068000074)",Unfall 251588 (2024) Kat:3, Licht: 0,251588,3,1,8,03,09,3,0,0,1,1,0,0,0,0
"POINT (12.368608542000061 51.315958365000029)",Unfall 251589 (2024) Kat:2, Licht: 0,251589,2,3,5,03,07,3,0,0,1,0,0,0,1,0
"POINT (12.412630066000077 51.324666968000031)",Unfall 251590 (2024) Kat:3, Licht: 0,251590,3,4,0,05,14,5,0,0,1,0,1,0,0,0
"POINT (12.374554590000059 51.347719575000042)",Unfall 251599 (2024) Kat:3, Licht: 0,251599,3,4,6,04,16,3,0,0,0,1,1,0,0,0
"POINT (12.374118320000036 51.303343240000061)",Unfall 251603 (2024) Kat:3, Licht: 2,251603,3,2,3,03,05,2,1,2,1,1,0,0,0,0
"POINT (12.373142571000074 51.324233539000033)",Unfall 251604 (2024) Kat:3, Licht: 0,251604,3,2,4,03,16,2,0,0,0,1,0,0,0,1
"POINT (12.368864988000041 51.317817718000072)",Unfall 251605 (2024) Kat:3, Licht: 0,251605,3,2,5,03,09,2,0,0,1,1,0,0,0,0
"POINT (12.426056950000032 51.319824326000060)",Unfall 251606 (2024) Kat:3, Licht: 0,251606,3,4,6,03,07,2,0,0,0,1,1,0,0,0
"POINT (12.281989165000027 51.357912807000048)",Unfall 251607 (2024) Kat:3, Licht: 0,251607,3,3,5,03,09,7,1,0,1,1,0,0,0,0
"POINT (12.342306675000032 51.368100729000048)",Unfall 251618 (2024) Kat:3, Licht: 2,251618,3,1,0,03,04,1,0,2,0,0,0,0,0,1
"POINT (12.407303358000036 51.345455381000079)",Unfall 251622 (2024) Kat:3, Licht: 0,251622,3,2,0,03,11,7,0,0,1,1,0,0,0,0
"POINT (12.362484413000061 51.360077934000060)",Unfall 251623 (2024) Kat:3, Licht: 0,251623,3,6,2,03,15,7,0,0,1,1,0,0,0,0
"POINT (12.379259105000074 51.310143851000078)",Unfall 251624 (2024) Kat:3, Licht: 0,251624,3,2,5,03,12,7,0,0,0,1,0,0,0,0
"POINT (12.370475585000065 51.327484146000074)",Unfall 251635 (2024) Kat:3, Licht: 0,251635,3,4,6,03,07,6,0,0,1,1,1,0,0,0
"POINT (12.403784697000049 51.318771987000048)",Unfall 251641 (2024) Kat:3, Licht: 0,251641,3,1,8,07,17,7,0,0,0,1,0,0,0,0
"POINT (12.326699921000056 51.307553090000056)",Unfall 251642 (2024) Kat:2, Licht: 0,251642,2,2,3,07,11,7,0,0,1,1,0,0,0,0
"POINT (12.283748158000037 51.314434029000040)",Unfall 251647 (2024) Kat:3, Licht: 0,251647,3,5,1,07,18,6,0,0,0,1,0,0,0,0
"POINT (12.281989246000023 51.357916012000032)",Unfall 251648 (2024) Kat:3, Licht: 0,251648,3,3,5,07,12,6,0,0,1,1,0,0,0,0
"POINT (12.324445882000077 51.374356937000073)",Unfall 251649 (2024) Kat:3, Licht: 2,251649,3,4,6,07,22,6,0,2,0,1,1,0,0,0
"POINT (12.369417877000046 51.327220469000054)",Unfall 251657 (2024) Kat:3, Licht: 0,251657,3,1,2,07,15,7,0,0,0,1,0,0,0,0
"POINT (12.396043377000069 51.310144674000071)",Unfall 251659 (2024) Kat:3, Licht: 0,251659,3,2,3,07,13,5,0,0,1,1,0,0,0,0
"POINT (12.371347801000070 51.361815419000038)",Unfall 251660 (2024) Kat:3, Licht: 0,251660,3,6,0,07,13,5,0,0,1,1,0,0,0,0
"POINT (12.329417479000028 51.320340321000060)",Unfall 251661 (2024) Kat:1, Licht: 0,251661,1,4,6,07,13,5,0,0,0,0,1,0,0,1
"POINT (12.380588132000071 51.306519144000049)",Unfall 251662 (2024) Kat:3, Licht: 0,251662,3,2,6,07,11,5,0,0,0,1,1,0,0,0
"POINT (12.361741240000072 51.358977321000054)",Unfall 251675 (2024) Kat:3, Licht: 2,251675,3,1,1,07,22,4,0,2,0,1,0,0,0,0
"POINT (12.391179932000057 51.325826797000047)",Unfall 251676 (2024) Kat:3, Licht: 0,251676,3,5,1,07,08,4,0,0,1,1,0,0,0,0
"POINT (12.373707812000077 51.305654942000047)",Unfall 251677 (2024) Kat:3, Licht: 0,251677,3,3,5,07,16,4,0,0,1,1,0,0,0,0
"POINT (12.333213852000029 51.297053089000030)",Unfall 251678 (2024) Kat:3, Licht: 0,251678,3,6,3,07,17,4,0,0,1,1,0,0,0,0
"POINT (12.351505967000037 51.344627697000078)",Unfall 251680 (2024) Kat:3, Licht: 1,251680,3,7,6,07,20,4,0,1,0,1,1,0,0,0
"POINT (12.341167208000059 51.332311841000035)",Unfall 251681 (2024) Kat:3, Licht: 2,251681,3,3,5,07,23,4,0,2,0,1,0,0,0,0
"POINT (12.376976121000041 51.325113292000026)",Unfall 251682 (2024) Kat:2, Licht: 0,251682,2,3,5,07,16,4,0,0,1,1,0,0,0,0
"POINT (12.373309129000063 51.310855550000042)",Unfall 251693 (2024) Kat:3, Licht: 0,251693,3,4,5,07,18,3,0,0,1,0,1,0,0,0
"POINT (12.459200375000023 51.401962896000043)",Unfall 251694 (2024) Kat:3, Licht: 0,251694,3,2,5,07,14,3,0,0,0,1,0,0,0,0
"POINT (12.349112314000024 51.348458950000065)",Unfall 251695 (2024) Kat:3, Licht: 0,251695,3,2,3,07,14,3,0,0,0,1,0,0,0,0
"POINT (12.386924246000035 51.336451481000040)",Unfall 251711 (2024) Kat:3, Licht: 0,251711,3,4,6,07,08,2,0,0,0,0,1,0,0,1
"POINT (12.371141055000066 51.336393030000067)",Unfall 251712 (2024) Kat:3, Licht: 0,251712,3,6,2,07,15,2,0,0,0,1,0,0,0,0
"POINT (12.362334152000074 51.359358407000059)",Unfall 251714 (2024) Kat:3, Licht: 0,251714,3,6,3,07,18,2,0,0,1,1,0,0,0,0
"POINT (12.428678392000052 51.358686180000063)",Unfall 251715 (2024) Kat:3, Licht: 0,251715,3,2,2,07,07,2,0,0,1,0,0,1,0,0
"POINT (12.281509191000055 51.326838536000082)",Unfall 251717 (2024) Kat:3, Licht: 0,251717,3,3,5,07,16,2,0,0,0,1,0,0,0,1
"POINT (12.360619028000031 51.338077176000070)",Unfall 251733 (2024) Kat:3, Licht: 0,251733,3,6,1,07,16,1,0,0,0,1,0,0,0,0
"POINT (12.393091399000070 51.324914645000035)",Unfall 251748 (2024) Kat:3, Licht: 0,251748,3,3,0,07,11,7,0,0,0,1,0,0,0,1
"POINT (12.348909535000075 51.348941608000075)",Unfall 251749 (2024) Kat:2, Licht: 0,251749,2,1,9,07,13,7,0,0,0,1,0,0,0,0
"POINT (12.354011625000055 51.319774947000042)",Unfall 251750 (2024) Kat:3, Licht: 2,251750,3,1,0,07,05,7,1,2,1,0,0,0,0,0
"POINT (12.459253246000060 51.401035014000058)",Unfall 251751 (2024) Kat:3, Licht: 2,251751,3,6,2,07,00,7,0,2,0,1,0,0,0,0
"POINT (12.354133750000074 51.334610878000035)",Unfall 251756 (2024) Kat:3, Licht: 0,251756,3,7,0,07,16,6,0,0,1,1,0,0,0,0
"POINT (12.460285273000068 51.368398484000068)",Unfall 251757 (2024) Kat:3, Licht: 0,251757,3,3,5,07,14,6,0,0,0,1,0,1,0,0
"POINT (12.383781181000074 51.364369596000074)",Unfall 251758 (2024) Kat:2, Licht: 0,251758,2,6,4,07,11,6,0,0,1,0,0,0,0,0
"POINT (12.384085491000064 51.380629815000077)",Unfall 251759 (2024) Kat:3, Licht: 0,251759,3,2,5,07,15,6,0,0,0,1,0,0,0,0
"POINT (12.384895093000068 51.338126169000077)",Unfall 251774 (2024) Kat:3, Licht: 0,251774,3,2,2,07,15,5,0,0,0,1,0,0,0,0
"POINT (12.312820214000055 51.309159880000038)",Unfall 251775 (2024) Kat:3, Licht: 0,251775,3,3,5,07,12,5,0,0,1,1,0,0,0,0
"POINT (12.410590189000061 51.342686866000065)",Unfall 251787 (2024) Kat:3, Licht: 0,251787,3,3,5,07,16,4,0,0,0,1,0,0,0,1
"POINT (12.327465930000074 51.304274790000079)",Unfall 251788 (2024) Kat:3, Licht: 1,251788,3,6,2,07,20,4,1,1,1,1,0,0,0,0
"POINT (12.466480402000059 51.345832479000080)",Unfall 251789 (2024) Kat:3, Licht: 1,251789,3,7,8,07,03,4,0,1,0,1,0,0,0,0
"POINT (12.427224674000058 51.343559748000075)",Unfall 251790 (2024) Kat:3, Licht: 0,251790,3,6,2,07,08,4,0,0,0,1,0,0,0,1
"POINT (12.307189951000055 51.323130922000075)",Unfall 251791 (2024) Kat:3, Licht: 0,251791,3,3,5,07,14,4,0,0,0,1,0,0,0,0
"POINT (12.419985837000070 51.383746339000027)",Unfall 251792 (2024) Kat:3, Licht: 0,251792,3,2,0,07,19,4,1,0,1,0,0,1,0,0
"POINT (12.338209604000042 51.327251208000064)",Unfall 251798 (2024) Kat:3, Licht: 0,251798,3,3,5,07,11,3,0,0,1,1,0,0,0,0
"POINT (12.402142991000062 51.332351021000079)",Unfall 251799 (2024) Kat:3, Licht: 0,251799,3,2,0,07,18,3,0,0,1,1,0,0,0,0
"POINT (12.308283838000023 51.312556380000046)",Unfall 251800 (2024) Kat:3, Licht: 0,251800,3,5,1,07,10,3,0,0,1,1,0,0,0,0
"POINT (12.338343139000074 51.327294795000057)",Unfall 251801 (2024) Kat:3, Licht: 0,251801,3,3,5,07,14,3,0,0,1,1,0,0,0,0
"POINT (12.398384776000057 51.310853920000056)",Unfall 251802 (2024) Kat:3, Licht: 0,251802,3,3,5,07,08,4,0,0,0,1,0,0,0,0
"POINT (12.404970564000052 51.338134468000078)",Unfall 251803 (2024) Kat:3, Licht: 0,251803,3,2,0,07,14,3,0,0,0,1,0,0,0,1
"POINT (12.378400961000068 51.320489628000075)",Unfall 251804 (2024) Kat:3, Licht: 0,251804,3,6,2,07,13,3,0,0,0,1,0,0,0,0
"POINT (12.370361341000034 51.355546960000027)",Unfall 251816 (2024) Kat:3, Licht: 0,251816,3,5,1,07,16,2,0,0,1,1,0,0,0,0
"POINT (12.375055480000071 51.341625509000039)",Unfall 251817 (2024) Kat:3, Licht: 0,251817,3,1,0,07,11,2,0,0,1,0,0,0,0,0
"POINT (12.330720042000053 51.339942163000046)",Unfall 251818 (2024) Kat:3, Licht: 0,251818,3,5,1,07,16,2,0,0,1,1,0,0,0,0
"POINT (12.373451369000065 51.316089771000065)",Unfall 251819 (2024) Kat:3, Licht: 0,251819,3,5,1,07,19,2,0,0,1,1,0,0,0,0
"POINT (12.461501081000051 51.332406597000045)",Unfall 251835 (2024) Kat:3, Licht: 0,251835,3,1,0,07,09,1,0,0,0,0,0,1,0,0
"POINT (12.403475446000073 51.327594021000039)",Unfall 251840 (2024) Kat:2, Licht: 0,251840,2,7,0,07,16,7,1,0,1,0,0,0,0,0
"POINT (12.376369562000036 51.350451629000077)",Unfall 251852 (2024) Kat:3, Licht: 2,251852,3,1,0,07,03,6,0,2,1,0,0,0,0,0
"POINT (12.326661291000050 51.312220600000046)",Unfall 251853 (2024) Kat:3, Licht: 0,251853,3,7,0,07,19,6,1,0,0,0,0,1,0,1
"POINT (12.367504223000026 51.320792867000080)",Unfall 251854 (2024) Kat:3, Licht: 0,251854,3,3,5,07,13,6,0,0,0,1,0,0,0,0
"POINT (12.405995595000036 51.313925667000035)",Unfall 251855 (2024) Kat:3, Licht: 0,251855,3,3,5,07,07,6,0,0,1,1,0,0,0,0
"POINT (12.354407069000047 51.365036888000077)",Unfall 251856 (2024) Kat:2, Licht: 0,251856,2,2,3,07,18,6,0,0,1,1,0,0,0,0
"POINT (12.366665983000075 51.340565274000028)",Unfall 251869 (2024) Kat:3, Licht: 0,251869,3,3,5,07,17,5,0,0,1,1,0,0,0,0
"POINT (12.373507401000040 51.324638866000043)",Unfall 251870 (2024) Kat:3, Licht: 0,251870,3,1,0,07,17,5,1,0,1,0,0,0,0,0
"POINT (12.374238079000065 51.334656064000058)",Unfall 251872 (2024) Kat:1, Licht: 0,251872,1,6,3,07,10,5,0,0,1,0,0,0,1,0
"POINT (12.422083673000031 51.319592268000065)",Unfall 251873 (2024) Kat:2, Licht: 2,251873,2,3,5,07,21,5,0,2,0,1,0,1,0,0
"POINT (12.373596821000035 51.320649447000051)",Unfall 251885 (2024) Kat:3, Licht: 0,251885,3,3,5,07,18,4,0,0,1,1,0,0,0,0
"POINT (12.375597045000063 51.366038213000081)",Unfall 251886 (2024) Kat:3, Licht: 0,251886,3,7,3,07,18,4,0,0,0,1,0,0,0,1
"POINT (12.304667254000037 51.315771859000051)",Unfall 251887 (2024) Kat:2, Licht: 2,251887,2,7,1,07,02,4,1,2,0,1,0,0,0,0
"POINT (12.444857354000021 51.346237586000029)",Unfall 251888 (2024) Kat:3, Licht: 0,251888,3,6,2,07,11,4,0,0,0,1,0,0,0,0
"POINT (12.371197135000045 51.335671196000078)",Unfall 251895 (2024) Kat:3, Licht: 2,251895,3,1,0,07,21,3,1,2,1,0,0,0,0,0
"POINT (12.357072039000059 51.336161940000068)",Unfall 251896 (2024) Kat:3, Licht: 2,251896,3,6,1,07,22,3,1,2,0,1,0,0,0,1
"POINT (12.371266756000068 51.332594331000053)",Unfall 251897 (2024) Kat:3, Licht: 0,251897,3,4,6,07,09,3,0,0,1,0,1,0,0,0
"POINT (12.403418821000059 51.375019010000074)",Unfall 251898 (2024) Kat:2, Licht: 0,251898,2,7,0,07,09,3,0,0,0,1,0,0,0,0
"POINT (12.313836031000051 51.363522744000079)",Unfall 251900 (2024) Kat:3, Licht: 1,251900,3,7,9,07,20,3,0,1,0,1,0,0,0,0
"POINT (12.380247266000026 51.340155132000064)",Unfall 251901 (2024) Kat:3, Licht: 2,251901,3,1,0,07,22,3,1,2,0,0,0,0,0,1
"POINT (12.387547107000046 51.381278076000058)",Unfall 251916 (2024) Kat:3, Licht: 0,251916,3,3,5,07,12,2,0,0,0,1,0,0,0,0
"POINT (12.393396390000021 51.322925477000069)",Unfall 251917 (2024) Kat:3, Licht: 0,251917,3,6,1,07,16,2,1,0,0,1,0,0,1,0
"POINT (12.365165293000075 51.361248822000050)",Unfall 251930 (2024) Kat:3, Licht: 0,251930,3,3,0,06,17,1,1,0,1,1,0,0,0,0
"POINT (12.311090955000054 51.328791414000079)",Unfall 251931 (2024) Kat:3, Licht: 0,251931,3,3,5,06,17,1,0,0,1,1,0,0,0,0
"POINT (12.408773919000055 51.353810016000068)",Unfall 251932 (2024) Kat:3, Licht: 0,251932,3,4,6,06,15,1,0,0,0,1,1,0,0,0
"POINT (12.441001660000040 51.304628999000045)",Unfall 251933 (2024) Kat:3, Licht: 0,251933,3,1,0,06,16,1,1,0,1,0,0,0,0,0
"POINT (12.371264898000049 51.332604950000075)",Unfall 251943 (2024) Kat:3, Licht: 0,251943,3,6,2,06,12,7,0,0,0,1,0,0,0,0
"POINT (12.361546301000033 51.363327138000045)",Unfall 251944 (2024) Kat:3, Licht: 0,251944,3,2,2,06,18,7,0,0,0,1,0,1,0,0
"POINT (12.361538744000029 51.332178227000043)",Unfall 251960 (2024) Kat:3, Licht: 0,251960,3,1,0,06,07,6,0,0,1,0,0,0,0,0
"POINT (12.298004938000076 51.325098652000065)",Unfall 251961 (2024) Kat:3, Licht: 0,251961,3,6,2,06,18,6,0,0,0,1,0,0,0,0
"POINT (12.260255307000023 51.299710686000026)",Unfall 251962 (2024) Kat:3, Licht: 0,251962,3,1,0,06,15,6,0,0,1,0,0,0,0,0
"POINT (12.380755969000063 51.306581094000080)",Unfall 251963 (2024) Kat:3, Licht: 0,251963,3,5,1,06,18,6,0,0,1,1,0,0,0,0
"POINT (12.318752928000038 51.386636890000034)",Unfall 251965 (2024) Kat:3, Licht: 1,251965,3,1,0,06,21,6,0,1,1,0,0,0,0,0
"POINT (12.395808683000041 51.323600283000076)",Unfall 251966 (2024) Kat:3, Licht: 0,251966,3,6,3,06,19,6,0,0,0,1,0,0,0,0
"POINT (12.461457824000036 51.352570605000039)",Unfall 251981 (2024) Kat:3, Licht: 0,251981,3,7,1,07,09,4,0,0,0,1,0,0,0,0
"POINT (12.373645901000032 51.322368612000048)",Unfall 251985 (2024) Kat:3, Licht: 0,251985,3,6,1,06,20,5,1,0,1,1,0,0,0,0
"POINT (12.392022548000057 51.403223790000027)",Unfall 251986 (2024) Kat:3, Licht: 2,251986,3,1,9,06,00,5,0,2,0,1,0,0,0,0
"POINT (12.381971875000033 51.383400137000081)",Unfall 251987 (2024) Kat:3, Licht: 0,251987,3,3,5,06,17,5,0,0,1,1,0,0,0,0
"POINT (12.397816775000024 51.323872089000076)",Unfall 251989 (2024) Kat:3, Licht: 0,251989,3,3,5,06,10,5,0,0,0,1,0,0,0,0
"POINT (12.373898856000039 51.302929284000072)",Unfall 251994 (2024) Kat:3, Licht: 0,251994,3,5,1,06,12,4,0,0,1,0,0,0,0,1
"POINT (12.369139399000062 51.323339675000057)",Unfall 251995 (2024) Kat:3, Licht: 0,251995,3,3,5,06,13,4,0,0,0,1,0,0,0,0
"POINT (12.321450417000051 51.318030540000052)",Unfall 251996 (2024) Kat:2, Licht: 0,251996,2,3,5,06,17,4,0,0,1,0,0,0,0,0
"POINT (12.373701988000050 51.331855844000074)",Unfall 252012 (2024) Kat:2, Licht: 0,252012,2,4,6,06,16,3,0,0,1,0,1,0,0,0
"POINT (12.310260376000031 51.317713701000059)",Unfall 252013 (2024) Kat:3, Licht: 0,252013,3,3,5,06,13,3,0,0,1,1,0,0,0,0
"POINT (12.327026858000067 51.341731219000053)",Unfall 252014 (2024) Kat:3, Licht: 2,252014,3,3,5,06,22,3,0,2,1,1,0,0,0,0
"POINT (12.407272829000021 51.333918574000052)",Unfall 252016 (2024) Kat:2, Licht: 0,252016,2,5,1,06,06,3,0,0,1,1,0,0,0,0
"POINT (12.381693870000049 51.362135712000054)",Unfall 252017 (2024) Kat:3, Licht: 0,252017,3,7,1,06,17,3,0,0,1,1,0,0,0,0
"POINT (12.338155430000029 51.369572452000057)",Unfall 252019 (2024) Kat:3, Licht: 0,252019,3,6,2,06,11,3,0,0,1,1,0,0,0,0
"POINT (12.447204222000039 51.350250578000043)",Unfall 252020 (2024) Kat:3, Licht: 0,252020,3,2,5,06,11,3,0,0,1,1,0,0,0,0
"POINT (12.331408746000022 51.349657074000049)",Unfall 252023 (2024) Kat:3, Licht: 0,252023,3,3,5,07,15,4,0,0,1,1,0,0,0,0
"POINT (12.374063471000056 51.334276653000074)",Unfall 252034 (2024) Kat:3, Licht: 0,252034,3,2,1,06,10,2,0,0,0,1,0,0,0,0
"POINT (12.292649592000032 51.359386536000045)",Unfall 252035 (2024) Kat:3, Licht: 0,252035,3,1,0,06,14,2,0,0,1,0,0,0,0,0
"POINT (12.379976179000039 51.328815192000036)",Unfall 252037 (2024) Kat:3, Licht: 0,252037,3,2,3,06,12,2,0,0,1,1,0,0,0,0
"POINT (12.381595144000073 51.331742696000049)",Unfall 252039 (2024) Kat:3, Licht: 0,252039,3,2,5,06,09,2,0,0,1,1,0,0,0,0
"POINT (12.369136609000066 51.306570765000060)",Unfall 252040 (2024) Kat:3, Licht: 0,252040,3,7,5,06,15,2,0,0,0,1,0,0,0,0
"POINT (12.268597787000033 51.320947316000058)",Unfall 252047 (2024) Kat:3, Licht: 0,252047,3,7,1,06,14,1,0,0,0,1,0,0,0,0
"POINT (12.405862366000065 51.331763730000034)",Unfall 252056 (2024) Kat:3, Licht: 0,252056,3,6,3,06,10,7,1,0,0,1,0,0,0,1
"POINT (12.408333183000025 51.337428116000069)",Unfall 252058 (2024) Kat:2, Licht: 0,252058,2,1,8,06,08,7,1,0,0,1,0,0,0,0
"POINT (12.330411745000049 51.320485044000065)",Unfall 252059 (2024) Kat:2, Licht: 2,252059,2,1,0,06,02,7,0,2,0,0,0,0,0,1
"POINT (12.421537798000031 51.319487559000038)",Unfall 252061 (2024) Kat:3, Licht: 0,252061,3,3,5,06,18,7,0,0,0,1,0,1,0,0
"POINT (12.369990828000027 51.325428158000079)",Unfall 252062 (2024) Kat:3, Licht: 0,252062,3,2,4,06,14,7,0,0,0,1,0,0,0,0
"POINT (12.388764046000063 51.335355398000047)",Unfall 252078 (2024) Kat:3, Licht: 0,252078,3,7,0,06,20,6,0,0,1,1,0,0,0,0
"POINT (12.437794363000023 51.394956858000057)",Unfall 252080 (2024) Kat:3, Licht: 2,252080,3,7,0,06,22,6,1,2,0,0,0,0,0,1
"POINT (12.378879773000051 51.325032584000041)",Unfall 252081 (2024) Kat:3, Licht: 0,252081,3,3,5,06,15,6,1,0,1,1,0,0,0,0