WKT,Name,OBJECTID,UKATEGORIE,UTYP1,UART,UMONAT,USTUNDE,UWOCHENTAG,STRZUSTAND,ULICHTVERH,ISTRAD,ISTPKW,ISTFUSS,ISTKRAD,ISTGKFZ,ISTSONSTIG
"POINT (12.373288637000030 51.308046012000034)",Unfall 252849 (2024) Kat:3, Licht: 0,252849,3,5,0,09,16,5,0,0,1,0,0,0,0,1
"POINT (12.323107219000065 51.342156883000030)",Unfall 252850 (2024) Kat:3, Licht: 0,252850,3,4,6,09,17,5,0,0,1,0,1,0,0,0
"POINT (12.385542174000022 51.338308349000044)",Unfall 252851 (2024) Kat:3, Licht: 0,252851,3,4,6,09,17,5,0,0,0,0,1,0,0,1
"POINT (12.376640084000030 51.357191308000040)",Unfall 252872 (2024) Kat:3, Licht: 0,252872,3,2,3,09,14,4,0,0,0,1,0,0,0,1
"POINT (12.408632616000034 51.351897272000031)",Unfall 252873 (2024) Kat:3, Licht: 0,252873,3,2,3,09,15,4,0,0,1,1,0,0,0,0
"POINT (12.392272049000042 51.346347340000079)",Unfall 252887 (2024) Kat:3, Licht: 0,252887,3,6,2,09,07,3,0,0,0,1,0,0,0,0
"POINT (12.382002516000057 51.338601841000070)",Unfall 252888 (2024) Kat:2, Licht: 2,252888,2,3,5,09,22,3,0,2,1,1,0,0,0,0
"POINT (12.363537867000048 51.362873074000049)",Unfall 252889 (2024) Kat:3, Licht: 0,252889,3,7,0,09,16,3,0,0,1,0,0,0,0,0
"POINT (12.393120642000042 51.336962584000048)",Unfall 252902 (2024) Kat:3, Licht: 0,252902,3,2,3,09,08,2,1,0,1,1,0,0,0,0
"POINT (12.356042133000074 51.343669335000072)",Unfall 252903 (2024) Kat:3, Licht: 0,252903,3,7,6,09,14,2,1,0,0,1,1,0,0,0
"POINT (12.419959813000048 51.343796356000041)",Unfall 252904 (2024) Kat:3, Licht: 0,252904,3,7,4,09,12,2,1,0,1,1,0,0,0,0
"POINT (12.421245138000074 51.353043366000065)",Unfall 252905 (2024) Kat:3, Licht: 2,252905,3,4,6,09,06,2,1,2,0,1,1,0,0,0
"POINT (12.371288172000050 51.339708732000076)",Unfall 252920 (2024) Kat:3, Licht: 2,252920,3,1,0,09,00,1,0,2,0,0,0,1,0,0
"POINT (12.416689559000076 51.343429143000037)",Unfall 252921 (2024) Kat:3, Licht: 0,252921,3,5,3,09,16,1,0,0,1,1,0,0,0,0
"POINT (12.384144506000041 51.380655082000033)",Unfall 252922 (2024) Kat:3, Licht: 2,252922,3,2,2,09,20,1,1,2,0,1,0,0,0,0
"POINT (12.338783379000063 51.328104661000054)",Unfall 252927 (2024) Kat:3, Licht: 0,252927,3,6,3,09,18,7,0,0,1,0,0,0,0,0
"POINT (12.362144997000030 51.345011961000068)",Unfall 252928 (2024) Kat:3, Licht: 0,252928,3,3,0,09,17,7,0,0,1,1,0,0,0,0
"POINT (12.373929435000036 51.334047643000076)",Unfall 252929 (2024) Kat:3, Licht: 0,252929,3,6,3,09,18,7,0,0,1,0,0,0,0,1
"POINT (12.313416187000030 51.347912181000027)",Unfall 252930 (2024) Kat:2, Licht: 0,252930,2,2,4,09,14,7,0,0,0,1,0,0,0,0
"POINT (12.373452268000051 51.316103149000071)",Unfall 252938 (2024) Kat:3, Licht: 0,252938,3,6,2,09,15,6,0,0,0,1,0,1,0,0
"POINT (12.371550159000037 51.369805421000081)",Unfall 252942 (2024) Kat:2, Licht: 0,252942,2,7,4,09,13,6,0,0,1,1,0,0,0,0
"POINT (12.354979269000069 51.349574207000046)",Unfall 252959 (2024) Kat:3, Licht: 0,252959,3,3,5,09,08,5,0,0,1,0,0,0,0,1
"POINT (12.281476761000022 51.311488811000061)",Unfall 252960 (2024) Kat:3, Licht: 0,252960,3,3,5,09,18,5,0,0,1,0,0,0,0,1
"POINT (12.328096984000069 51.316492771000071)",Unfall 252962 (2024) Kat:3, Licht: 0,252962,3,3,5,09,08,5,0,0,0,1,0,0,0,0
"POINT (12.348299428000075 51.328682256000036)",Unfall 252963 (2024) Kat:3, Licht: 0,252963,3,1,0,09,11,5,0,0,1,0,0,0,0,0
"POINT (12.366726573000051 51.367252282000038)",Unfall 252964 (2024) Kat:3, Licht: 0,252964,3,3,5,09,07,5,0,0,1,1,0,0,0,0
"POINT (12.432907042000068 51.323698470000068)",Unfall 252966 (2024) Kat:3, Licht: 0,252966,3,6,4,09,10,5,0,0,0,1,0,0,0,0
"POINT (12.365957581000032 51.339911472000040)",Unfall 252967 (2024) Kat:2, Licht: 0,252967,2,4,0,09,17,5,0,0,0,0,1,0,0,1
"POINT (12.376164143000040 51.336826953000070)",Unfall 252979 (2024) Kat:3, Licht: 0,252979,3,7,0,09,11,4,0,0,1,0,0,0,0,0
"POINT (12.374052763000066 51.365192121000064)",Unfall 252980 (2024) Kat:3, Licht: 1,252980,3,5,1,09,06,4,0,1,1,1,0,0,0,0
"POINT (12.265905698000040 51.307296104000045)",Unfall 252982 (2024) Kat:3, Licht: 0,252982,3,3,0,09,15,4,0,0,1,0,0,0,0,1
"POINT (12.382079607000037 51.332574728000054)",Unfall 252999 (2024) Kat:3, Licht: 0,252999,3,2,3,09,13,3,0,0,1,1,0,0,0,0
"POINT (12.421620631000053 51.343727170000079)",Unfall 253000 (2024) Kat:3, Licht: 0,253000,3,2,2,09,18,3,0,0,1,1,0,0,0,0
"POINT (12.303389520000053 51.314511693000043)",Unfall 253001 (2024) Kat:3, Licht: 0,253001,3,6,2,09,17,3,0,0,0,1,0,0,0,0
"POINT (12.345628146000024 51.366284915000051)",Unfall 253002 (2024) Kat:3, Licht: 0,253002,3,3,5,09,09,3,0,0,0,1,0,1,0,0
"POINT (12.273203841000054 51.323780238000040)",Unfall 253003 (2024) Kat:3, Licht: 0,253003,3,7,6,09,17,3,0,0,0,1,1,0,0,0
"POINT (12.406046653000033 51.346867152000073)",Unfall 253017 (2024) Kat:3, Licht: 0,253017,3,3,5,09,10,2,1,0,1,1,0,0,0,0
"POINT (12.397413523000068 51.347387224000045)",Unfall 253018 (2024) Kat:3, Licht: 0,253018,3,7,0,09,16,2,0,0,1,0,0,0,0,0
"POINT (12.373686930000076 51.325998178000077)",Unfall 253019 (2024) Kat:3, Licht: 0,253019,3,7,3,09,10,2,1,0,1,1,0,0,0,0
"POINT (12.281989433000035 51.357923420000077)",Unfall 253020 (2024) Kat:3, Licht: 0,253020,3,3,5,09,16,2,0,0,1,1,0,0,0,0
"POINT (12.299632478000035 51.316210453000053)",Unfall 253021 (2024) Kat:3, Licht: 0,253021,3,3,0,09,15,2,0,0,1,0,0,0,0,1
"POINT (12.420770090000076 51.334617055000081)",Unfall 253022 (2024) Kat:3, Licht: 0,253022,3,3,5,09,08,2,1,0,0,1,0,0,0,0
"POINT (12.392365778000055 51.362389402000076)",Unfall 253023 (2024) Kat:3, Licht: 2,253023,3,7,1,09,23,2,1,2,0,1,0,0,0,0
"POINT (12.369345506000059 51.344206084000064)",Unfall 253024 (2024) Kat:3, Licht: 0,253024,3,7,6,09,12,2,0,0,1,0,1,0,0,0
"POINT (12.374647826000057 51.347755762000077)",Unfall 253038 (2024) Kat:3, Licht: 0,253038,3,3,5,09,12,1,0,0,1,1,0,0,0,0
"POINT (12.304582946000039 51.254840317000060)",Unfall 253039 (2024) Kat:3, Licht: 0,253039,3,7,6,09,15,1,0,0,0,1,1,0,0,0
"POINT (12.413715088000060 51.320013662000065)",Unfall 253040 (2024) Kat:3, Licht: 0,253040,3,3,5,09,09,7,0,0,0,1,0,0,0,0
"POINT (12.332773328000030 51.305070371000056)",Unfall 253041 (2024) Kat:3, Licht: 0,253041,3,5,1,09,09,1,0,0,1,1,0,0,0,0
"POINT (12.333869500000048 51.332250714000054)",Unfall 253051 (2024) Kat:3, Licht: 2,253051,3,4,6,09,00,7,0,2,0,1,1,0,0,0
"POINT (12.328233533000059 51.333547551000038)",Unfall 253057 (2024) Kat:3, Licht: 0,253057,3,3,5,09,11,6,0,0,1,1,0,0,0,0
"POINT (12.452166194000029 51.310313294000082)",Unfall 253058 (2024) Kat:3, Licht: 0,253058,3,3,5,09,15,6,0,0,1,1,0,0,0,0
"POINT (12.396463093000023 51.305436332000056)",Unfall 253059 (2024) Kat:3, Licht: 0,253059,3,2,5,09,09,6,0,0,1,1,0,0,0,0
"POINT (12.352605352000069 51.319454171000075)",Unfall 253060 (2024) Kat:3, Licht: 0,253060,3,3,5,09,16,1,0,0,1,1,0,0,0,0
"POINT (12.376900137000064 51.371088693000047)",Unfall 253061 (2024) Kat:3, Licht: 0,253061,3,2,2,09,13,6,0,0,1,1,0,0,0,0
"POINT (12.404212479000023 51.341639376000046)",Unfall 253062 (2024) Kat:3, Licht: 0,253062,3,6,2,09,10,6,0,0,1,0,0,0,0,1
"POINT (12.372978880000062 51.301376793000031)",Unfall 253065 (2024) Kat:3, Licht: 0,253065,3,3,5,09,14,6,0,0,1,1,0,0,0,0
"POINT (12.292155819000072 51.354854659000068)",Unfall 253066 (2024) Kat:3, Licht: 2,253066,3,3,5,09,20,6,0,2,0,1,0,0,0,0
"POINT (12.358461527000031 51.379206316000079)",Unfall 253067 (2024) Kat:3, Licht: 0,253067,3,2,0,09,12,6,0,0,1,1,0,0,0,0
"POINT (12.347379093000029 51.350506318000043)",Unfall 253086 (2024) Kat:3, Licht: 0,253086,3,3,5,09,08,5,0,0,1,1,0,0,0,0
"POINT (12.348686459000021 51.332118046000062)",Unfall 253087 (2024) Kat:3, Licht: 0,253087,3,2,4,09,16,5,0,0,1,1,0,0,0,0
"POINT (12.279601176000028 51.314804873000071)",Unfall 253088 (2024) Kat:2, Licht: 0,253088,2,3,5,09,16,5,0,0,1,1,0,0,0,0
"POINT (12.301543068000058 51.323943708000058)",Unfall 253089 (2024) Kat:3, Licht: 2,253089,3,1,0,09,21,5,0,2,0,0,0,0,0,1
"POINT (12.311825348000070 51.329241821000039)",Unfall 253091 (2024) Kat:3, Licht: 0,253091,3,7,7,09,15,5,0,0,1,0,0,0,0,0
"POINT (12.371138783000049 51.328931652000051)",Unfall 253092 (2024) Kat:2, Licht: 2,253092,2,3,5,09,22,5,0,2,1,1,0,0,0,0
"POINT (12.346548909000035 51.328957344000059)",Unfall 253108 (2024) Kat:3, Licht: 0,253108,3,2,4,09,16,4,0,0,1,1,0,0,0,0
"POINT (12.352656241000034 51.333072135000066)",Unfall 253109 (2024) Kat:3, Licht: 0,253109,3,6,2,09,09,4,0,0,1,0,0,0,0,0
"POINT (12.375105574000031 51.332808959000033)",Unfall 253110 (2024) Kat:3, Licht: 1,253110,3,6,4,09,05,4,0,1,1,1,0,0,0,0
"POINT (12.336684570000045 51.324222501000065)",Unfall 253111 (2024) Kat:3, Licht: 2,253111,3,3,5,09,21,4,0,2,1,0,0,0,0,0
"POINT (12.340533257000061 51.333266182000045)",Unfall 253112 (2024) Kat:3, Licht: 0,253112,3,7,2,09,12,4,0,0,0,1,0,0,0,0
"POINT (12.349836618000040 51.368883221000033)",Unfall 253113 (2024) Kat:3, Licht: 0,253113,3,5,1,09,15,4,0,0,1,1,0,0,0,0
"POINT (12.341173255000058 51.332344667000029)",Unfall 253114 (2024) Kat:2, Licht: 0,253114,2,3,5,09,14,4,0,0,1,1,0,0,0,0
"POINT (12.412102769000057 51.345206600000040)",Unfall 253115 (2024) Kat:2, Licht: 2,253115,2,1,0,09,23,4,0,2,1,0,0,0,0,0
"POINT (12.429262462000054 51.331036135000033)",Unfall 253116 (2024) Kat:3, Licht: 0,253116,3,3,5,09,15,4,0,0,0,1,0,0,0,0
"POINT (12.335980979000055 51.336634931000049)",Unfall 253130 (2024) Kat:2, Licht: 0,253130,2,7,4,09,13,3,0,0,1,0,0,0,0,0
"POINT (12.305982181000047 51.325191134000079)",Unfall 253132 (2024) Kat:3, Licht: 1,253132,3,3,5,09,05,3,0,1,1,1,0,0,0,0
"POINT (12.326395476000073 51.307937394000078)",Unfall 253134 (2024) Kat:3, Licht: 0,253134,3,3,5,09,16,3,0,0,1,1,0,0,0,0
"POINT (12.478227093000044 51.341475699000057)",Unfall 253158 (2024) Kat:3, Licht: 0,253158,3,3,5,09,07,2,0,0,1,1,0,0,0,0
"POINT (12.373673311000061 51.330511764000050)",Unfall 253160 (2024) Kat:3, Licht: 0,253160,3,3,5,09,19,2,0,0,1,1,0,0,0,0
"POINT (12.407666776000042 51.339304495000079)",Unfall 253161 (2024) Kat:3, Licht: 0,253161,3,2,5,09,07,2,0,0,0,1,0,1,0,0
"POINT (12.327170999000032 51.329607344000067)",Unfall 253162 (2024) Kat:3, Licht: 0,253162,3,2,4,09,19,2,0,0,1,1,0,0,0,0
"POINT (12.396280676000060 51.310292568000079)",Unfall 253163 (2024) Kat:3, Licht: 0,253163,3,2,6,09,10,2,0,0,0,1,1,0,0,0
"POINT (12.398352890000069 51.301687172000072)",Unfall 253164 (2024) Kat:3, Licht: 0,253164,3,4,6,09,11,2,0,0,1,0,1,0,0,0
"POINT (12.408982511000033 51.352122824000048)",Unfall 253165 (2024) Kat:3, Licht: 2,253165,3,5,1,09,20,2,0,2,0,1,0,0,0,0
"POINT (12.407946969000022 51.335620665000079)",Unfall 253166 (2024) Kat:3, Licht: 0,253166,3,6,3,09,17,2,0,0,0,1,0,0,0,1
"POINT (12.365055743000028 51.376197188000049)",Unfall 253168 (2024) Kat:3, Licht: 0,253168,3,7,1,09,15,2,0,0,0,1,0,0,0,0
"POINT (12.369359380000049 51.344178667000051)",Unfall 253177 (2024) Kat:3, Licht: 0,253177,3,2,3,09,15,3,0,0,1,1,0,0,0,0
"POINT (12.384070737000059 51.328162892000080)",Unfall 253180 (2024) Kat:3, Licht: 2,253180,3,1,1,09,01,1,0,2,1,1,0,0,0,0
"POINT (12.322395011000026 51.349987818000045)",Unfall 253181 (2024) Kat:3, Licht: 0,253181,3,7,7,09,17,1,0,0,1,0,0,0,0,1
"POINT (12.298994232000041 51.413206679000041)",Unfall 253182 (2024) Kat:3, Licht: 0,253182,3,3,5,09,15,1,0,0,0,1,0,1,0,0
"POINT (12.334880655000063 51.320482204000029)",Unfall 253183 (2024) Kat:3, Licht: 0,253183,3,1,1,09,14,1,0,0,1,1,0,0,0,0
"POINT (12.382090998000024 51.338760024000067)",Unfall 253184 (2024) Kat:3, Licht: 2,253184,3,6,3,09,00,1,0,2,0,1,0,0,0,0
"POINT (12.368256871000028 51.346971783000072)",Unfall 253196 (2024) Kat:3, Licht: 2,253196,3,7,0,08,23,7,0,2,1,0,0,0,0,0
"POINT (12.426681744000064 51.343468809000058)",Unfall 253197 (2024) Kat:3, Licht: 0,253197,3,3,5,08,12,7,0,0,1,0,0,0,1,0
"POINT (12.371279547000029 51.344480082000075)",Unfall 253216 (2024) Kat:3, Licht: 2,253216,3,6,2,08,21,6,0,2,1,1,0,0,0,0
"POINT (12.369065960000057 51.331630796000070)",Unfall 253217 (2024) Kat:2, Licht: 2,253217,2,7,0,08,21,6,0,2,1,0,0,0,0,0
"POINT (12.319341225000073 51.331818725000062)",Unfall 253218 (2024) Kat:2, Licht: 0,253218,2,4,6,08,09,6,0,0,0,0,1,0,0,1
"POINT (12.378412476000051 51.346840186000065)",Unfall 253233 (2024) Kat:3, Licht: 1,253233,3,1,0,08,20,5,0,1,1,0,0,0,0,0
"POINT (12.303135853000072 51.314383227000064)",Unfall 253234 (2024) Kat:3, Licht: 0,253234,3,2,0,08,12,5,0,0,0,1,0,0,0,1
"POINT (12.317601455000045 51.332158074000063)",Unfall 253235 (2024) Kat:3, Licht: 0,253235,3,7,1,08,17,5,0,0,1,1,0,0,0,0
"POINT (12.316380248000030 51.320441103000064)",Unfall 253236 (2024) Kat:3, Licht: 0,253236,3,6,3,08,07,5,0,0,0,1,0,1,0,0
"POINT (12.329499802000043 51.322706766000067)",Unfall 253237 (2024) Kat:3, Licht: 0,253237,3,3,5,08,18,5,0,0,0,1,0,0,0,0
"POINT (12.401745768000069 51.340395043000058)",Unfall 253238 (2024) Kat:3, Licht: 0,253238,3,3,5,08,12,5,0,0,1,1,0,0,0,0
"POINT (12.412784015000057 51.341565101000072)",Unfall 253239 (2024) Kat:3, Licht: 0,253239,3,3,5,08,13,5,0,0,1,1,0,0,0,0
"POINT (12.384728379000023 51.365769747000058)",Unfall 253240 (2024) Kat:3, Licht: 0,253240,3,7,6,08,09,5,0,0,1,0,1,0,0,0
"POINT (12.353936482000051 51.382194156000025)",Unfall 253241 (2024) Kat:3, Licht: 0,253241,3,6,1,08,07,5,0,0,1,0,0,0,0,0
"POINT (12.375480723000067 51.365615717000026)",Unfall 253242 (2024) Kat:3, Licht: 0,253242,3,6,2,08,10,5,0,0,0,1,0,0,0,0
"POINT (12.380747484000040 51.350271019000047)",Unfall 253243 (2024) Kat:3, Licht: 0,253243,3,6,2,08,15,5,0,0,0,1,0,0,0,0
"POINT (12.381935449000025 51.338823418000061)",Unfall 253244 (2024) Kat:3, Licht: 0,253244,3,2,5,08,15,5,0,0,0,1,0,1,0,0
"POINT (12.370729785000037 51.328328441000053)",Unfall 253247 (2024) Kat:3, Licht: 0,253247,3,6,2,08,15,5,0,0,0,1,0,0,0,0
"POINT (12.370654297000044 51.335232179000059)",Unfall 253248 (2024) Kat:3, Licht: 0,253248,3,6,2,08,08,5,0,0,0,1,0,0,0,0
"POINT (12.458452528000066 51.351838716000032)",Unfall 253249 (2024) Kat:3, Licht: 0,253249,3,2,4,08,10,5,0,0,0,1,0,0,0,1
"POINT (12.404524996000077 51.345605504000048)",Unfall 253268 (2024) Kat:3, Licht: 0,253268,3,3,5,08,15,4,0,0,0,1,0,0,0,0
"POINT (12.376962807000041 51.343912942000031)",Unfall 253269 (2024) Kat:3, Licht: 0,253269,3,7,0,08,17,4,0,0,1,0,0,0,0,0
"POINT (12.391534985000021 51.289452956000048)",Unfall 253270 (2024) Kat:3, Licht: 0,253270,3,7,0,08,18,4,0,0,1,0,0,0,0,0
"POINT (12.472182494000037 51.382713321000040)",Unfall 253271 (2024) Kat:3, Licht: 0,253271,3,3,5,08,12,4,0,0,1,0,0,0,0,1
"POINT (12.373689306000074 51.320562886000062)",Unfall 253272 (2024) Kat:3, Licht: 0,253272,3,2,3,08,16,4,0,0,1,1,0,0,0,0
"POINT (12.405281070000058 51.338091780000070)",Unfall 253273 (2024) Kat:3, Licht: 0,253273,3,7,4,08,14,4,0,0,0,1,0,0,0,1
"POINT (12.315147107000030 51.349352605000036)",Unfall 253283 (2024) Kat:3, Licht: 0,253283,3,2,4,08,10,3,0,0,0,1,0,0,0,0
"POINT (12.266198011000029 51.307351444000062)",Unfall 253284 (2024) Kat:3, Licht: 0,253284,3,6,2,08,16,3,0,0,0,1,0,0,0,0
"POINT (12.371134584000060 51.336005858000078)",Unfall 253285 (2024) Kat:3, Licht: 0,253285,3,6,1,08,13,3,0,0,0,1,0,0,0,0
"POINT (12.335457647000055 51.338550166000061)",Unfall 253294 (2024) Kat:3, Licht: 0,253294,3,7,0,08,17,5,0,0,1,0,0,0,0,1
"POINT (12.384534215000031 51.337135533000037)",Unfall 253299 (2024) Kat:3, Licht: 0,253299,3,6,4,08,17,2,0,0,1,0,1,0,0,0
"POINT (12.360099521000052 51.333820859000070)",Unfall 253300 (2024) Kat:3, Licht: 2,253300,3,3,5,08,22,2,0,2,1,1,0,0,0,0
"POINT (12.377165412000068 51.333213664000027)",Unfall 253323 (2024) Kat:3, Licht: 0,253323,3,2,3,08,17,1,0,0,0,1,0,0,0,1
"POINT (12.373425560000044 51.329137485000047)",Unfall 253324 (2024) Kat:3, Licht: 0,253324,3,7,0,08,07,1,0,0,1,0,0,0,0,0
"POINT (12.408259406000070 51.336100480000027)",Unfall 253325 (2024) Kat:3, Licht: 2,253325,3,6,2,08,01,1,0,2,0,1,0,0,0,0
"POINT (12.328063203000056 51.301758757000073)",Unfall 253336 (2024) Kat:3, Licht: 0,253336,3,1,0,08,16,7,0,0,1,0,0,0,0,0
"POINT (12.426906405000068 51.343144165000069)",Unfall 253337 (2024) Kat:3, Licht: 0,253337,3,5,1,08,12,7,0,0,1,1,0,0,0,0
"POINT (12.417963826000062 51.311410906000049)",Unfall 253338 (2024) Kat:3, Licht: 0,253338,3,4,6,08,15,7,0,0,0,0,1,1,0,1
"POINT (12.418409508000025 51.384069006000061)",Unfall 253339 (2024) Kat:3, Licht: 0,253339,3,6,6,08,07,7,0,0,0,1,1,0,0,0
"POINT (12.364042179000023 51.362754918000064)",Unfall 253340 (2024) Kat:3, Licht: 0,253340,3,4,6,08,10,7,0,0,0,0,1,0,0,1
"POINT (12.309301072000039 51.268991330000063)",Unfall 253341 (2024) Kat:3, Licht: 0,253341,3,7,5,08,10,7,0,0,0,1,0,1,0,0
"POINT (12.264376306000031 51.334708170000056)",Unfall 253356 (2024) Kat:3, Licht: 0,253356,3,3,5,08,13,6,0,0,0,1,0,0,0,0
"POINT (12.480882167000061 51.334863462000044)",Unfall 253357 (2024) Kat:3, Licht: 0,253357,3,3,5,08,12,6,0,0,1,1,0,0,0,0
"POINT (12.463801342000068 51.263843515000076)",Unfall 253359 (2024) Kat:3, Licht: 0,253359,3,6,2,08,12,6,0,0,0,1,0,0,0,0
"POINT (12.387966524000035 51.353242699000077)",Unfall 253360 (2024) Kat:2, Licht: 0,253360,2,7,0,08,12,6,0,0,0,0,0,1,0,0
"POINT (12.352109430000041 51.333497986000054)",Unfall 253367 (2024) Kat:3, Licht: 0,253367,3,1,5,08,07,3,0,0,1,0,0,0,0,0
"POINT (12.403105357000072 51.338726009000027)",Unfall 253380 (2024) Kat:3, Licht: 0,253380,3,6,0,08,16,5,0,0,0,0,0,0,0,1
"POINT (12.378329751000024 51.334560702000033)",Unfall 253381 (2024) Kat:3, Licht: 0,253381,3,3,5,08,10,5,0,0,1,1,0,0,0,0
"POINT (12.389769944000022 51.351755521000030)",Unfall 253382 (2024) Kat:2, Licht: 0,253382,2,1,8,08,13,5,0,0,1,0,0,0,0,0
"POINT (12.317949411000029 51.379304848000061)",Unfall 253383 (2024) Kat:2, Licht: 0,253383,2,3,5,08,15,5,0,0,0,1,0,0,0,0
"POINT (12.475389243000052 51.345625758000040)",Unfall 253384 (2024) Kat:3, Licht: 0,253384,3,3,5,08,18,5,0,0,1,1,0,0,0,0
"POINT (12.394606869000029 51.292309851000027)",Unfall 253399 (2024) Kat:3, Licht: 0,253399,3,6,3,08,15,4,0,0,1,1,0,0,0,0
"POINT (12.371462545000043 51.361886447000074)",Unfall 253402 (2024) Kat:2, Licht: 0,253402,2,6,2,08,11,4,0,0,0,1,0,0,0,0
"POINT (12.325512389000039 51.386978142000032)",Unfall 253410 (2024) Kat:3, Licht: 0,253410,3,3,5,09,12,6,0,0,1,1,0,0,0,0
"POINT (12.389450324000052 51.335878436000030)",Unfall 253417 (2024) Kat:3, Licht: 0,253417,3,4,6,08,11,3,0,0,1,0,1,0,0,0
"POINT (12.366598340000053 51.329671891000032)",Unfall 253418 (2024) Kat:3, Licht: 0,253418,3,3,5,08,17,3,0,0,0,1,0,0,0,0
"POINT (12.367785634000029 51.345477126000048)",Unfall 253419 (2024) Kat:3, Licht: 0,253419,3,3,4,08,10,3,0,0,1,0,0,0,1,0
"POINT (12.412397514000077 51.333424096000044)",Unfall 253420 (2024) Kat:3, Licht: 0,253420,3,2,3,08,09,3,0,0,1,1,0,0,0,0
"POINT (12.355114721000064 51.364854185000070)",Unfall 253421 (2024) Kat:3, Licht: 0,253421,3,1,0,08,16,3,0,0,1,0,0,0,0,0
"POINT (12.399501119000035 51.359247773000050)",Unfall 253423 (2024) Kat:3, Licht: 2,253423,3,2,4,08,22,3,0,2,0,1,0,1,0,0
"POINT (12.365471261000039 51.362618258000055)",Unfall 253424 (2024) Kat:3, Licht: 0,253424,3,6,3,08,15,3,0,0,1,1,0,0,0,0
"POINT (12.361134319000030 51.361712504000081)",Unfall 253426 (2024) Kat:3, Licht: 0,253426,3,2,4,08,18,3,0,0,0,1,0,0,0,1
"POINT (12.311724370000036 51.347664546000033)",Unfall 253427 (2024) Kat:2, Licht: 0,253427,2,2,4,08,14,3,0,0,1,1,0,0,0,0
"POINT (12.378844944000036 51.381121295000071)",Unfall 253438 (2024) Kat:3, Licht: 1,253438,3,6,4,08,05,5,0,1,1,1,0,0,0,0
"POINT (12.405732048000061 51.351532069000029)",Unfall 253441 (2024) Kat:2, Licht: 0,253441,2,3,4,08,11,2,0,0,0,1,0,0,0,1
"POINT (12.366617558000030 51.325524137000059)",Unfall 253442 (2024) Kat:3, Licht: 0,253442,3,6,2,08,15,2,0,0,0,1,0,0,0,0
"POINT (12.394760334000068 51.376365820000046)",Unfall 253464 (2024) Kat:3, Licht: 0,253464,3,7,2,09,14,7,0,0,1,1,0,0,0,0
"POINT (12.385069655000052 51.338323274000061)",Unfall 253467 (2024) Kat:3, Licht: 0,253467,3,7,6,08,16,7,0,0,1,0,1,0,0,0
"POINT (12.355526373000032 51.338064066000072)",Unfall 253482 (2024) Kat:3, Licht: 0,253482,3,6,2,08,13,6,0,0,0,1,0,1,0,0
"POINT (12.339728184000023 51.336294860000066)",Unfall 253483 (2024) Kat:3, Licht: 0,253483,3,3,5,08,07,6,0,0,1,0,0,0,0,1
"POINT (12.323093273000040 51.302817403000063)",Unfall 253484 (2024) Kat:2, Licht: 0,253484,2,5,5,08,10,6,0,0,0,1,0,1,0,0
"POINT (12.372305647000076 51.349599417000036)",Unfall 253486 (2024) Kat:2, Licht: 0,253486,2,2,4,08,10,6,0,0,1,1,0,0,0,0
"POINT (12.391351902000054 51.334881517000042)",Unfall 253487 (2024) Kat:2, Licht: 2,253487,2,2,5,08,23,6,0,2,0,1,0,1,0,0
"POINT (12.310251440000059 51.317722621000030)",Unfall 253506 (2024) Kat:3, Licht: 0,253506,3,3,5,09,12,4,0,0,1,1,0,0,0,0
"POINT (12.339954685000066 51.337230281000075)",Unfall 253509 (2024) Kat:3, Licht: 0,253509,3,7,6,08,17,5,0,0,0,0,1,0,0,1
"POINT (12.377961536000043 51.334095224000066)",Unfall 253510 (2024) Kat:3, Licht: 0,253510,3,3,5,08,14,5,0,0,1,0,0,0,0,1
"POINT (12.398740780000026 51.345919377000030)",Unfall 253512 (2024) Kat:3, Licht: 0,253512,3,2,2,08,14,5,0,0,0,1,0,0,0,0
"POINT (12.345740821000049 51.327631843000063)",Unfall 253513 (2024) Kat:3, Licht: 0,253513,3,7,1,08,09,5,0,0,0,1,0,0,0,0
"POINT (12.371487339000055 51.320580177000068)",Unfall 253514 (2024) Kat:3, Licht: 0,253514,3,2,3,08,11,5,0,0,1,1,0,0,0,0
"POINT (12.392515614000047 51.381572392000066)",Unfall 253515 (2024) Kat:3, Licht: 0,253515,3,5,1,08,20,4,0,0,1,1,0,0,0,0
"POINT (12.399270182000066 51.363463926000065)",Unfall 253516 (2024) Kat:3, Licht: 0,253516,3,2,3,08,16,5,0,0,1,0,0,0,0,1
"POINT (12.358667932000060 51.341982261000055)",Unfall 253517 (2024) Kat:3, Licht: 0,253517,3,6,2,09,08,5,0,0,1,1,0,0,0,0
"POINT (12.441486619000045 51.331131066000069)",Unfall 253518 (2024) Kat:3, Licht: 0,253518,3,6,3,08,09,5,0,0,0,0,0,1,0,1
"POINT (12.424972817000025 51.369017647000078)",Unfall 253519 (2024) Kat:3, Licht: 0,253519,3,3,5,08,15,5,0,0,0,1,0,0,0,1
"POINT (12.373392902000035 51.328637122000032)",Unfall 253520 (2024) Kat:3, Licht: 0,253520,3,6,2,08,10,5,0,0,0,1,0,1,0,0
"POINT (12.378537292000033 51.346532449000051)",Unfall 253537 (2024) Kat:3, Licht: 2,253537,3,1,0,08,03,4,0,2,1,0,0,0,0,0
"POINT (12.338990799000044 51.332825598000056)",Unfall 253538 (2024) Kat:3, Licht: 0,253538,3,4,6,09,10,6,0,0,0,0,1,0,0,1