WKT,Name,OBJECTID,UKATEGORIE,UTYP1,UART,UMONAT,USTUNDE,UWOCHENTAG,STRZUSTAND,ULICHTVERH,ISTRAD,ISTPKW,ISTFUSS,ISTKRAD,ISTGKFZ,ISTSONSTIG
"POINT (12.388098051000043 51.338134326000045)",Unfall 253539 (2024) Kat:3, Licht: 0,253539,3,7,5,08,12,4,0,0,1,1,0,0,0,0
"POINT (12.336471338000024 51.319047127000033)",Unfall 253540 (2024) Kat:3, Licht: 0,253540,3,3,5,08,10,4,0,0,1,1,0,0,0,0
"POINT (12.388182895000057 51.353517933000035)",Unfall 253541 (2024) Kat:3, Licht: 0,253541,3,3,5,08,15,4,0,0,1,1,0,0,0,0
"POINT (12.420453306000070 51.354318261000060)",Unfall 253543 (2024) Kat:3, Licht: 2,253543,3,3,5,08,04,4,0,2,0,1,0,0,0,1
"POINT (12.342730275000065 51.350819854000065)",Unfall 253558 (2024) Kat:3, Licht: 0,253558,3,3,5,08,10,3,0,0,1,0,0,0,0,1
"POINT (12.420162464000043 51.325645173000055)",Unfall 253559 (2024) Kat:3, Licht: 0,253559,3,5,1,08,09,3,0,0,0,1,0,0,0,0
"POINT (12.362156969000068 51.303817960000060)",Unfall 253580 (2024) Kat:3, Licht: 0,253580,3,6,4,08,15,2,0,0,1,0,0,0,0,0
"POINT (12.304806669000072 51.333872158000077)",Unfall 253581 (2024) Kat:3, Licht: 0,253581,3,2,5,08,11,2,0,0,1,1,0,0,0,0
"POINT (12.381157853000047 51.305738884000050)",Unfall 253582 (2024) Kat:3, Licht: 1,253582,3,5,0,08,20,2,0,1,1,0,0,0,0,1
"POINT (12.312902176000023 51.374629647000063)",Unfall 253583 (2024) Kat:3, Licht: 0,253583,3,3,5,08,05,2,0,0,0,1,0,1,0,0
"POINT (12.394992499000068 51.339100286000075)",Unfall 253611 (2024) Kat:3, Licht: 0,253611,3,1,0,08,14,1,0,0,1,0,0,0,0,0
"POINT (12.408010418000060 51.335702237000078)",Unfall 253612 (2024) Kat:3, Licht: 0,253612,3,6,3,08,13,1,0,0,1,1,0,0,0,0
"POINT (12.373639436000076 51.322221399000057)",Unfall 253613 (2024) Kat:3, Licht: 0,253613,3,5,1,08,14,1,0,0,1,0,0,1,0,0
"POINT (12.357788137000057 51.379607039000064)",Unfall 253614 (2024) Kat:3, Licht: 0,253614,3,3,5,08,15,1,0,0,1,1,0,0,0,0
"POINT (12.394513486000051 51.336784044000069)",Unfall 253625 (2024) Kat:3, Licht: 0,253625,3,6,3,08,12,7,0,0,0,1,0,0,0,0
"POINT (12.329188751000061 51.342814561000068)",Unfall 253626 (2024) Kat:3, Licht: 1,253626,3,4,6,08,20,7,0,1,0,1,1,0,0,0
"POINT (12.314364754000053 51.348799305000057)",Unfall 253627 (2024) Kat:3, Licht: 2,253627,3,1,0,08,00,7,0,2,1,0,0,0,0,0
"POINT (12.379436613000053 51.326838971000029)",Unfall 253628 (2024) Kat:3, Licht: 0,253628,3,1,0,08,18,7,0,0,1,0,0,0,0,0
"POINT (12.338419442000031 51.327194910000060)",Unfall 253629 (2024) Kat:3, Licht: 0,253629,3,3,5,08,14,7,0,0,1,1,0,0,0,0
"POINT (12.423678706000032 51.319916816000045)",Unfall 253630 (2024) Kat:3, Licht: 0,253630,3,3,5,08,11,7,0,0,1,1,0,0,0,0
"POINT (12.395912095000028 51.310890874000052)",Unfall 253631 (2024) Kat:3, Licht: 0,253631,3,3,0,08,13,7,0,0,1,1,0,0,0,0
"POINT (12.365667042000041 51.321046905000060)",Unfall 253632 (2024) Kat:3, Licht: 0,253632,3,1,0,08,10,7,0,0,1,0,0,0,0,0
"POINT (12.381677082000067 51.338710666000054)",Unfall 253649 (2024) Kat:3, Licht: 0,253649,3,2,5,08,17,6,0,0,1,1,0,0,0,0
"POINT (12.382171365000033 51.338885973000060)",Unfall 253650 (2024) Kat:3, Licht: 1,253650,3,1,0,08,20,6,0,1,1,0,0,0,0,0
"POINT (12.385458705000076 51.376155828000037)",Unfall 253651 (2024) Kat:3, Licht: 0,253651,3,2,5,08,13,6,0,0,1,0,0,0,0,1
"POINT (12.356909287000065 51.360083489000033)",Unfall 253652 (2024) Kat:3, Licht: 0,253652,3,3,4,08,08,6,0,0,1,1,0,0,0,0
"POINT (12.360250402000077 51.368023184000037)",Unfall 253655 (2024) Kat:3, Licht: 0,253655,3,7,1,08,13,6,0,0,0,1,0,0,0,0
"POINT (12.402542935000042 51.340811927000061)",Unfall 253677 (2024) Kat:2, Licht: 2,253677,2,1,1,08,01,5,0,2,1,1,0,0,0,0
"POINT (12.398342908000075 51.339218214000027)",Unfall 253678 (2024) Kat:3, Licht: 0,253678,3,3,5,08,16,5,0,0,1,1,0,0,0,0
"POINT (12.373272587000031 51.367083643000058)",Unfall 253681 (2024) Kat:3, Licht: 0,253681,3,3,5,08,08,5,0,0,0,1,0,0,0,1
"POINT (12.371622479000052 51.361985445000073)",Unfall 253682 (2024) Kat:2, Licht: 0,253682,2,7,0,08,09,5,0,0,1,0,0,0,0,0
"POINT (12.428459735000047 51.379697764000070)",Unfall 253683 (2024) Kat:3, Licht: 0,253683,3,6,2,08,12,5,0,0,0,1,0,0,0,0
"POINT (12.424949587000071 51.352648219000059)",Unfall 253684 (2024) Kat:3, Licht: 0,253684,3,6,1,08,15,5,0,0,1,1,0,0,0,0
"POINT (12.409943143000021 51.372300417000076)",Unfall 253686 (2024) Kat:3, Licht: 0,253686,3,3,5,08,12,5,0,0,0,1,0,0,0,0
"POINT (12.401036745000056 51.328374769000050)",Unfall 253708 (2024) Kat:2, Licht: 0,253708,2,4,6,08,13,4,0,0,1,0,1,0,0,0
"POINT (12.334742533000053 51.320264660000078)",Unfall 253710 (2024) Kat:3, Licht: 0,253710,3,2,4,08,17,4,0,0,1,1,0,0,0,0
"POINT (12.390016625000044 51.365713171000039)",Unfall 253711 (2024) Kat:3, Licht: 0,253711,3,3,5,08,06,4,0,0,0,1,0,1,0,0
"POINT (12.353744827000071 51.362569647000043)",Unfall 253712 (2024) Kat:3, Licht: 0,253712,3,5,1,08,13,4,0,0,1,1,0,0,0,0
"POINT (12.368110740000077 51.353974933000075)",Unfall 253713 (2024) Kat:3, Licht: 0,253713,3,4,6,08,17,4,0,0,1,0,1,0,0,0
"POINT (12.343506964000028 51.325733939000031)",Unfall 253714 (2024) Kat:3, Licht: 0,253714,3,7,6,08,09,4,0,0,0,1,1,0,0,0
"POINT (12.369214620000037 51.356620728000053)",Unfall 253715 (2024) Kat:3, Licht: 0,253715,3,3,5,09,06,2,1,0,1,1,0,0,0,0
"POINT (12.459171588000061 51.353124463000029)",Unfall 253728 (2024) Kat:3, Licht: 0,253728,3,3,5,09,18,1,0,0,0,1,0,0,0,1
"POINT (12.384448200000065 51.352293554000028)",Unfall 253739 (2024) Kat:3, Licht: 0,253739,3,1,0,08,10,3,0,0,1,0,0,0,0,0
"POINT (12.361678975000075 51.332478734000063)",Unfall 253740 (2024) Kat:3, Licht: 0,253740,3,6,4,08,07,3,0,0,1,0,0,0,0,0
"POINT (12.459089188000064 51.353076904000034)",Unfall 253743 (2024) Kat:3, Licht: 0,253743,3,4,6,08,16,3,0,0,0,0,1,0,0,1
"POINT (12.430854423000028 51.365695106000032)",Unfall 253744 (2024) Kat:3, Licht: 0,253744,3,2,4,08,08,3,0,0,0,1,0,0,0,0
"POINT (12.420050470000035 51.379153176000045)",Unfall 253745 (2024) Kat:3, Licht: 0,253745,3,2,4,08,06,3,0,0,1,1,0,0,0,0
"POINT (12.370826194000074 51.336382571000058)",Unfall 253747 (2024) Kat:3, Licht: 0,253747,3,2,4,08,10,3,0,0,1,1,0,0,0,0
"POINT (12.362400099000070 51.361570754000070)",Unfall 253748 (2024) Kat:3, Licht: 0,253748,3,1,0,08,18,3,0,0,1,0,0,0,0,0
"POINT (12.450287768000067 51.366363132000060)",Unfall 253749 (2024) Kat:2, Licht: 2,253749,2,1,0,08,16,3,0,2,1,0,0,0,0,0
"POINT (12.377612095000075 51.348816011000054)",Unfall 253765 (2024) Kat:3, Licht: 0,253765,3,6,2,08,07,2,0,0,0,1,0,1,0,0
"POINT (12.331937527000036 51.340292465000061)",Unfall 253777 (2024) Kat:3, Licht: 0,253777,3,2,3,09,07,4,0,0,1,1,0,0,0,0
"POINT (12.301505493000036 51.345431145000077)",Unfall 253778 (2024) Kat:3, Licht: 0,253778,3,4,6,08,07,2,0,0,0,1,1,0,0,0
"POINT (12.284849081000061 51.360416508000071)",Unfall 253780 (2024) Kat:3, Licht: 0,253780,3,3,5,08,16,2,0,0,0,1,0,0,0,1
"POINT (12.450873844000057 51.302571381000064)",Unfall 253781 (2024) Kat:3, Licht: 0,253781,3,3,5,09,08,5,0,0,0,1,0,0,0,1
"POINT (12.385097910000070 51.328175547000058)",Unfall 253783 (2024) Kat:3, Licht: 0,253783,3,6,2,08,19,2,0,0,0,1,0,0,0,0
"POINT (12.367058981000071 51.325467190000040)",Unfall 253785 (2024) Kat:3, Licht: 0,253785,3,2,5,08,07,2,0,0,1,1,0,0,0,0
"POINT (12.380637557000057 51.306558673000040)",Unfall 253786 (2024) Kat:2, Licht: 0,253786,2,2,5,08,10,2,0,0,1,1,0,0,0,0
"POINT (12.479207640000027 51.346105261000048)",Unfall 253787 (2024) Kat:3, Licht: 0,253787,3,6,2,08,15,2,0,0,0,1,0,0,0,0
"POINT (12.369656980000059 51.324492582000062)",Unfall 253797 (2024) Kat:3, Licht: 0,253797,3,2,5,09,06,5,0,0,1,1,0,0,0,0
"POINT (12.376533733000031 51.353376985000068)",Unfall 253806 (2024) Kat:2, Licht: 0,253806,2,1,0,08,19,1,0,0,1,0,0,0,0,0
"POINT (12.337787452000043 51.330978627000036)",Unfall 253807 (2024) Kat:3, Licht: 0,253807,3,1,8,08,15,1,1,0,0,1,0,0,0,0
"POINT (12.306870171000071 51.346301259000029)",Unfall 253816 (2024) Kat:2, Licht: 0,253816,2,1,8,08,18,2,0,0,0,0,0,1,0,0
"POINT (12.263841155000023 51.306930782000052)",Unfall 253818 (2024) Kat:3, Licht: 0,253818,3,2,3,08,13,7,0,0,0,1,0,0,0,1
"POINT (12.445956782000053 51.332429907000062)",Unfall 253819 (2024) Kat:3, Licht: 2,253819,3,1,0,08,21,7,0,2,1,0,0,0,0,0
"POINT (12.309216035000077 51.347405663000075)",Unfall 253831 (2024) Kat:3, Licht: 0,253831,3,1,8,08,19,6,0,0,0,1,0,0,0,0
"POINT (12.396628733000057 51.353616862000081)",Unfall 253832 (2024) Kat:3, Licht: 0,253832,3,2,1,08,14,6,0,0,0,1,0,0,0,0
"POINT (12.268250621000050 51.307909045000031)",Unfall 253833 (2024) Kat:3, Licht: 0,253833,3,2,4,08,11,6,1,0,0,1,0,0,0,0
"POINT (12.312693611000043 51.326036857000076)",Unfall 253848 (2024) Kat:3, Licht: 2,253848,3,1,0,08,02,5,0,2,1,0,0,0,0,0
"POINT (12.312904911000032 51.309026129000074)",Unfall 253849 (2024) Kat:3, Licht: 0,253849,3,3,5,08,06,5,0,0,1,1,0,0,0,0
"POINT (12.385461729000042 51.376119421000055)",Unfall 253850 (2024) Kat:3, Licht: 0,253850,3,3,5,08,07,5,0,0,1,1,0,0,0,0
"POINT (12.433439747000023 51.390364452000028)",Unfall 253851 (2024) Kat:3, Licht: 0,253851,3,3,5,08,16,5,0,0,1,1,0,0,0,0
"POINT (12.372972173000051 51.301364219000050)",Unfall 253853 (2024) Kat:3, Licht: 0,253853,3,3,5,08,17,5,0,0,1,1,0,0,0,0
"POINT (12.319970477000027 51.330317188000038)",Unfall 253856 (2024) Kat:2, Licht: 0,253856,2,2,4,08,15,5,0,0,0,1,0,1,0,0
"POINT (12.479327267000031 51.350058705000038)",Unfall 253857 (2024) Kat:3, Licht: 0,253857,3,3,5,08,12,5,0,0,0,1,0,0,0,0
"POINT (12.262513089000038 51.301699166000049)",Unfall 253870 (2024) Kat:2, Licht: 0,253870,2,5,0,07,10,4,0,0,1,1,0,0,0,0
"POINT (12.462340325000071 51.351482252000039)",Unfall 253871 (2024) Kat:3, Licht: 0,253871,3,2,5,07,20,4,0,0,0,1,0,0,0,0
"POINT (12.480882167000061 51.334863462000044)",Unfall 253872 (2024) Kat:3, Licht: 0,253872,3,6,2,07,17,4,0,0,0,1,0,0,0,0
"POINT (12.336502267000071 51.370161924000058)",Unfall 253873 (2024) Kat:3, Licht: 0,253873,3,3,0,07,05,4,0,0,0,1,0,1,0,0
"POINT (12.262770771000021 51.344668795000075)",Unfall 253874 (2024) Kat:3, Licht: 0,253874,3,1,0,07,11,4,0,0,1,0,0,0,0,0
"POINT (12.343472972000029 51.367669959000068)",Unfall 253875 (2024) Kat:3, Licht: 0,253875,3,2,5,07,16,4,0,0,1,1,0,0,0,0
"POINT (12.410238122000067 51.331133189000070)",Unfall 253876 (2024) Kat:2, Licht: 0,253876,2,2,4,07,07,4,0,0,1,1,0,0,0,0
"POINT (12.408855067000047 51.359947260000069)",Unfall 253889 (2024) Kat:3, Licht: 0,253889,3,1,0,07,16,3,0,0,1,0,0,0,0,0
"POINT (12.277920187000063 51.319032862000029)",Unfall 253890 (2024) Kat:3, Licht: 0,253890,3,7,0,07,14,3,0,0,0,0,0,0,0,1
"POINT (12.310087806000070 51.278938422000067)",Unfall 253891 (2024) Kat:3, Licht: 2,253891,3,7,5,07,22,3,0,2,0,1,0,0,0,0
"POINT (12.361201621000077 51.361704907000046)",Unfall 253893 (2024) Kat:3, Licht: 0,253893,3,3,5,07,18,3,0,0,1,1,0,0,0,0
"POINT (12.433577466000031 51.344140235000054)",Unfall 253894 (2024) Kat:3, Licht: 0,253894,3,6,4,08,13,5,0,0,1,0,0,0,0,0
"POINT (12.421574544000066 51.352554296000051)",Unfall 253896 (2024) Kat:2, Licht: 0,253896,2,4,6,07,17,3,0,0,0,0,1,0,0,1
"POINT (12.373137387000043 51.310885445000054)",Unfall 253897 (2024) Kat:1, Licht: 1,253897,1,7,6,07,03,3,0,1,0,0,1,0,1,0
"POINT (12.370604278000030 51.361385887000040)",Unfall 253909 (2024) Kat:3, Licht: 0,253909,3,4,6,08,11,2,0,0,0,0,1,0,0,1
"POINT (12.371075332000032 51.335369908000075)",Unfall 253922 (2024) Kat:3, Licht: 0,253922,3,2,3,07,09,2,0,0,1,1,0,0,0,0
"POINT (12.378619460000039 51.346329861000072)",Unfall 253923 (2024) Kat:3, Licht: 0,253923,3,1,0,07,06,2,0,0,1,0,0,0,0,0
"POINT (12.383855764000032 51.300586656000064)",Unfall 253924 (2024) Kat:3, Licht: 0,253924,3,5,1,07,17,2,0,0,1,1,0,0,0,0
"POINT (12.373313349000057 51.311143102000074)",Unfall 253925 (2024) Kat:3, Licht: 0,253925,3,7,6,07,20,2,0,0,0,0,1,0,0,1
"POINT (12.432868606000056 51.390149181000027)",Unfall 253926 (2024) Kat:3, Licht: 0,253926,3,6,4,07,15,2,0,0,0,1,0,0,0,0
"POINT (12.406781654000042 51.361954677000028)",Unfall 253927 (2024) Kat:3, Licht: 0,253927,3,1,0,07,13,2,0,0,1,0,0,0,0,0
"POINT (12.432626208000045 51.379240199000037)",Unfall 253928 (2024) Kat:3, Licht: 0,253928,3,1,0,07,12,2,0,0,1,0,0,0,0,0
"POINT (12.459088437000048 51.401941446000080)",Unfall 253929 (2024) Kat:3, Licht: 0,253929,3,3,5,07,14,2,0,0,1,1,0,0,0,0
"POINT (12.343416276000028 51.319752830000027)",Unfall 253930 (2024) Kat:3, Licht: 0,253930,3,2,5,07,16,2,0,0,0,1,0,1,0,0
"POINT (12.395678010000040 51.323663449000037)",Unfall 253931 (2024) Kat:3, Licht: 0,253931,3,2,4,08,07,2,0,0,1,1,0,0,0,0
"POINT (12.388506690000042 51.325957033000066)",Unfall 253932 (2024) Kat:3, Licht: 0,253932,3,2,5,07,08,2,0,0,1,1,0,0,0,0
"POINT (12.365846934000047 51.362460675000079)",Unfall 253938 (2024) Kat:3, Licht: 0,253938,3,6,3,08,18,2,0,0,1,0,0,0,0,1
"POINT (12.330456510000033 51.342085461000067)",Unfall 253948 (2024) Kat:3, Licht: 0,253948,3,3,5,07,18,1,0,0,0,1,0,0,0,0
"POINT (12.368494315000021 51.317189977000055)",Unfall 253949 (2024) Kat:3, Licht: 0,253949,3,5,1,07,12,1,0,0,1,1,0,0,0,0
"POINT (12.327477087000034 51.335050227000067)",Unfall 253950 (2024) Kat:2, Licht: 0,253950,2,2,4,07,18,1,0,0,0,1,0,1,0,0
"POINT (12.306192242000066 51.314850650000039)",Unfall 253951 (2024) Kat:3, Licht: 0,253951,3,6,2,09,11,6,0,0,0,1,0,0,0,0
"POINT (12.389853003000042 51.344565707000072)",Unfall 253956 (2024) Kat:2, Licht: 0,253956,2,3,5,07,16,7,0,0,0,1,0,1,0,0
"POINT (12.333871878000025 51.319445024000061)",Unfall 253957 (2024) Kat:3, Licht: 2,253957,3,6,3,07,00,7,0,2,1,1,0,0,0,0
"POINT (12.362619412000072 51.338988695000069)",Unfall 253960 (2024) Kat:3, Licht: 0,253960,3,4,6,07,10,7,0,0,0,0,1,0,0,1
"POINT (12.344385256000066 51.332203786000036)",Unfall 253975 (2024) Kat:3, Licht: 0,253975,3,2,3,07,11,6,0,0,1,1,0,0,0,0
"POINT (12.378559292000034 51.377087616000040)",Unfall 253979 (2024) Kat:3, Licht: 0,253979,3,5,1,08,07,5,0,0,1,1,0,0,0,0
"POINT (12.347909837000032 51.331223001000069)",Unfall 253991 (2024) Kat:3, Licht: 0,253991,3,4,6,07,12,5,0,0,1,0,1,0,0,0
"POINT (12.406316864000075 51.368652806000057)",Unfall 253993 (2024) Kat:3, Licht: 0,253993,3,2,5,07,17,5,0,0,1,1,0,0,0,0
"POINT (12.427881123000077 51.359052680000048)",Unfall 253995 (2024) Kat:3, Licht: 0,253995,3,6,4,07,18,5,0,0,1,1,0,0,0,0
"POINT (12.377074345000040 51.371085455000070)",Unfall 253996 (2024) Kat:2, Licht: 0,253996,2,2,3,07,17,5,0,0,0,1,0,0,0,1
"POINT (12.281876108000063 51.344468151000058)",Unfall 254010 (2024) Kat:2, Licht: 0,254010,2,3,5,08,09,5,0,0,1,1,0,0,0,0
"POINT (12.374834502000056 51.344392833000029)",Unfall 254012 (2024) Kat:3, Licht: 0,254012,3,3,5,07,06,4,0,0,1,1,0,0,0,0
"POINT (12.357639665000022 51.350500854000074)",Unfall 254013 (2024) Kat:2, Licht: 0,254013,2,1,9,07,18,4,1,0,0,0,0,1,0,0
"POINT (12.382079409000028 51.332574384000054)",Unfall 254014 (2024) Kat:3, Licht: 0,254014,3,2,5,07,11,4,1,0,1,1,0,0,0,0
"POINT (12.414463594000040 51.345083237000040)",Unfall 254016 (2024) Kat:3, Licht: 0,254016,3,6,0,07,11,4,1,0,1,0,0,0,0,1
"POINT (12.377135114000055 51.326697009000043)",Unfall 254029 (2024) Kat:3, Licht: 0,254029,3,7,6,07,12,3,0,0,0,1,1,0,0,0
"POINT (12.351430220000054 51.329461225000045)",Unfall 254030 (2024) Kat:3, Licht: 0,254030,3,6,3,07,12,3,0,0,1,0,0,0,0,0
"POINT (12.405973646000064 51.313892342000031)",Unfall 254031 (2024) Kat:3, Licht: 0,254031,3,3,5,07,08,3,0,0,1,1,0,0,0,0
"POINT (12.380774097000028 51.328661087000057)",Unfall 254032 (2024) Kat:3, Licht: 0,254032,3,6,3,08,15,4,0,0,0,1,0,0,0,1
"POINT (12.373509358000035 51.329873090000035)",Unfall 254033 (2024) Kat:3, Licht: 0,254033,3,4,6,07,12,3,0,0,1,0,1,0,0,0
"POINT (12.358853748000058 51.365213018000077)",Unfall 254035 (2024) Kat:3, Licht: 0,254035,3,1,0,07,10,3,0,0,0,0,0,1,0,0
"POINT (12.395328761000030 51.312140322000062)",Unfall 254042 (2024) Kat:2, Licht: 0,254042,2,6,4,08,20,3,0,0,1,0,0,0,0,0
"POINT (12.469606451000061 51.277542793000066)",Unfall 254049 (2024) Kat:3, Licht: 2,254049,3,2,5,09,20,5,0,2,0,1,0,1,0,0
"POINT (12.406783185000052 51.338111955000045)",Unfall 254050 (2024) Kat:3, Licht: 0,254050,3,4,6,08,19,6,0,0,1,0,1,0,0,0
"POINT (12.321908973000063 51.350039732000027)",Unfall 254051 (2024) Kat:3, Licht: 2,254051,3,3,5,07,04,7,1,2,0,1,0,0,0,0
"POINT (12.340296501000068 51.332332764000057)",Unfall 254057 (2024) Kat:3, Licht: 0,254057,3,1,0,07,18,2,0,0,1,0,0,0,0,0
"POINT (12.337942447000046 51.369648036000058)",Unfall 254058 (2024) Kat:3, Licht: 0,254058,3,6,2,07,13,2,0,0,0,1,0,0,0,0
"POINT (12.338139630000057 51.369578147000027)",Unfall 254059 (2024) Kat:3, Licht: 0,254059,3,6,2,07,18,2,0,0,0,1,0,0,0,0
"POINT (12.262832117000073 51.347868782000035)",Unfall 254061 (2024) Kat:3, Licht: 0,254061,3,2,4,07,13,2,0,0,0,1,0,0,0,0
"POINT (12.385807461000070 51.364966158000072)",Unfall 254062 (2024) Kat:3, Licht: 0,254062,3,3,0,07,10,2,0,0,1,0,0,0,0,1
"POINT (12.460862611000039 51.355003669000041)",Unfall 254073 (2024) Kat:3, Licht: 0,254073,3,5,1,07,19,1,0,0,0,1,0,0,0,0
"POINT (12.376961056000027 51.390237044000060)",Unfall 254074 (2024) Kat:3, Licht: 2,254074,3,1,0,07,22,1,0,2,1,0,0,0,0,0
"POINT (12.337782906000029 51.338405128000034)",Unfall 254075 (2024) Kat:3, Licht: 1,254075,3,1,0,07,20,1,0,1,1,0,0,0,0,0
"POINT (12.407201879000070 51.351159062000079)",Unfall 254076 (2024) Kat:2, Licht: 2,254076,2,4,6,07,00,1,0,2,0,1,1,0,0,0
"POINT (12.403896676000045 51.328353726000046)",Unfall 254085 (2024) Kat:3, Licht: 1,254085,3,7,0,11,07,6,1,1,1,1,0,0,0,0
"POINT (12.285422389000075 51.323909775000061)",Unfall 254086 (2024) Kat:3, Licht: 0,254086,3,1,0,11,15,6,1,0,0,0,0,1,0,0
"POINT (12.378397623000069 51.318010953000055)",Unfall 254093 (2024) Kat:3, Licht: 2,254093,3,4,6,11,20,5,1,2,0,1,1,0,0,0
"POINT (12.392927504000056 51.400275046000047)",Unfall 254094 (2024) Kat:2, Licht: 2,254094,2,2,6,11,17,5,1,2,0,1,1,0,0,0
"POINT (12.340562663000071 51.369745141000067)",Unfall 254095 (2024) Kat:3, Licht: 0,254095,3,7,6,11,14,5,1,0,0,1,1,0,0,0
"POINT (12.343251988000077 51.320960577000051)",Unfall 254109 (2024) Kat:3, Licht: 0,254109,3,5,1,11,14,4,0,0,0,1,0,0,0,0
"POINT (12.323433328000021 51.343883478000066)",Unfall 254110 (2024) Kat:3, Licht: 0,254110,3,7,1,11,09,4,0,0,1,1,0,0,0,0
"POINT (12.412366854000027 51.393213552000077)",Unfall 254111 (2024) Kat:3, Licht: 2,254111,3,2,3,11,05,4,0,2,1,0,0,0,0,0
"POINT (12.376840763000075 51.324191793000068)",Unfall 254112 (2024) Kat:2, Licht: 0,254112,2,3,5,11,06,4,0,0,1,1,0,0,0,0
"POINT (12.342727325000055 51.350818712000034)",Unfall 254113 (2024) Kat:3, Licht: 1,254113,3,2,4,11,16,4,1,1,1,0,0,0,0,0
"POINT (12.329234690000021 51.335569632000045)",Unfall 254114 (2024) Kat:3, Licht: 0,254114,3,3,5,11,14,4,0,0,1,0,0,0,0,0
"POINT (12.382074839000040 51.332566439000061)",Unfall 254126 (2024) Kat:3, Licht: 0,254126,3,2,3,11,13,3,1,0,1,1,0,0,0,0
"POINT (12.320679104000021 51.301882186000057)",Unfall 254127 (2024) Kat:3, Licht: 2,254127,3,3,6,11,17,3,0,2,0,1,1,0,0,0
"POINT (12.419715729000075 51.310718860000065)",Unfall 254128 (2024) Kat:3, Licht: 0,254128,3,6,6,11,07,3,1,0,0,1,1,0,0,0
"POINT (12.409336281000037 51.399596238000072)",Unfall 254130 (2024) Kat:3, Licht: 0,254130,3,1,0,11,07,3,1,0,1,0,0,0,0,0
"POINT (12.380956855000022 51.342085885000074)",Unfall 254131 (2024) Kat:3, Licht: 0,254131,3,4,6,11,12,3,0,0,0,0,1,1,0,0
"POINT (12.438889122000035 51.331686976000071)",Unfall 254132 (2024) Kat:3, Licht: 2,254132,3,4,6,11,16,3,0,2,0,1,1,0,0,0
"POINT (12.321912508000025 51.350057229000072)",Unfall 254142 (2024) Kat:3, Licht: 2,254142,3,4,6,11,06,2,0,2,0,1,1,0,0,0
"POINT (12.371288549000042 51.368161016000045)",Unfall 254150 (2024) Kat:3, Licht: 0,254150,3,3,5,11,10,7,0,0,0,1,0,0,0,0
"POINT (12.389733754000076 51.344624665000026)",Unfall 254162 (2024) Kat:3, Licht: 0,254162,3,3,5,11,14,6,0,0,1,1,0,0,0,0
"POINT (12.385097939000048 51.331750684000042)",Unfall 254163 (2024) Kat:3, Licht: 0,254163,3,5,4,11,15,6,1,0,1,1,0,0,0,0
"POINT (12.373737979000055 51.331167451000056)",Unfall 254165 (2024) Kat:2, Licht: 2,254165,2,2,4,11,20,6,0,2,1,1,0,0,0,0
"POINT (12.260514467000064 51.303091343000062)",Unfall 254166 (2024) Kat:3, Licht: 0,254166,3,4,6,11,15,6,0,0,0,1,1,0,0,0
"POINT (12.366742806000047 51.340531051000028)",Unfall 254182 (2024) Kat:3, Licht: 2,254182,3,3,5,11,17,5,0,2,1,1,0,0,0,0
"POINT (12.326245912000047 51.342257422000046)",Unfall 254183 (2024) Kat:3, Licht: 0,254183,3,5,1,11,08,5,0,0,1,1,0,0,0,0
"POINT (12.401350053000044 51.324201735000031)",Unfall 254184 (2024) Kat:3, Licht: 0,254184,3,2,5,11,15,5,0,0,1,0,0,0,0,1
"POINT (12.368831840000041 51.320722245000070)",Unfall 254185 (2024) Kat:3, Licht: 1,254185,3,2,6,11,16,5,0,1,0,1,1,0,0,0
"POINT (12.382233483000050 51.368344225000044)",Unfall 254193 (2024) Kat:3, Licht: 2,254193,3,7,0,11,07,3,1,2,0,1,1,0,0,0
"POINT (12.362730339000052 51.338980300000060)",Unfall 254200 (2024) Kat:3, Licht: 2,254200,3,2,5,11,19,4,1,2,1,1,0,0,0,0
"POINT (12.415171244000021 51.345048500000075)",Unfall 254201 (2024) Kat:3, Licht: 1,254201,3,4,6,11,06,4,0,1,0,1,1,0,0,0
"POINT (12.366023065000036 51.331160471000032)",Unfall 254202 (2024) Kat:3, Licht: 2,254202,3,3,5,11,02,4,1,2,0,1,0,0,0,1
"POINT (12.478102235000051 51.336501116000079)",Unfall 254210 (2024) Kat:3, Licht: 1,254210,3,3,0,11,16,3,1,1,0,1,0,0,0,1
"POINT (12.411245452000060 51.325034241000026)",Unfall 254211 (2024) Kat:2, Licht: 1,254211,2,3,5,11,16,3,1,1,1,1,0,0,0,0
"POINT (12.378567163000071 51.330699124000034)",Unfall 254220 (2024) Kat:3, Licht: 0,254220,3,1,0,11,07,2,1,0,1,0,0,0,0,0
"POINT (12.311848795000060 51.347678516000030)",Unfall 254221 (2024) Kat:3, Licht: 0,254221,3,1,0,11,11,2,1,0,1,0,0,0,0,0
"POINT (12.350479000000064 51.332616183000027)",Unfall 254222 (2024) Kat:3, Licht: 0,254222,3,6,2,11,07,2,1,0,0,1,0,0,0,0
"POINT (12.312348889000077 51.347741898000038)",Unfall 254223 (2024) Kat:2, Licht: 2,254223,2,4,6,11,19,2,0,2,0,1,1,0,0,0
"POINT (12.332823598000061 51.332001935000051)",Unfall 254234 (2024) Kat:3, Licht: 0,254234,3,6,6,11,13,1,0,0,0,1,1,0,0,0
"POINT (12.373696723000023 51.332288567000035)",Unfall 254236 (2024) Kat:3, Licht: 2,254236,3,2,4,11,17,7,0,2,1,1,0,0,0,0