WKT,Name,OBJECTID,UKATEGORIE,UTYP1,UART,UMONAT,USTUNDE,UWOCHENTAG,STRZUSTAND,ULICHTVERH,ISTRAD,ISTPKW,ISTFUSS,ISTKRAD,ISTGKFZ,ISTSONSTIG
"POINT (12.259326549000036 51.345128265000028)",Unfall 254237 (2024) Kat:3, Licht: 2,254237,3,1,1,11,17,7,0,2,0,1,0,0,0,0
"POINT (12.402450515000055 51.364757091000058)",Unfall 254238 (2024) Kat:3, Licht: 2,254238,3,2,2,11,20,7,0,2,0,1,0,0,0,0
"POINT (12.373422427000037 51.351655111000071)",Unfall 254243 (2024) Kat:3, Licht: 0,254243,3,3,5,11,07,6,1,0,1,1,0,0,0,0
"POINT (12.376427363000062 51.351422117000027)",Unfall 254244 (2024) Kat:3, Licht: 2,254244,3,6,4,11,17,6,0,2,1,0,0,0,0,0
"POINT (12.279482381000037 51.310966694000058)",Unfall 254245 (2024) Kat:3, Licht: 2,254245,3,3,5,11,16,6,1,2,0,1,0,0,0,1
"POINT (12.374630545000059 51.347966876000044)",Unfall 254257 (2024) Kat:3, Licht: 2,254257,3,3,5,11,17,5,1,2,1,1,0,0,0,0
"POINT (12.413717124000073 51.320000511000046)",Unfall 254258 (2024) Kat:3, Licht: 1,254258,3,3,5,11,07,5,1,1,0,1,0,0,0,0
"POINT (12.403105345000029 51.365401667000071)",Unfall 254259 (2024) Kat:3, Licht: 0,254259,3,2,3,11,08,5,1,0,1,1,0,0,0,0
"POINT (12.406058696000059 51.345523267000033)",Unfall 254260 (2024) Kat:3, Licht: 2,254260,3,2,6,11,17,5,1,2,0,1,1,0,0,0
"POINT (12.286166974000025 51.322074036000060)",Unfall 254261 (2024) Kat:3, Licht: 0,254261,3,3,5,11,10,2,0,0,0,1,0,0,0,1
"POINT (12.335552656000061 51.334170534000066)",Unfall 254262 (2024) Kat:2, Licht: 0,254262,2,7,1,11,15,5,0,0,0,1,0,0,0,0
"POINT (12.407471533000034 51.335744394000073)",Unfall 254263 (2024) Kat:3, Licht: 0,254263,3,4,2,11,13,5,1,0,0,1,1,0,0,0
"POINT (12.365668466000045 51.363445113000068)",Unfall 254264 (2024) Kat:2, Licht: 0,254264,2,3,5,11,09,5,1,0,0,1,0,1,0,0
"POINT (12.332653386000061 51.337898233000033)",Unfall 254265 (2024) Kat:3, Licht: 1,254265,3,1,0,11,16,5,1,1,1,0,0,0,0,0
"POINT (12.379329739000070 51.359362590000046)",Unfall 254284 (2024) Kat:3, Licht: 2,254284,3,6,1,11,17,4,0,2,0,1,0,0,0,0
"POINT (12.336349942000027 51.335333696000077)",Unfall 254285 (2024) Kat:3, Licht: 0,254285,3,7,6,11,09,4,1,0,0,1,1,0,0,0
"POINT (12.280899537000039 51.344055293000054)",Unfall 254286 (2024) Kat:3, Licht: 0,254286,3,3,5,11,07,4,1,0,0,1,0,0,0,1
"POINT (12.315114671000060 51.354729253000073)",Unfall 254287 (2024) Kat:2, Licht: 0,254287,2,3,5,11,14,4,0,0,1,1,0,0,0,0
"POINT (12.331425999000032 51.349657922000063)",Unfall 254288 (2024) Kat:3, Licht: 2,254288,3,2,3,11,18,4,0,2,1,1,0,0,0,0
"POINT (12.427687506000041 51.343696979000072)",Unfall 254289 (2024) Kat:3, Licht: 2,254289,3,6,6,11,00,4,0,2,1,0,1,0,0,0
"POINT (12.422533540000074 51.304637277000040)",Unfall 254290 (2024) Kat:3, Licht: 2,254290,3,6,2,11,16,4,1,2,0,1,0,0,0,0
"POINT (12.442192965000061 51.367386224000029)",Unfall 254291 (2024) Kat:3, Licht: 1,254291,3,6,0,11,07,4,1,1,0,0,0,1,0,0
"POINT (12.447007942000027 51.349666874000036)",Unfall 254292 (2024) Kat:3, Licht: 0,254292,3,6,2,11,15,4,0,0,0,1,0,0,0,0
"POINT (12.366790327000047 51.340510304000077)",Unfall 254302 (2024) Kat:3, Licht: 2,254302,3,6,3,11,19,3,1,2,1,0,0,0,0,0
"POINT (12.412252524000053 51.343278640000051)",Unfall 254303 (2024) Kat:3, Licht: 2,254303,3,4,6,11,19,3,1,2,0,1,1,0,0,0
"POINT (12.422578999000052 51.303618898000082)",Unfall 254304 (2024) Kat:3, Licht: 1,254304,3,6,0,11,06,3,0,1,1,0,0,0,0,1
"POINT (12.347375412000076 51.350471846000062)",Unfall 254317 (2024) Kat:3, Licht: 2,254317,3,3,5,11,07,2,1,2,1,1,0,0,0,0
"POINT (12.396136566000052 51.343164034000040)",Unfall 254318 (2024) Kat:3, Licht: 0,254318,3,3,5,11,09,2,1,0,0,1,0,0,0,0
"POINT (12.378463048000071 51.346715498000037)",Unfall 254319 (2024) Kat:3, Licht: 2,254319,3,6,3,11,19,2,1,2,0,1,0,0,0,1
"POINT (12.322015546000046 51.350567191000039)",Unfall 254320 (2024) Kat:3, Licht: 1,254320,3,7,1,11,06,2,1,1,1,1,0,0,0,0
"POINT (12.362628931000074 51.320925953000028)",Unfall 254321 (2024) Kat:3, Licht: 2,254321,3,6,2,11,16,2,1,2,0,1,0,0,0,0
"POINT (12.368773618000034 51.312510633000045)",Unfall 254322 (2024) Kat:2, Licht: 2,254322,2,3,0,11,19,2,1,2,0,1,0,1,0,0
"POINT (12.408869058000050 51.325606283000070)",Unfall 254339 (2024) Kat:3, Licht: 0,254339,3,2,6,11,09,1,0,0,0,1,1,0,0,0
"POINT (12.405792517000066 51.350760544000082)",Unfall 254340 (2024) Kat:3, Licht: 0,254340,3,1,9,11,10,1,0,0,0,1,0,0,0,0
"POINT (12.411140933000070 51.353509226000028)",Unfall 254350 (2024) Kat:3, Licht: 2,254350,3,6,6,11,06,6,0,2,0,0,1,0,0,1
"POINT (12.396499406000032 51.303539292000039)",Unfall 254351 (2024) Kat:3, Licht: 0,254351,3,4,6,11,14,6,0,0,0,1,1,0,0,0
"POINT (12.361017441000058 51.361235439000041)",Unfall 254358 (2024) Kat:3, Licht: 0,254358,3,7,0,11,15,2,0,0,1,0,0,0,0,0
"POINT (12.369592917000034 51.360257788000069)",Unfall 254366 (2024) Kat:3, Licht: 2,254366,3,1,0,11,16,5,0,2,1,0,0,0,0,0
"POINT (12.356002791000037 51.370840196000074)",Unfall 254367 (2024) Kat:3, Licht: 0,254367,3,3,5,11,11,5,0,0,0,1,0,0,0,0
"POINT (12.393205287000058 51.321586319000062)",Unfall 254383 (2024) Kat:3, Licht: 0,254383,3,6,2,11,09,4,0,0,0,1,0,0,0,0
"POINT (12.305559194000068 51.326098571000045)",Unfall 254384 (2024) Kat:3, Licht: 0,254384,3,6,2,11,16,4,0,0,0,1,0,0,0,0
"POINT (12.291723755000021 51.321328287000028)",Unfall 254385 (2024) Kat:3, Licht: 2,254385,3,7,7,11,17,4,0,2,0,1,0,0,0,0
"POINT (12.376685923000025 51.341336845000058)",Unfall 254405 (2024) Kat:3, Licht: 0,254405,3,3,4,11,07,3,0,0,1,0,0,0,0,0
"POINT (12.277374802000054 51.401794924000058)",Unfall 254406 (2024) Kat:2, Licht: 2,254406,2,3,5,11,04,3,1,2,0,1,0,0,1,0
"POINT (12.307768139000075 51.274045663000038)",Unfall 254407 (2024) Kat:3, Licht: 0,254407,3,7,0,11,15,3,0,0,1,0,0,0,0,0
"POINT (12.376783349000050 51.353273762000072)",Unfall 254412 (2024) Kat:3, Licht: 2,254412,3,3,5,11,17,3,0,2,1,1,0,0,0,0
"POINT (12.373647557000027 51.333028945000081)",Unfall 254425 (2024) Kat:3, Licht: 0,254425,3,2,3,11,13,2,0,0,1,1,0,0,0,0
"POINT (12.424158363000060 51.312405776000048)",Unfall 254426 (2024) Kat:3, Licht: 0,254426,3,5,1,11,11,2,1,0,1,0,0,0,0,1
"POINT (12.427643866000039 51.306505435000076)",Unfall 254427 (2024) Kat:3, Licht: 0,254427,3,7,0,11,12,2,0,0,0,0,0,1,0,0
"POINT (12.338453638000033 51.327158634000057)",Unfall 254436 (2024) Kat:3, Licht: 0,254436,3,1,0,11,08,1,0,0,1,0,0,0,0,0
"POINT (12.379644602000042 51.327612630000033)",Unfall 254446 (2024) Kat:3, Licht: 2,254446,3,3,5,11,18,7,0,2,1,1,0,0,0,0
"POINT (12.445301775000075 51.346175147000054)",Unfall 254447 (2024) Kat:3, Licht: 2,254447,3,3,5,11,17,7,0,2,0,1,0,0,0,0
"POINT (12.320023135000042 51.344461905000060)",Unfall 254448 (2024) Kat:3, Licht: 1,254448,3,7,0,11,19,7,0,1,0,1,0,0,0,1
"POINT (12.400380458000029 51.345863601000076)",Unfall 254457 (2024) Kat:3, Licht: 0,254457,3,3,5,11,09,6,0,0,1,1,0,0,0,0
"POINT (12.407047726000030 51.343397835000076)",Unfall 254458 (2024) Kat:3, Licht: 0,254458,3,3,5,11,11,6,0,0,0,1,0,1,0,0
"POINT (12.362515191000057 51.321101280000050)",Unfall 254459 (2024) Kat:3, Licht: 0,254459,3,7,8,11,12,6,0,0,0,1,0,0,0,0
"POINT (12.378953799000044 51.311519573000055)",Unfall 254460 (2024) Kat:3, Licht: 2,254460,3,5,1,11,17,6,0,2,0,1,0,0,0,0
"POINT (12.404126451000025 51.332106195000051)",Unfall 254461 (2024) Kat:3, Licht: 0,254461,3,3,5,11,09,6,0,0,1,0,0,0,0,1
"POINT (12.347859342000049 51.332160900000076)",Unfall 254462 (2024) Kat:3, Licht: 0,254462,3,6,2,11,12,6,0,0,0,1,0,0,0,0
"POINT (12.395684288000041 51.346074547000057)",Unfall 254477 (2024) Kat:3, Licht: 2,254477,3,2,3,10,22,4,1,2,1,1,0,0,0,0
"POINT (12.379166058000067 51.340260665000073)",Unfall 254478 (2024) Kat:3, Licht: 0,254478,3,5,1,10,07,4,1,0,1,1,0,0,0,0
"POINT (12.260778870000024 51.308261206000054)",Unfall 254479 (2024) Kat:2, Licht: 2,254479,2,2,6,10,17,4,1,2,0,1,1,0,0,0
"POINT (12.334265483000024 51.319513275000077)",Unfall 254481 (2024) Kat:3, Licht: 2,254481,3,4,6,10,17,4,1,2,1,0,1,0,0,0
"POINT (12.373703356000021 51.331759231000035)",Unfall 254483 (2024) Kat:3, Licht: 2,254483,3,6,3,10,17,4,1,2,1,1,0,0,0,0
"POINT (12.374202742000023 51.335583648000068)",Unfall 254499 (2024) Kat:3, Licht: 1,254499,3,6,2,10,17,3,0,1,0,1,0,0,0,0
"POINT (12.363349818000074 51.369787722000069)",Unfall 254500 (2024) Kat:3, Licht: 0,254500,3,2,6,10,15,3,0,0,0,1,1,0,0,0
"POINT (12.377885740000067 51.333977766000032)",Unfall 254501 (2024) Kat:3, Licht: 2,254501,3,2,3,10,17,3,0,2,1,1,0,0,0,0
"POINT (12.419417167000063 51.348028193000061)",Unfall 254517 (2024) Kat:3, Licht: 2,254517,3,3,4,10,19,2,0,2,0,1,0,0,0,0
"POINT (12.300478485000042 51.269300638000061)",Unfall 254518 (2024) Kat:3, Licht: 2,254518,3,1,0,10,19,2,0,2,1,0,0,0,0,0
"POINT (12.332443375000025 51.337850579000076)",Unfall 254519 (2024) Kat:3, Licht: 0,254519,3,1,0,10,07,2,1,0,1,0,0,0,0,0
"POINT (12.419238085000075 51.323139036000043)",Unfall 254520 (2024) Kat:3, Licht: 0,254520,3,6,0,10,07,2,1,0,1,1,0,0,0,0
"POINT (12.349227599000073 51.367923208000036)",Unfall 254521 (2024) Kat:3, Licht: 0,254521,3,6,0,10,08,2,0,0,0,1,0,0,0,1
"POINT (12.459264545000053 51.353103945000043)",Unfall 254522 (2024) Kat:2, Licht: 2,254522,2,4,6,10,19,2,0,2,0,0,1,0,0,1
"POINT (12.309068572000058 51.315243707000036)",Unfall 254528 (2024) Kat:3, Licht: 0,254528,3,2,5,11,11,1,1,0,1,1,0,0,0,0
"POINT (12.380863660000045 51.342063854000060)",Unfall 254543 (2024) Kat:3, Licht: 1,254543,3,1,0,10,17,1,0,1,1,0,0,0,0,0
"POINT (12.409649245000026 51.326419982000061)",Unfall 254544 (2024) Kat:3, Licht: 2,254544,3,2,5,10,19,1,1,2,1,1,0,0,0,0
"POINT (12.377384148000033 51.336074399000040)",Unfall 254545 (2024) Kat:3, Licht: 1,254545,3,1,0,10,06,1,0,1,0,0,0,0,0,1
"POINT (12.376790026000037 51.343252117000077)",Unfall 254553 (2024) Kat:3, Licht: 0,254553,3,5,1,10,15,7,0,0,1,1,0,0,0,0
"POINT (12.398447420000025 51.322453113000051)",Unfall 254554 (2024) Kat:3, Licht: 0,254554,3,6,3,10,16,7,0,0,1,1,0,0,0,1
"POINT (12.371200625000029 51.332629665000070)",Unfall 254555 (2024) Kat:3, Licht: 0,254555,3,3,1,10,17,7,0,0,1,1,0,0,0,0
"POINT (12.356966168000042 51.336106796000081)",Unfall 254556 (2024) Kat:3, Licht: 0,254556,3,3,5,10,08,7,0,0,0,1,0,0,0,0
"POINT (12.401349217000075 51.318955741000082)",Unfall 254557 (2024) Kat:3, Licht: 0,254557,3,3,5,10,12,7,0,0,1,1,0,0,0,0
"POINT (12.374553727000034 51.335761439000066)",Unfall 254558 (2024) Kat:2, Licht: 2,254558,2,3,0,10,23,7,0,2,0,1,0,0,0,1
"POINT (12.270053964000056 51.312718221000068)",Unfall 254559 (2024) Kat:3, Licht: 1,254559,3,5,1,10,17,7,0,1,0,1,0,0,1,0
"POINT (12.339972244000023 51.337297057000058)",Unfall 254560 (2024) Kat:3, Licht: 0,254560,3,2,4,10,12,7,0,0,1,0,0,0,0,1
"POINT (12.306283214000075 51.334040391000030)",Unfall 254561 (2024) Kat:3, Licht: 0,254561,3,1,0,10,09,7,0,0,1,0,0,0,0,0
"POINT (12.269514994000076 51.307696499000031)",Unfall 254562 (2024) Kat:3, Licht: 2,254562,3,7,1,10,00,7,0,2,0,1,0,0,0,0
"POINT (12.361691861000054 51.314466220000043)",Unfall 254563 (2024) Kat:3, Licht: 0,254563,3,6,2,10,14,7,0,0,0,1,0,0,0,0
"POINT (12.393512530000066 51.362712742000042)",Unfall 254564 (2024) Kat:3, Licht: 0,254564,3,2,6,10,15,7,0,0,0,1,1,0,0,0
"POINT (12.380936934000033 51.342031635000069)",Unfall 254565 (2024) Kat:2, Licht: 0,254565,2,3,5,10,17,7,0,0,1,0,0,0,0,1
"POINT (12.441563108000025 51.334101623000038)",Unfall 254566 (2024) Kat:2, Licht: 2,254566,2,4,6,10,18,7,0,2,0,0,1,1,0,0
"POINT (12.268207794000034 51.307893824000075)",Unfall 254567 (2024) Kat:3, Licht: 2,254567,3,2,6,11,17,4,0,2,0,1,1,0,0,0
"POINT (12.457870538000066 51.345618065000053)",Unfall 254579 (2024) Kat:3, Licht: 0,254579,3,1,0,10,16,6,0,0,1,0,0,0,0,0
"POINT (12.430564115000038 51.365716995000071)",Unfall 254580 (2024) Kat:3, Licht: 0,254580,3,2,4,10,07,6,0,0,0,1,0,0,0,1
"POINT (12.366733954000040 51.340534915000035)",Unfall 254610 (2024) Kat:3, Licht: 0,254610,3,3,5,10,12,5,0,0,1,1,0,0,0,0
"POINT (12.333548800000074 51.366928759000075)",Unfall 254611 (2024) Kat:3, Licht: 0,254611,3,7,0,10,14,5,0,0,0,0,0,0,0,1
"POINT (12.329399494000029 51.332975255000065)",Unfall 254612 (2024) Kat:3, Licht: 0,254612,3,3,5,10,08,5,0,0,1,0,0,0,0,1
"POINT (12.415593196000032 51.319894576000081)",Unfall 254613 (2024) Kat:3, Licht: 0,254613,3,7,9,10,10,5,0,0,0,1,0,0,0,0
"POINT (12.372978880000062 51.301376793000031)",Unfall 254614 (2024) Kat:3, Licht: 0,254614,3,3,5,10,11,5,0,0,1,1,0,0,0,0
"POINT (12.348083115000065 51.366461378000054)",Unfall 254615 (2024) Kat:3, Licht: 2,254615,3,2,2,10,18,5,0,2,0,1,0,0,0,0
"POINT (12.388172494000059 51.338178633000041)",Unfall 254616 (2024) Kat:3, Licht: 0,254616,3,6,2,10,10,6,0,0,1,0,0,0,0,0
"POINT (12.368673764000050 51.357334678000029)",Unfall 254617 (2024) Kat:3, Licht: 0,254617,3,6,9,10,12,5,0,0,1,1,0,0,0,0
"POINT (12.380077945000039 51.339216342000043)",Unfall 254618 (2024) Kat:3, Licht: 2,254618,3,2,5,10,18,5,0,2,1,1,0,0,0,0
"POINT (12.383922350000034 51.335928191000050)",Unfall 254632 (2024) Kat:3, Licht: 2,254632,3,7,0,10,20,4,0,2,1,0,0,0,0,0
"POINT (12.370854958000052 51.336381304000042)",Unfall 254633 (2024) Kat:3, Licht: 0,254633,3,2,5,10,08,4,0,0,1,1,0,0,0,0
"POINT (12.481999122000047 51.346077476000062)",Unfall 254634 (2024) Kat:3, Licht: 0,254634,3,4,6,10,15,4,0,0,0,1,1,0,0,0
"POINT (12.413909490000037 51.316964511000037)",Unfall 254635 (2024) Kat:3, Licht: 0,254635,3,3,5,10,15,4,0,0,1,1,0,0,0,0
"POINT (12.361254530000053 51.362063638000052)",Unfall 254636 (2024) Kat:3, Licht: 0,254636,3,3,5,10,12,4,0,0,0,1,0,0,0,1
"POINT (12.467981298000041 51.359776558000078)",Unfall 254637 (2024) Kat:2, Licht: 0,254637,2,2,0,10,11,4,0,0,0,1,0,0,0,1
"POINT (12.374453682000023 51.339900445000069)",Unfall 254638 (2024) Kat:3, Licht: 0,254638,3,4,6,10,15,4,0,0,1,0,1,0,0,0
"POINT (12.319969800000024 51.330279229000041)",Unfall 254647 (2024) Kat:3, Licht: 2,254647,3,3,5,10,06,3,0,2,1,1,0,0,0,0
"POINT (12.369027212000049 51.359678324000072)",Unfall 254648 (2024) Kat:3, Licht: 2,254648,3,2,0,10,22,3,0,2,1,0,0,0,0,1
"POINT (12.381719216000022 51.320438436000074)",Unfall 254664 (2024) Kat:3, Licht: 0,254664,3,2,5,10,15,2,0,0,1,1,0,0,0,0
"POINT (12.360130001000073 51.301073475000067)",Unfall 254665 (2024) Kat:2, Licht: 2,254665,2,7,0,10,18,2,0,2,1,0,0,0,0,0
"POINT (12.389450324000052 51.335878436000030)",Unfall 254668 (2024) Kat:3, Licht: 0,254668,3,7,3,10,09,2,0,0,0,0,0,0,0,1
"POINT (12.377496860000065 51.327957029000061)",Unfall 254680 (2024) Kat:3, Licht: 0,254680,3,3,5,10,16,1,0,0,0,1,0,0,0,0
"POINT (12.406664491000072 51.357271351000065)",Unfall 254681 (2024) Kat:3, Licht: 0,254681,3,1,0,10,12,1,0,0,1,0,0,0,0,0
"POINT (12.505797791000077 51.316742961000045)",Unfall 254683 (2024) Kat:2, Licht: 0,254683,2,1,8,10,08,1,0,0,0,0,0,1,0,0
"POINT (12.378134212000077 51.371222480000029)",Unfall 254694 (2024) Kat:2, Licht: 0,254694,2,5,1,10,13,7,0,0,1,1,0,0,0,0
"POINT (12.346540257000072 51.328967939000052)",Unfall 254702 (2024) Kat:3, Licht: 0,254702,3,1,0,10,14,6,0,0,1,0,0,0,0,0
"POINT (12.356479919000037 51.364538480000078)",Unfall 254703 (2024) Kat:3, Licht: 0,254703,3,7,1,10,12,6,0,0,0,1,0,0,0,0
"POINT (12.373518905000026 51.329932238000026)",Unfall 254714 (2024) Kat:3, Licht: 1,254714,3,6,3,10,18,5,0,1,1,1,0,0,0,0
"POINT (12.348827885000048 51.349030888000073)",Unfall 254715 (2024) Kat:3, Licht: 0,254715,3,6,2,10,12,5,0,0,0,1,0,0,0,0
"POINT (12.334692543000074 51.349843136000061)",Unfall 254716 (2024) Kat:3, Licht: 0,254716,3,2,3,10,14,5,0,0,1,1,0,0,0,0
"POINT (12.463850606000051 51.263817202000041)",Unfall 254718 (2024) Kat:3, Licht: 0,254718,3,6,2,10,16,5,0,0,0,1,0,0,0,0
"POINT (12.394406866000054 51.314615057000026)",Unfall 254732 (2024) Kat:3, Licht: 2,254732,3,3,5,10,17,4,0,2,1,1,0,0,0,0
"POINT (12.378199836000022 51.375805741000079)",Unfall 254734 (2024) Kat:3, Licht: 0,254734,3,3,3,10,11,4,0,0,1,1,0,0,0,0
"POINT (12.385458956000036 51.376152483000055)",Unfall 254735 (2024) Kat:3, Licht: 0,254735,3,2,3,10,11,4,0,0,1,1,0,0,0,0
"POINT (12.378037970000037 51.347764395000070)",Unfall 254749 (2024) Kat:3, Licht: 0,254749,3,1,0,10,15,3,0,0,1,0,0,0,0,0
"POINT (12.403965054000025 51.338425609000069)",Unfall 254750 (2024) Kat:3, Licht: 0,254750,3,6,3,10,09,3,0,0,1,1,0,0,0,0
"POINT (12.328724822000027 51.333842253000057)",Unfall 254751 (2024) Kat:3, Licht: 0,254751,3,3,5,10,09,3,0,0,1,0,0,0,0,0
"POINT (12.430563741000071 51.365619294000055)",Unfall 254752 (2024) Kat:3, Licht: 0,254752,3,2,5,10,16,3,0,0,1,1,0,0,0,0
"POINT (12.367563637000046 51.320790485000032)",Unfall 254753 (2024) Kat:3, Licht: 0,254753,3,3,5,10,08,3,1,0,1,1,0,0,0,0
"POINT (12.372708956000054 51.343101805000060)",Unfall 254771 (2024) Kat:3, Licht: 0,254771,3,7,1,10,14,2,0,0,0,1,0,0,0,1
"POINT (12.376503061000051 51.350022582000065)",Unfall 254772 (2024) Kat:3, Licht: 2,254772,3,6,2,10,21,2,0,2,0,1,0,0,0,0
"POINT (12.370682522000038 51.335235659000034)",Unfall 254773 (2024) Kat:3, Licht: 0,254773,3,7,0,10,16,2,0,0,1,0,0,0,0,0
"POINT (12.411239626000054 51.342046058000051)",Unfall 254774 (2024) Kat:3, Licht: 2,254774,3,7,2,10,01,2,0,2,0,1,0,0,0,0
"POINT (12.349077108000074 51.368054716000074)",Unfall 254775 (2024) Kat:3, Licht: 1,254775,3,3,0,11,16,3,0,1,0,1,0,1,0,0
"POINT (12.362016352000069 51.368531381000082)",Unfall 254776 (2024) Kat:3, Licht: 0,254776,3,7,1,10,09,2,0,0,0,1,0,1,0,1
"POINT (12.428129201000047 51.357964383000080)",Unfall 254777 (2024) Kat:3, Licht: 1,254777,3,7,0,10,17,2,0,1,0,1,0,0,0,0
"POINT (12.368855184000040 51.320953883000072)",Unfall 254779 (2024) Kat:3, Licht: 0,254779,3,3,5,10,15,2,0,0,1,1,0,0,0,0
"POINT (12.434315130000073 51.306378059000053)",Unfall 254780 (2024) Kat:3, Licht: 0,254780,3,7,0,10,16,2,0,0,0,1,0,0,0,0
"POINT (12.295230582000045 51.409949857000072)",Unfall 254794 (2024) Kat:3, Licht: 2,254794,3,7,6,10,22,1,0,2,0,1,1,0,0,0
"POINT (12.378834829000027 51.345934640000053)",Unfall 254803 (2024) Kat:3, Licht: 0,254803,3,7,6,10,16,7,0,0,0,0,1,0,0,1
"POINT (12.318375493000076 51.327349544000072)",Unfall 254808 (2024) Kat:3, Licht: 0,254808,3,4,6,10,18,6,0,0,1,0,1,0,0,0
"POINT (12.463221193000038 51.383308973000055)",Unfall 254809 (2024) Kat:3, Licht: 0,254809,3,3,5,10,09,6,0,0,0,1,0,1,0,0
"POINT (12.389534829000070 51.399716587000057)",Unfall 254815 (2024) Kat:3, Licht: 1,254815,3,3,5,10,18,5,1,1,0,1,0,0,0,0
"POINT (12.405776040000035 51.345537955000054)",Unfall 254816 (2024) Kat:3, Licht: 0,254816,3,1,0,10,17,5,0,0,1,0,0,0,0,0
"POINT (12.339420920000066 51.333952205000060)",Unfall 254832 (2024) Kat:3, Licht: 2,254832,3,1,0,10,05,4,1,2,1,0,0,0,0,0
"POINT (12.317499819000034 51.318340198000044)",Unfall 254833 (2024) Kat:3, Licht: 0,254833,3,3,5,10,14,4,0,0,0,1,0,0,0,1
"POINT (12.412797303000048 51.375115096000059)",Unfall 254834 (2024) Kat:3, Licht: 0,254834,3,6,2,10,15,4,0,0,0,1,0,0,0,0
"POINT (12.379491750000057 51.327038103000064)",Unfall 254851 (2024) Kat:3, Licht: 0,254851,3,1,1,10,07,3,1,0,1,1,0,0,0,0
"POINT (12.327936123000029 51.342444616000080)",Unfall 254852 (2024) Kat:3, Licht: 0,254852,3,3,5,10,10,3,1,0,0,1,0,0,0,0
"POINT (12.298333614000057 51.356906528000081)",Unfall 254853 (2024) Kat:3, Licht: 0,254853,3,1,0,10,08,3,0,0,1,0,0,0,0,0
"POINT (12.281478072000027 51.311580073000073)",Unfall 254854 (2024) Kat:3, Licht: 0,254854,3,2,5,10,15,3,0,0,1,1,0,0,0,0
"POINT (12.296853407000071 51.313600962000066)",Unfall 254855 (2024) Kat:3, Licht: 0,254855,3,2,4,10,12,3,0,0,0,1,0,0,0,1
"POINT (12.354369310000038 51.362384783000039)",Unfall 254856 (2024) Kat:3, Licht: 2,254856,3,7,1,10,04,3,1,2,1,1,0,0,0,0
"POINT (12.361523903000034 51.363444301000072)",Unfall 254857 (2024) Kat:3, Licht: 2,254857,3,2,6,10,19,3,1,2,0,1,1,0,0,0
"POINT (12.387290057000030 51.332457277000060)",Unfall 254865 (2024) Kat:3, Licht: 0,254865,3,3,5,11,13,6,0,0,1,1,0,0,0,0
"POINT (12.351705072000073 51.333275227000058)",Unfall 254869 (2024) Kat:3, Licht: 0,254869,3,7,3,10,17,2,1,0,1,0,0,0,0,1
"POINT (12.338795637000032 51.332386327000052)",Unfall 254870 (2024) Kat:3, Licht: 0,254870,3,7,1,10,17,2,1,0,1,1,0,0,0,0
"POINT (12.375246332000074 51.364751499000079)",Unfall 254871 (2024) Kat:2, Licht: 0,254871,2,1,0,10,16,2,0,0,1,0,0,0,0,0
"POINT (12.352066214000047 51.333474158000058)",Unfall 254884 (2024) Kat:3, Licht: 0,254884,3,3,3,10,14,1,0,0,1,1,0,0,0,0
"POINT (12.371291122000059 51.344493866000050)",Unfall 254886 (2024) Kat:2, Licht: 0,254886,2,6,2,10,13,1,0,0,0,1,0,0,0,0
"POINT (12.402288367000040 51.345726518000049)",Unfall 254903 (2024) Kat:3, Licht: 0,254903,3,4,6,10,15,6,1,0,0,1,1,0,0,0
"POINT (12.398279514000023 51.339258812000026)",Unfall 254904 (2024) Kat:3, Licht: 0,254904,3,3,5,10,16,6,0,0,1,1,0,0,0,0
"POINT (12.367160746000025 51.335988182000051)",Unfall 254920 (2024) Kat:3, Licht: 0,254920,3,6,4,10,07,4,0,0,1,0,0,0,0,0
"POINT (12.384923156000070 51.338127816000053)",Unfall 254921 (2024) Kat:3, Licht: 0,254921,3,2,5,10,17,4,0,0,1,1,0,0,0,0
"POINT (12.369960746000061 51.343027832000075)",Unfall 254922 (2024) Kat:3, Licht: 2,254922,3,7,2,11,21,5,1,2,0,1,0,0,1,0
"POINT (12.417967392000037 51.343889059000048)",Unfall 254923 (2024) Kat:3, Licht: 2,254923,3,1,1,10,19,4,1,2,0,1,0,0,0,0
"POINT (12.387977666000040 51.333985332000054)",Unfall 254924 (2024) Kat:3, Licht: 2,254924,3,3,5,10,22,4,0,2,0,1,0,0,0,0
"POINT (12.394413199000041 51.314585167000075)",Unfall 254925 (2024) Kat:3, Licht: 0,254925,3,1,0,10,11,4,0,0,1,0,0,0,0,0
"POINT (12.369728659000032 51.324475226000061)",Unfall 254926 (2024) Kat:3, Licht: 0,254926,3,2,1,10,17,4,0,0,1,1,0,0,0,0
"POINT (12.439139423000029 51.294854939000061)",Unfall 254927 (2024) Kat:3, Licht: 0,254927,3,3,5,10,14,4,0,0,0,1,0,0,0,0
"POINT (12.350519398000074 51.332638373000066)",Unfall 254951 (2024) Kat:3, Licht: 2,254951,3,2,2,10,19,3,0,2,0,1,0,0,0,0
"POINT (12.463198785000031 51.333919117000050)",Unfall 254954 (2024) Kat:3, Licht: 2,254954,3,3,5,10,20,3,0,2,0,1,0,0,0,1
"POINT (12.430516225000076 51.351326699000026)",Unfall 254955 (2024) Kat:3, Licht: 0,254955,3,2,5,10,14,3,0,0,1,1,0,0,0,0