WKT,Name,OBJECTID,UKATEGORIE,UTYP1,UART,UMONAT,USTUNDE,UWOCHENTAG,STRZUSTAND,ULICHTVERH,ISTRAD,ISTPKW,ISTFUSS,ISTKRAD,ISTGKFZ,ISTSONSTIG
"POINT (12.354177077000031 51.340107902000057)",Unfall 254957 (2024) Kat:3, Licht: 0,254957,3,2,3,10,06,3,1,0,1,1,0,0,0,0
"POINT (12.381048903000021 51.366078669000046)",Unfall 254958 (2024) Kat:3, Licht: 1,254958,3,4,6,10,18,3,0,1,1,0,1,0,0,0
"POINT (12.362107811000044 51.360764578000044)",Unfall 254959 (2024) Kat:3, Licht: 0,254959,3,1,8,11,14,7,0,0,0,1,0,0,0,0
"POINT (12.403194716000030 51.338622601000054)",Unfall 254960 (2024) Kat:3, Licht: 0,254960,3,4,6,10,14,3,0,0,0,1,1,0,0,0
"POINT (12.385157966000065 51.339486192000038)",Unfall 254962 (2024) Kat:3, Licht: 0,254962,3,2,3,10,15,3,0,0,0,1,0,0,0,0
"POINT (12.373021432000030 51.309585946000027)",Unfall 254980 (2024) Kat:3, Licht: 1,254980,3,1,0,09,18,2,0,1,0,0,0,1,0,0
"POINT (12.359121788000039 51.366486154000029)",Unfall 254981 (2024) Kat:3, Licht: 0,254981,3,7,0,09,11,2,0,0,1,0,0,0,0,0
"POINT (12.455758324000044 51.392150474000061)",Unfall 254990 (2024) Kat:3, Licht: 1,254990,3,3,5,10,07,6,0,1,1,1,0,0,0,0
"POINT (12.378405684000029 51.343703086000062)",Unfall 254998 (2024) Kat:3, Licht: 1,254998,3,6,6,09,19,1,0,1,1,0,1,0,0,0
"POINT (12.326715027000034 51.307326011000043)",Unfall 255006 (2024) Kat:3, Licht: 0,255006,3,3,5,09,16,7,0,0,1,1,0,0,0,0
"POINT (12.298881294000068 51.356481363000057)",Unfall 255007 (2024) Kat:3, Licht: 0,255007,3,1,0,09,15,7,1,0,1,1,0,0,0,0
"POINT (12.397315798000022 51.390612730000043)",Unfall 255009 (2024) Kat:3, Licht: 2,255009,3,1,8,09,21,7,1,2,0,0,0,1,0,0
"POINT (12.366609486000073 51.362174565000032)",Unfall 255010 (2024) Kat:3, Licht: 1,255010,3,7,0,09,17,7,0,1,1,0,0,0,0,0
"POINT (12.371978053000078 51.322128147000058)",Unfall 255011 (2024) Kat:2, Licht: 0,255011,2,2,5,09,17,7,0,0,1,0,0,0,0,0
"POINT (12.378434677000030 51.335723806000033)",Unfall 255016 (2024) Kat:3, Licht: 1,255016,3,4,6,11,17,6,0,1,0,0,1,0,0,1
"POINT (12.352222749000077 51.291669780000063)",Unfall 255027 (2024) Kat:3, Licht: 0,255027,3,6,6,09,09,6,1,0,1,0,1,0,0,0
"POINT (12.405484834000049 51.367814772000031)",Unfall 255028 (2024) Kat:3, Licht: 2,255028,3,6,2,09,17,6,0,2,0,1,0,0,0,0
"POINT (12.367524957000057 51.320792035000068)",Unfall 255029 (2024) Kat:3, Licht: 0,255029,3,3,5,09,11,6,0,0,0,1,0,0,0,1
"POINT (12.430258270000024 51.376969493000047)",Unfall 255030 (2024) Kat:1, Licht: 0,255030,1,4,6,09,15,6,0,0,0,1,1,0,0,0
"POINT (12.411270925000053 51.342056152000055)",Unfall 255043 (2024) Kat:2, Licht: 0,255043,2,2,4,09,16,5,0,0,1,1,0,0,0,0
"POINT (12.376272042000039 51.308625525000082)",Unfall 255044 (2024) Kat:3, Licht: 0,255044,3,1,0,09,11,5,1,0,1,0,0,0,0,0
"POINT (12.373488610000038 51.351793354000051)",Unfall 255045 (2024) Kat:3, Licht: 0,255045,3,6,2,09,14,5,0,0,0,1,0,0,0,0
"POINT (12.419459896000035 51.348052500000051)",Unfall 255046 (2024) Kat:3, Licht: 0,255046,3,3,0,09,10,5,1,0,1,1,0,0,0,0
"POINT (12.417481031000023 51.316068162000079)",Unfall 255047 (2024) Kat:2, Licht: 2,255047,2,3,5,09,05,5,1,2,1,1,0,0,0,0
"POINT (12.344753957000023 51.318948517000081)",Unfall 255066 (2024) Kat:3, Licht: 0,255066,3,3,3,09,15,4,0,0,1,0,0,0,0,1
"POINT (12.387074526000049 51.309280600000079)",Unfall 255068 (2024) Kat:3, Licht: 0,255068,3,4,0,09,11,4,0,0,1,0,1,0,0,0
"POINT (12.441588120000063 51.350781589000064)",Unfall 255069 (2024) Kat:3, Licht: 0,255069,3,2,5,09,11,4,0,0,0,1,0,1,0,0
"POINT (12.260848939000027 51.301574468000069)",Unfall 255071 (2024) Kat:3, Licht: 0,255071,3,2,5,11,15,6,0,0,0,1,0,1,0,0
"POINT (12.406962590000035 51.338105943000073)",Unfall 255072 (2024) Kat:3, Licht: 2,255072,3,6,2,09,19,4,0,2,0,1,0,0,0,1
"POINT (12.398329691000072 51.319991566000056)",Unfall 255073 (2024) Kat:3, Licht: 0,255073,3,5,1,09,08,4,0,0,1,1,0,0,0,0
"POINT (12.346636325000077 51.350839853000082)",Unfall 255090 (2024) Kat:3, Licht: 0,255090,3,1,0,09,18,3,1,0,1,0,0,0,0,0
"POINT (12.385092773000054 51.337981923000029)",Unfall 255091 (2024) Kat:3, Licht: 0,255091,3,3,5,09,08,3,1,0,1,1,0,0,0,0
"POINT (12.260053648000053 51.303625372000056)",Unfall 255092 (2024) Kat:3, Licht: 0,255092,3,1,4,09,16,3,1,0,0,1,0,1,0,0
"POINT (12.373430964000022 51.328363733000060)",Unfall 255093 (2024) Kat:3, Licht: 0,255093,3,6,1,09,15,3,0,0,0,1,0,0,0,0
"POINT (12.427984406000064 51.358673808000049)",Unfall 255094 (2024) Kat:3, Licht: 0,255094,3,3,5,09,10,3,1,0,0,1,0,0,0,0
"POINT (12.414453903000037 51.345108384000071)",Unfall 255095 (2024) Kat:3, Licht: 2,255095,3,1,0,09,19,3,0,2,1,0,0,0,0,0
"POINT (12.388974382000072 51.309217164000074)",Unfall 255099 (2024) Kat:3, Licht: 2,255099,3,6,4,10,06,5,0,2,1,0,0,0,0,0
"POINT (12.328850289000059 51.325270007000029)",Unfall 255109 (2024) Kat:3, Licht: 2,255109,3,1,0,10,01,2,0,2,1,0,0,0,0,0
"POINT (12.382078886000045 51.332573474000071)",Unfall 255117 (2024) Kat:3, Licht: 0,255117,3,2,3,09,17,2,0,0,1,1,0,0,0,0
"POINT (12.319131997000056 51.330971116000057)",Unfall 255118 (2024) Kat:2, Licht: 0,255118,2,3,5,09,11,2,0,0,1,1,0,0,0,0
"POINT (12.260836563000055 51.301573548000079)",Unfall 255119 (2024) Kat:3, Licht: 0,255119,3,2,5,09,11,2,0,0,1,1,0,0,0,0
"POINT (12.378477694000026 51.376772350000067)",Unfall 255120 (2024) Kat:2, Licht: 0,255120,2,3,5,09,15,2,0,0,1,1,0,0,0,0
"POINT (12.300619010000048 51.336161135000054)",Unfall 255121 (2024) Kat:3, Licht: 0,255121,3,6,2,09,14,2,0,0,1,1,0,0,0,0
"POINT (12.405943812000032 51.368276764000029)",Unfall 255124 (2024) Kat:3, Licht: 0,255124,3,6,3,09,06,2,0,0,0,1,0,0,1,0
"POINT (12.412889206000045 51.341668820000052)",Unfall 255125 (2024) Kat:3, Licht: 0,255125,3,6,0,09,13,2,0,0,1,1,0,0,0,0
"POINT (12.370465514000045 51.361306192000029)",Unfall 255126 (2024) Kat:3, Licht: 0,255126,3,6,2,11,16,2,0,0,0,1,0,0,0,0
"POINT (12.385302257000035 51.332844891000036)",Unfall 255134 (2024) Kat:3, Licht: 0,255134,3,2,6,11,14,6,0,0,0,1,1,0,0,0
"POINT (12.370858962000057 51.335030938000045)",Unfall 255145 (2024) Kat:3, Licht: 2,255145,3,6,3,09,21,1,0,2,1,1,0,0,0,0
"POINT (12.288745276000043 51.327500261000068)",Unfall 255820 (2024) Kat:3, Licht: 0,255820,3,1,4,12,09,3,2,0,0,1,0,0,0,0
"POINT (12.350860755000042 51.365240492000055)",Unfall 255822 (2024) Kat:3, Licht: 0,255822,3,5,1,12,13,3,0,0,1,1,0,0,0,0
"POINT (12.389712164000059 51.358944613000062)",Unfall 255823 (2024) Kat:3, Licht: 0,255823,3,3,5,12,11,3,0,0,0,1,0,0,0,0
"POINT (12.388663214000076 51.342542452000032)",Unfall 255826 (2024) Kat:3, Licht: 0,255826,3,6,3,12,13,2,0,0,1,1,0,0,0,0
"POINT (12.309546402000024 51.377372964000074)",Unfall 255827 (2024) Kat:3, Licht: 1,255827,3,3,0,12,16,2,0,1,0,1,0,0,0,1
"POINT (12.295698513000048 51.317771990000040)",Unfall 255828 (2024) Kat:3, Licht: 2,255828,3,7,5,12,18,2,0,2,1,1,0,0,0,0
"POINT (12.364892010000062 51.362676000000079)",Unfall 255834 (2024) Kat:3, Licht: 0,255834,3,6,3,12,14,7,0,0,1,1,0,0,0,0
"POINT (12.361380729000075 51.362500803000046)",Unfall 255835 (2024) Kat:3, Licht: 1,255835,3,2,6,12,06,7,0,1,0,1,1,0,0,0
"POINT (12.338361531000032 51.396278432000031)",Unfall 255843 (2024) Kat:3, Licht: 0,255843,3,1,5,12,12,6,1,0,0,1,0,0,0,0
"POINT (12.407532779000064 51.304708248000054)",Unfall 255844 (2024) Kat:3, Licht: 2,255844,3,6,4,12,16,6,1,2,0,1,0,0,0,0
"POINT (12.405038494000053 51.323035868000034)",Unfall 255853 (2024) Kat:2, Licht: 2,255853,2,7,0,12,18,4,0,2,1,0,0,0,0,0
"POINT (12.362154940000039 51.332091249000030)",Unfall 255865 (2024) Kat:3, Licht: 0,255865,3,1,0,12,08,2,2,0,1,0,0,0,0,0
"POINT (12.326068785000075 51.307269857000051)",Unfall 255866 (2024) Kat:3, Licht: 1,255866,3,1,0,12,07,2,1,1,1,0,0,0,0,0
"POINT (12.396575786000028 51.308905551000066)",Unfall 255867 (2024) Kat:3, Licht: 0,255867,3,1,0,12,08,2,2,0,1,0,0,0,0,0
"POINT (12.370354744000053 51.361051651000082)",Unfall 255869 (2024) Kat:3, Licht: 0,255869,3,1,0,12,08,2,1,0,1,0,0,0,0,0
"POINT (12.291898219000075 51.318878237000035)",Unfall 255880 (2024) Kat:2, Licht: 2,255880,2,1,0,12,19,1,1,2,0,1,0,0,0,0
"POINT (12.367051451000066 51.325470778000067)",Unfall 255893 (2024) Kat:3, Licht: 2,255893,3,2,5,12,06,6,0,2,0,1,0,1,0,0
"POINT (12.405907575000072 51.344653578000077)",Unfall 255894 (2024) Kat:3, Licht: 2,255894,3,3,5,12,17,6,0,2,0,1,0,0,0,1
"POINT (12.408398774000034 51.337590587000079)",Unfall 255895 (2024) Kat:3, Licht: 2,255895,3,1,8,12,01,6,1,2,0,1,0,0,0,0
"POINT (12.433113527000046 51.339969866000047)",Unfall 255896 (2024) Kat:3, Licht: 0,255896,3,3,5,12,12,6,0,0,0,1,0,0,0,0
"POINT (12.356985976000033 51.345954447000054)",Unfall 255906 (2024) Kat:2, Licht: 2,255906,2,7,0,12,02,5,0,2,1,0,0,0,0,0
"POINT (12.386964139000042 51.338234469000042)",Unfall 255907 (2024) Kat:3, Licht: 2,255907,3,4,2,12,20,5,1,2,0,1,1,0,0,0
"POINT (12.310998091000044 51.413532601000043)",Unfall 255908 (2024) Kat:3, Licht: 2,255908,3,1,8,12,17,5,1,2,1,0,0,0,0,0
"POINT (12.479371359000027 51.351605567000036)",Unfall 255909 (2024) Kat:2, Licht: 2,255909,2,4,6,12,21,5,1,2,0,1,1,0,0,0
"POINT (12.392383697000071 51.330401550000033)",Unfall 255930 (2024) Kat:3, Licht: 2,255930,3,2,4,12,22,4,0,2,1,1,0,0,0,0
"POINT (12.370288602000073 51.326238297000032)",Unfall 255931 (2024) Kat:3, Licht: 2,255931,3,5,1,12,07,4,0,2,1,1,0,0,0,0
"POINT (12.385992261000069 51.363991531000067)",Unfall 255932 (2024) Kat:3, Licht: 2,255932,3,3,0,12,17,4,0,2,0,1,0,0,0,0
"POINT (12.388372932000038 51.344083519000037)",Unfall 255933 (2024) Kat:3, Licht: 1,255933,3,3,3,12,16,4,0,1,1,0,0,0,0,1
"POINT (12.430562867000049 51.365462625000077)",Unfall 255934 (2024) Kat:2, Licht: 2,255934,2,3,5,12,06,4,0,2,1,1,0,0,0,0
"POINT (12.405991890000053 51.313914648000036)",Unfall 255944 (2024) Kat:3, Licht: 1,255944,3,3,5,12,07,3,0,1,1,1,0,0,0,0
"POINT (12.368539230000067 51.289081513000042)",Unfall 255945 (2024) Kat:3, Licht: 2,255945,3,2,4,12,17,3,0,2,0,1,0,0,0,0
"POINT (12.330404597000040 51.341972441000053)",Unfall 255947 (2024) Kat:3, Licht: 2,255947,3,6,2,12,16,3,0,2,0,1,0,0,0,0
"POINT (12.359214294000026 51.375297924000051)",Unfall 255957 (2024) Kat:3, Licht: 0,255957,3,2,5,12,15,2,0,0,0,1,0,0,0,0
"POINT (12.326677705000066 51.312234327000056)",Unfall 255959 (2024) Kat:3, Licht: 2,255959,3,6,2,12,07,2,0,2,0,1,0,1,0,0
"POINT (12.362372632000074 51.332894375000080)",Unfall 255960 (2024) Kat:3, Licht: 2,255960,3,6,3,12,17,2,0,2,1,1,0,0,0,0
"POINT (12.355022074000033 51.349495546000071)",Unfall 255966 (2024) Kat:3, Licht: 2,255966,3,1,0,12,22,1,1,2,1,0,0,0,0,0
"POINT (12.330220465000025 51.337238606000028)",Unfall 255967 (2024) Kat:3, Licht: 0,255967,3,1,0,12,15,1,1,0,1,0,0,0,0,0
"POINT (12.352955073000032 51.341991788000030)",Unfall 255968 (2024) Kat:3, Licht: 2,255968,3,2,5,12,18,1,1,2,1,1,0,0,0,0
"POINT (12.479193904000056 51.345795272000032)",Unfall 255969 (2024) Kat:2, Licht: 2,255969,2,4,6,12,17,1,1,2,0,1,1,0,0,0
"POINT (12.374693538000031 51.363876955000080)",Unfall 255977 (2024) Kat:3, Licht: 0,255977,3,2,2,12,11,7,0,0,0,1,0,0,0,0
"POINT (12.427952273000074 51.357471984000028)",Unfall 255985 (2024) Kat:3, Licht: 0,255985,3,2,1,12,11,6,0,0,1,1,0,0,0,0
"POINT (12.385070595000059 51.337996362000069)",Unfall 255986 (2024) Kat:3, Licht: 0,255986,3,3,5,12,10,6,0,0,1,1,0,0,0,0
"POINT (12.409603487000027 51.345337006000079)",Unfall 255996 (2024) Kat:3, Licht: 0,255996,3,6,3,12,09,5,0,0,1,1,0,0,0,0
"POINT (12.376647729000069 51.357177954000065)",Unfall 256004 (2024) Kat:3, Licht: 1,256004,3,3,5,12,17,4,1,1,1,0,0,0,0,0
"POINT (12.457600692000028 51.284044735000066)",Unfall 256005 (2024) Kat:3, Licht: 2,256005,3,5,1,12,18,4,1,2,0,1,0,0,0,0
"POINT (12.488510001000066 51.346468644000026)",Unfall 256007 (2024) Kat:3, Licht: 0,256007,3,2,6,12,11,4,1,0,0,1,1,0,0,0
"POINT (12.396382717000051 51.308917889000043)",Unfall 256009 (2024) Kat:3, Licht: 0,256009,3,7,5,12,15,4,1,0,0,1,0,0,0,1
"POINT (12.364521318000072 51.357099637000033)",Unfall 256010 (2024) Kat:3, Licht: 0,256010,3,2,6,12,07,4,1,0,0,1,1,0,0,0
"POINT (12.421447067000031 51.379272099000048)",Unfall 256011 (2024) Kat:2, Licht: 0,256011,2,2,5,12,13,4,1,0,1,1,0,0,0,0
"POINT (12.339075229000059 51.318404202000067)",Unfall 256012 (2024) Kat:3, Licht: 0,256012,3,6,3,12,11,4,1,0,0,1,0,0,0,1
"POINT (12.376887830000044 51.343542974000059)",Unfall 256024 (2024) Kat:3, Licht: 0,256024,3,2,6,12,08,3,0,0,0,0,1,0,1,0
"POINT (12.377914702000055 51.374289412000053)",Unfall 256025 (2024) Kat:3, Licht: 0,256025,3,6,6,12,09,3,1,0,1,0,1,0,0,0
"POINT (12.406306078000057 51.368662313000073)",Unfall 256026 (2024) Kat:3, Licht: 2,256026,3,2,4,12,20,3,1,2,0,1,0,0,0,1
"POINT (12.382795249000026 51.340966535000064)",Unfall 256027 (2024) Kat:2, Licht: 2,256027,2,4,6,12,18,3,1,2,0,0,1,0,0,1
"POINT (12.358060868000052 51.344124948000058)",Unfall 256038 (2024) Kat:3, Licht: 0,256038,3,2,3,12,09,2,0,0,1,1,0,0,0,0
"POINT (12.391565493000030 51.289428132000069)",Unfall 256039 (2024) Kat:3, Licht: 2,256039,3,6,2,12,19,2,1,2,0,1,0,0,0,0
"POINT (12.370578848000036 51.361391836000053)",Unfall 256040 (2024) Kat:3, Licht: 2,256040,3,2,6,12,18,2,1,2,0,1,1,0,0,0
"POINT (12.395431654000049 51.354313207000075)",Unfall 256044 (2024) Kat:3, Licht: 2,256044,3,7,6,12,16,2,1,2,0,0,1,0,0,1
"POINT (12.388139232000071 51.326196044000028)",Unfall 256045 (2024) Kat:3, Licht: 2,256045,3,4,6,12,19,2,1,2,0,0,1,0,0,1
"POINT (12.333461696000029 51.371199153000077)",Unfall 256058 (2024) Kat:3, Licht: 0,256058,3,1,0,12,13,1,0,0,1,0,0,0,0,0
"POINT (12.407620004000023 51.339308746000029)",Unfall 256067 (2024) Kat:3, Licht: 2,256067,3,2,3,12,20,7,1,2,1,1,0,0,0,0
"POINT (12.371290784000053 51.329963145000079)",Unfall 256068 (2024) Kat:3, Licht: 2,256068,3,2,2,12,18,7,1,2,1,1,0,0,0,0
"POINT (12.411424939000028 51.331014460000063)",Unfall 256069 (2024) Kat:3, Licht: 0,256069,3,2,3,12,11,7,1,0,1,1,0,0,0,0
"POINT (12.464485231000026 51.305542295000066)",Unfall 256070 (2024) Kat:3, Licht: 2,256070,3,2,6,12,16,7,1,2,0,1,1,0,0,0
"POINT (12.452200870000070 51.310294021000061)",Unfall 256071 (2024) Kat:3, Licht: 0,256071,3,3,5,12,15,7,1,0,0,1,0,0,0,0
"POINT (12.420513457000027 51.319242960000054)",Unfall 256072 (2024) Kat:3, Licht: 0,256072,3,3,5,12,15,7,1,0,1,1,0,0,0,0
"POINT (12.323089259000028 51.327117484000041)",Unfall 256087 (2024) Kat:3, Licht: 2,256087,3,3,5,12,23,6,1,2,0,1,0,0,0,1
"POINT (12.334276557000067 51.319293900000048)",Unfall 256088 (2024) Kat:3, Licht: 2,256088,3,2,5,12,16,6,1,2,1,1,0,0,0,0
"POINT (12.374135409000075 51.304096394000055)",Unfall 256089 (2024) Kat:3, Licht: 2,256089,3,3,5,12,16,6,1,2,1,0,0,0,0,1
"POINT (12.373136344000045 51.308936266000046)",Unfall 256090 (2024) Kat:3, Licht: 2,256090,3,7,4,12,19,6,1,2,0,1,0,0,0,0
"POINT (12.408340726000063 51.336315818000060)",Unfall 256091 (2024) Kat:3, Licht: 1,256091,3,4,6,12,07,6,1,1,0,1,1,0,0,0
"POINT (12.376948427000059 51.390224556000078)",Unfall 256092 (2024) Kat:3, Licht: 2,256092,3,2,6,12,18,6,1,2,0,1,1,0,0,0
"POINT (12.348641972000053 51.350670609000076)",Unfall 256104 (2024) Kat:3, Licht: 1,256104,3,6,2,12,07,5,1,1,0,1,0,0,0,0
"POINT (12.378626379000025 51.345535915000028)",Unfall 256105 (2024) Kat:3, Licht: 2,256105,3,1,0,12,21,5,0,2,0,0,0,0,0,1
"POINT (12.372061832000043 51.342257457000073)",Unfall 256106 (2024) Kat:3, Licht: 2,256106,3,2,3,12,17,5,0,2,1,1,0,0,0,0
"POINT (12.298400969000056 51.343038230000047)",Unfall 256107 (2024) Kat:3, Licht: 2,256107,3,2,2,12,19,5,0,2,0,1,0,0,1,0
"POINT (12.323641784000074 51.318592849000026)",Unfall 256108 (2024) Kat:3, Licht: 2,256108,3,1,0,12,19,5,0,2,1,0,0,0,0,0
"POINT (12.365706495000040 51.357341726000072)",Unfall 256110 (2024) Kat:3, Licht: 2,256110,3,1,0,12,23,5,0,2,1,0,0,0,0,0
"POINT (12.438231439000049 51.380131157000051)",Unfall 256113 (2024) Kat:3, Licht: 2,256113,3,3,5,12,19,5,0,2,1,1,0,0,0,0
"POINT (12.366816053000036 51.346931891000054)",Unfall 256114 (2024) Kat:3, Licht: 2,256114,3,2,4,12,17,5,0,2,0,1,0,0,0,0
"POINT (12.380620132000047 51.330813807000027)",Unfall 256115 (2024) Kat:3, Licht: 1,256115,3,2,8,12,06,5,1,1,0,1,0,0,0,0
"POINT (12.349340801000039 51.348514235000039)",Unfall 256130 (2024) Kat:3, Licht: 2,256130,3,2,5,12,18,4,1,2,0,1,0,0,0,0
"POINT (12.388799404000054 51.322303465000061)",Unfall 256131 (2024) Kat:3, Licht: 0,256131,3,2,3,12,08,4,1,0,1,1,0,0,0,0
"POINT (12.314251114000058 51.348678952000057)",Unfall 256132 (2024) Kat:3, Licht: 0,256132,3,1,0,12,08,4,1,0,1,0,0,0,0,0
"POINT (12.464373384000055 51.284928290000039)",Unfall 256134 (2024) Kat:3, Licht: 0,256134,3,6,5,12,12,4,0,0,0,1,0,0,0,0
"POINT (12.464653432000034 51.284439641000063)",Unfall 256135 (2024) Kat:3, Licht: 0,256135,3,3,5,12,10,4,0,0,0,1,0,0,1,0
"POINT (12.373479514000053 51.351691358000039)",Unfall 256136 (2024) Kat:3, Licht: 2,256136,3,2,4,12,16,4,1,2,0,1,0,1,0,0
"POINT (12.369656980000059 51.324492582000062)",Unfall 256137 (2024) Kat:3, Licht: 2,256137,3,2,5,12,21,4,1,2,1,1,0,0,0,0
"POINT (12.318443461000072 51.331387556000038)",Unfall 256145 (2024) Kat:3, Licht: 0,256145,3,6,3,12,11,3,1,0,0,1,0,0,0,1
"POINT (12.399637648000066 51.361861888000078)",Unfall 256147 (2024) Kat:3, Licht: 2,256147,3,2,3,12,07,3,1,2,1,1,0,0,0,0
"POINT (12.319436930000052 51.331850649000046)",Unfall 256148 (2024) Kat:2, Licht: 0,256148,2,7,5,12,15,3,1,0,0,1,0,0,0,1
"POINT (12.344385193000051 51.332202727000038)",Unfall 256149 (2024) Kat:3, Licht: 2,256149,3,3,5,12,17,3,1,2,1,1,0,0,0,0
"POINT (12.327296705000037 51.325442980000048)",Unfall 256150 (2024) Kat:3, Licht: 0,256150,3,3,5,12,14,3,1,0,1,1,0,0,0,0
"POINT (12.377644761000056 51.373262615000044)",Unfall 256151 (2024) Kat:3, Licht: 1,256151,3,1,0,12,07,3,2,1,1,0,0,0,0,0
"POINT (12.455881344000034 51.345510973000046)",Unfall 256153 (2024) Kat:3, Licht: 2,256153,3,4,6,12,16,3,1,2,0,1,1,0,0,0
"POINT (12.410156968000024 51.352878569000040)",Unfall 256155 (2024) Kat:3, Licht: 0,256155,3,4,6,12,16,3,0,0,0,1,1,0,0,0
"POINT (12.287867274000064 51.322902014000078)",Unfall 256169 (2024) Kat:3, Licht: 0,256169,3,4,6,12,07,2,0,0,0,1,1,0,0,0
"POINT (12.373715576000052 51.305614032000051)",Unfall 256210 (2024) Kat:3, Licht: 2,256210,3,2,2,12,06,4,0,2,1,1,0,0,0,0
"POINT (12.290938280000034 51.324176776000058)",Unfall 256211 (2024) Kat:2, Licht: 2,256211,2,2,5,12,17,1,0,2,1,1,0,0,0,0
"POINT (12.313707751000038 51.304494386000044)",Unfall 256212 (2024) Kat:3, Licht: 2,256212,3,1,9,12,02,1,1,2,0,1,0,0,0,0
"POINT (12.371589923000045 51.336636042000066)",Unfall 256227 (2024) Kat:3, Licht: 2,256227,3,7,6,11,17,7,0,2,0,1,1,0,0,0
"POINT (12.405681178000066 51.375820915000077)",Unfall 256228 (2024) Kat:3, Licht: 2,256228,3,3,5,11,21,7,1,2,0,1,0,0,0,0
"POINT (12.354438001000062 51.342060372000049)",Unfall 267970 (2024) Kat:3, Licht: 0,267970,3,6,4,01,09,5,0,0,1,0,0,0,0,0
"POINT (12.271483257000057 51.380515151000054)",Unfall 267980 (2024) Kat:3, Licht: 1,267980,3,1,0,02,07,3,1,1,1,0,0,0,0,0
"POINT (12.297670789000051 51.317630052000027)",Unfall 267989 (2024) Kat:2, Licht: 0,267989,2,3,5,03,06,2,1,0,1,1,0,0,0,0
"POINT (12.400524299000040 51.363629072000037)",Unfall 268009 (2024) Kat:3, Licht: 0,268009,3,7,0,04,07,3,0,0,1,0,0,0,0,0
"POINT (12.308835420000037 51.267442314000050)",Unfall 268031 (2024) Kat:2, Licht: 0,268031,2,1,0,05,11,1,1,0,1,0,0,0,0,0
"POINT (12.334329976000049 51.306911073000038)",Unfall 268044 (2024) Kat:3, Licht: 0,268044,3,6,2,05,16,2,0,0,1,1,0,0,0,0
"POINT (12.369912028000044 51.331932724000069)",Unfall 268046 (2024) Kat:3, Licht: 0,268046,3,6,4,05,18,3,0,0,1,0,0,0,0,0
"POINT (12.331805050000071 51.280930497000043)",Unfall 268070 (2024) Kat:2, Licht: 0,268070,2,2,4,06,18,3,0,0,1,0,0,0,0,0
"POINT (12.340164702000038 51.301951492000057)",Unfall 268079 (2024) Kat:3, Licht: 0,268079,3,1,0,06,12,1,0,0,1,0,0,0,0,0
"POINT (12.346367639000050 51.309784857000068)",Unfall 268080 (2024) Kat:3, Licht: 0,268080,3,7,0,06,19,1,0,0,1,0,0,0,0,0
"POINT (12.352459810000028 51.281031019000068)",Unfall 268092 (2024) Kat:3, Licht: 0,268092,3,2,3,06,15,1,0,0,1,0,0,0,0,0
"POINT (12.411137964000034 51.332361835000029)",Unfall 268102 (2024) Kat:2, Licht: 0,268102,2,7,4,07,19,4,0,0,1,0,0,0,0,0
"POINT (12.372134736000021 51.343945108000071)",Unfall 268111 (2024) Kat:3, Licht: 0,268111,3,6,4,07,15,4,0,0,1,0,0,0,0,0
"POINT (12.345568554000067 51.323371712000039)",Unfall 268133 (2024) Kat:3, Licht: 0,268133,3,3,5,08,07,4,1,0,1,0,0,0,0,1
"POINT (12.352456625000059 51.281022263000068)",Unfall 268136 (2024) Kat:2, Licht: 0,268136,2,2,4,08,19,7,0,0,1,0,0,0,0,0
"POINT (12.345956277000028 51.309355117000052)",Unfall 268146 (2024) Kat:3, Licht: 0,268146,3,3,5,08,17,4,0,0,1,0,0,0,0,0
"POINT (12.396122466000065 51.294460428000036)",Unfall 268155 (2024) Kat:3, Licht: 0,268155,3,1,0,08,15,7,0,0,1,0,0,0,0,0
"POINT (12.269509013000061 51.308106303000045)",Unfall 268163 (2024) Kat:3, Licht: 1,268163,3,6,2,09,19,5,0,1,1,0,0,0,0,0
"POINT (12.330363795000039 51.328564335000067)",Unfall 268164 (2024) Kat:3, Licht: 0,268164,3,1,0,09,12,5,0,0,1,0,0,0,0,0
"POINT (12.404197471000032 51.357810263000033)",Unfall 268180 (2024) Kat:2, Licht: 0,268180,2,3,4,09,15,5,0,0,1,1,0,0,0,0
"POINT (12.290566412000032 51.318236181000032)",Unfall 268188 (2024) Kat:2, Licht: 0,268188,2,4,6,10,16,3,0,0,1,0,1,0,0,0
"POINT (12.330525902000034 51.329892787000063)",Unfall 268189 (2024) Kat:3, Licht: 0,268189,3,4,6,10,14,5,0,0,1,0,1,0,0,0
"POINT (12.323926650000033 51.260131724000075)",Unfall 268191 (2024) Kat:3, Licht: 0,268191,3,6,0,10,09,6,0,0,1,0,0,0,0,1
"POINT (12.347443260000034 51.334487742000078)",Unfall 268194 (2024) Kat:3, Licht: 0,268194,3,7,0,10,17,6,0,0,1,0,1,0,0,0
"POINT (12.409591974000023 51.332624655000075)",Unfall 268199 (2024) Kat:3, Licht: 0,268199,3,1,9,10,07,4,1,0,1,0,0,0,0,0
"POINT (12.317344712000022 51.320875966000074)",Unfall 268203 (2024) Kat:3, Licht: 0,268203,3,3,5,11,09,3,1,0,1,0,0,0,0,0
"POINT (12.345403308000073 51.345150436000040)",Unfall 268205 (2024) Kat:3, Licht: 0,268205,3,1,0,11,08,2,1,0,1,0,0,0,0,0
"POINT (12.477717966000057 51.272796473000028)",Unfall 268207 (2024) Kat:3, Licht: 0,268207,3,6,6,11,15,5,0,0,1,0,1,0,0,0